"Method","Cov","Width","Time","Dataset","Trial","N","N_cal"
"SCP",0.96,9.43295965444156,0,"LogNormal",1,3000,20
"RSA-CP (OT) (Ours)",0.903,7.0619928474332,0.0300000000000011,"LogNormal",1,3000,20
"SPI",0.953,9.00156954566017,0.0299999999999869,"LogNormal",1,3000,20
"Synthetic-only",0.9525,8.94669321502463,0,"LogNormal",1,3000,20
"SCP",0.9875,9.38738272394992,0,"Student-t",1,3000,20
"RSA-CP (OT) (Ours)",0.981,7.99024996943767,0.0200000000000102,"Student-t",1,3000,20
"SPI",0.9925,11.6572105188607,0.019999999999996,"Student-t",1,3000,20
"Synthetic-only",0.9925,11.6241995222486,0,"Student-t",1,3000,20
"SCP",0.965,9.90286932267129,0,"LogNormal",2,3000,20
"RSA-CP (OT) (Ours)",0.9285,7.88680739399681,0,"LogNormal",2,3000,20
"SPI",0.9725,10.849359147507,0.0300000000000011,"LogNormal",2,3000,20
"Synthetic-only",0.9725,10.8490591654214,0,"LogNormal",2,3000,20
"SCP",0.957,6.17863936547133,0,"Student-t",2,3000,20
"RSA-CP (OT) (Ours)",0.9245,4.92191474569049,0,"Student-t",2,3000,20
"SPI",0.994,11.9607563547158,0.0299999999999869,"Student-t",2,3000,20
"Synthetic-only",0.994,11.944030133804,0,"Student-t",2,3000,20
"SCP",0.9565,9.23307278404654,0,"LogNormal",3,3000,20
"RSA-CP (OT) (Ours)",0.898,6.91798166550374,0.0200000000000102,"LogNormal",3,3000,20
"SPI",0.96,9.41578618717281,0.00999999999999091,"LogNormal",3,3000,20
"Synthetic-only",0.9595,9.35019071692432,0,"LogNormal",3,3000,20
"SCP",0.985,8.93833933241012,0,"Student-t",3,3000,20
"RSA-CP (OT) (Ours)",0.976,7.53382688018094,0.0200000000000102,"Student-t",3,3000,20
"SPI",0.9945,12.4902921089974,0.019999999999996,"Student-t",3,3000,20
"Synthetic-only",0.9945,12.4215900217204,0,"Student-t",3,3000,20
"SCP",0.9525,8.9740560957752,0,"LogNormal",4,3000,20
"RSA-CP (OT) (Ours)",0.9275,7.84638336773366,0,"LogNormal",4,3000,20
"SPI",0.981,12.1549703727132,0.0300000000000011,"LogNormal",4,3000,20
"Synthetic-only",0.9805,12.1502438806078,0,"LogNormal",4,3000,20
"SCP",0.9435,5.5845961398676,0,"Student-t",4,3000,20
"RSA-CP (OT) (Ours)",0.8785,4.11637018492348,0,"Student-t",4,3000,20
"SPI",0.9915,11.3999609686804,0.0299999999999869,"Student-t",4,3000,20
"Synthetic-only",0.9915,11.366199418909,0,"Student-t",4,3000,20
"SCP",0.9255,7.79836783324435,0,"LogNormal",5,3000,20
"RSA-CP (OT) (Ours)",0.924,7.76266950539945,0.0200000000000102,"LogNormal",5,3000,20
"SPI",0.934,8.08803513105688,0.019999999999996,"LogNormal",5,3000,20
"Synthetic-only",0.934,8.08798137019409,0,"LogNormal",5,3000,20
"SCP",0.982,8.34081405293155,0,"Student-t",5,3000,20
"RSA-CP (OT) (Ours)",0.97,7.06169589286937,0,"Student-t",5,3000,20
"SPI",0.994,12.0304489388344,0.0300000000000011,"Student-t",5,3000,20
"Synthetic-only",0.9935,11.8803101117314,0,"Student-t",5,3000,20
"SCP",0.999,22.7727992019011,0,"LogNormal",6,3000,20
"RSA-CP (OT) (Ours)",0.983,12.5518805922426,0.019999999999996,"LogNormal",6,3000,20
"SPI",0.955,9.16938694576883,0.00999999999999091,"LogNormal",6,3000,20
"Synthetic-only",0.9505,8.76136158078415,0,"LogNormal",6,3000,20
"SCP",0.97,7.06452052254893,0,"Student-t",6,3000,20
"RSA-CP (OT) (Ours)",0.94,5.42272370511859,0.0200000000000102,"Student-t",6,3000,20
"SPI",0.9915,11.4033788927526,0.0300000000000011,"Student-t",6,3000,20
"Synthetic-only",0.9915,11.3997493541707,0,"Student-t",6,3000,20
"SCP",0.9735,11.1089357664819,0,"LogNormal",7,3000,20
"RSA-CP (OT) (Ours)",0.9615,9.54718789799614,0,"LogNormal",7,3000,20
"SPI",0.9565,9.22950352096114,0.0300000000000011,"LogNormal",7,3000,20
"Synthetic-only",0.9305,7.97833853314077,0,"LogNormal",7,3000,20
"SCP",0.966,6.71318762044265,0,"Student-t",7,3000,20
"RSA-CP (OT) (Ours)",0.9595,6.41532394582082,0.019999999999996,"Student-t",7,3000,20
"SPI",0.9915,11.0263940387249,0.0100000000000051,"Student-t",7,3000,20
"Synthetic-only",0.9915,10.9691498660654,0,"Student-t",7,3000,20
"SCP",0.969,10.3689874027472,0,"LogNormal",8,3000,20
"RSA-CP (OT) (Ours)",0.938,8.19812873849669,0,"LogNormal",8,3000,20
"SPI",0.953,9.07079856243028,0.0300000000000011,"LogNormal",8,3000,20
"Synthetic-only",0.9525,8.90340848606764,0,"LogNormal",8,3000,20
"SCP",0.9965,13.0300787348784,0,"Student-t",8,3000,20
"RSA-CP (OT) (Ours)",0.983,8.65957112664475,0.019999999999996,"Student-t",8,3000,20
"SPI",0.9895,10.4025188560455,0.0100000000000051,"Student-t",8,3000,20
"Synthetic-only",0.9895,10.392117771577,0,"Student-t",8,3000,20
"SCP",0.9505,8.80385682575432,0,"LogNormal",9,3000,20
"RSA-CP (OT) (Ours)",0.904,7.08348816635549,0,"LogNormal",9,3000,20
"SPI",0.983,12.5548783014178,0.0300000000000011,"LogNormal",9,3000,20
"Synthetic-only",0.982,12.5175618726791,0,"LogNormal",9,3000,20
"SCP",0.987,9.17075018172344,0,"Student-t",9,3000,20
"RSA-CP (OT) (Ours)",0.9585,6.29969228996428,0,"Student-t",9,3000,20
"SPI",0.994,11.9158347369818,0.0300000000000011,"Student-t",9,3000,20
"Synthetic-only",0.9935,11.8959698925692,0,"Student-t",9,3000,20
"SCP",0.945,8.46585308888045,0,"LogNormal",10,3000,20
"RSA-CP (OT) (Ours)",0.9425,8.40630535076796,0.00999999999999091,"LogNormal",10,3000,20
"SPI",0.9845,12.9654602246225,0.0200000000000102,"LogNormal",10,3000,20
"Synthetic-only",0.9845,12.9207764987041,0,"LogNormal",10,3000,20
"SCP",0.9895,10.4072189400249,0,"Student-t",10,3000,20
"RSA-CP (OT) (Ours)",0.9355,5.30327725363993,0,"Student-t",10,3000,20
"SPI",0.9905,10.8214208781018,0.0300000000000011,"Student-t",10,3000,20
"Synthetic-only",0.9895,10.4876454243613,0,"Student-t",10,3000,20
"SCP",0.953,9.0398390954517,0,"LogNormal",11,3000,20
"RSA-CP (OT) (Ours)",0.9505,8.82476451427196,0,"LogNormal",11,3000,20
"SPI",0.9535,9.08631660642919,0.0300000000000011,"LogNormal",11,3000,20
"Synthetic-only",0.953,9.02251569257862,0.0100000000000051,"LogNormal",11,3000,20
"SCP",0.9875,9.35941237457057,0,"Student-t",11,3000,20
"RSA-CP (OT) (Ours)",0.9775,7.72630145993099,0.00999999999999091,"Student-t",11,3000,20
"SPI",0.993,11.7674625254268,0.0200000000000102,"Student-t",11,3000,20
"Synthetic-only",0.9925,11.7069940193943,0,"Student-t",11,3000,20
"SCP",0.991,15.4217074201238,0,"LogNormal",12,3000,20
"RSA-CP (OT) (Ours)",0.9485,8.64594427806286,0,"LogNormal",12,3000,20
"SPI",0.948,8.59341786521402,0.0300000000000011,"LogNormal",12,3000,20
"Synthetic-only",0.947,8.56428575614111,0,"LogNormal",12,3000,20
"SCP",0.972,7.29717987751266,0,"Student-t",12,3000,20
"RSA-CP (OT) (Ours)",0.9405,5.47486527920627,0,"Student-t",12,3000,20
"SPI",0.9915,11.1550491502544,0.0300000000000011,"Student-t",12,3000,20
"Synthetic-only",0.9915,10.9035614452223,0,"Student-t",12,3000,20
"SCP",0.951,8.85611195407182,0,"LogNormal",13,3000,20
"RSA-CP (OT) (Ours)",0.9185,7.55801453676127,0.00999999999999091,"LogNormal",13,3000,20
"SPI",0.945,8.51941582948083,0.0200000000000102,"LogNormal",13,3000,20
"Synthetic-only",0.945,8.46258445772264,0,"LogNormal",13,3000,20
"SCP",0.9085,4.64313190308184,0,"Student-t",13,3000,20
"RSA-CP (OT) (Ours)",0.906,4.55580975862638,0,"Student-t",13,3000,20
"SPI",0.9925,11.7019340676526,0.0400000000000063,"Student-t",13,3000,20
"Synthetic-only",0.9925,11.686753296033,0,"Student-t",13,3000,20
"SCP",0.953,9.04955458784781,0,"LogNormal",14,3000,20
"RSA-CP (OT) (Ours)",0.9505,8.83833393916345,0,"LogNormal",14,3000,20
"SPI",0.963,9.7335272153762,0.0300000000000011,"LogNormal",14,3000,20
"Synthetic-only",0.9595,9.36206350823346,0.0100000000000051,"LogNormal",14,3000,20
"SCP",0.9675,6.79021927771765,0,"Student-t",14,3000,20
"RSA-CP (OT) (Ours)",0.94,5.45676500812633,0.0100000000000051,"Student-t",14,3000,20
"SPI",0.9915,11.1463592556088,0.019999999999996,"Student-t",14,3000,20
"Synthetic-only",0.9915,11.1453545670992,0,"Student-t",14,3000,20
"SCP",0.9735,11.029264664415,0,"LogNormal",15,3000,20
"RSA-CP (OT) (Ours)",0.923,7.70931012463218,0,"LogNormal",15,3000,20
"SPI",0.929,7.92232352549133,0.0400000000000063,"LogNormal",15,3000,20
"Synthetic-only",0.929,7.89093151877336,0,"LogNormal",15,3000,20
"SCP",0.974,7.38013636896107,0,"Student-t",15,3000,20
"RSA-CP (OT) (Ours)",0.8675,3.94799528882083,0,"Student-t",15,3000,20
"SPI",0.9935,11.8971378291538,0.0300000000000011,"Student-t",15,3000,20
"Synthetic-only",0.9935,11.8790753324389,0,"Student-t",15,3000,20
"SCP",0.924,7.75299005801508,0,"LogNormal",16,3000,20
"RSA-CP (OT) (Ours)",0.923,7.71537614385552,0.0100000000000051,"LogNormal",16,3000,20
"SPI",0.9595,9.3412657149645,0.0299999999999869,"LogNormal",16,3000,20
"Synthetic-only",0.9575,9.2904740649579,0,"LogNormal",16,3000,20
"SCP",0.9975,14.0838640542905,0,"Student-t",16,3000,20
"RSA-CP (OT) (Ours)",0.9545,6.05321967381642,0,"Student-t",16,3000,20
"SPI",0.9945,12.2254138806237,0.0300000000000011,"Student-t",16,3000,20
"Synthetic-only",0.9945,12.1829840712892,0,"Student-t",16,3000,20
"SCP",0.9875,13.599136126228,0,"LogNormal",17,3000,20
"RSA-CP (OT) (Ours)",0.9815,12.3493348414823,0.0200000000000102,"LogNormal",17,3000,20
"SPI",0.979,11.9948326458722,0.019999999999996,"LogNormal",17,3000,20
"Synthetic-only",0.966,10.0299694065025,0,"LogNormal",17,3000,20
"SCP",0.982,8.50952184216974,0,"Student-t",17,3000,20
"RSA-CP (OT) (Ours)",0.9645,6.58127405625001,0.0100000000000051,"Student-t",17,3000,20
"SPI",0.9905,10.7933803913041,0.019999999999996,"Student-t",17,3000,20
"Synthetic-only",0.9905,10.7759637173954,0,"Student-t",17,3000,20
"SCP",0.812,5.3412671464268,0,"LogNormal",18,3000,20
"RSA-CP (OT) (Ours)",0.7895,5.03598473140114,0,"LogNormal",18,3000,20
"SPI",0.984,12.7918683650568,0.0299999999999869,"LogNormal",18,3000,20
"Synthetic-only",0.9835,12.6954599040502,0.019999999999996,"LogNormal",18,3000,20
"SCP",0.8495,3.67287558345382,0,"Student-t",18,3000,20
"RSA-CP (OT) (Ours)",0.8405,3.57450678115819,0.0200000000000102,"Student-t",18,3000,20
"SPI",0.992,11.5860047130134,0.019999999999996,"Student-t",18,3000,20
"Synthetic-only",0.9915,11.4227098330358,0,"Student-t",18,3000,20
"SCP",0.964,9.87083158052758,0,"LogNormal",19,3000,20
"RSA-CP (OT) (Ours)",0.9015,7.01070014674859,0,"LogNormal",19,3000,20
"SPI",0.97,10.6798748151499,0.0300000000000011,"LogNormal",19,3000,20
"Synthetic-only",0.9645,9.8754626186157,0.019999999999996,"LogNormal",19,3000,20
"SCP",0.9805,7.89074671464164,0,"Student-t",19,3000,20
"RSA-CP (OT) (Ours)",0.9545,6.0675651828724,0.019999999999996,"Student-t",19,3000,20
"SPI",0.9935,11.8462606465361,0.0300000000000011,"Student-t",19,3000,20
"Synthetic-only",0.9925,11.6785694833791,0,"Student-t",19,3000,20
"SCP",0.9755,11.2934687671619,0,"LogNormal",20,3000,20
"RSA-CP (OT) (Ours)",0.9735,11.0291932460527,0.00999999999999091,"LogNormal",20,3000,20
"SPI",0.974,11.1410174342597,0.0200000000000102,"LogNormal",20,3000,20
"Synthetic-only",0.9495,8.68594204695581,0,"LogNormal",20,3000,20
"SCP",0.9245,4.9383766102421,0,"Student-t",20,3000,20
"RSA-CP (OT) (Ours)",0.9065,4.60769987571513,0.019999999999996,"Student-t",20,3000,20
"SPI",0.991,10.8392821582463,0.0100000000000051,"Student-t",20,3000,20
"Synthetic-only",0.9905,10.7325216426989,0,"Student-t",20,3000,20
"SCP",0.7905,5.05588316966096,0,"LogNormal",21,3000,20
"RSA-CP (OT) (Ours)",0.772,4.88103135505034,0,"LogNormal",21,3000,20
"SPI",0.9605,9.51730717121533,0.0300000000000011,"LogNormal",21,3000,20
"Synthetic-only",0.96,9.47392094893361,0.0100000000000051,"LogNormal",21,3000,20
"SCP",0.982,8.35708051470203,0,"Student-t",21,3000,20
"RSA-CP (OT) (Ours)",0.949,5.76230847746998,0,"Student-t",21,3000,20
"SPI",0.9935,11.8643350669936,0.0300000000000011,"Student-t",21,3000,20
"Synthetic-only",0.9935,11.8548721493701,0.00999999999999091,"Student-t",21,3000,20
"SCP",0.9755,11.3546365077452,0,"LogNormal",22,3000,20
"RSA-CP (OT) (Ours)",0.9565,9.21990322386623,0,"LogNormal",22,3000,20
"SPI",0.962,9.64425488138894,0.0300000000000011,"LogNormal",22,3000,20
"Synthetic-only",0.9615,9.56592935983956,0,"LogNormal",22,3000,20
"SCP",0.8295,3.43345696494497,0,"Student-t",22,3000,20
"RSA-CP (OT) (Ours)",0.827,3.39361339162985,0,"Student-t",22,3000,20
"SPI",0.9935,11.9057568168257,0.0300000000000011,"Student-t",22,3000,20
"Synthetic-only",0.9935,11.8480042230997,0,"Student-t",22,3000,20
"SCP",0.98,12.1227793072004,0,"LogNormal",23,3000,20
"RSA-CP (OT) (Ours)",0.969,10.4402562480037,0.00999999999999091,"LogNormal",23,3000,20
"SPI",0.9815,12.283763105852,0.0200000000000102,"LogNormal",23,3000,20
"Synthetic-only",0.9815,12.2742382828513,0,"LogNormal",23,3000,20
"SCP",0.9505,5.84318989410747,0,"Student-t",23,3000,20
"RSA-CP (OT) (Ours)",0.843,3.59053348532609,0.00999999999999091,"Student-t",23,3000,20
"SPI",0.992,11.5829763563939,0.0200000000000102,"Student-t",23,3000,20
"Synthetic-only",0.992,11.5720782603446,0,"Student-t",23,3000,20
"SCP",0.9905,15.1446285681586,0,"LogNormal",24,3000,20
"RSA-CP (OT) (Ours)",0.9755,11.3390718406037,0,"LogNormal",24,3000,20
"SPI",0.9785,11.8765784213256,0.0300000000000011,"LogNormal",24,3000,20
"Synthetic-only",0.9735,11.093129769392,0,"LogNormal",24,3000,20
"SCP",0.92,4.83829438225558,0,"Student-t",24,3000,20
"RSA-CP (OT) (Ours)",0.8735,4.03950530955476,0,"Student-t",24,3000,20
"SPI",0.99,10.6554881444436,0.0300000000000011,"Student-t",24,3000,20
"Synthetic-only",0.9895,10.3863356528229,0.0100000000000051,"Student-t",24,3000,20
"SCP",0.992,16.2235888236938,0,"LogNormal",25,3000,20
"RSA-CP (OT) (Ours)",0.9305,8.01222873914125,0,"LogNormal",25,3000,20
"SPI",0.954,9.12643164517011,0.0400000000000063,"LogNormal",25,3000,20
"Synthetic-only",0.953,9.0201358782034,0,"LogNormal",25,3000,20
"SCP",0.9915,11.1579702191217,0,"Student-t",25,3000,20
"RSA-CP (OT) (Ours)",0.9825,8.59307452106131,0,"Student-t",25,3000,20
"SPI",0.992,11.4361772485915,0.0300000000000011,"Student-t",25,3000,20
"Synthetic-only",0.9915,11.3845365452801,0,"Student-t",25,3000,20
"SCP",0.9695,10.5852782272138,0,"LogNormal",26,3000,20
"RSA-CP (OT) (Ours)",0.8855,6.607261015691,0.0100000000000051,"LogNormal",26,3000,20
"SPI",0.987,13.540989590237,0.0299999999999869,"LogNormal",26,3000,20
"Synthetic-only",0.9865,13.3720255583595,0,"LogNormal",26,3000,20
"SCP",0.971,7.11065184850352,0,"Student-t",26,3000,20
"RSA-CP (OT) (Ours)",0.969,6.95318573255013,0,"Student-t",26,3000,20
"SPI",0.9925,11.6610211986655,0.0300000000000011,"Student-t",26,3000,20
"Synthetic-only",0.9925,11.6426702695216,0,"Student-t",26,3000,20
"SCP",0.99,14.4809984392462,0,"LogNormal",27,3000,20
"RSA-CP (OT) (Ours)",0.9565,9.24076253792738,0.0200000000000102,"LogNormal",27,3000,20
"SPI",0.986,13.2513560002345,0.019999999999996,"LogNormal",27,3000,20
"Synthetic-only",0.986,13.2476485907895,0,"LogNormal",27,3000,20
"SCP",0.9025,4.49669165426941,0,"Student-t",27,3000,20
"RSA-CP (OT) (Ours)",0.8675,3.9535694657972,0.0100000000000051,"Student-t",27,3000,20
"SPI",0.9925,11.6956846429536,0.019999999999996,"Student-t",27,3000,20
"Synthetic-only",0.9925,11.6896827284556,0,"Student-t",27,3000,20
"SCP",0.9115,7.33946884497221,0,"LogNormal",28,3000,20
"RSA-CP (OT) (Ours)",0.863,6.12464999871113,0,"LogNormal",28,3000,20
"SPI",0.9495,8.70062128281596,0.0299999999999869,"LogNormal",28,3000,20
"Synthetic-only",0.9495,8.68292331052206,0,"LogNormal",28,3000,20
"SCP",0.958,6.2614926529173,0,"Student-t",28,3000,20
"RSA-CP (OT) (Ours)",0.9535,6.00916168884899,0,"Student-t",28,3000,20
"SPI",0.9895,10.3785582245669,0.0400000000000063,"Student-t",28,3000,20
"Synthetic-only",0.9895,10.3221029689707,0.0200000000000102,"Student-t",28,3000,20
"SCP",0.9715,10.7530158759546,0,"LogNormal",29,3000,20
"RSA-CP (OT) (Ours)",0.9495,8.69305161107387,0.0100000000000051,"LogNormal",29,3000,20
"SPI",0.963,9.81565875810053,0.0300000000000011,"LogNormal",29,3000,20
"Synthetic-only",0.963,9.72320800999229,0,"LogNormal",29,3000,20
"SCP",0.9365,5.34615267055558,0,"Student-t",29,3000,20
"RSA-CP (OT) (Ours)",0.929,5.12650134518526,0,"Student-t",29,3000,20
"SPI",0.992,11.5416233141174,0.0299999999999869,"Student-t",29,3000,20
"Synthetic-only",0.992,11.4519335369597,0,"Student-t",29,3000,20
"SCP",0.96,9.45193863283554,0,"LogNormal",30,3000,20
"RSA-CP (OT) (Ours)",0.9215,7.66216231076668,0.0200000000000102,"LogNormal",30,3000,20
"SPI",0.9895,14.4100680397149,0.00999999999999091,"LogNormal",30,3000,20
"Synthetic-only",0.9895,14.3019573973321,0,"LogNormal",30,3000,20
"SCP",0.9815,8.09061545436391,0,"Student-t",30,3000,20
"RSA-CP (OT) (Ours)",0.957,6.17452915112012,0,"Student-t",30,3000,20
"SPI",0.9925,11.6571845484524,0.019999999999996,"Student-t",30,3000,20
"Synthetic-only",0.9925,11.6360629359632,0,"Student-t",30,3000,20
"SCP",0.9505,8.77945017360411,0,"LogNormal",31,3000,20
"RSA-CP (OT) (Ours)",0.939,8.2187880926888,0,"LogNormal",31,3000,20
"SPI",0.9425,8.40402481184204,0.0300000000000011,"LogNormal",31,3000,20
"Synthetic-only",0.9425,8.39888184815873,0.019999999999996,"LogNormal",31,3000,20
"SCP",0.9875,9.48695150167203,0,"Student-t",31,3000,20
"RSA-CP (OT) (Ours)",0.986,9.11161951725276,0,"Student-t",31,3000,20
"SPI",0.9915,10.8841957959921,0.0299999999999869,"Student-t",31,3000,20
"Synthetic-only",0.991,10.8749111665563,0.019999999999996,"Student-t",31,3000,20
"SCP",0.992,16.333471002151,0,"LogNormal",32,3000,20
"RSA-CP (OT) (Ours)",0.9525,8.89940710426231,0,"LogNormal",32,3000,20
"SPI",0.974,11.1670780423152,0.0300000000000011,"LogNormal",32,3000,20
"Synthetic-only",0.9735,11.0625832024394,0,"LogNormal",32,3000,20
"SCP",0.982,8.28014309257739,0,"Student-t",32,3000,20
"RSA-CP (OT) (Ours)",0.9475,5.67201908795231,0,"Student-t",32,3000,20
"SPI",0.996,12.8957635016391,0.0300000000000011,"Student-t",32,3000,20
"Synthetic-only",0.996,12.8929785487423,0,"Student-t",32,3000,20
"SCP",0.988,13.7091433814648,0,"LogNormal",33,3000,20
"RSA-CP (OT) (Ours)",0.9735,11.1195368312849,0,"LogNormal",33,3000,20
"SPI",0.9865,13.2893048244042,0.0300000000000011,"LogNormal",33,3000,20
"Synthetic-only",0.985,13.1193679942733,0,"LogNormal",33,3000,20
"SCP",0.9965,12.99701807954,0,"Student-t",33,3000,20
"RSA-CP (OT) (Ours)",0.983,8.68978843660786,0,"Student-t",33,3000,20
"SPI",0.994,11.9765347822936,0.0300000000000011,"Student-t",33,3000,20
"Synthetic-only",0.994,11.9693204350645,0,"Student-t",33,3000,20
"SCP",0.9765,11.5696264615144,0,"LogNormal",34,3000,20
"RSA-CP (OT) (Ours)",0.939,8.21028258440098,0,"LogNormal",34,3000,20
"SPI",0.9875,13.6215513079105,0.0300000000000011,"LogNormal",34,3000,20
"Synthetic-only",0.987,13.4425789838854,0,"LogNormal",34,3000,20
"SCP",0.944,5.60782083543286,0,"Student-t",34,3000,20
"RSA-CP (OT) (Ours)",0.929,5.13577883117772,0,"Student-t",34,3000,20
"SPI",0.9915,11.2443482318516,0.0300000000000011,"Student-t",34,3000,20
"Synthetic-only",0.9915,11.1486273299835,0,"Student-t",34,3000,20
"SCP",0.969,10.4310493980029,0,"LogNormal",35,3000,20
"RSA-CP (OT) (Ours)",0.9305,8.01222873914125,0.00999999999999091,"LogNormal",35,3000,20
"SPI",0.987,13.4660423138272,0.0200000000000102,"LogNormal",35,3000,20
"Synthetic-only",0.984,12.8101832175058,0,"LogNormal",35,3000,20
"SCP",0.9205,4.85646301224125,0,"Student-t",35,3000,20
"RSA-CP (OT) (Ours)",0.906,4.58518600603143,0,"Student-t",35,3000,20
"SPI",0.9895,10.4193913044579,0.0300000000000011,"Student-t",35,3000,20
"Synthetic-only",0.9895,10.1724647716083,0,"Student-t",35,3000,20
"SCP",0.963,9.67668616182056,0,"LogNormal",36,3000,20
"RSA-CP (OT) (Ours)",0.953,9.06477251652206,0.0100000000000051,"LogNormal",36,3000,20
"SPI",0.967,10.1755525173342,0.019999999999996,"LogNormal",36,3000,20
"Synthetic-only",0.966,10.0855627522301,0,"LogNormal",36,3000,20
"SCP",0.8665,3.90383819859155,0,"Student-t",36,3000,20
"RSA-CP (OT) (Ours)",0.8375,3.53689674665479,0.00999999999999091,"Student-t",36,3000,20
"SPI",0.9905,10.7257457896826,0.0200000000000102,"Student-t",36,3000,20
"Synthetic-only",0.9905,10.7032251253636,0,"Student-t",36,3000,20
"SCP",0.9975,19.5142958677575,0,"LogNormal",37,3000,20
"RSA-CP (OT) (Ours)",0.9905,15.0852876842548,0,"LogNormal",37,3000,20
"SPI",0.989,13.9607647916161,0.0400000000000063,"LogNormal",37,3000,20
"Synthetic-only",0.988,13.6991596781178,0.0200000000000102,"LogNormal",37,3000,20
"SCP",0.979,7.79210281875003,0,"Student-t",37,3000,20
"RSA-CP (OT) (Ours)",0.949,5.75345268081287,0.0100000000000051,"Student-t",37,3000,20
"SPI",0.992,11.4807387730736,0.019999999999996,"Student-t",37,3000,20
"Synthetic-only",0.992,11.4366434823634,0,"Student-t",37,3000,20
"SCP",0.962,9.60814546799518,0,"LogNormal",38,3000,20
"RSA-CP (OT) (Ours)",0.9545,9.15481199158976,0,"LogNormal",38,3000,20
"SPI",0.96,9.45703528704237,0.0299999999999869,"LogNormal",38,3000,20
"Synthetic-only",0.935,8.11141695063679,0,"LogNormal",38,3000,20
"SCP",0.971,7.12334018480698,0,"Student-t",38,3000,20
"RSA-CP (OT) (Ours)",0.941,5.49774367277674,0,"Student-t",38,3000,20
"SPI",0.9945,12.1704154548998,0.0400000000000063,"Student-t",38,3000,20
"Synthetic-only",0.994,12.0738935107973,0.0200000000000102,"Student-t",38,3000,20
"SCP",0.9735,11.036477042415,0,"LogNormal",39,3000,20
"RSA-CP (OT) (Ours)",0.913,7.38357402606379,0.0100000000000051,"LogNormal",39,3000,20
"SPI",0.9505,8.84062026318591,0.0300000000000011,"LogNormal",39,3000,20
"Synthetic-only",0.9505,8.78000713209319,0,"LogNormal",39,3000,20
"SCP",0.9875,9.76401280054548,0,"Student-t",39,3000,20
"RSA-CP (OT) (Ours)",0.9695,7.05096059568995,0,"Student-t",39,3000,20
"SPI",0.9915,11.0376618852337,0.0299999999999869,"Student-t",39,3000,20
"Synthetic-only",0.9915,10.9562216798176,0,"Student-t",39,3000,20
"SCP",0.975,11.224242812688,0,"LogNormal",40,3000,20
"RSA-CP (OT) (Ours)",0.9665,10.1241480910702,0.0200000000000102,"LogNormal",40,3000,20
"SPI",0.963,9.83134770738008,0.00999999999999091,"LogNormal",40,3000,20
"Synthetic-only",0.9595,9.33422915720881,0,"LogNormal",40,3000,20
"SCP",0.983,8.60608987393709,0,"Student-t",40,3000,20
"RSA-CP (OT) (Ours)",0.9545,6.05048645711232,0.0200000000000102,"Student-t",40,3000,20
"SPI",0.9895,10.5352330832014,0.019999999999996,"Student-t",40,3000,20
"Synthetic-only",0.9895,10.4813566871701,0,"Student-t",40,3000,20
"SCP",0.963,9.72717910756911,0,"LogNormal",41,3000,20
"RSA-CP (OT) (Ours)",0.8935,6.81081094290372,0,"LogNormal",41,3000,20
"SPI",0.9725,10.882495277219,0.0300000000000011,"LogNormal",41,3000,20
"Synthetic-only",0.97,10.6372931692804,0,"LogNormal",41,3000,20
"SCP",0.9915,10.9206958152814,0,"Student-t",41,3000,20
"RSA-CP (OT) (Ours)",0.9835,8.78110991223741,0,"Student-t",41,3000,20
"SPI",0.9895,10.4794535215202,0.0299999999999869,"Student-t",41,3000,20
"Synthetic-only",0.9895,10.4343153757525,0,"Student-t",41,3000,20
"SCP",0.8855,6.60773888068257,0,"LogNormal",42,3000,20
"RSA-CP (OT) (Ours)",0.8585,6.04700247973424,0,"LogNormal",42,3000,20
"SPI",0.953,9.02413484693171,0.0300000000000011,"LogNormal",42,3000,20
"Synthetic-only",0.953,9.01542930625631,0,"LogNormal",42,3000,20
"SCP",0.9895,10.0414912686998,0,"Student-t",42,3000,20
"RSA-CP (OT) (Ours)",0.947,5.65638684473241,0,"Student-t",42,3000,20
"SPI",0.992,11.5579217463331,0.0300000000000011,"Student-t",42,3000,20
"Synthetic-only",0.992,11.4984067716808,0,"Student-t",42,3000,20
"SCP",0.967,10.1834389592861,0,"LogNormal",43,3000,20
"RSA-CP (OT) (Ours)",0.9605,9.51452162773023,0.019999999999996,"LogNormal",43,3000,20
"SPI",0.975,11.2320621998311,0.00999999999999091,"LogNormal",43,3000,20
"Synthetic-only",0.9735,11.1157723464034,0,"LogNormal",43,3000,20
"SCP",0.997,13.2874008950229,0.0200000000000102,"Student-t",43,3000,20
"RSA-CP (OT) (Ours)",0.9355,5.30534511998219,0,"Student-t",43,3000,20
"SPI",0.9945,12.3696787292331,0.0300000000000011,"Student-t",43,3000,20
"Synthetic-only",0.9945,12.3404069797991,0,"Student-t",43,3000,20
"SCP",0.9845,13.0046622538356,0,"LogNormal",44,3000,20
"RSA-CP (OT) (Ours)",0.953,9.00259855499111,0.019999999999996,"LogNormal",44,3000,20
"SPI",0.99,14.5006638261992,0.0100000000000051,"LogNormal",44,3000,20
"Synthetic-only",0.99,14.5001537940314,0,"LogNormal",44,3000,20
"SCP",0.9965,13.0047485009793,0,"Student-t",44,3000,20
"RSA-CP (OT) (Ours)",0.9775,7.68778097031887,0,"Student-t",44,3000,20
"SPI",0.9945,12.4586856247927,0.0100000000000051,"Student-t",44,3000,20
"Synthetic-only",0.9945,12.4447649308807,0.019999999999996,"Student-t",44,3000,20
"SCP",0.966,10.0913984320065,0,"LogNormal",45,3000,20
"RSA-CP (OT) (Ours)",0.9285,7.88680739399681,0,"LogNormal",45,3000,20
"SPI",0.989,13.7941189344859,0.0300000000000011,"LogNormal",45,3000,20
"Synthetic-only",0.9885,13.7326229148009,0.00999999999999091,"LogNormal",45,3000,20
"SCP",0.982,8.37359232447282,0,"Student-t",45,3000,20
"RSA-CP (OT) (Ours)",0.957,6.14999852991985,0.019999999999996,"Student-t",45,3000,20
"SPI",0.9915,11.4083701093989,0.0100000000000051,"Student-t",45,3000,20
"Synthetic-only",0.9915,11.2655955723525,0,"Student-t",45,3000,20
"SCP",0.8885,6.69604739262883,0,"LogNormal",46,3000,20
"RSA-CP (OT) (Ours)",0.8215,5.46608548272069,0,"LogNormal",46,3000,20
"SPI",0.9895,14.3750036342875,0.0300000000000011,"LogNormal",46,3000,20
"Synthetic-only",0.989,14.1134090039937,0,"LogNormal",46,3000,20
"SCP",0.971,7.13496291763093,0,"Student-t",46,3000,20
"RSA-CP (OT) (Ours)",0.9345,5.27142595439627,0,"Student-t",46,3000,20
"SPI",0.995,12.6986999330571,0.0300000000000011,"Student-t",46,3000,20
"Synthetic-only",0.995,12.6889397259512,0.00999999999999091,"Student-t",46,3000,20
"SCP",0.992,16.0923549400849,0,"LogNormal",47,3000,20
"RSA-CP (OT) (Ours)",0.939,8.21483732701137,0,"LogNormal",47,3000,20
"SPI",0.9845,12.8903718131195,0.0400000000000063,"LogNormal",47,3000,20
"Synthetic-only",0.9845,12.8480659879239,0.0200000000000102,"LogNormal",47,3000,20
"SCP",0.9695,7.03693076817329,0,"Student-t",47,3000,20
"RSA-CP (OT) (Ours)",0.9425,5.56167092478577,0.0100000000000051,"Student-t",47,3000,20
"SPI",0.9945,12.1233523961274,0.019999999999996,"Student-t",47,3000,20
"Synthetic-only",0.994,11.9742899996319,0,"Student-t",47,3000,20
"SCP",0.9425,8.3952709099697,0,"LogNormal",48,3000,20
"RSA-CP (OT) (Ours)",0.926,7.80209288241393,0,"LogNormal",48,3000,20
"SPI",0.954,9.09314726196377,0.0299999999999869,"LogNormal",48,3000,20
"Synthetic-only",0.9535,9.07756795933681,0,"LogNormal",48,3000,20
"SCP",0.9175,4.75366374738267,0,"Student-t",48,3000,20
"RSA-CP (OT) (Ours)",0.8825,4.19317973645158,0,"Student-t",48,3000,20
"SPI",0.992,11.5888055856249,0.0400000000000063,"Student-t",48,3000,20
"Synthetic-only",0.992,11.5243419549637,0,"Student-t",48,3000,20
"SCP",0.9725,10.9179273813134,0.0100000000000051,"LogNormal",49,3000,20
"RSA-CP (OT) (Ours)",0.968,10.2980375316991,0,"LogNormal",49,3000,20
"SPI",0.9795,12.0668598191468,0.0300000000000011,"LogNormal",49,3000,20
"Synthetic-only",0.969,10.3825925689527,0,"LogNormal",49,3000,20
"SCP",0.9345,5.26696071686414,0,"Student-t",49,3000,20
"RSA-CP (OT) (Ours)",0.928,5.10987426059252,0,"Student-t",49,3000,20
"SPI",0.9895,10.4765367933835,0.0299999999999869,"Student-t",49,3000,20
"Synthetic-only",0.9895,10.4276194580448,0,"Student-t",49,3000,20
"SCP",0.909,7.25724786223534,0,"LogNormal",50,3000,20
"RSA-CP (OT) (Ours)",0.8805,6.44610830799122,0.0200000000000102,"LogNormal",50,3000,20
"SPI",0.9485,8.63922454585373,0.00999999999999091,"LogNormal",50,3000,20
"Synthetic-only",0.9485,8.63739779676274,0,"LogNormal",50,3000,20
"SCP",0.9875,9.72020151013785,0,"Student-t",50,3000,20
"RSA-CP (OT) (Ours)",0.982,8.15347193039686,0,"Student-t",50,3000,20
"SPI",0.994,11.9734788663629,0.0300000000000011,"Student-t",50,3000,20
"Synthetic-only",0.9935,11.8556852205801,0,"Student-t",50,3000,20
"SCP",0.972,10.7962540166166,0,"LogNormal",51,3000,20
"RSA-CP (OT) (Ours)",0.9505,8.77083462900378,0.019999999999996,"LogNormal",51,3000,20
"SPI",0.965,9.89956156314317,0.0100000000000051,"LogNormal",51,3000,20
"Synthetic-only",0.9525,8.97076980823758,0,"LogNormal",51,3000,20
"SCP",0.808,3.23089863808982,0,"Student-t",51,3000,20
"RSA-CP (OT) (Ours)",0.804,3.19636260045159,0.019999999999996,"Student-t",51,3000,20
"SPI",0.9945,12.1587623256217,0.00999999999999091,"Student-t",51,3000,20
"Synthetic-only",0.9945,12.1210657438663,0.0200000000000102,"Student-t",51,3000,20
"SCP",0.9565,9.22950352096114,0,"LogNormal",52,3000,20
"RSA-CP (OT) (Ours)",0.9065,7.16007608142533,0,"LogNormal",52,3000,20
"SPI",0.9505,8.8085746407685,0.0300000000000011,"LogNormal",52,3000,20
"Synthetic-only",0.9495,8.70099991110859,0.019999999999996,"LogNormal",52,3000,20
"SCP",0.957,6.20078633523619,0,"Student-t",52,3000,20
"RSA-CP (OT) (Ours)",0.9535,6.01111785745603,0.019999999999996,"Student-t",52,3000,20
"SPI",0.9925,11.6320327436253,0.0699999999999932,"Student-t",52,3000,20
"Synthetic-only",0.992,11.5854607036619,0,"Student-t",52,3000,20
"SCP",0.9525,8.98131164880528,0,"LogNormal",53,3000,20
"RSA-CP (OT) (Ours)",0.9505,8.78535265208598,0.0200000000000102,"LogNormal",53,3000,20
"SPI",0.987,13.4733914610576,0.019999999999996,"LogNormal",53,3000,20
"Synthetic-only",0.987,13.4618325349426,0,"LogNormal",53,3000,20
"SCP",0.982,8.33604309494744,0,"Student-t",53,3000,20
"RSA-CP (OT) (Ours)",0.9595,6.3785726808027,0.0100000000000051,"Student-t",53,3000,20
"SPI",0.9915,11.0790737143817,0.019999999999996,"Student-t",53,3000,20
"Synthetic-only",0.9915,11.0035724681814,0,"Student-t",53,3000,20
"SCP",0.992,16.2237934907551,0,"LogNormal",54,3000,20
"RSA-CP (OT) (Ours)",0.982,12.452853779995,0,"LogNormal",54,3000,20
"SPI",0.976,11.5389809820841,0.0299999999999869,"LogNormal",54,3000,20
"Synthetic-only",0.96,9.39565621310823,0.019999999999996,"LogNormal",54,3000,20
"SCP",0.9845,8.85706650268605,0,"Student-t",54,3000,20
"RSA-CP (OT) (Ours)",0.9595,6.4034494222163,0.0200000000000102,"Student-t",54,3000,20
"SPI",0.997,13.4597687589583,0.019999999999996,"Student-t",54,3000,20
"Synthetic-only",0.997,13.4113609053689,0,"Student-t",54,3000,20
"SCP",0.9865,13.2625568910574,0,"LogNormal",55,3000,20
"RSA-CP (OT) (Ours)",0.9665,10.1053442951237,0,"LogNormal",55,3000,20
"SPI",0.985,13.136876301122,0.0300000000000011,"LogNormal",55,3000,20
"Synthetic-only",0.979,11.9876065975061,0,"LogNormal",55,3000,20
"SCP",0.9695,7.02443891973007,0,"Student-t",55,3000,20
"RSA-CP (OT) (Ours)",0.9675,6.86039409310374,0,"Student-t",55,3000,20
"SPI",0.993,11.7934191163302,0.0299999999999869,"Student-t",55,3000,20
"Synthetic-only",0.9925,11.6614607375207,0,"Student-t",55,3000,20
"SCP",0.8805,6.44986259381373,0,"LogNormal",56,3000,20
"RSA-CP (OT) (Ours)",0.8475,5.85367679388778,0.0200000000000102,"LogNormal",56,3000,20
"SPI",0.954,9.1111235424733,0.00999999999999091,"LogNormal",56,3000,20
"Synthetic-only",0.953,9.00734001829412,0,"LogNormal",56,3000,20
"SCP",0.9875,9.75483600768085,0,"Student-t",56,3000,20
"RSA-CP (OT) (Ours)",0.987,9.18703484099139,0.0200000000000102,"Student-t",56,3000,20
"SPI",0.993,11.791604138493,0.019999999999996,"Student-t",56,3000,20
"Synthetic-only",0.993,11.7450567197589,0,"Student-t",56,3000,20
"SCP",0.969,10.3534567651053,0,"LogNormal",57,3000,20
"RSA-CP (OT) (Ours)",0.9625,9.67300889677409,0,"LogNormal",57,3000,20
"SPI",0.9775,11.7446038129629,0.0300000000000011,"LogNormal",57,3000,20
"Synthetic-only",0.975,11.2737352692592,0,"LogNormal",57,3000,20
"SCP",0.949,5.76344338262389,0,"Student-t",57,3000,20
"RSA-CP (OT) (Ours)",0.9335,5.22740680727043,0,"Student-t",57,3000,20
"SPI",0.9945,12.5143506215506,0.0299999999999869,"Student-t",57,3000,20
"Synthetic-only",0.9945,12.487057063015,0,"Student-t",57,3000,20
"SCP",0.9815,12.1873888192993,0,"LogNormal",58,3000,20
"RSA-CP (OT) (Ours)",0.9525,8.93301014441506,0.0200000000000102,"LogNormal",58,3000,20
"SPI",0.9875,13.6067760402291,0.0300000000000011,"LogNormal",58,3000,20
"Synthetic-only",0.9875,13.5607325709566,0,"LogNormal",58,3000,20
"SCP",0.9745,7.46850480133151,0,"Student-t",58,3000,20
"RSA-CP (OT) (Ours)",0.957,6.19341133405199,0,"Student-t",58,3000,20
"SPI",0.9925,11.6441723023275,0.0300000000000011,"Student-t",58,3000,20
"Synthetic-only",0.992,11.5827128341836,0,"Student-t",58,3000,20
"SCP",0.976,11.5161696876824,0,"LogNormal",59,3000,20
"RSA-CP (OT) (Ours)",0.9305,8.01222873914125,0,"LogNormal",59,3000,20
"SPI",0.9555,9.18159736460648,0.0299999999999869,"LogNormal",59,3000,20
"Synthetic-only",0.953,9.02194979247761,0.019999999999996,"LogNormal",59,3000,20
"SCP",0.999,18.3999769804781,0,"Student-t",59,3000,20
"RSA-CP (OT) (Ours)",0.983,8.66201951427855,0.0200000000000102,"Student-t",59,3000,20
"SPI",0.994,11.9764591315402,0.00999999999999091,"Student-t",59,3000,20
"Synthetic-only",0.994,11.9595356045884,0,"Student-t",59,3000,20
"SCP",0.962,9.6109277701078,0,"LogNormal",60,3000,20
"RSA-CP (OT) (Ours)",0.9555,9.19099437171055,0,"LogNormal",60,3000,20
"SPI",0.9605,9.51687636807491,0.0300000000000011,"LogNormal",60,3000,20
"Synthetic-only",0.96,9.45748285908609,0,"LogNormal",60,3000,20
"SCP",0.9455,5.64685962337795,0,"Student-t",60,3000,20
"RSA-CP (OT) (Ours)",0.9195,4.81479265422911,0,"Student-t",60,3000,20
"SPI",0.994,12.0071835839402,0.0300000000000011,"Student-t",60,3000,20
"Synthetic-only",0.9935,11.9069903151461,0,"Student-t",60,3000,20
"SCP",0.991,15.4308940438654,0,"LogNormal",61,3000,20
"RSA-CP (OT) (Ours)",0.9725,10.937549119428,0.019999999999996,"LogNormal",61,3000,20
"SPI",0.9665,10.1095617594003,0.00999999999999091,"LogNormal",61,3000,20
"Synthetic-only",0.9525,8.91972016576499,0,"LogNormal",61,3000,20
"SCP",0.996,12.8571799012387,0,"Student-t",61,3000,20
"RSA-CP (OT) (Ours)",0.982,8.23830040138287,0.0200000000000102,"Student-t",61,3000,20
"SPI",0.996,12.9523309487787,0.019999999999996,"Student-t",61,3000,20
"Synthetic-only",0.996,12.9271787822237,0,"Student-t",61,3000,20
"SCP",0.94,8.22901415412187,0,"LogNormal",62,3000,20
"RSA-CP (OT) (Ours)",0.908,7.18326213096372,0,"LogNormal",62,3000,20
"SPI",0.9415,8.32531514339087,0.0300000000000011,"LogNormal",62,3000,20
"Synthetic-only",0.9415,8.30720588333365,0,"LogNormal",62,3000,20
"SCP",0.954,6.02439214386018,0,"Student-t",62,3000,20
"RSA-CP (OT) (Ours)",0.949,5.764636703233,0,"Student-t",62,3000,20
"SPI",0.9945,12.6285393554781,0.0299999999999869,"Student-t",62,3000,20
"Synthetic-only",0.9945,12.5881083145723,0,"Student-t",62,3000,20
"SCP",0.881,6.48730866176606,0,"LogNormal",63,3000,20
"RSA-CP (OT) (Ours)",0.863,6.09172910147929,0,"LogNormal",63,3000,20
"SPI",0.985,13.0684124770375,0.0300000000000011,"LogNormal",63,3000,20
"Synthetic-only",0.985,13.0628451425349,0,"LogNormal",63,3000,20
"SCP",0.9675,6.76226778527792,0,"Student-t",63,3000,20
"RSA-CP (OT) (Ours)",0.949,5.76449398030276,0,"Student-t",63,3000,20
"SPI",0.99,10.6692547165027,0.0300000000000011,"Student-t",63,3000,20
"Synthetic-only",0.99,10.6449396625165,0,"Student-t",63,3000,20
"SCP",0.9695,10.5233621227055,0,"LogNormal",64,3000,20
"RSA-CP (OT) (Ours)",0.9315,8.02712220142844,0.019999999999996,"LogNormal",64,3000,20
"SPI",0.98,12.1255582267527,0.0100000000000051,"LogNormal",64,3000,20
"Synthetic-only",0.9795,12.077950896657,0,"LogNormal",64,3000,20
"SCP",0.965,6.6665927151454,0,"Student-t",64,3000,20
"RSA-CP (OT) (Ours)",0.9275,5.03964358585253,0.019999999999996,"Student-t",64,3000,20
"SPI",0.9935,11.8548337948644,0.00999999999999091,"Student-t",64,3000,20
"Synthetic-only",0.993,11.7879158480901,0,"Student-t",64,3000,20
"SCP",0.999,24.4816235287354,0,"LogNormal",65,3000,20
"RSA-CP (OT) (Ours)",0.9785,11.8741111833519,0,"LogNormal",65,3000,20
"SPI",0.9585,9.31660282407318,0.0300000000000011,"LogNormal",65,3000,20
"Synthetic-only",0.9555,9.18627267545343,0,"LogNormal",65,3000,20
"SCP",0.87,3.98393328101451,0,"Student-t",65,3000,20
"RSA-CP (OT) (Ours)",0.754,2.78188020022127,0,"Student-t",65,3000,20
"SPI",0.9915,11.0276841346234,0.0799999999999983,"Student-t",65,3000,20
"Synthetic-only",0.9915,10.9265623284816,0,"Student-t",65,3000,20
"SCP",0.9215,7.66236102126694,0,"LogNormal",66,3000,20
"RSA-CP (OT) (Ours)",0.879,6.39048055335081,0,"LogNormal",66,3000,20
"SPI",0.9405,8.2561651138275,0.0400000000000063,"LogNormal",66,3000,20
"Synthetic-only",0.9405,8.25447281707589,0,"LogNormal",66,3000,20
"SCP",0.9915,11.2069123773121,0,"Student-t",66,3000,20
"RSA-CP (OT) (Ours)",0.958,6.23488862996495,0,"Student-t",66,3000,20
"SPI",0.9905,10.6814909121059,0.0300000000000011,"Student-t",66,3000,20
"Synthetic-only",0.99,10.6548719136407,0,"Student-t",66,3000,20
"SCP",0.9185,7.56859210493189,0,"LogNormal",67,3000,20
"RSA-CP (OT) (Ours)",0.9115,7.33884388921084,0.0100000000000051,"LogNormal",67,3000,20
"SPI",0.96,9.45258262496639,0.019999999999996,"LogNormal",67,3000,20
"Synthetic-only",0.9525,8.89477610301816,0,"LogNormal",67,3000,20
"SCP",0.9945,12.1645298446377,0,"Student-t",67,3000,20
"RSA-CP (OT) (Ours)",0.982,8.35184985544671,0.00999999999999091,"Student-t",67,3000,20
"SPI",0.9915,11.3871130379418,0.0200000000000102,"Student-t",67,3000,20
"Synthetic-only",0.9915,11.3783840512239,0,"Student-t",67,3000,20
"SCP",0.9975,18.8204156501894,0,"LogNormal",68,3000,20
"RSA-CP (OT) (Ours)",0.953,9.03343446819551,0,"LogNormal",68,3000,20
"SPI",0.985,13.1840913258445,0.0300000000000011,"LogNormal",68,3000,20
"Synthetic-only",0.985,13.1446115826164,0,"LogNormal",68,3000,20
"SCP",0.997,13.1619944037585,0,"Student-t",68,3000,20
"RSA-CP (OT) (Ours)",0.99,10.5708386348835,0,"Student-t",68,3000,20
"SPI",0.994,12.0618810347555,0.0300000000000011,"Student-t",68,3000,20
"Synthetic-only",0.994,12.0307037828926,0,"Student-t",68,3000,20
"SCP",0.9945,17.1678069826865,0,"LogNormal",69,3000,20
"RSA-CP (OT) (Ours)",0.9775,11.6865840544983,0.00999999999999091,"LogNormal",69,3000,20
"SPI",0.9685,10.3051234524197,0.0200000000000102,"LogNormal",69,3000,20
"Synthetic-only",0.927,7.82398615919353,0,"LogNormal",69,3000,20
"SCP",0.9995,20.0151689723916,0,"Student-t",69,3000,20
"RSA-CP (OT) (Ours)",0.9895,10.04137661085,0,"Student-t",69,3000,20
"SPI",0.9945,12.5725779049564,0.0200000000000102,"Student-t",69,3000,20
"Synthetic-only",0.9945,12.5662058198138,0,"Student-t",69,3000,20
"SCP",0.948,8.58417462225478,0,"LogNormal",70,3000,20
"RSA-CP (OT) (Ours)",0.84,5.73337960940735,0,"LogNormal",70,3000,20
"SPI",0.9775,11.7470442928335,0.0300000000000011,"LogNormal",70,3000,20
"Synthetic-only",0.977,11.6235624724853,0.0100000000000051,"LogNormal",70,3000,20
"SCP",0.987,9.32701849402667,0,"Student-t",70,3000,20
"RSA-CP (OT) (Ours)",0.9135,4.70779726191291,0.0100000000000051,"Student-t",70,3000,20
"SPI",0.9905,10.740425600322,0.019999999999996,"Student-t",70,3000,20
"Synthetic-only",0.9905,10.7128078860812,0,"Student-t",70,3000,20
"SCP",0.9515,8.8564101307779,0,"LogNormal",71,3000,20
"RSA-CP (OT) (Ours)",0.9135,7.41392905741821,0,"LogNormal",71,3000,20
"SPI",0.9495,8.7432318590521,0.0400000000000063,"LogNormal",71,3000,20
"Synthetic-only",0.948,8.61314498304614,0,"LogNormal",71,3000,20
"SCP",0.963,6.51794235331469,0,"Student-t",71,3000,20
"RSA-CP (OT) (Ours)",0.9475,5.67075579275873,0,"Student-t",71,3000,20
"SPI",0.9945,12.103640356469,0.0300000000000011,"Student-t",71,3000,20
"Synthetic-only",0.994,12.0823101047632,0,"Student-t",71,3000,20
"SCP",0.8785,6.37669209009365,0,"LogNormal",72,3000,20
"RSA-CP (OT) (Ours)",0.8485,5.88822830133057,0.0100000000000051,"LogNormal",72,3000,20
"SPI",0.9525,8.90138287098218,0.019999999999996,"LogNormal",72,3000,20
"Synthetic-only",0.951,8.85342794800946,0,"LogNormal",72,3000,20
"SCP",0.974,7.44951948829834,0,"Student-t",72,3000,20
"RSA-CP (OT) (Ours)",0.958,6.26236247125538,0.00999999999999091,"Student-t",72,3000,20
"SPI",0.993,11.8005243835401,0.0300000000000011,"Student-t",72,3000,20
"Synthetic-only",0.992,11.6140654142136,0,"Student-t",72,3000,20
"SCP",0.881,6.47721154799779,0,"LogNormal",73,3000,20
"RSA-CP (OT) (Ours)",0.879,6.39109516394002,0.0200000000000102,"LogNormal",73,3000,20
"SPI",0.979,12.0305429844447,0.019999999999996,"LogNormal",73,3000,20
"Synthetic-only",0.966,10.1002311716248,0,"LogNormal",73,3000,20
"SCP",0.9605,6.42767535448513,0,"Student-t",73,3000,20
"RSA-CP (OT) (Ours)",0.928,5.05951559286226,0.0100000000000051,"Student-t",73,3000,20
"SPI",0.9945,12.3734458634604,0.0300000000000011,"Student-t",73,3000,20
"Synthetic-only",0.9945,12.3010189055227,0,"Student-t",73,3000,20
"SCP",0.8925,6.78504080440976,0,"LogNormal",74,3000,20
"RSA-CP (OT) (Ours)",0.8545,5.99293709551305,0,"LogNormal",74,3000,20
"SPI",0.954,9.12899186499549,0.0299999999999869,"LogNormal",74,3000,20
"Synthetic-only",0.954,9.10397387719706,0.019999999999996,"LogNormal",74,3000,20
"SCP",0.982,8.28014309257739,0,"Student-t",74,3000,20
"RSA-CP (OT) (Ours)",0.954,6.02194439202373,0.0200000000000102,"Student-t",74,3000,20
"SPI",0.9945,12.1933201206565,0.019999999999996,"Student-t",74,3000,20
"Synthetic-only",0.9945,12.1002083709447,0,"Student-t",74,3000,20
"SCP",0.905,7.088175955066,0,"LogNormal",75,3000,20
"RSA-CP (OT) (Ours)",0.898,6.90929206912435,0,"LogNormal",75,3000,20
"SPI",0.9505,8.81957474700169,0.0300000000000011,"LogNormal",75,3000,20
"Synthetic-only",0.9485,8.62041022373121,0,"LogNormal",75,3000,20
"SCP",0.966,6.71046639974392,0,"Student-t",75,3000,20
"RSA-CP (OT) (Ours)",0.9595,6.36745205067163,0,"Student-t",75,3000,20
"SPI",0.9915,11.224678333865,0.0299999999999869,"Student-t",75,3000,20
"Synthetic-only",0.9915,11.083688331778,0,"Student-t",75,3000,20
"SCP",0.9745,11.1913928288453,0,"LogNormal",76,3000,20
"RSA-CP (OT) (Ours)",0.9595,9.33964033499623,0.0200000000000102,"LogNormal",76,3000,20
"SPI",0.9525,8.96533502614222,0.00999999999999091,"LogNormal",76,3000,20
"Synthetic-only",0.946,8.53891591189536,0,"LogNormal",76,3000,20
"SCP",0.971,7.10247015921341,0,"Student-t",76,3000,20
"RSA-CP (OT) (Ours)",0.941,5.51743783914124,0.0200000000000102,"Student-t",76,3000,20
"SPI",0.9895,10.5086190434621,0.0300000000000011,"Student-t",76,3000,20
"Synthetic-only",0.9895,10.4716568055008,0,"Student-t",76,3000,20
"SCP",0.999,27.0847100427281,0,"LogNormal",77,3000,20
"RSA-CP (OT) (Ours)",0.958,9.30378786443721,0,"LogNormal",77,3000,20
"SPI",0.9485,8.62726173856484,0.0300000000000011,"LogNormal",77,3000,20
"Synthetic-only",0.946,8.54808439142924,0,"LogNormal",77,3000,20
"SCP",0.9495,5.7868438893985,0,"Student-t",77,3000,20
"RSA-CP (OT) (Ours)",0.906,4.5555544666073,0,"Student-t",77,3000,20
"SPI",0.9935,11.8853292628013,0.0299999999999869,"Student-t",77,3000,20
"Synthetic-only",0.9935,11.8298374505967,0.019999999999996,"Student-t",77,3000,20
"SCP",0.9375,8.16294269893699,0,"LogNormal",78,3000,20
"RSA-CP (OT) (Ours)",0.923,7.72043527223686,0,"LogNormal",78,3000,20
"SPI",0.976,11.5015444133969,0.0300000000000011,"LogNormal",78,3000,20
"Synthetic-only",0.976,11.4856540741025,0.019999999999996,"LogNormal",78,3000,20
"SCP",0.9915,10.952687589394,0,"Student-t",78,3000,20
"RSA-CP (OT) (Ours)",0.99,10.6601951609467,0.019999999999996,"Student-t",78,3000,20
"SPI",0.996,12.9323543025623,0.0100000000000051,"Student-t",78,3000,20
"Synthetic-only",0.996,12.9008202824999,0,"Student-t",78,3000,20
"SCP",0.974,11.1505263509275,0,"LogNormal",79,3000,20
"RSA-CP (OT) (Ours)",0.942,8.36700252579617,0,"LogNormal",79,3000,20
"SPI",0.9505,8.79984320148569,0.0300000000000011,"LogNormal",79,3000,20
"Synthetic-only",0.9495,8.74534114915332,0,"LogNormal",79,3000,20
"SCP",0.9895,10.3847636610456,0,"Student-t",79,3000,20
"RSA-CP (OT) (Ours)",0.9885,9.90945813448318,0,"Student-t",79,3000,20
"SPI",0.991,10.8767441015154,0.0300000000000011,"Student-t",79,3000,20
"Synthetic-only",0.9905,10.7286201697254,0,"Student-t",79,3000,20
"SCP",0.996,17.8637378248611,0,"LogNormal",80,3000,20
"RSA-CP (OT) (Ours)",0.985,13.1587536673548,0.019999999999996,"LogNormal",80,3000,20
"SPI",0.976,11.5328858904795,0.0100000000000051,"LogNormal",80,3000,20
"Synthetic-only",0.9415,8.300804789531,0,"LogNormal",80,3000,20
"SCP",0.9855,9.00165771129094,0,"Student-t",80,3000,20
"RSA-CP (OT) (Ours)",0.981,7.97766083541485,0.019999999999996,"Student-t",80,3000,20
"SPI",0.992,11.4714510160036,0.0100000000000051,"Student-t",80,3000,20
"Synthetic-only",0.9915,11.3682706011615,0,"Student-t",80,3000,20
"SCP",0.7575,4.66814234026184,0,"LogNormal",81,3000,20
"RSA-CP (OT) (Ours)",0.7145,4.23895752836999,0,"LogNormal",81,3000,20
"SPI",0.9795,12.0873305570468,0.0300000000000011,"LogNormal",81,3000,20
"Synthetic-only",0.979,12.0245625400549,0.00999999999999091,"LogNormal",81,3000,20
"SCP",0.9995,21.6455194024354,0,"Student-t",81,3000,20
"RSA-CP (OT) (Ours)",0.9865,9.12369228201724,0.019999999999996,"Student-t",81,3000,20
"SPI",0.9915,11.1091637413674,0.0100000000000051,"Student-t",81,3000,20
"Synthetic-only",0.9915,10.9312349175129,0,"Student-t",81,3000,20
"SCP",0.9665,10.1029698823604,0,"LogNormal",82,3000,20
"RSA-CP (OT) (Ours)",0.9185,7.51821241570684,0,"LogNormal",82,3000,20
"SPI",0.983,12.6311377950005,0.0300000000000011,"LogNormal",82,3000,20
"Synthetic-only",0.9815,12.2192951381929,0,"LogNormal",82,3000,20
"SCP",0.987,9.26956984638402,0,"Student-t",82,3000,20
"RSA-CP (OT) (Ours)",0.9845,8.90646151339778,0,"Student-t",82,3000,20
"SPI",0.992,11.5158507354752,0.0300000000000011,"Student-t",82,3000,20
"Synthetic-only",0.992,11.4976424084234,0,"Student-t",82,3000,20
"SCP",0.991,15.5116299803365,0,"LogNormal",83,3000,20
"RSA-CP (OT) (Ours)",0.9845,12.9688539149841,0.00999999999999091,"LogNormal",83,3000,20
"SPI",0.979,11.9948326458722,0.0400000000000063,"LogNormal",83,3000,20
"Synthetic-only",0.966,10.0454983007781,0,"LogNormal",83,3000,20
"SCP",0.94,5.46940848934411,0,"Student-t",83,3000,20
"RSA-CP (OT) (Ours)",0.939,5.39073945215197,0,"Student-t",83,3000,20
"SPI",0.9915,11.3870860360061,0.0300000000000011,"Student-t",83,3000,20
"Synthetic-only",0.9915,11.2773039013468,0,"Student-t",83,3000,20
"SCP",0.948,8.58300733342857,0,"LogNormal",84,3000,20
"RSA-CP (OT) (Ours)",0.856,6.00917155435593,0,"LogNormal",84,3000,20
"SPI",0.9525,8.97413502882089,0.0300000000000011,"LogNormal",84,3000,20
"Synthetic-only",0.9505,8.83940976978991,0.0100000000000051,"LogNormal",84,3000,20
"SCP",0.9805,7.89074671464164,0,"Student-t",84,3000,20
"RSA-CP (OT) (Ours)",0.9265,4.98046066172379,0,"Student-t",84,3000,20
"SPI",0.9915,10.8803155213919,0.0300000000000011,"Student-t",84,3000,20
"Synthetic-only",0.9905,10.7929562709895,0.00999999999999091,"Student-t",84,3000,20
"SCP",0.8215,5.46759017914611,0,"LogNormal",85,3000,20
"RSA-CP (OT) (Ours)",0.7355,4.50687866576695,0,"LogNormal",85,3000,20
"SPI",0.991,15.3971857957126,0.0300000000000011,"LogNormal",85,3000,20
"Synthetic-only",0.9905,15.2276820399629,0,"LogNormal",85,3000,20
"SCP",0.974,7.43988336113331,0,"Student-t",85,3000,20
"RSA-CP (OT) (Ours)",0.8595,3.81524956961894,0,"Student-t",85,3000,20
"SPI",0.997,13.2943762664707,0.0300000000000011,"Student-t",85,3000,20
"Synthetic-only",0.997,13.2319247136421,0,"Student-t",85,3000,20
"SCP",0.982,12.4930370557796,0,"LogNormal",86,3000,20
"RSA-CP (OT) (Ours)",0.8735,6.28495560029144,0.00999999999999091,"LogNormal",86,3000,20
"SPI",0.9845,12.9699723822143,0.0200000000000102,"LogNormal",86,3000,20
"Synthetic-only",0.9845,12.8355416404814,0,"LogNormal",86,3000,20
"SCP",0.9875,9.48869339797579,0,"Student-t",86,3000,20
"RSA-CP (OT) (Ours)",0.982,8.44626204056675,0,"Student-t",86,3000,20
"SPI",0.993,11.7206340139757,0.0400000000000063,"Student-t",86,3000,20
"Synthetic-only",0.992,11.5660469671422,0,"Student-t",86,3000,20
"SCP",0.9525,8.99153983658276,0,"LogNormal",87,3000,20
"RSA-CP (OT) (Ours)",0.9495,8.72484462149939,0.0100000000000051,"LogNormal",87,3000,20
"SPI",0.9485,8.64892871750848,0.019999999999996,"LogNormal",87,3000,20
"Synthetic-only",0.947,8.56410587353111,0,"LogNormal",87,3000,20
"SCP",0.8625,3.86852338832585,0,"Student-t",87,3000,20
"RSA-CP (OT) (Ours)",0.8575,3.77170786853288,0.0100000000000051,"Student-t",87,3000,20
"SPI",0.992,11.5934379703796,0.019999999999996,"Student-t",87,3000,20
"Synthetic-only",0.992,11.578830002412,0,"Student-t",87,3000,20
"SCP",0.999,25.5445123515262,0,"LogNormal",88,3000,20
"RSA-CP (OT) (Ours)",0.9975,18.637906976732,0,"LogNormal",88,3000,20
"SPI",0.992,16.5171964036819,0.0400000000000063,"LogNormal",88,3000,20
"Synthetic-only",0.9675,10.277466932758,0.0200000000000102,"LogNormal",88,3000,20
"SCP",0.982,8.19811585388938,0,"Student-t",88,3000,20
"RSA-CP (OT) (Ours)",0.979,7.80594558839491,0,"Student-t",88,3000,20
"SPI",0.99,10.6449889946068,0.0300000000000011,"Student-t",88,3000,20
"Synthetic-only",0.99,10.6143078445854,0.0100000000000051,"Student-t",88,3000,20
"SCP",0.857,6.01442017727775,0,"LogNormal",89,3000,20
"RSA-CP (OT) (Ours)",0.837,5.68882757154341,0,"LogNormal",89,3000,20
"SPI",0.9505,8.77040981912825,0.0299999999999869,"LogNormal",89,3000,20
"Synthetic-only",0.95,8.76002364998204,0,"LogNormal",89,3000,20
"SCP",0.9175,4.7585873474777,0,"Student-t",89,3000,20
"RSA-CP (OT) (Ours)",0.8955,4.4109803886232,0,"Student-t",89,3000,20
"SPI",0.9915,11.2280740905778,0.0300000000000011,"Student-t",89,3000,20
"Synthetic-only",0.9915,11.088497908553,0,"Student-t",89,3000,20
"SCP",0.911,7.33596165086064,0,"LogNormal",90,3000,20
"RSA-CP (OT) (Ours)",0.895,6.83560887966495,0.0200000000000102,"LogNormal",90,3000,20
"SPI",0.964,9.86661367138296,0.019999999999996,"LogNormal",90,3000,20
"Synthetic-only",0.9595,9.37333251496785,0,"LogNormal",90,3000,20
"SCP",0.9155,4.73055766914526,0,"Student-t",90,3000,20
"RSA-CP (OT) (Ours)",0.8785,4.1247711972755,0.0100000000000051,"Student-t",90,3000,20
"SPI",0.9915,11.3136454596909,0.019999999999996,"Student-t",90,3000,20
"Synthetic-only",0.9915,11.3018746829311,0,"Student-t",90,3000,20
"SCP",0.945,8.51592062235462,0,"LogNormal",91,3000,20
"RSA-CP (OT) (Ours)",0.934,8.08427543609892,0,"LogNormal",91,3000,20
"SPI",0.9405,8.24546437063502,0.0299999999999869,"LogNormal",91,3000,20
"Synthetic-only",0.9395,8.22339001670943,0,"LogNormal",91,3000,20
"SCP",0.9945,12.5803488883231,0,"Student-t",91,3000,20
"RSA-CP (OT) (Ours)",0.9875,9.49348743214924,0,"Student-t",91,3000,20
"SPI",0.9915,10.9190454308447,0.0400000000000063,"Student-t",91,3000,20
"Synthetic-only",0.9915,10.906466867027,0.0200000000000102,"Student-t",91,3000,20
"SCP",0.9325,8.05436144893329,0,"LogNormal",92,3000,20
"RSA-CP (OT) (Ours)",0.93,7.9678876511432,0,"LogNormal",92,3000,20
"SPI",0.9785,11.8909065893742,0.0300000000000011,"LogNormal",92,3000,20
"Synthetic-only",0.976,11.3981206254032,0,"LogNormal",92,3000,20
"SCP",0.998,16.6902398848168,0,"Student-t",92,3000,20
"RSA-CP (OT) (Ours)",0.978,7.74310201660029,0,"Student-t",92,3000,20
"SPI",0.993,11.8071858447477,0.0299999999999869,"Student-t",92,3000,20
"Synthetic-only",0.993,11.7928498018245,0,"Student-t",92,3000,20
"SCP",0.9975,19.2296184403229,0,"LogNormal",93,3000,20
"RSA-CP (OT) (Ours)",0.985,13.1792702504947,0.0200000000000102,"LogNormal",93,3000,20
"SPI",0.9755,11.2880081183221,0.00999999999999091,"LogNormal",93,3000,20
"Synthetic-only",0.9525,8.91134878696268,0,"LogNormal",93,3000,20
"SCP",0.99,10.5845492354116,0,"Student-t",93,3000,20
"RSA-CP (OT) (Ours)",0.9875,9.47968394509131,0.0200000000000102,"Student-t",93,3000,20
"SPI",0.9915,11.3241060156967,0.019999999999996,"Student-t",93,3000,20
"Synthetic-only",0.9915,11.3025735310149,0,"Student-t",93,3000,20
"SCP",0.999,27.1188121727184,0,"LogNormal",94,3000,20
"RSA-CP (OT) (Ours)",0.99,14.710614783037,0,"LogNormal",94,3000,20
"SPI",0.974,11.1690630355304,0.0300000000000011,"LogNormal",94,3000,20
"Synthetic-only",0.9425,8.39476306678276,0.019999999999996,"LogNormal",94,3000,20
"SCP",0.9855,8.97437066293437,0,"Student-t",94,3000,20
"RSA-CP (OT) (Ours)",0.94,5.42446596156214,0,"Student-t",94,3000,20
"SPI",0.9945,12.5134063041584,0.0299999999999869,"Student-t",94,3000,20
"Synthetic-only",0.9945,12.5102728034938,0,"Student-t",94,3000,20
"SCP",0.9485,8.63957660858408,0.0200000000000102,"LogNormal",95,3000,20
"RSA-CP (OT) (Ours)",0.945,8.45798896767019,0,"LogNormal",95,3000,20
"SPI",0.945,8.47797407931726,0.0300000000000011,"LogNormal",95,3000,20
"Synthetic-only",0.9385,8.20635935526964,0,"LogNormal",95,3000,20
"SCP",0.9945,12.6205627484552,0,"Student-t",95,3000,20
"RSA-CP (OT) (Ours)",0.941,5.52642857500023,0,"Student-t",95,3000,20
"SPI",0.994,12.0170964261711,0.0300000000000011,"Student-t",95,3000,20
"Synthetic-only",0.9935,11.9095199790479,0,"Student-t",95,3000,20
"SCP",0.9105,7.29141601803527,0,"LogNormal",96,3000,20
"RSA-CP (OT) (Ours)",0.863,6.11850009891442,0.019999999999996,"LogNormal",96,3000,20
"SPI",0.987,13.5340350883216,0.00999999999999091,"LogNormal",96,3000,20
"Synthetic-only",0.987,13.4248953885243,0,"LogNormal",96,3000,20
"SCP",0.972,7.23006395257747,0,"Student-t",96,3000,20
"RSA-CP (OT) (Ours)",0.9695,7.02522662531262,0.0200000000000102,"Student-t",96,3000,20
"SPI",0.9915,11.3676759454828,0.00999999999999091,"Student-t",96,3000,20
"Synthetic-only",0.9915,11.2235724278925,0,"Student-t",96,3000,20
"SCP",0.9365,8.14350449879955,0,"LogNormal",97,3000,20
"RSA-CP (OT) (Ours)",0.9005,6.98891823300248,0,"LogNormal",97,3000,20
"SPI",0.951,8.84595381263141,0.0300000000000011,"LogNormal",97,3000,20
"Synthetic-only",0.9505,8.82787323509354,0,"LogNormal",97,3000,20
"SCP",0.9875,9.33851224359114,0,"Student-t",97,3000,20
"RSA-CP (OT) (Ours)",0.9665,6.72661681911033,0,"Student-t",97,3000,20
"SPI",0.997,13.1782808880371,0.0300000000000011,"Student-t",97,3000,20
"Synthetic-only",0.997,13.1396436276028,0,"Student-t",97,3000,20
"SCP",0.969,10.3689874027472,0,"LogNormal",98,3000,20
"RSA-CP (OT) (Ours)",0.9415,8.32204824304301,0.019999999999996,"LogNormal",98,3000,20
"SPI",0.9845,12.8818629737775,0.0300000000000011,"LogNormal",98,3000,20
"Synthetic-only",0.9825,12.5244650150727,0,"LogNormal",98,3000,20
"SCP",0.9945,12.4417557391961,0,"Student-t",98,3000,20
"RSA-CP (OT) (Ours)",0.9855,9.04862503102708,0,"Student-t",98,3000,20
"SPI",0.992,11.460559382815,0.019999999999996,"Student-t",98,3000,20
"Synthetic-only",0.992,11.4413245963139,0,"Student-t",98,3000,20
"SCP",0.9725,10.9170468602354,0,"LogNormal",99,3000,20
"RSA-CP (OT) (Ours)",0.953,9.00259855499111,0,"LogNormal",99,3000,20
"SPI",0.981,12.1556019899415,0.0300000000000011,"LogNormal",99,3000,20
"Synthetic-only",0.9775,11.7690222301118,0.019999999999996,"LogNormal",99,3000,20
"SCP",0.965,6.6820481363066,0,"Student-t",99,3000,20
"RSA-CP (OT) (Ours)",0.958,6.28770833221938,0.019999999999996,"Student-t",99,3000,20
"SPI",0.9905,10.6816906937348,0.00999999999999091,"Student-t",99,3000,20
"Synthetic-only",0.9905,10.6796679459893,0,"Student-t",99,3000,20
"SCP",0.8775,6.35421697263564,0,"LogNormal",100,3000,20
"RSA-CP (OT) (Ours)",0.8525,5.95534009627671,0,"LogNormal",100,3000,20
"SPI",0.989,13.8025141674933,0.0300000000000011,"LogNormal",100,3000,20
"Synthetic-only",0.988,13.6779123914402,0,"LogNormal",100,3000,20
"SCP",0.8635,3.88111496883244,0,"Student-t",100,3000,20
"RSA-CP (OT) (Ours)",0.852,3.69143605926786,0,"Student-t",100,3000,20
"SPI",0.9945,12.1226437510104,0.0300000000000011,"Student-t",100,3000,20
"Synthetic-only",0.994,12.0863877105658,0.019999999999996,"Student-t",100,3000,20
"SCP",0.946,8.52629644114877,0,"LogNormal",1,3000,30
"RSA-CP (OT) (Ours)",0.9215,7.68035174021539,0.039999999999992,"LogNormal",1,3000,30
"SPI",0.941,8.28305990161096,0.0400000000000063,"LogNormal",1,3000,30
"Synthetic-only",0.941,8.26710357304244,0,"LogNormal",1,3000,30
"SCP",0.965,6.64408459840855,0,"Student-t",1,3000,30
"RSA-CP (OT) (Ours)",0.9415,5.53437227320358,0.0100000000000051,"Student-t",1,3000,30
"SPI",0.9925,11.6299633431068,0.0300000000000011,"Student-t",1,3000,30
"Synthetic-only",0.992,11.5602168471055,0,"Student-t",1,3000,30
"SCP",0.9005,6.97988599600317,0,"LogNormal",2,3000,30
"RSA-CP (OT) (Ours)",0.8805,6.45046199384479,0,"LogNormal",2,3000,30
"SPI",0.9905,14.8390549978161,0.039999999999992,"LogNormal",2,3000,30
"Synthetic-only",0.9895,14.3962008543295,0,"LogNormal",2,3000,30
"SCP",0.963,6.53506711879887,0,"Student-t",2,3000,30
"RSA-CP (OT) (Ours)",0.9435,5.57558972789942,0,"Student-t",2,3000,30
"SPI",0.9935,11.8943555808287,0.0500000000000114,"Student-t",2,3000,30
"Synthetic-only",0.993,11.7602021107047,0,"Student-t",2,3000,30
"SCP",0.989,14.1625082864086,0,"LogNormal",3,3000,30
"RSA-CP (OT) (Ours)",0.8395,5.72951128911687,0.019999999999996,"LogNormal",3,3000,30
"SPI",0.9865,13.363346013795,0.0300000000000011,"LogNormal",3,3000,30
"Synthetic-only",0.9865,13.2753172149346,0,"LogNormal",3,3000,30
"SCP",0.9815,8.05770102199471,0,"Student-t",3,3000,30
"RSA-CP (OT) (Ours)",0.9545,6.05925796433213,0.00999999999999091,"Student-t",3,3000,30
"SPI",0.9925,11.6669659505334,0.0400000000000063,"Student-t",3,3000,30
"Synthetic-only",0.9925,11.6629821572773,0,"Student-t",3,3000,30
"SCP",0.9705,10.7158236310343,0,"LogNormal",4,3000,30
"RSA-CP (OT) (Ours)",0.899,6.9341635916985,0.0100000000000051,"LogNormal",4,3000,30
"SPI",0.942,8.36453611216252,0.0300000000000011,"LogNormal",4,3000,30
"Synthetic-only",0.9415,8.3534560682495,0,"LogNormal",4,3000,30
"SCP",0.9585,6.29372091552129,0,"Student-t",4,3000,30
"RSA-CP (OT) (Ours)",0.952,5.95088433336457,0.019999999999996,"Student-t",4,3000,30
"SPI",0.991,10.8629206721151,0.0300000000000011,"Student-t",4,3000,30
"Synthetic-only",0.9905,10.8214647970062,0,"Student-t",4,3000,30
"SCP",0.972,10.8316041660486,0,"LogNormal",5,3000,30
"RSA-CP (OT) (Ours)",0.9655,9.99264018350541,0,"LogNormal",5,3000,30
"SPI",0.9625,9.65712408960646,0.0400000000000063,"LogNormal",5,3000,30
"Synthetic-only",0.9505,8.78979855172754,0,"LogNormal",5,3000,30
"SCP",0.9875,9.48080746483551,0,"Student-t",5,3000,30
"RSA-CP (OT) (Ours)",0.9615,6.44451280237726,0.0100000000000051,"Student-t",5,3000,30
"SPI",0.9915,11.3349515315394,0.0300000000000011,"Student-t",5,3000,30
"Synthetic-only",0.9915,11.2852435679315,0,"Student-t",5,3000,30
"SCP",0.9505,8.80573100831955,0,"LogNormal",6,3000,30
"RSA-CP (OT) (Ours)",0.946,8.52542451394759,0,"LogNormal",6,3000,30
"SPI",0.9525,8.95737977552744,0.0300000000000011,"LogNormal",6,3000,30
"Synthetic-only",0.9525,8.8904972211549,0,"LogNormal",6,3000,30
"SCP",0.9775,7.67301131851852,0,"Student-t",6,3000,30
"RSA-CP (OT) (Ours)",0.9305,5.17810741273158,0,"Student-t",6,3000,30
"SPI",0.992,11.4493176616051,0.0300000000000011,"Student-t",6,3000,30
"Synthetic-only",0.992,11.432394056122,0,"Student-t",6,3000,30
"SCP",0.989,13.9429752030979,0,"LogNormal",7,3000,30
"RSA-CP (OT) (Ours)",0.9765,11.5672819848724,0,"LogNormal",7,3000,30
"SPI",0.938,8.18248658913052,0.0499999999999972,"LogNormal",7,3000,30
"Synthetic-only",0.9365,8.15232508644292,0,"LogNormal",7,3000,30
"SCP",0.9855,9.03463354440073,0,"Student-t",7,3000,30
"RSA-CP (OT) (Ours)",0.974,7.42581493802183,0,"Student-t",7,3000,30
"SPI",0.9915,11.0265319481673,0.0300000000000011,"Student-t",7,3000,30
"Synthetic-only",0.9915,10.9853748092513,0,"Student-t",7,3000,30
"SCP",0.991,15.5181683118094,0,"LogNormal",8,3000,30
"RSA-CP (OT) (Ours)",0.863,6.10954117438306,0,"LogNormal",8,3000,30
"SPI",0.97,10.6895933799778,0.0400000000000063,"LogNormal",8,3000,30
"Synthetic-only",0.9695,10.5370136137745,0.0100000000000051,"LogNormal",8,3000,30
"SCP",0.975,7.47967667511832,0,"Student-t",8,3000,30
"RSA-CP (OT) (Ours)",0.957,6.20573275433975,0,"Student-t",8,3000,30
"SPI",0.9915,11.3059669657527,0.0499999999999972,"Student-t",8,3000,30
"Synthetic-only",0.9915,11.3012403645875,0,"Student-t",8,3000,30
"SCP",0.881,6.48819698465597,0,"LogNormal",9,3000,30
"RSA-CP (OT) (Ours)",0.875,6.30496285112649,0,"LogNormal",9,3000,30
"SPI",0.9905,14.9786412837107,0.0499999999999972,"LogNormal",9,3000,30
"Synthetic-only",0.99,14.7324551651286,0.019999999999996,"LogNormal",9,3000,30
"SCP",0.971,7.06877773497572,0,"Student-t",9,3000,30
"RSA-CP (OT) (Ours)",0.9265,4.97925339782073,0,"Student-t",9,3000,30
"SPI",0.9965,12.979920989561,0.039999999999992,"Student-t",9,3000,30
"Synthetic-only",0.996,12.8899393769824,0,"Student-t",9,3000,30
"SCP",0.966,10.0485783286266,0,"LogNormal",10,3000,30
"RSA-CP (OT) (Ours)",0.9195,7.59271544118942,0.0200000000000102,"LogNormal",10,3000,30
"SPI",0.9595,9.37512570830175,0.0300000000000011,"LogNormal",10,3000,30
"Synthetic-only",0.9565,9.22846714560336,0,"LogNormal",10,3000,30
"SCP",0.9675,6.81566091005396,0,"Student-t",10,3000,30
"RSA-CP (OT) (Ours)",0.928,5.09328930335165,0,"Student-t",10,3000,30
"SPI",0.9915,11.3903720338831,0.0499999999999972,"Student-t",10,3000,30
"Synthetic-only",0.9915,11.3349102931177,0,"Student-t",10,3000,30
"SCP",0.987,13.4690891464455,0,"LogNormal",11,3000,30
"RSA-CP (OT) (Ours)",0.923,7.71651304713524,0.0100000000000051,"LogNormal",11,3000,30
"SPI",0.9515,8.86469776944989,0.0299999999999869,"LogNormal",11,3000,30
"Synthetic-only",0.951,8.85459192080872,0,"LogNormal",11,3000,30
"SCP",0.987,9.28301462094838,0,"Student-t",11,3000,30
"RSA-CP (OT) (Ours)",0.9245,4.92178804654532,0.0200000000000102,"Student-t",11,3000,30
"SPI",0.994,12.0305252568414,0.0300000000000011,"Student-t",11,3000,30
"Synthetic-only",0.994,12.0212725979859,0,"Student-t",11,3000,30
"SCP",0.9945,17.1823273644581,0,"LogNormal",12,3000,30
"RSA-CP (OT) (Ours)",0.927,7.82124539960545,0,"LogNormal",12,3000,30
"SPI",0.9895,14.4165075659197,0.0300000000000011,"LogNormal",12,3000,30
"Synthetic-only",0.989,14.176504965955,0,"LogNormal",12,3000,30
"SCP",0.9585,6.3191337327234,0,"Student-t",12,3000,30
"RSA-CP (OT) (Ours)",0.947,5.65594111311205,0,"Student-t",12,3000,30
"SPI",0.9895,10.1218787551018,0.0300000000000011,"Student-t",12,3000,30
"Synthetic-only",0.9895,10.1211583009564,0,"Student-t",12,3000,30
"SCP",0.9975,19.3731486378292,0,"LogNormal",13,3000,30
"RSA-CP (OT) (Ours)",0.9415,8.3432920403119,0,"LogNormal",13,3000,30
"SPI",0.9485,8.62959777436092,0.0499999999999972,"LogNormal",13,3000,30
"Synthetic-only",0.945,8.48561681372659,0.019999999999996,"LogNormal",13,3000,30
"SCP",0.987,9.17764043264866,0,"Student-t",13,3000,30
"RSA-CP (OT) (Ours)",0.8165,3.29794481055084,0,"Student-t",13,3000,30
"SPI",0.9895,10.4114914736797,0.039999999999992,"Student-t",13,3000,30
"Synthetic-only",0.9895,10.3264843698332,0,"Student-t",13,3000,30
"SCP",0.9605,9.51815278226292,0,"LogNormal",14,3000,30
"RSA-CP (OT) (Ours)",0.9415,8.33428181171113,0.0200000000000102,"LogNormal",14,3000,30
"SPI",0.987,13.5245355245136,0.0300000000000011,"LogNormal",14,3000,30
"Synthetic-only",0.987,13.4240104398389,0,"LogNormal",14,3000,30
"SCP",0.9915,11.0101066792962,0,"Student-t",14,3000,30
"RSA-CP (OT) (Ours)",0.885,4.27220511618267,0.019999999999996,"Student-t",14,3000,30
"SPI",0.9945,12.0971832197701,0.0300000000000011,"Student-t",14,3000,30
"Synthetic-only",0.994,12.0719351086383,0,"Student-t",14,3000,30
"SCP",0.966,10.0626164274186,0,"LogNormal",15,3000,30
"RSA-CP (OT) (Ours)",0.9205,7.61219007090317,0.00999999999999091,"LogNormal",15,3000,30
"SPI",0.99,14.6861818838751,0.0300000000000011,"LogNormal",15,3000,30
"Synthetic-only",0.99,14.6325283409973,0,"LogNormal",15,3000,30
"SCP",0.928,5.08034845681867,0,"Student-t",15,3000,30
"RSA-CP (OT) (Ours)",0.9125,4.69527332266596,0.0200000000000102,"Student-t",15,3000,30
"SPI",0.9945,12.4070076570594,0.0300000000000011,"Student-t",15,3000,30
"Synthetic-only",0.9945,12.3070237359778,0,"Student-t",15,3000,30
"SCP",0.9765,11.6008096210224,0,"LogNormal",16,3000,30
"RSA-CP (OT) (Ours)",0.9305,7.99484012924818,0.019999999999996,"LogNormal",16,3000,30
"SPI",0.9535,9.07995746083137,0.0300000000000011,"LogNormal",16,3000,30
"Synthetic-only",0.953,9.03581112087273,0,"LogNormal",16,3000,30
"SCP",0.997,13.2497623602667,0,"Student-t",16,3000,30
"RSA-CP (OT) (Ours)",0.936,5.31481354437518,0.00999999999999091,"Student-t",16,3000,30
"SPI",0.9945,12.366818888055,0.0400000000000063,"Student-t",16,3000,30
"Synthetic-only",0.9945,12.3626905483289,0,"Student-t",16,3000,30
"SCP",0.946,8.5395916283338,0,"LogNormal",17,3000,30
"RSA-CP (OT) (Ours)",0.928,7.88401514955222,0,"LogNormal",17,3000,30
"SPI",0.9595,9.36362396433665,0.0499999999999972,"LogNormal",17,3000,30
"Synthetic-only",0.9595,9.33512638932407,0,"LogNormal",17,3000,30
"SCP",0.974,7.40054441407957,0,"Student-t",17,3000,30
"RSA-CP (OT) (Ours)",0.9445,5.61851717548234,0,"Student-t",17,3000,30
"SPI",0.994,11.9956589825862,0.0300000000000011,"Student-t",17,3000,30
"Synthetic-only",0.994,11.9619606130831,0,"Student-t",17,3000,30
"SCP",0.996,17.8876471831524,0,"LogNormal",18,3000,30
"RSA-CP (OT) (Ours)",0.979,12.0377586539951,0,"LogNormal",18,3000,30
"SPI",0.9735,11.0970924372141,0.0500000000000114,"LogNormal",18,3000,30
"Synthetic-only",0.9725,10.9326545814849,0,"LogNormal",18,3000,30
"SCP",0.974,7.39350417111656,0,"Student-t",18,3000,30
"RSA-CP (OT) (Ours)",0.9245,4.9280408225054,0,"Student-t",18,3000,30
"SPI",0.9945,12.119631410161,0.0300000000000011,"Student-t",18,3000,30
"Synthetic-only",0.9945,12.0918055434856,0,"Student-t",18,3000,30
"SCP",0.9425,8.40366889477359,0,"LogNormal",19,3000,30
"RSA-CP (OT) (Ours)",0.905,7.09403883464501,0,"LogNormal",19,3000,30
"SPI",0.9465,8.55483706625615,0.0499999999999972,"LogNormal",19,3000,30
"Synthetic-only",0.946,8.53451432760488,0.00999999999999091,"LogNormal",19,3000,30
"SCP",0.989,9.94840264791741,0,"Student-t",19,3000,30
"RSA-CP (OT) (Ours)",0.9295,5.16098198746566,0,"Student-t",19,3000,30
"SPI",0.9915,10.9179998734023,0.0400000000000063,"Student-t",19,3000,30
"Synthetic-only",0.9915,10.9156588841144,0,"Student-t",19,3000,30
"SCP",0.973,10.9653763304171,0,"LogNormal",20,3000,30
"RSA-CP (OT) (Ours)",0.9605,9.50800975428705,0.019999999999996,"LogNormal",20,3000,30
"SPI",0.9655,9.96154594072676,0.0300000000000011,"LogNormal",20,3000,30
"Synthetic-only",0.963,9.82763620630569,0,"LogNormal",20,3000,30
"SCP",0.976,7.53418686909565,0,"Student-t",20,3000,30
"RSA-CP (OT) (Ours)",0.971,7.13020924665679,0,"Student-t",20,3000,30
"SPI",0.992,11.5978157788599,0.0499999999999972,"Student-t",20,3000,30
"Synthetic-only",0.992,11.5623597670397,0.00999999999999091,"Student-t",20,3000,30
"SCP",0.9675,10.2683437177506,0,"LogNormal",21,3000,30
"RSA-CP (OT) (Ours)",0.9,6.97710971392685,0,"LogNormal",21,3000,30
"SPI",0.9495,8.67470971235926,0.0300000000000011,"LogNormal",21,3000,30
"Synthetic-only",0.946,8.5483747166562,0,"LogNormal",21,3000,30
"SCP",0.971,7.09045731748201,0,"Student-t",21,3000,30
"RSA-CP (OT) (Ours)",0.902,4.47821255075426,0.019999999999996,"Student-t",21,3000,30
"SPI",0.992,11.6023015881736,0.0300000000000011,"Student-t",21,3000,30
"Synthetic-only",0.992,11.547041097409,0,"Student-t",21,3000,30
"SCP",0.9795,12.0786208824526,0,"LogNormal",22,3000,30
"RSA-CP (OT) (Ours)",0.975,11.2261840180327,0,"LogNormal",22,3000,30
"SPI",0.987,13.4849987975435,0.0400000000000063,"LogNormal",22,3000,30
"Synthetic-only",0.9865,13.3251742617512,0,"LogNormal",22,3000,30
"SCP",0.982,8.40846232215952,0,"Student-t",22,3000,30
"RSA-CP (OT) (Ours)",0.9695,7.02522662531262,0,"Student-t",22,3000,30
"SPI",0.9915,11.2607940861028,0.0299999999999869,"Student-t",22,3000,30
"Synthetic-only",0.9915,11.2586316502216,0,"Student-t",22,3000,30
"SCP",0.9695,10.6292844530212,0,"LogNormal",23,3000,30
"RSA-CP (OT) (Ours)",0.948,8.61239747113665,0,"LogNormal",23,3000,30
"SPI",0.9875,13.594168752135,0.0499999999999972,"LogNormal",23,3000,30
"Synthetic-only",0.9865,13.3545149565315,0.00999999999999091,"LogNormal",23,3000,30
"SCP",0.9975,15.1556485161805,0,"Student-t",23,3000,30
"RSA-CP (OT) (Ours)",0.957,6.20484731643377,0,"Student-t",23,3000,30
"SPI",0.993,11.7455018590988,0.0900000000000034,"Student-t",23,3000,30
"Synthetic-only",0.993,11.7177566694173,0,"Student-t",23,3000,30
"SCP",0.9665,10.1035412943194,0,"LogNormal",24,3000,30
"RSA-CP (OT) (Ours)",0.929,7.90545342102783,0.019999999999996,"LogNormal",24,3000,30
"SPI",0.969,10.3969608899686,0.0300000000000011,"LogNormal",24,3000,30
"Synthetic-only",0.962,9.62851847654578,0,"LogNormal",24,3000,30
"SCP",0.9975,14.1150786881064,0,"Student-t",24,3000,30
"RSA-CP (OT) (Ours)",0.975,7.48351345791412,0.0100000000000051,"Student-t",24,3000,30
"SPI",0.9925,11.6399155007827,0.0299999999999869,"Student-t",24,3000,30
"Synthetic-only",0.992,11.5764285220582,0,"Student-t",24,3000,30
"SCP",0.978,11.8545173734016,0,"LogNormal",25,3000,30
"RSA-CP (OT) (Ours)",0.964,9.86271536193264,0,"LogNormal",25,3000,30
"SPI",0.979,12.0192242968205,0.0300000000000011,"LogNormal",25,3000,30
"Synthetic-only",0.976,11.5034415678686,0,"LogNormal",25,3000,30
"SCP",0.987,9.23799868509757,0,"Student-t",25,3000,30
"RSA-CP (OT) (Ours)",0.9805,7.90293529557637,0.019999999999996,"Student-t",25,3000,30
"SPI",0.992,11.6195851394708,0.0300000000000011,"Student-t",25,3000,30
"Synthetic-only",0.992,11.448992809343,0,"Student-t",25,3000,30
"SCP",0.9725,10.90306259807,0,"LogNormal",26,3000,30
"RSA-CP (OT) (Ours)",0.908,7.17904011605959,0,"LogNormal",26,3000,30
"SPI",0.9405,8.24078185365393,0.0299999999999869,"LogNormal",26,3000,30
"Synthetic-only",0.9345,8.10501354414825,0,"LogNormal",26,3000,30
"SCP",0.9985,17.0901613329504,0,"Student-t",26,3000,30
"RSA-CP (OT) (Ours)",0.993,11.7685157054022,0.0200000000000102,"Student-t",26,3000,30
"SPI",0.9945,12.2288183591587,0.0300000000000011,"Student-t",26,3000,30
"Synthetic-only",0.9945,12.2158518494345,0,"Student-t",26,3000,30
"SCP",0.9775,11.6578213379656,0,"LogNormal",27,3000,30
"RSA-CP (OT) (Ours)",0.969,10.3656180981685,0,"LogNormal",27,3000,30
"SPI",0.9485,8.66660398745768,0.0300000000000011,"LogNormal",27,3000,30
"Synthetic-only",0.9485,8.64100801041199,0,"LogNormal",27,3000,30
"SCP",0.9895,10.4279806666989,0,"Student-t",27,3000,30
"RSA-CP (OT) (Ours)",0.9875,9.55266772711277,0.00999999999999091,"Student-t",27,3000,30
"SPI",0.9905,10.7155349895438,0.0300000000000011,"Student-t",27,3000,30
"Synthetic-only",0.99,10.6377499279584,0,"Student-t",27,3000,30
"SCP",0.9815,12.1873888192993,0,"LogNormal",28,3000,30
"RSA-CP (OT) (Ours)",0.934,8.08427543609892,0,"LogNormal",28,3000,30
"SPI",0.9865,13.3769450448682,0.0300000000000011,"LogNormal",28,3000,30
"Synthetic-only",0.9865,13.3380574454185,0,"LogNormal",28,3000,30
"SCP",0.9505,5.84857324868136,0,"Student-t",28,3000,30
"RSA-CP (OT) (Ours)",0.881,4.1728203003319,0.019999999999996,"Student-t",28,3000,30
"SPI",0.9915,11.3216237592796,0.0300000000000011,"Student-t",28,3000,30
"Synthetic-only",0.9915,11.2720847420094,0,"Student-t",28,3000,30
"SCP",0.989,13.953084490593,0.00999999999999091,"LogNormal",29,3000,30
"RSA-CP (OT) (Ours)",0.979,12.0377586539951,0,"LogNormal",29,3000,30
"SPI",0.9485,8.65906043475152,0.0400000000000063,"LogNormal",29,3000,30
"Synthetic-only",0.9435,8.43484302707917,0,"LogNormal",29,3000,30
"SCP",0.9945,12.1792774977377,0,"Student-t",29,3000,30
"RSA-CP (OT) (Ours)",0.982,8.4277757632235,0.0100000000000051,"Student-t",29,3000,30
"SPI",0.994,11.9308257020487,0.0300000000000011,"Student-t",29,3000,30
"Synthetic-only",0.994,11.9267235622922,0,"Student-t",29,3000,30
"SCP",0.995,17.2917670268467,0,"LogNormal",30,3000,30
"RSA-CP (OT) (Ours)",0.973,11.013300178046,0,"LogNormal",30,3000,30
"SPI",0.9655,9.97867328588752,0.0300000000000011,"LogNormal",30,3000,30
"Synthetic-only",0.9605,9.51130124082175,0,"LogNormal",30,3000,30
"SCP",0.9195,4.82026599598351,0,"Student-t",30,3000,30
"RSA-CP (OT) (Ours)",0.8745,4.06584589445728,0,"Student-t",30,3000,30
"SPI",0.993,11.8251489159266,0.0400000000000063,"Student-t",30,3000,30
"Synthetic-only",0.993,11.7212684932827,0,"Student-t",30,3000,30
"SCP",0.9735,11.0278268085952,0,"LogNormal",31,3000,30
"RSA-CP (OT) (Ours)",0.973,11.002608321422,0,"LogNormal",31,3000,30
"SPI",0.9725,10.8485619539119,0.0499999999999972,"LogNormal",31,3000,30
"Synthetic-only",0.9525,8.99556687789969,0,"LogNormal",31,3000,30
"SCP",0.999,18.1686177793752,0,"Student-t",31,3000,30
"RSA-CP (OT) (Ours)",0.972,7.24821068729487,0,"Student-t",31,3000,30
"SPI",0.9945,12.446430352491,0.0300000000000011,"Student-t",31,3000,30
"Synthetic-only",0.9945,12.3051085553079,0,"Student-t",31,3000,30
"SCP",0.9875,13.6580501811773,0,"LogNormal",32,3000,30
"RSA-CP (OT) (Ours)",0.969,10.4421264480771,0,"LogNormal",32,3000,30
"SPI",0.9695,10.5943292448401,0.0400000000000063,"LogNormal",32,3000,30
"Synthetic-only",0.969,10.4794063798913,0.0100000000000051,"LogNormal",32,3000,30
"SCP",0.9895,10.010308184526,0,"Student-t",32,3000,30
"RSA-CP (OT) (Ours)",0.9855,9.0744966340061,0,"Student-t",32,3000,30
"SPI",0.9915,11.1581232023783,0.0499999999999972,"Student-t",32,3000,30
"Synthetic-only",0.9915,11.1201842351682,0,"Student-t",32,3000,30
"SCP",0.992,16.2388788038096,0,"LogNormal",33,3000,30
"RSA-CP (OT) (Ours)",0.9905,14.9253259089323,0,"LogNormal",33,3000,30
"SPI",0.9415,8.3037770061889,0.0499999999999972,"LogNormal",33,3000,30
"Synthetic-only",0.941,8.26506277625746,0.00999999999999091,"LogNormal",33,3000,30
"SCP",0.9885,9.85301865348929,0,"Student-t",33,3000,30
"RSA-CP (OT) (Ours)",0.9525,5.99693325370207,0,"Student-t",33,3000,30
"SPI",0.9945,12.2991784639844,0.0400000000000063,"Student-t",33,3000,30
"Synthetic-only",0.9945,12.2981980615478,0,"Student-t",33,3000,30
"SCP",0.9535,9.08982481406822,0,"LogNormal",34,3000,30
"RSA-CP (OT) (Ours)",0.9135,7.41423337242917,0.019999999999996,"LogNormal",34,3000,30
"SPI",0.9605,9.50651432888048,0.0300000000000011,"LogNormal",34,3000,30
"Synthetic-only",0.96,9.43980597053039,0,"LogNormal",34,3000,30
"SCP",0.9735,7.34029010291458,0,"Student-t",34,3000,30
"RSA-CP (OT) (Ours)",0.8595,3.7946366946467,0,"Student-t",34,3000,30
"SPI",0.9945,12.1090394017175,0.0499999999999972,"Student-t",34,3000,30
"Synthetic-only",0.9945,12.1052934635637,0,"Student-t",34,3000,30
"SCP",0.953,9.01310526403695,0,"LogNormal",35,3000,30
"RSA-CP (OT) (Ours)",0.915,7.44177903069202,0.0100000000000051,"LogNormal",35,3000,30
"SPI",0.9525,8.99190896527423,0.0299999999999869,"LogNormal",35,3000,30
"Synthetic-only",0.9525,8.97998582666601,0,"LogNormal",35,3000,30
"SCP",0.957,6.1595928193963,0,"Student-t",35,3000,30
"RSA-CP (OT) (Ours)",0.928,5.06614137675391,0,"Student-t",35,3000,30
"SPI",0.994,12.0841482364183,0.0500000000000114,"Student-t",35,3000,30
"Synthetic-only",0.994,11.9837228425251,0,"Student-t",35,3000,30
"SCP",0.991,15.332533051918,0,"LogNormal",36,3000,30
"RSA-CP (OT) (Ours)",0.976,11.5156474495148,0.019999999999996,"LogNormal",36,3000,30
"SPI",0.9675,10.2767699253295,0.0300000000000011,"LogNormal",36,3000,30
"Synthetic-only",0.967,10.1888225049767,0,"LogNormal",36,3000,30
"SCP",0.9945,12.2072984321037,0,"Student-t",36,3000,30
"RSA-CP (OT) (Ours)",0.9525,5.99693325370207,0.0100000000000051,"Student-t",36,3000,30
"SPI",0.9915,10.961314737977,0.0299999999999869,"Student-t",36,3000,30
"Synthetic-only",0.9915,10.9364281884274,0,"Student-t",36,3000,30
"SCP",0.989,13.842771837868,0,"LogNormal",37,3000,30
"RSA-CP (OT) (Ours)",0.96,9.43728335781663,0.0200000000000102,"LogNormal",37,3000,30
"SPI",0.9575,9.28548965222391,0.0300000000000011,"LogNormal",37,3000,30
"Synthetic-only",0.9535,9.08181808039939,0,"LogNormal",37,3000,30
"SCP",0.9975,13.7114615049048,0,"Student-t",37,3000,30
"RSA-CP (OT) (Ours)",0.9675,6.79776333441613,0.019999999999996,"Student-t",37,3000,30
"SPI",0.993,11.8252346745914,0.0300000000000011,"Student-t",37,3000,30
"Synthetic-only",0.9925,11.6896129849867,0,"Student-t",37,3000,30
"SCP",0.957,9.26451762337015,0,"LogNormal",38,3000,30
"RSA-CP (OT) (Ours)",0.9375,8.17256376835389,0.00999999999999091,"LogNormal",38,3000,30
"SPI",0.936,8.1409524485432,0.0300000000000011,"LogNormal",38,3000,30
"Synthetic-only",0.935,8.10778783569658,0,"LogNormal",38,3000,30
"SCP",0.987,9.21408965727489,0,"Student-t",38,3000,30
"RSA-CP (OT) (Ours)",0.9675,6.78722678325971,0.0200000000000102,"Student-t",38,3000,30
"SPI",0.9935,11.9031611012082,0.0300000000000011,"Student-t",38,3000,30
"Synthetic-only",0.9935,11.8458898378829,0,"Student-t",38,3000,30
"SCP",0.972,10.8090237335571,0,"LogNormal",39,3000,30
"RSA-CP (OT) (Ours)",0.894,6.82578310212426,0,"LogNormal",39,3000,30
"SPI",0.9895,14.3699324273686,0.039999999999992,"LogNormal",39,3000,30
"Synthetic-only",0.989,14.1599552947749,0,"LogNormal",39,3000,30
"SCP",0.971,7.10091578911566,0,"Student-t",39,3000,30
"RSA-CP (OT) (Ours)",0.967,6.74070971592076,0,"Student-t",39,3000,30
"SPI",0.9915,11.3247549313047,0.0400000000000063,"Student-t",39,3000,30
"Synthetic-only",0.9915,11.2822470190549,0,"Student-t",39,3000,30
"SCP",0.9835,12.685724009265,0,"LogNormal",40,3000,30
"RSA-CP (OT) (Ours)",0.9695,10.594247839324,0,"LogNormal",40,3000,30
"SPI",0.989,13.9373924917319,0.0499999999999972,"LogNormal",40,3000,30
"Synthetic-only",0.989,13.927939577135,0.019999999999996,"LogNormal",40,3000,30
"SCP",0.956,6.11803966145602,0,"Student-t",40,3000,30
"RSA-CP (OT) (Ours)",0.928,5.07136806782573,0,"Student-t",40,3000,30
"SPI",0.9945,12.256096616751,0.039999999999992,"Student-t",40,3000,30
"Synthetic-only",0.9945,12.2474680058819,0,"Student-t",40,3000,30
"SCP",0.843,5.77008806517928,0,"LogNormal",41,3000,30
"RSA-CP (OT) (Ours)",0.767,4.77892701447767,0.0200000000000102,"LogNormal",41,3000,30
"SPI",0.987,13.436067684275,0.0300000000000011,"LogNormal",41,3000,30
"Synthetic-only",0.9845,12.8662515693808,0,"LogNormal",41,3000,30
"SCP",0.9855,9.06347053252204,0,"Student-t",41,3000,30
"RSA-CP (OT) (Ours)",0.928,5.07590001452773,0,"Student-t",41,3000,30
"SPI",0.993,11.7793139151284,0.0499999999999972,"Student-t",41,3000,30
"Synthetic-only",0.993,11.7691670446791,0,"Student-t",41,3000,30
"SCP",0.9095,7.28207322942625,0,"LogNormal",42,3000,30
"RSA-CP (OT) (Ours)",0.891,6.7414602792814,0.00999999999999091,"LogNormal",42,3000,30
"SPI",0.983,12.6642585804216,0.0400000000000063,"LogNormal",42,3000,30
"Synthetic-only",0.983,12.6203583050157,0,"LogNormal",42,3000,30
"SCP",0.99,10.599255843295,0,"Student-t",42,3000,30
"RSA-CP (OT) (Ours)",0.979,7.82123611315181,0.0100000000000051,"Student-t",42,3000,30
"SPI",0.9945,12.1335948197851,0.0300000000000011,"Student-t",42,3000,30
"Synthetic-only",0.9935,11.8298625999459,0,"Student-t",42,3000,30
"SCP",0.9835,12.6905785071981,0,"LogNormal",43,3000,30
"RSA-CP (OT) (Ours)",0.9115,7.34478364015519,0,"LogNormal",43,3000,30
"SPI",0.989,13.7660266949336,0.0300000000000011,"LogNormal",43,3000,30
"Synthetic-only",0.989,13.7562441731227,0,"LogNormal",43,3000,30
"SCP",0.9645,6.64008143230578,0,"Student-t",43,3000,30
"RSA-CP (OT) (Ours)",0.9495,5.78592242132934,0,"Student-t",43,3000,30
"SPI",0.9915,11.4063565222657,0.0400000000000063,"Student-t",43,3000,30
"Synthetic-only",0.9915,11.3976036721094,0,"Student-t",43,3000,30
"SCP",0.9905,14.9859579968546,0,"LogNormal",44,3000,30
"RSA-CP (OT) (Ours)",0.9865,13.3756747390818,0,"LogNormal",44,3000,30
"SPI",0.948,8.59877597872741,0.0499999999999972,"LogNormal",44,3000,30
"Synthetic-only",0.924,7.73687718493187,0,"LogNormal",44,3000,30
"SCP",0.966,6.71253465137984,0,"Student-t",44,3000,30
"RSA-CP (OT) (Ours)",0.96,6.42107250687227,0,"Student-t",44,3000,30
"SPI",0.9915,10.9185965641718,0.0300000000000011,"Student-t",44,3000,30
"Synthetic-only",0.9915,10.9026174148028,0,"Student-t",44,3000,30
"SCP",0.9215,7.69090038324418,0,"LogNormal",45,3000,30
"RSA-CP (OT) (Ours)",0.9115,7.35017244476774,0,"LogNormal",45,3000,30
"SPI",0.976,11.4417078675195,0.0400000000000063,"LogNormal",45,3000,30
"Synthetic-only",0.9695,10.5625593046958,0,"LogNormal",45,3000,30
"SCP",0.9645,6.5694888330063,0,"Student-t",45,3000,30
"RSA-CP (OT) (Ours)",0.9585,6.31272814665595,0,"Student-t",45,3000,30
"SPI",0.992,11.5642715913599,0.0299999999999869,"Student-t",45,3000,30
"Synthetic-only",0.992,11.5590782211135,0,"Student-t",45,3000,30
"SCP",0.976,11.3818212595817,0,"LogNormal",46,3000,30
"RSA-CP (OT) (Ours)",0.9305,7.98940295940603,0,"LogNormal",46,3000,30
"SPI",0.9875,13.6135929171002,0.0499999999999972,"LogNormal",46,3000,30
"Synthetic-only",0.9845,13.0064803187226,0.00999999999999091,"LogNormal",46,3000,30
"SCP",0.9875,9.35651115637579,0,"Student-t",46,3000,30
"RSA-CP (OT) (Ours)",0.972,7.25210533005832,0,"Student-t",46,3000,30
"SPI",0.9945,12.242676843496,0.0300000000000011,"Student-t",46,3000,30
"Synthetic-only",0.9945,12.2279992110482,0,"Student-t",46,3000,30
"SCP",0.9275,7.85582105608003,0,"LogNormal",47,3000,30
"RSA-CP (OT) (Ours)",0.852,5.94432017360215,0,"LogNormal",47,3000,30
"SPI",0.963,9.79956647455862,0.0499999999999972,"LogNormal",47,3000,30
"Synthetic-only",0.9615,9.57594424021682,0,"LogNormal",47,3000,30
"SCP",0.9815,8.12925727166594,0,"Student-t",47,3000,30
"RSA-CP (OT) (Ours)",0.9675,6.87897433961617,0,"Student-t",47,3000,30
"SPI",0.992,11.5344555748921,0.0300000000000011,"Student-t",47,3000,30
"Synthetic-only",0.992,11.500872633057,0,"Student-t",47,3000,30
"SCP",0.9055,7.13600259356393,0,"LogNormal",48,3000,30
"RSA-CP (OT) (Ours)",0.868,6.1950938825912,0,"LogNormal",48,3000,30
"SPI",0.989,13.829427922355,0.039999999999992,"LogNormal",48,3000,30
"Synthetic-only",0.987,13.4838233208464,0,"LogNormal",48,3000,30
"SCP",0.958,6.28292008074302,0,"Student-t",48,3000,30
"RSA-CP (OT) (Ours)",0.928,5.04786866134198,0,"Student-t",48,3000,30
"SPI",0.993,11.7928944904486,0.0300000000000011,"Student-t",48,3000,30
"Synthetic-only",0.993,11.7646636078195,0,"Student-t",48,3000,30
"SCP",0.967,10.198896496667,0,"LogNormal",49,3000,30
"RSA-CP (OT) (Ours)",0.903,7.05661714199715,0,"LogNormal",49,3000,30
"SPI",0.9835,12.7867014051423,0.0499999999999972,"LogNormal",49,3000,30
"Synthetic-only",0.9835,12.7491167945808,0.019999999999996,"LogNormal",49,3000,30
"SCP",0.9875,9.78140162453682,0,"Student-t",49,3000,30
"RSA-CP (OT) (Ours)",0.9645,6.6063144064432,0,"Student-t",49,3000,30
"SPI",0.9945,12.6070563963106,0.039999999999992,"Student-t",49,3000,30
"Synthetic-only",0.9945,12.4767384689059,0,"Student-t",49,3000,30
"SCP",0.967,10.2162396200791,0,"LogNormal",50,3000,30
"RSA-CP (OT) (Ours)",0.9615,9.57874384454365,0.0200000000000102,"LogNormal",50,3000,30
"SPI",0.989,14.0736465627207,0.0300000000000011,"LogNormal",50,3000,30
"Synthetic-only",0.989,14.0546272577067,0,"LogNormal",50,3000,30
"SCP",1,22.7848884602846,0,"Student-t",50,3000,30
"RSA-CP (OT) (Ours)",0.9895,10.1762366726292,0,"Student-t",50,3000,30
"SPI",0.9945,12.0883988706593,0.0499999999999972,"Student-t",50,3000,30
"Synthetic-only",0.994,11.9689576235534,0.019999999999996,"Student-t",50,3000,30
"SCP",0.963,9.6927628717705,0,"LogNormal",51,3000,30
"RSA-CP (OT) (Ours)",0.9505,8.81042240393273,0.00999999999999091,"LogNormal",51,3000,30
"SPI",0.9505,8.77944843176402,0.0300000000000011,"LogNormal",51,3000,30
"Synthetic-only",0.9495,8.71923798978308,0,"LogNormal",51,3000,30
"SCP",0.9875,9.58698682620065,0,"Student-t",51,3000,30
"RSA-CP (OT) (Ours)",0.966,6.69886775515293,0,"Student-t",51,3000,30
"SPI",0.9935,11.8838839452439,0.0500000000000114,"Student-t",51,3000,30
"Synthetic-only",0.9935,11.8695109952999,0.0200000000000102,"Student-t",51,3000,30
"SCP",0.999,25.5445123515262,0,"LogNormal",52,3000,30
"RSA-CP (OT) (Ours)",0.856,6.00917155435593,0.019999999999996,"LogNormal",52,3000,30
"SPI",0.9875,13.6512366790507,0.0300000000000011,"LogNormal",52,3000,30
"Synthetic-only",0.9845,12.8714377708376,0,"LogNormal",52,3000,30
"SCP",0.9495,5.78260147720344,0,"Student-t",52,3000,30
"RSA-CP (OT) (Ours)",0.8855,4.27560907518966,0.00999999999999091,"Student-t",52,3000,30
"SPI",0.9915,11.1936121640371,0.0400000000000063,"Student-t",52,3000,30
"Synthetic-only",0.9915,11.1672972175844,0,"Student-t",52,3000,30
"SCP",0.945,8.47442609571316,0,"LogNormal",53,3000,30
"RSA-CP (OT) (Ours)",0.8805,6.44495727811887,0,"LogNormal",53,3000,30
"SPI",0.985,13.116588222123,0.0300000000000011,"LogNormal",53,3000,30
"Synthetic-only",0.9845,13.0238706524586,0,"LogNormal",53,3000,30
"SCP",0.98,7.85193799381926,0,"Student-t",53,3000,30
"RSA-CP (OT) (Ours)",0.928,5.08703582104482,0,"Student-t",53,3000,30
"SPI",0.994,12.0081611194558,0.0300000000000011,"Student-t",53,3000,30
"Synthetic-only",0.994,11.9898031058376,0,"Student-t",53,3000,30
"SCP",0.99,14.5101565084714,0,"LogNormal",54,3000,30
"RSA-CP (OT) (Ours)",0.982,12.4830723645645,0,"LogNormal",54,3000,30
"SPI",0.9865,13.3631988801105,0.0500000000000114,"LogNormal",54,3000,30
"Synthetic-only",0.9845,13.0079642240903,0,"LogNormal",54,3000,30
"SCP",0.9865,9.1181404487152,0,"Student-t",54,3000,30
"RSA-CP (OT) (Ours)",0.9495,5.80556618131404,0,"Student-t",54,3000,30
"SPI",0.9945,12.27823465871,0.0300000000000011,"Student-t",54,3000,30
"Synthetic-only",0.9945,12.1955298968311,0,"Student-t",54,3000,30
"SCP",0.973,10.9653763304171,0,"LogNormal",55,3000,30
"RSA-CP (OT) (Ours)",0.897,6.86094207115286,0,"LogNormal",55,3000,30
"SPI",0.973,11.0211639391096,0.0499999999999972,"LogNormal",55,3000,30
"Synthetic-only",0.9725,10.8456814245402,0.00999999999999091,"LogNormal",55,3000,30
"SCP",0.965,6.64271331687627,0,"Student-t",55,3000,30
"RSA-CP (OT) (Ours)",0.9585,6.28936336309021,0.0100000000000051,"Student-t",55,3000,30
"SPI",0.9915,11.3986625216828,0.0300000000000011,"Student-t",55,3000,30
"Synthetic-only",0.9915,11.3689060960876,0,"Student-t",55,3000,30
"SCP",0.932,8.04914747798468,0,"LogNormal",56,3000,30
"RSA-CP (OT) (Ours)",0.929,7.90747271410197,0.019999999999996,"LogNormal",56,3000,30
"SPI",0.976,11.5341568376094,0.0300000000000011,"LogNormal",56,3000,30
"Synthetic-only",0.976,11.5280658729776,0,"LogNormal",56,3000,30
"SCP",0.977,7.59650901334613,0,"Student-t",56,3000,30
"RSA-CP (OT) (Ours)",0.974,7.40393331328127,0.00999999999999091,"Student-t",56,3000,30
"SPI",0.9895,10.2787659476955,0.0400000000000063,"Student-t",56,3000,30
"Synthetic-only",0.9895,10.2722469488744,0,"Student-t",56,3000,30
"SCP",0.992,16.0923867150721,0.0100000000000051,"LogNormal",57,3000,30
"RSA-CP (OT) (Ours)",0.911,7.33025710531417,0,"LogNormal",57,3000,30
"SPI",0.9615,9.56388532328884,0.0300000000000011,"LogNormal",57,3000,30
"Synthetic-only",0.9605,9.50494842533135,0,"LogNormal",57,3000,30
"SCP",0.8375,3.54297104178227,0,"Student-t",57,3000,30
"RSA-CP (OT) (Ours)",0.821,3.34342134229828,0.019999999999996,"Student-t",57,3000,30
"SPI",0.991,10.8739785272708,0.0300000000000011,"Student-t",57,3000,30
"Synthetic-only",0.991,10.8532023216402,0,"Student-t",57,3000,30
"SCP",0.953,9.0398390954517,0,"LogNormal",58,3000,30
"RSA-CP (OT) (Ours)",0.951,8.84745926110419,0,"LogNormal",58,3000,30
"SPI",0.9815,12.218131442631,0.0300000000000011,"LogNormal",58,3000,30
"Synthetic-only",0.9755,11.3558664785418,0,"LogNormal",58,3000,30
"SCP",0.9515,5.9057136155693,0,"Student-t",58,3000,30
"RSA-CP (OT) (Ours)",0.888,4.31371143675798,0.0100000000000051,"Student-t",58,3000,30
"SPI",0.9915,11.2606335085672,0.0299999999999869,"Student-t",58,3000,30
"Synthetic-only",0.9915,11.2486793659092,0,"Student-t",58,3000,30
"SCP",0.893,6.80027049020752,0,"LogNormal",59,3000,30
"RSA-CP (OT) (Ours)",0.843,5.77146599449271,0,"LogNormal",59,3000,30
"SPI",0.9835,12.7394678000983,0.0300000000000011,"LogNormal",59,3000,30
"Synthetic-only",0.9825,12.5239408922825,0,"LogNormal",59,3000,30
"SCP",0.99,10.5946522953033,0,"Student-t",59,3000,30
"RSA-CP (OT) (Ours)",0.928,5.08703582104482,0.019999999999996,"Student-t",59,3000,30
"SPI",0.991,10.8669836435123,0.0300000000000011,"Student-t",59,3000,30
"Synthetic-only",0.991,10.8551628421047,0,"Student-t",59,3000,30
"SCP",0.9845,13.055399780725,0,"LogNormal",60,3000,30
"RSA-CP (OT) (Ours)",0.973,11.0168145163192,0,"LogNormal",60,3000,30
"SPI",0.954,9.13672435037234,0.0299999999999869,"LogNormal",60,3000,30
"Synthetic-only",0.9535,9.08118528423683,0,"LogNormal",60,3000,30
"SCP",0.9865,9.14534933113352,0,"Student-t",60,3000,30
"RSA-CP (OT) (Ours)",0.8715,4.0261860043091,0.0200000000000102,"Student-t",60,3000,30
"SPI",0.9945,12.4498419471434,0.0300000000000011,"Student-t",60,3000,30
"Synthetic-only",0.9945,12.4040566335303,0,"Student-t",60,3000,30
"SCP",0.964,9.86533875488334,0,"LogNormal",61,3000,30
"RSA-CP (OT) (Ours)",0.9495,8.70224621578815,0,"LogNormal",61,3000,30
"SPI",0.969,10.4515024701476,0.0300000000000011,"LogNormal",61,3000,30
"Synthetic-only",0.967,10.1866049523945,0,"LogNormal",61,3000,30
"SCP",0.999,18.4130622099736,0,"Student-t",61,3000,30
"RSA-CP (OT) (Ours)",0.976,7.52743049002966,0.00999999999999091,"Student-t",61,3000,30
"SPI",0.9915,11.2813666717316,0.0300000000000011,"Student-t",61,3000,30
"Synthetic-only",0.9915,11.2620847431594,0,"Student-t",61,3000,30
"SCP",0.9995,31.8663543357929,0,"LogNormal",62,3000,30
"RSA-CP (OT) (Ours)",0.96,9.44341411649619,0,"LogNormal",62,3000,30
"SPI",0.9485,8.63635365306102,0.0300000000000011,"LogNormal",62,3000,30
"Synthetic-only",0.948,8.6109128362288,0,"LogNormal",62,3000,30
"SCP",0.9905,10.7334538810924,0,"Student-t",62,3000,30
"RSA-CP (OT) (Ours)",0.9265,5.00338715717733,0.019999999999996,"Student-t",62,3000,30
"SPI",0.9905,10.8145856873611,0.0300000000000011,"Student-t",62,3000,30
"Synthetic-only",0.9905,10.7738442024778,0,"Student-t",62,3000,30
"SCP",0.9985,20.5335820414821,0,"LogNormal",63,3000,30
"RSA-CP (OT) (Ours)",0.9525,8.9526927026019,0,"LogNormal",63,3000,30
"SPI",0.967,10.2209363173605,0.0500000000000114,"LogNormal",63,3000,30
"Synthetic-only",0.9665,10.1232333884047,0,"LogNormal",63,3000,30
"SCP",0.919,4.79511277664628,0,"Student-t",63,3000,30
"RSA-CP (OT) (Ours)",0.8325,3.45978970663514,0,"Student-t",63,3000,30
"SPI",0.994,11.9832316941528,0.0499999999999972,"Student-t",63,3000,30
"Synthetic-only",0.994,11.9675099252574,0,"Student-t",63,3000,30
"SCP",0.964,9.86169544210738,0,"LogNormal",64,3000,30
"RSA-CP (OT) (Ours)",0.9605,9.51530504106601,0,"LogNormal",64,3000,30
"SPI",0.982,12.4794375715718,0.039999999999992,"LogNormal",64,3000,30
"Synthetic-only",0.9815,12.3695607481502,0.00999999999999091,"LogNormal",64,3000,30
"SCP",0.9645,6.61566466920314,0,"Student-t",64,3000,30
"RSA-CP (OT) (Ours)",0.886,4.2798156926481,0,"Student-t",64,3000,30
"SPI",0.9915,10.8891986502326,0.0500000000000114,"Student-t",64,3000,30
"Synthetic-only",0.991,10.8306630756579,0.0200000000000102,"Student-t",64,3000,30
"SCP",0.9,6.97665216447431,0,"LogNormal",65,3000,30
"RSA-CP (OT) (Ours)",0.8935,6.813034598334,0.019999999999996,"LogNormal",65,3000,30
"SPI",0.9775,11.7530845242931,0.0300000000000011,"LogNormal",65,3000,30
"Synthetic-only",0.9635,9.83868002549158,0,"LogNormal",65,3000,30
"SCP",0.975,7.48147581909673,0,"Student-t",65,3000,30
"RSA-CP (OT) (Ours)",0.974,7.39752267440201,0.00999999999999091,"Student-t",65,3000,30
"SPI",0.993,11.7834903492788,0.0400000000000063,"Student-t",65,3000,30
"Synthetic-only",0.993,11.7160892489437,0,"Student-t",65,3000,30
"SCP",0.96,9.47389663785461,0,"LogNormal",66,3000,30
"RSA-CP (OT) (Ours)",0.957,9.26318399401082,0.0100000000000051,"LogNormal",66,3000,30
"SPI",0.969,10.3978681723353,0.0300000000000011,"LogNormal",66,3000,30
"Synthetic-only",0.969,10.3541911282075,0,"LogNormal",66,3000,30
"SCP",0.9575,6.22462689145537,0,"Student-t",66,3000,30
"RSA-CP (OT) (Ours)",0.9105,4.6642409371699,0.019999999999996,"Student-t",66,3000,30
"SPI",0.9915,11.1956738987624,0.0300000000000011,"Student-t",66,3000,30
"Synthetic-only",0.9915,11.1865400041906,0,"Student-t",66,3000,30
"SCP",0.9905,14.9859579968546,0,"LogNormal",67,3000,30
"RSA-CP (OT) (Ours)",0.927,7.82124539960545,0.00999999999999091,"LogNormal",67,3000,30
"SPI",0.953,9.06504096935255,0.0400000000000063,"LogNormal",67,3000,30
"Synthetic-only",0.953,9.02728379549789,0,"LogNormal",67,3000,30
"SCP",0.9545,6.04821651714254,0,"Student-t",67,3000,30
"RSA-CP (OT) (Ours)",0.9405,5.47486527920627,0.0100000000000051,"Student-t",67,3000,30
"SPI",0.9915,11.2777109520767,0.0300000000000011,"Student-t",67,3000,30
"Synthetic-only",0.9915,11.2676525790991,0,"Student-t",67,3000,30
"SCP",0.82,5.42323230898953,0,"LogNormal",68,3000,30
"RSA-CP (OT) (Ours)",0.7085,4.18997040019429,0,"LogNormal",68,3000,30
"SPI",0.942,8.35406869751538,0.0300000000000011,"LogNormal",68,3000,30
"Synthetic-only",0.942,8.35372192890151,0,"LogNormal",68,3000,30
"SCP",0.9745,7.46675249599704,0,"Student-t",68,3000,30
"RSA-CP (OT) (Ours)",0.958,6.24608209873147,0,"Student-t",68,3000,30
"SPI",0.9925,11.6799276778492,0.0300000000000011,"Student-t",68,3000,30
"Synthetic-only",0.9925,11.6710830336718,0,"Student-t",68,3000,30
"SCP",0.962,9.64576297873341,0,"LogNormal",69,3000,30
"RSA-CP (OT) (Ours)",0.9415,8.34872791685859,0,"LogNormal",69,3000,30
"SPI",0.9695,10.5073434343544,0.0499999999999972,"LogNormal",69,3000,30
"Synthetic-only",0.9675,10.2715618178607,0,"LogNormal",69,3000,30
"SCP",0.99,10.6741593653124,0,"Student-t",69,3000,30
"RSA-CP (OT) (Ours)",0.952,5.91322050846986,0,"Student-t",69,3000,30
"SPI",0.9935,11.9039665061892,0.0300000000000011,"Student-t",69,3000,30
"Synthetic-only",0.9935,11.8935570249398,0,"Student-t",69,3000,30
"SCP",0.975,11.2529716417373,0,"LogNormal",70,3000,30
"RSA-CP (OT) (Ours)",0.93,7.97034812085031,0.0100000000000051,"LogNormal",70,3000,30
"SPI",0.978,11.8069283769706,0.0300000000000011,"LogNormal",70,3000,30
"Synthetic-only",0.9775,11.7252295924958,0,"LogNormal",70,3000,30
"SCP",0.95,5.81860775434818,0,"Student-t",70,3000,30
"RSA-CP (OT) (Ours)",0.945,5.62171182629334,0.019999999999996,"Student-t",70,3000,30
"SPI",0.994,11.9335326634529,0.0300000000000011,"Student-t",70,3000,30
"Synthetic-only",0.9935,11.8858256366645,0,"Student-t",70,3000,30
"SCP",0.989,14.0393143348484,0,"LogNormal",71,3000,30
"RSA-CP (OT) (Ours)",0.9575,9.2831036024281,0.019999999999996,"LogNormal",71,3000,30
"SPI",0.9415,8.29824749699107,0.0300000000000011,"LogNormal",71,3000,30
"Synthetic-only",0.941,8.28543271347847,0,"LogNormal",71,3000,30
"SCP",0.9895,10.4802837468387,0,"Student-t",71,3000,30
"RSA-CP (OT) (Ours)",0.9825,8.5596313852962,0.0100000000000051,"Student-t",71,3000,30
"SPI",0.9925,11.6524860539167,0.0299999999999869,"Student-t",71,3000,30
"Synthetic-only",0.992,11.5288731976347,0,"Student-t",71,3000,30
"SCP",0.9735,11.106461796569,0,"LogNormal",72,3000,30
"RSA-CP (OT) (Ours)",0.909,7.25564197970931,0,"LogNormal",72,3000,30
"SPI",0.982,12.3811357453379,0.0300000000000011,"LogNormal",72,3000,30
"Synthetic-only",0.9815,12.2746725788179,0,"LogNormal",72,3000,30
"SCP",0.9825,8.56980382422929,0,"Student-t",72,3000,30
"RSA-CP (OT) (Ours)",0.9815,8.06360297612423,0.019999999999996,"Student-t",72,3000,30
"SPI",0.9915,11.2261208242416,0.0300000000000011,"Student-t",72,3000,30
"Synthetic-only",0.9915,11.2097090643088,0,"Student-t",72,3000,30
"SCP",0.905,7.09165469420599,0,"LogNormal",73,3000,30
"RSA-CP (OT) (Ours)",0.8815,6.50510872819896,0,"LogNormal",73,3000,30
"SPI",0.9605,9.4821222958545,0.0299999999999869,"LogNormal",73,3000,30
"Synthetic-only",0.9595,9.36936806308635,0,"LogNormal",73,3000,30
"SCP",0.991,10.8684778014996,0,"Student-t",73,3000,30
"RSA-CP (OT) (Ours)",0.9495,5.78592242132934,0,"Student-t",73,3000,30
"SPI",0.9925,11.6239810425198,0.0899999999999892,"Student-t",73,3000,30
"Synthetic-only",0.992,11.5678534048287,0,"Student-t",73,3000,30
"SCP",0.8715,6.23480575994292,0,"LogNormal",74,3000,30
"RSA-CP (OT) (Ours)",0.8095,5.28734007409631,0.0200000000000102,"LogNormal",74,3000,30
"SPI",0.9545,9.1430333342584,0.0300000000000011,"LogNormal",74,3000,30
"Synthetic-only",0.954,9.13445170160477,0,"LogNormal",74,3000,30
"SCP",0.972,7.17441564714357,0,"Student-t",74,3000,30
"RSA-CP (OT) (Ours)",0.9675,6.77763624196385,0.019999999999996,"Student-t",74,3000,30
"SPI",0.9905,10.6909673912272,0.0300000000000011,"Student-t",74,3000,30
"Synthetic-only",0.99,10.6730292050072,0,"Student-t",74,3000,30
"SCP",0.928,7.86153900863721,0,"LogNormal",75,3000,30
"RSA-CP (OT) (Ours)",0.9135,7.40960090488937,0,"LogNormal",75,3000,30
"SPI",0.9865,13.3488409173529,0.0499999999999972,"LogNormal",75,3000,30
"Synthetic-only",0.9855,13.2091615843869,0,"LogNormal",75,3000,30
"SCP",0.9675,6.81550530452271,0,"Student-t",75,3000,30
"RSA-CP (OT) (Ours)",0.9645,6.63371432360456,0,"Student-t",75,3000,30
"SPI",0.9915,10.8791136947433,0.0300000000000011,"Student-t",75,3000,30
"Synthetic-only",0.991,10.8656779203169,0,"Student-t",75,3000,30
"SCP",0.9975,20.0315453352722,0,"LogNormal",76,3000,30
"RSA-CP (OT) (Ours)",0.955,9.16484750558188,0,"LogNormal",76,3000,30
"SPI",0.9485,8.65119772621467,0.039999999999992,"LogNormal",76,3000,30
"Synthetic-only",0.941,8.26770033946165,0.0100000000000051,"LogNormal",76,3000,30
"SCP",0.9895,10.3041482122539,0,"Student-t",76,3000,30
"RSA-CP (OT) (Ours)",0.972,7.23313328163752,0,"Student-t",76,3000,30
"SPI",0.9945,12.4396440471473,0.0500000000000114,"Student-t",76,3000,30
"Synthetic-only",0.9945,12.4277064619117,0.0200000000000102,"Student-t",76,3000,30
"SCP",0.9715,10.7483065164761,0,"LogNormal",77,3000,30
"RSA-CP (OT) (Ours)",0.892,6.77507585114664,0.019999999999996,"LogNormal",77,3000,30
"SPI",0.989,13.926355123104,0.0300000000000011,"LogNormal",77,3000,30
"Synthetic-only",0.989,13.7754753707353,0,"LogNormal",77,3000,30
"SCP",0.992,11.6215147120684,0,"Student-t",77,3000,30
"RSA-CP (OT) (Ours)",0.981,7.96692261016183,0.0100000000000051,"Student-t",77,3000,30
"SPI",0.9915,11.1910837236484,0.0299999999999869,"Student-t",77,3000,30
"Synthetic-only",0.9915,11.1686790213615,0,"Student-t",77,3000,30
"SCP",0.9695,10.5014369948285,0,"LogNormal",78,3000,30
"RSA-CP (OT) (Ours)",0.9495,8.67870745345913,0,"LogNormal",78,3000,30
"SPI",0.9525,8.90250062238375,0.0300000000000011,"LogNormal",78,3000,30
"Synthetic-only",0.9505,8.83451694029272,0,"LogNormal",78,3000,30
"SCP",0.9975,14.5310055582003,0,"Student-t",78,3000,30
"RSA-CP (OT) (Ours)",0.9815,8.12050077106231,0.019999999999996,"Student-t",78,3000,30
"SPI",0.993,11.7771011031928,0.0300000000000011,"Student-t",78,3000,30
"Synthetic-only",0.993,11.7608117339944,0,"Student-t",78,3000,30
"SCP",0.953,9.05222366681762,0,"LogNormal",79,3000,30
"RSA-CP (OT) (Ours)",0.9525,8.89048516864399,0,"LogNormal",79,3000,30
"SPI",0.966,10.0805016369663,0.0500000000000114,"LogNormal",79,3000,30
"Synthetic-only",0.966,10.0703026737987,0,"LogNormal",79,3000,30
"SCP",0.954,6.03702475087657,0,"Student-t",79,3000,30
"RSA-CP (OT) (Ours)",0.9295,5.1551493658991,0,"Student-t",79,3000,30
"SPI",0.9905,10.7688565715829,0.0499999999999972,"Student-t",79,3000,30
"Synthetic-only",0.9905,10.7645510974211,0,"Student-t",79,3000,30
"SCP",0.9535,9.08779180293531,0,"LogNormal",80,3000,30
"RSA-CP (OT) (Ours)",0.945,8.49250756368311,0,"LogNormal",80,3000,30
"SPI",0.9845,13.0164897902153,0.039999999999992,"LogNormal",80,3000,30
"Synthetic-only",0.9815,12.2417508457691,0.0100000000000051,"LogNormal",80,3000,30
"SCP",0.997,13.2697895618117,0,"Student-t",80,3000,30
"RSA-CP (OT) (Ours)",0.963,6.53425850908804,0,"Student-t",80,3000,30
"SPI",0.9935,11.906255169478,0.0500000000000114,"Student-t",80,3000,30
"Synthetic-only",0.9935,11.8895760046916,0,"Student-t",80,3000,30
"SCP",0.9755,11.3363897163069,0,"LogNormal",81,3000,30
"RSA-CP (OT) (Ours)",0.929,7.90357429854866,0.019999999999996,"LogNormal",81,3000,30
"SPI",0.9525,8.98997572264165,0.0300000000000011,"LogNormal",81,3000,30
"Synthetic-only",0.9525,8.98218736159356,0,"LogNormal",81,3000,30
"SCP",0.8735,4.03540286956442,0,"Student-t",81,3000,30
"RSA-CP (OT) (Ours)",0.8675,3.93885177133283,0.00999999999999091,"Student-t",81,3000,30
"SPI",0.9945,12.5764132116096,0.0300000000000011,"Student-t",81,3000,30
"Synthetic-only",0.9945,12.4512546352416,0,"Student-t",81,3000,30
"SCP",0.9955,17.3693484407222,0,"LogNormal",82,3000,30
"RSA-CP (OT) (Ours)",0.9835,12.7353537073191,0.0200000000000102,"LogNormal",82,3000,30
"SPI",0.9875,13.6225819976743,0.0300000000000011,"LogNormal",82,3000,30
"Synthetic-only",0.9855,13.2002147438769,0,"LogNormal",82,3000,30
"SCP",0.987,9.29997129592596,0,"Student-t",82,3000,30
"RSA-CP (OT) (Ours)",0.9685,6.9276569013158,0.019999999999996,"Student-t",82,3000,30
"SPI",0.9945,12.268692343721,0.0300000000000011,"Student-t",82,3000,30
"Synthetic-only",0.9945,12.2492482429856,0,"Student-t",82,3000,30
"SCP",0.9905,14.8633992629084,0,"LogNormal",83,3000,30
"RSA-CP (OT) (Ours)",0.9845,12.874938761898,0,"LogNormal",83,3000,30
"SPI",0.983,12.539179065742,0.0400000000000063,"LogNormal",83,3000,30
"Synthetic-only",0.9795,12.0914300510039,0,"LogNormal",83,3000,30
"SCP",0.9545,6.06102719818959,0,"Student-t",83,3000,30
"RSA-CP (OT) (Ours)",0.886,4.2798156926481,0,"Student-t",83,3000,30
"SPI",0.9905,10.6918757561221,0.0300000000000011,"Student-t",83,3000,30
"Synthetic-only",0.99,10.6735566920953,0,"Student-t",83,3000,30
"SCP",0.9135,7.3991365858143,0,"LogNormal",84,3000,30
"RSA-CP (OT) (Ours)",0.866,6.16194049027895,0.00999999999999091,"LogNormal",84,3000,30
"SPI",0.9665,10.1397959138681,0.0300000000000011,"LogNormal",84,3000,30
"Synthetic-only",0.963,9.75259790179008,0,"LogNormal",84,3000,30
"SCP",0.9895,10.3847636610456,0,"Student-t",84,3000,30
"RSA-CP (OT) (Ours)",0.9415,5.53897846491281,0,"Student-t",84,3000,30
"SPI",0.9895,10.4894228267641,0.0500000000000114,"Student-t",84,3000,30
"Synthetic-only",0.9895,10.4469062572576,0.0200000000000102,"Student-t",84,3000,30
"SCP",0.9665,10.1315125693447,0,"LogNormal",85,3000,30
"RSA-CP (OT) (Ours)",0.966,10.0441256710723,0.019999999999996,"LogNormal",85,3000,30
"SPI",0.985,13.0817344211942,0.0300000000000011,"LogNormal",85,3000,30
"Synthetic-only",0.985,13.0690903861334,0,"LogNormal",85,3000,30
"SCP",0.9995,19.9288841202987,0,"Student-t",85,3000,30
"RSA-CP (OT) (Ours)",0.952,5.92757306628982,0.00999999999999091,"Student-t",85,3000,30
"SPI",0.994,12.0624470475757,0.0400000000000063,"Student-t",85,3000,30
"Synthetic-only",0.994,12.0422494468801,0,"Student-t",85,3000,30
"SCP",0.9935,16.6496743938012,0,"LogNormal",86,3000,30
"RSA-CP (OT) (Ours)",0.979,12.0216024068219,0,"LogNormal",86,3000,30
"SPI",0.9735,11.1078612688106,0.0300000000000011,"LogNormal",86,3000,30
"Synthetic-only",0.9505,8.79697238429985,0,"LogNormal",86,3000,30
"SCP",0.952,5.95155014181355,0,"Student-t",86,3000,30
"RSA-CP (OT) (Ours)",0.938,5.36562869155471,0,"Student-t",86,3000,30
"SPI",0.992,11.5717180007166,0.0300000000000011,"Student-t",86,3000,30
"Synthetic-only",0.992,11.4464341896282,0,"Student-t",86,3000,30
"SCP",0.9995,35.816501405884,0,"LogNormal",87,3000,30
"RSA-CP (OT) (Ours)",0.969,10.3663423412286,0,"LogNormal",87,3000,30
"SPI",0.975,11.2671124878881,0.0500000000000114,"LogNormal",87,3000,30
"Synthetic-only",0.9735,11.1295091710569,0,"LogNormal",87,3000,30
"SCP",0.9915,10.9039350368152,0,"Student-t",87,3000,30
"RSA-CP (OT) (Ours)",0.963,6.52007479787062,0,"Student-t",87,3000,30
"SPI",0.992,11.5524396345522,0.0499999999999972,"Student-t",87,3000,30
"Synthetic-only",0.9915,11.3624987578353,0,"Student-t",87,3000,30
"SCP",0.9995,31.8663543357929,0,"LogNormal",88,3000,30
"RSA-CP (OT) (Ours)",0.9775,11.7206524287612,0.00999999999999091,"LogNormal",88,3000,30
"SPI",0.971,10.7309718694603,0.0400000000000063,"LogNormal",88,3000,30
"Synthetic-only",0.969,10.4070079111678,0,"LogNormal",88,3000,30
"SCP",0.9875,9.78253571685441,0,"Student-t",88,3000,30
"RSA-CP (OT) (Ours)",0.949,5.76230847746998,0,"Student-t",88,3000,30
"SPI",0.993,11.7504629541249,0.0400000000000063,"Student-t",88,3000,30
"Synthetic-only",0.993,11.7501810112352,0.0100000000000051,"Student-t",88,3000,30
"SCP",0.963,9.67668616182056,0,"LogNormal",89,3000,30
"RSA-CP (OT) (Ours)",0.898,6.91562751123008,0.019999999999996,"LogNormal",89,3000,30
"SPI",0.992,16.2961500374743,0.0300000000000011,"LogNormal",89,3000,30
"Synthetic-only",0.9915,15.9682735386905,0,"LogNormal",89,3000,30
"SCP",0.9955,12.8552018404728,0,"Student-t",89,3000,30
"RSA-CP (OT) (Ours)",0.9735,7.34844647644479,0.00999999999999091,"Student-t",89,3000,30
"SPI",0.9945,12.2070503322151,0.0400000000000063,"Student-t",89,3000,30
"Synthetic-only",0.9945,12.1788623692126,0,"Student-t",89,3000,30
"SCP",0.963,9.80717596177649,0,"LogNormal",90,3000,30
"RSA-CP (OT) (Ours)",0.9185,7.57417726188968,0,"LogNormal",90,3000,30
"SPI",0.9525,8.98751936478841,0.0300000000000011,"LogNormal",90,3000,30
"Synthetic-only",0.9515,8.86648769012101,0.019999999999996,"LogNormal",90,3000,30
"SCP",0.9975,14.902243800943,0,"Student-t",90,3000,30
"RSA-CP (OT) (Ours)",0.9555,6.09873736202354,0,"Student-t",90,3000,30
"SPI",0.992,11.6122414381545,0.0300000000000011,"Student-t",90,3000,30
"Synthetic-only",0.992,11.5941622466744,0,"Student-t",90,3000,30
"SCP",0.9845,12.8601647970513,0,"LogNormal",91,3000,30
"RSA-CP (OT) (Ours)",0.976,11.4151159649954,0,"LogNormal",91,3000,30
"SPI",0.9795,12.0707770620204,0.0400000000000063,"LogNormal",91,3000,30
"Synthetic-only",0.976,11.4545807952434,0,"LogNormal",91,3000,30
"SCP",0.9435,5.5787397036461,0,"Student-t",91,3000,30
"RSA-CP (OT) (Ours)",0.8635,3.87369162578517,0,"Student-t",91,3000,30
"SPI",0.9915,11.1822893863509,0.0499999999999972,"Student-t",91,3000,30
"Synthetic-only",0.9915,11.1813340379432,0,"Student-t",91,3000,30
"SCP",0.9595,9.35429931457741,0,"LogNormal",92,3000,30
"RSA-CP (OT) (Ours)",0.935,8.11024197806298,0,"LogNormal",92,3000,30
"SPI",0.9425,8.379332222593,0.0499999999999972,"LogNormal",92,3000,30
"Synthetic-only",0.942,8.36763931068054,0.00999999999999091,"LogNormal",92,3000,30
"SCP",0.949,5.71450872023118,0,"Student-t",92,3000,30
"RSA-CP (OT) (Ours)",0.87,3.98256409135673,0.0100000000000051,"Student-t",92,3000,30
"SPI",0.9935,11.9112153144611,0.0300000000000011,"Student-t",92,3000,30
"Synthetic-only",0.9935,11.8666975140867,0,"Student-t",92,3000,30
"SCP",0.8245,5.54316651373004,0.019999999999996,"LogNormal",93,3000,30
"RSA-CP (OT) (Ours)",0.815,5.37025669204814,0,"LogNormal",93,3000,30
"SPI",0.979,11.9430794944352,0.0300000000000011,"LogNormal",93,3000,30
"Synthetic-only",0.977,11.6416234641091,0,"LogNormal",93,3000,30
"SCP",0.997,13.6079016067686,0,"Student-t",93,3000,30
"RSA-CP (OT) (Ours)",0.933,5.21353844686699,0.019999999999996,"Student-t",93,3000,30
"SPI",0.9895,10.5078112537249,0.0300000000000011,"Student-t",93,3000,30
"Synthetic-only",0.9895,10.4980355671474,0,"Student-t",93,3000,30
"SCP",0.9695,10.5852782272138,0,"LogNormal",94,3000,30
"RSA-CP (OT) (Ours)",0.898,6.91562751123008,0,"LogNormal",94,3000,30
"SPI",0.9565,9.20991774824045,0.0499999999999972,"LogNormal",94,3000,30
"Synthetic-only",0.9555,9.18925340016053,0.019999999999996,"LogNormal",94,3000,30
"SCP",0.9965,13.0303844563963,0,"Student-t",94,3000,30
"RSA-CP (OT) (Ours)",0.972,7.28878500780096,0,"Student-t",94,3000,30
"SPI",0.992,11.4326427548237,0.0499999999999972,"Student-t",94,3000,30
"Synthetic-only",0.9915,11.2837743890774,0.00999999999999091,"Student-t",94,3000,30
"SCP",0.9595,9.35513953722155,0,"LogNormal",95,3000,30
"RSA-CP (OT) (Ours)",0.954,9.09786414816562,0,"LogNormal",95,3000,30
"SPI",0.979,11.940889635409,0.0300000000000011,"LogNormal",95,3000,30
"Synthetic-only",0.976,11.5053619086581,0,"LogNormal",95,3000,30
"SCP",0.9995,19.7905895059886,0,"Student-t",95,3000,30
"RSA-CP (OT) (Ours)",0.9425,5.56167092478577,0.019999999999996,"Student-t",95,3000,30
"SPI",0.9945,12.4421757435161,0.0300000000000011,"Student-t",95,3000,30
"Synthetic-only",0.9945,12.4135727608195,0,"Student-t",95,3000,30
"SCP",0.9555,9.17870144494002,0,"LogNormal",96,3000,30
"RSA-CP (OT) (Ours)",0.939,8.2187880926888,0,"LogNormal",96,3000,30
"SPI",0.984,12.8030853985726,0.0400000000000063,"LogNormal",96,3000,30
"Synthetic-only",0.9835,12.7358204789666,0,"LogNormal",96,3000,30
"SCP",0.9945,12.2848825735342,0,"Student-t",96,3000,30
"RSA-CP (OT) (Ours)",0.9915,11.3715903922823,0,"Student-t",96,3000,30
"SPI",0.9915,10.9812714183122,0.0499999999999972,"Student-t",96,3000,30
"Synthetic-only",0.9915,10.9605514283368,0,"Student-t",96,3000,30
"SCP",0.9605,9.51512568401624,0,"LogNormal",97,3000,30
"RSA-CP (OT) (Ours)",0.9595,9.34685704658727,0.00999999999999091,"LogNormal",97,3000,30
"SPI",0.9825,12.5311191309971,0.0400000000000063,"LogNormal",97,3000,30
"Synthetic-only",0.9815,12.1640507252297,0,"LogNormal",97,3000,30
"SCP",0.9875,9.35941237457057,0,"Student-t",97,3000,30
"RSA-CP (OT) (Ours)",0.9335,5.24277422349392,0.0100000000000051,"Student-t",97,3000,30
"SPI",0.994,11.9584825220852,0.0300000000000011,"Student-t",97,3000,30
"Synthetic-only",0.994,11.9229362347345,0,"Student-t",97,3000,30
"SCP",0.9525,8.90960418868416,0,"LogNormal",98,3000,30
"RSA-CP (OT) (Ours)",0.941,8.2934511349433,0,"LogNormal",98,3000,30
"SPI",0.959,9.33252936946558,0.0499999999999972,"LogNormal",98,3000,30
"Synthetic-only",0.957,9.25672182723459,0.00999999999999091,"LogNormal",98,3000,30
"SCP",0.9815,8.08694960508507,0,"Student-t",98,3000,30
"RSA-CP (OT) (Ours)",0.978,7.74586999081583,0,"Student-t",98,3000,30
"SPI",0.9915,11.1418139791727,0.0400000000000063,"Student-t",98,3000,30
"Synthetic-only",0.9915,11.1076222026938,0,"Student-t",98,3000,30
"SCP",0.906,7.14001452818358,0,"LogNormal",99,3000,30
"RSA-CP (OT) (Ours)",0.899,6.92956643109056,0.019999999999996,"LogNormal",99,3000,30
"SPI",0.9755,11.3067221948324,0.0300000000000011,"LogNormal",99,3000,30
"Synthetic-only",0.9725,10.9204302923685,0,"LogNormal",99,3000,30
"SCP",0.956,6.11845237105519,0,"Student-t",99,3000,30
"RSA-CP (OT) (Ours)",0.9525,5.99174196970734,0.00999999999999091,"Student-t",99,3000,30
"SPI",0.9915,11.3186731662487,0.0400000000000063,"Student-t",99,3000,30
"Synthetic-only",0.9915,11.2318698405455,0,"Student-t",99,3000,30
"SCP",0.987,13.4610736406915,0,"LogNormal",100,3000,30
"RSA-CP (OT) (Ours)",0.9575,9.28733777395869,0,"LogNormal",100,3000,30
"SPI",0.966,10.078134856093,0.0300000000000011,"LogNormal",100,3000,30
"Synthetic-only",0.966,10.0732465592548,0,"LogNormal",100,3000,30
"SCP",0.997,13.2697895618117,0,"Student-t",100,3000,30
"RSA-CP (OT) (Ours)",0.9845,8.86934861445718,0,"Student-t",100,3000,30
"SPI",0.994,11.9994817431394,0.0300000000000011,"Student-t",100,3000,30
"Synthetic-only",0.994,11.9985948521118,0,"Student-t",100,3000,30
"SCP",0.978,11.8533973721078,0,"LogNormal",1,3000,40
"RSA-CP (OT) (Ours)",0.97,10.6997763124839,0.0600000000000023,"LogNormal",1,3000,40
"SPI",0.988,13.6814125202216,0.039999999999992,"LogNormal",1,3000,40
"Synthetic-only",0.9875,13.5634976577926,0,"LogNormal",1,3000,40
"SCP",0.976,7.53303355925742,0,"Student-t",1,3000,40
"RSA-CP (OT) (Ours)",0.9515,5.90756158017266,0.0200000000000102,"Student-t",1,3000,40
"SPI",0.9875,9.72020151013785,0.0499999999999972,"Student-t",1,3000,40
"Synthetic-only",0.992,11.4944439825099,0,"Student-t",1,3000,40
"SCP",0.9505,8.78481401745945,0,"LogNormal",2,3000,40
"RSA-CP (OT) (Ours)",0.9305,8.01222873914125,0,"LogNormal",2,3000,40
"SPI",0.9565,9.23032276623273,0.0499999999999972,"LogNormal",2,3000,40
"Synthetic-only",0.9565,9.22988808492615,0,"LogNormal",2,3000,40
"SCP",0.99,10.6679072473511,0,"Student-t",2,3000,40
"RSA-CP (OT) (Ours)",0.982,8.38492611379346,0,"Student-t",2,3000,40
"SPI",0.9915,11.1031750910316,0.0400000000000063,"Student-t",2,3000,40
"Synthetic-only",0.9915,11.0848360523678,0,"Student-t",2,3000,40
"SCP",0.99,14.7178791079945,0,"LogNormal",3,3000,40
"RSA-CP (OT) (Ours)",0.9755,11.3610349619249,0,"LogNormal",3,3000,40
"SPI",0.9555,9.19354430391272,0.0600000000000023,"LogNormal",3,3000,40
"Synthetic-only",0.9495,8.67626813655381,0.00999999999999091,"LogNormal",3,3000,40
"SCP",0.94,5.40651942190754,0,"Student-t",3,3000,40
"RSA-CP (OT) (Ours)",0.9225,4.8808987894764,0,"Student-t",3,3000,40
"SPI",0.9505,5.86411137031579,0.0499999999999972,"Student-t",3,3000,40
"Synthetic-only",0.99,10.5748213537284,0,"Student-t",3,3000,40
"SCP",0.912,7.37563974399931,0,"LogNormal",4,3000,40
"RSA-CP (OT) (Ours)",0.902,7.02444693694309,0,"LogNormal",4,3000,40
"SPI",0.9895,14.3353448287063,0.0699999999999932,"LogNormal",4,3000,40
"Synthetic-only",0.9895,14.2269420130503,0.019999999999996,"LogNormal",4,3000,40
"SCP",0.9875,9.64204271818577,0,"Student-t",4,3000,40
"RSA-CP (OT) (Ours)",0.987,9.26296074876817,0,"Student-t",4,3000,40
"SPI",0.9895,10.0930528511225,0.0400000000000063,"Student-t",4,3000,40
"Synthetic-only",0.9945,12.5063941888944,0,"Student-t",4,3000,40
"SCP",0.917,7.47742340904471,0,"LogNormal",5,3000,40
"RSA-CP (OT) (Ours)",0.911,7.3013645788362,0,"LogNormal",5,3000,40
"SPI",0.965,9.94783961657769,0.0600000000000023,"LogNormal",5,3000,40
"Synthetic-only",0.965,9.93677785758431,0.00999999999999091,"LogNormal",5,3000,40
"SCP",0.971,7.07069335528555,0,"Student-t",5,3000,40
"RSA-CP (OT) (Ours)",0.9405,5.48005316209459,0,"Student-t",5,3000,40
"SPI",0.99,10.675828899088,0.0499999999999972,"Student-t",5,3000,40
"Synthetic-only",0.994,12.0520460344039,0,"Student-t",5,3000,40
"SCP",0.9845,13.0458418856713,0,"LogNormal",6,3000,40
"RSA-CP (OT) (Ours)",0.9655,9.99146787738639,0,"LogNormal",6,3000,40
"SPI",0.945,8.48608372664871,0.0699999999999932,"LogNormal",6,3000,40
"Synthetic-only",0.945,8.48397850404029,0.019999999999996,"LogNormal",6,3000,40
"SCP",0.948,5.69954214950137,0,"Student-t",6,3000,40
"RSA-CP (OT) (Ours)",0.9125,4.67581900840596,0,"Student-t",6,3000,40
"SPI",0.9625,6.48843679585836,0.0400000000000063,"Student-t",6,3000,40
"Synthetic-only",0.9945,12.2081237790554,0,"Student-t",6,3000,40
"SCP",0.9525,8.98492282371259,0,"LogNormal",7,3000,40
"RSA-CP (OT) (Ours)",0.9415,8.30337765750712,0,"LogNormal",7,3000,40
"SPI",0.945,8.52045853836655,0.0600000000000023,"LogNormal",7,3000,40
"Synthetic-only",0.945,8.51344278158746,0,"LogNormal",7,3000,40
"SCP",0.9915,10.8985824371324,0,"Student-t",7,3000,40
"RSA-CP (OT) (Ours)",0.974,7.35642532621089,0.0600000000000023,"Student-t",7,3000,40
"SPI",0.9905,10.7074502377944,0.0499999999999972,"Student-t",7,3000,40
"Synthetic-only",0.9895,10.5000876791136,0,"Student-t",7,3000,40
"SCP",0.909,7.26027758992287,0,"LogNormal",8,3000,40
"RSA-CP (OT) (Ours)",0.893,6.79972556865753,0.019999999999996,"LogNormal",8,3000,40
"SPI",0.927,7.83153058568776,0.0400000000000063,"LogNormal",8,3000,40
"Synthetic-only",0.9815,12.3594133194036,0,"LogNormal",8,3000,40
"SCP",0.9875,9.44537224487723,0,"Student-t",8,3000,40
"RSA-CP (OT) (Ours)",0.976,7.53066664547455,0,"Student-t",8,3000,40
"SPI",0.9895,10.5294007942154,0.0499999999999972,"Student-t",8,3000,40
"Synthetic-only",0.9945,12.1443589410029,0.019999999999996,"Student-t",8,3000,40
"SCP",0.915,7.43860307667689,0,"LogNormal",9,3000,40
"RSA-CP (OT) (Ours)",0.8995,6.95434648452882,0,"LogNormal",9,3000,40
"SPI",0.947,8.56294131147815,0.0500000000000114,"LogNormal",9,3000,40
"Synthetic-only",0.976,11.4229297821984,0.0200000000000102,"LogNormal",9,3000,40
"SCP",0.941,5.5138633682943,0,"Student-t",9,3000,40
"RSA-CP (OT) (Ours)",0.9335,5.24277422349392,0,"Student-t",9,3000,40
"SPI",0.952,5.94793129599626,0.039999999999992,"Student-t",9,3000,40
"Synthetic-only",0.9915,10.951374255918,0,"Student-t",9,3000,40
"SCP",0.953,9.03352294203443,0,"LogNormal",10,3000,40
"RSA-CP (OT) (Ours)",0.9435,8.43100499594406,0,"LogNormal",10,3000,40
"SPI",0.9665,10.1452415171804,0.0499999999999972,"LogNormal",10,3000,40
"Synthetic-only",0.9665,10.1425899130363,0,"LogNormal",10,3000,40
"SCP",0.9545,6.05475586873986,0,"Student-t",10,3000,40
"RSA-CP (OT) (Ours)",0.9495,5.78771472373234,0,"Student-t",10,3000,40
"SPI",0.9895,10.4082012101657,0.0499999999999972,"Student-t",10,3000,40
"Synthetic-only",0.9915,11.2720279963845,0,"Student-t",10,3000,40
"SCP",0.99,14.4809984392462,0,"LogNormal",11,3000,40
"RSA-CP (OT) (Ours)",0.9655,10.0152859239266,0,"LogNormal",11,3000,40
"SPI",0.9505,8.82818071850547,0.0700000000000074,"LogNormal",11,3000,40
"Synthetic-only",0.9505,8.77960916421219,0,"LogNormal",11,3000,40
"SCP",0.9595,6.38727690266487,0,"Student-t",11,3000,40
"RSA-CP (OT) (Ours)",0.9355,5.31095864047395,0,"Student-t",11,3000,40
"SPI",0.9655,6.68862777420801,0.039999999999992,"Student-t",11,3000,40
"Synthetic-only",0.9895,10.2473665852255,0,"Student-t",11,3000,40
"SCP",0.929,7.88759370377358,0,"LogNormal",12,3000,40
"RSA-CP (OT) (Ours)",0.924,7.74834338735499,0,"LogNormal",12,3000,40
"SPI",0.9735,11.1302271767816,0.0499999999999972,"LogNormal",12,3000,40
"Synthetic-only",0.9735,11.0388774873947,0,"LogNormal",12,3000,40
"SCP",0.9545,6.07941823043558,0,"Student-t",12,3000,40
"RSA-CP (OT) (Ours)",0.95,5.82198190742595,0.0100000000000051,"Student-t",12,3000,40
"SPI",0.9775,7.7148739364125,0.0499999999999972,"Student-t",12,3000,40
"Synthetic-only",0.9915,11.2381015651571,0,"Student-t",12,3000,40
"SCP",0.928,7.88256961031601,0,"LogNormal",13,3000,40
"RSA-CP (OT) (Ours)",0.926,7.80490239185038,0.00999999999999091,"LogNormal",13,3000,40
"SPI",0.969,10.3534567651053,0.0500000000000114,"LogNormal",13,3000,40
"Synthetic-only",0.983,12.6532006532772,0,"LogNormal",13,3000,40
"SCP",0.9725,7.3111105016755,0,"Student-t",13,3000,40
"RSA-CP (OT) (Ours)",0.9695,7.03911250183663,0,"Student-t",13,3000,40
"SPI",0.982,8.4603595379682,0.0499999999999972,"Student-t",13,3000,40
"Synthetic-only",0.994,11.9419584643768,0,"Student-t",13,3000,40
"SCP",0.948,8.58605048579759,0,"LogNormal",14,3000,40
"RSA-CP (OT) (Ours)",0.9155,7.45022479656718,0,"LogNormal",14,3000,40
"SPI",0.9665,10.1315125693447,0.0700000000000074,"LogNormal",14,3000,40
"Synthetic-only",0.973,10.9627070403122,0.0200000000000102,"LogNormal",14,3000,40
"SCP",0.977,7.58705054111564,0,"Student-t",14,3000,40
"RSA-CP (OT) (Ours)",0.9645,6.59303486209394,0,"Student-t",14,3000,40
"SPI",0.9895,10.1260881662796,0.039999999999992,"Student-t",14,3000,40
"Synthetic-only",0.9895,10.0971913642201,0,"Student-t",14,3000,40
"SCP",0.9415,8.31410122552474,0,"LogNormal",15,3000,40
"RSA-CP (OT) (Ours)",0.935,8.10848059782546,0,"LogNormal",15,3000,40
"SPI",0.9535,9.08927095240974,0.0499999999999972,"LogNormal",15,3000,40
"Synthetic-only",0.953,9.00878071010888,0,"LogNormal",15,3000,40
"SCP",0.9125,4.68398766518859,0.0100000000000051,"Student-t",15,3000,40
"RSA-CP (OT) (Ours)",0.8595,3.82864857316821,0,"Student-t",15,3000,40
"SPI",0.9875,9.45802750582755,0.0499999999999972,"Student-t",15,3000,40
"Synthetic-only",0.9945,12.4399152364559,0,"Student-t",15,3000,40
"SCP",0.892,6.77302608313917,0,"LogNormal",16,3000,40
"RSA-CP (OT) (Ours)",0.856,6.00917155435593,0,"LogNormal",16,3000,40
"SPI",0.929,7.91350991414543,0.0500000000000114,"LogNormal",16,3000,40
"Synthetic-only",0.9565,9.21134985881403,0,"LogNormal",16,3000,40
"SCP",0.964,6.56242169543197,0,"Student-t",16,3000,40
"RSA-CP (OT) (Ours)",0.957,6.15487177755131,0.019999999999996,"Student-t",16,3000,40
"SPI",0.993,11.7575621695959,0.039999999999992,"Student-t",16,3000,40
"Synthetic-only",0.9925,11.6347321315459,0,"Student-t",16,3000,40
"SCP",0.976,11.5257928147854,0,"LogNormal",17,3000,40
"RSA-CP (OT) (Ours)",0.9605,9.51452162773023,0.0200000000000102,"LogNormal",17,3000,40
"SPI",0.9525,8.90639373481639,0.0499999999999972,"LogNormal",17,3000,40
"Synthetic-only",0.9515,8.8614229979873,0,"LogNormal",17,3000,40
"SCP",0.9895,9.98794672709714,0,"Student-t",17,3000,40
"RSA-CP (OT) (Ours)",0.9675,6.76178062686339,0,"Student-t",17,3000,40
"SPI",0.995,12.8205124344556,0.0600000000000023,"Student-t",17,3000,40
"Synthetic-only",0.995,12.7557752131137,0,"Student-t",17,3000,40
"SCP",0.9205,7.60601695721246,0,"LogNormal",18,3000,40
"RSA-CP (OT) (Ours)",0.9135,7.40960090488937,0.00999999999999091,"LogNormal",18,3000,40
"SPI",0.94,8.22696528904821,0.0500000000000114,"LogNormal",18,3000,40
"Synthetic-only",0.9395,8.22129126916509,0,"LogNormal",18,3000,40
"SCP",0.9935,11.8705523152115,0,"Student-t",18,3000,40
"RSA-CP (OT) (Ours)",0.9875,9.52832512931075,0,"Student-t",18,3000,40
"SPI",0.9915,11.2947578195133,0.0599999999999881,"Student-t",18,3000,40
"Synthetic-only",0.9915,11.2290449198551,0,"Student-t",18,3000,40
"SCP",0.969,10.3110473675523,0,"LogNormal",19,3000,40
"RSA-CP (OT) (Ours)",0.963,9.71709050379993,0,"LogNormal",19,3000,40
"SPI",0.9725,10.8664591467754,0.0700000000000074,"LogNormal",19,3000,40
"Synthetic-only",0.9715,10.741128750035,0.0200000000000102,"LogNormal",19,3000,40
"SCP",0.963,6.50929191644487,0,"Student-t",19,3000,40
"RSA-CP (OT) (Ours)",0.9605,6.42285800718613,0,"Student-t",19,3000,40
"SPI",0.9735,7.34064972754539,0.0400000000000063,"Student-t",19,3000,40
"Synthetic-only",0.9915,11.1469636962679,0,"Student-t",19,3000,40
"SCP",0.96,9.45788590035415,0,"LogNormal",20,3000,40
"RSA-CP (OT) (Ours)",0.9495,8.75176995422418,0,"LogNormal",20,3000,40
"SPI",0.9725,10.9243746156656,0.0600000000000023,"LogNormal",20,3000,40
"Synthetic-only",0.963,9.80922156598677,0,"LogNormal",20,3000,40
"SCP",0.8775,4.09451895636441,0,"Student-t",20,3000,40
"RSA-CP (OT) (Ours)",0.8665,3.91327806827675,0,"Student-t",20,3000,40
"SPI",0.8875,4.29795697968431,0.0499999999999972,"Student-t",20,3000,40
"Synthetic-only",0.9895,10.359605558246,0,"Student-t",20,3000,40
"SCP",0.9275,7.85239615177944,0,"LogNormal",21,3000,40
"RSA-CP (OT) (Ours)",0.9115,7.35074360351585,0,"LogNormal",21,3000,40
"SPI",0.9315,8.03261708284266,0.0500000000000114,"LogNormal",21,3000,40
"Synthetic-only",0.9315,8.02603098763356,0,"LogNormal",21,3000,40
"SCP",0.9405,5.47361475120312,0,"Student-t",21,3000,40
"RSA-CP (OT) (Ours)",0.9365,5.34610328818401,0,"Student-t",21,3000,40
"SPI",0.9845,8.88680631746998,0.0400000000000063,"Student-t",21,3000,40
"Synthetic-only",0.9915,10.9752894937564,0,"Student-t",21,3000,40
"SCP",0.915,7.4362482318267,0,"LogNormal",22,3000,40
"RSA-CP (OT) (Ours)",0.9055,7.13318420832258,0,"LogNormal",22,3000,40
"SPI",0.941,8.29401904014724,0.0499999999999972,"LogNormal",22,3000,40
"Synthetic-only",0.941,8.29248210224528,0,"LogNormal",22,3000,40
"SCP",0.977,7.63848230409906,0,"Student-t",22,3000,40
"RSA-CP (OT) (Ours)",0.957,6.20573275433975,0.0100000000000051,"Student-t",22,3000,40
"SPI",0.9895,10.2599612141438,0.0499999999999972,"Student-t",22,3000,40
"Synthetic-only",0.9945,12.3688447938207,0,"Student-t",22,3000,40
"SCP",0.8975,6.88409356582231,0,"LogNormal",23,3000,40
"RSA-CP (OT) (Ours)",0.864,6.13862372942718,0,"LogNormal",23,3000,40
"SPI",0.9185,7.52564178424809,0.0500000000000114,"LogNormal",23,3000,40
"Synthetic-only",0.9815,12.2757885966671,0,"LogNormal",23,3000,40
"SCP",0.9875,9.62906364744631,0,"Student-t",23,3000,40
"RSA-CP (OT) (Ours)",0.9775,7.67127024108382,0.019999999999996,"Student-t",23,3000,40
"SPI",0.99,10.6762069222732,0.0400000000000063,"Student-t",23,3000,40
"Synthetic-only",0.99,10.6025501928891,0,"Student-t",23,3000,40
"SCP",0.958,9.2928395155304,0,"LogNormal",24,3000,40
"RSA-CP (OT) (Ours)",0.9435,8.42918640989359,0.019999999999996,"LogNormal",24,3000,40
"SPI",0.9625,9.66260376784629,0.0499999999999972,"LogNormal",24,3000,40
"Synthetic-only",0.962,9.62174389255042,0,"LogNormal",24,3000,40
"SCP",0.972,7.18802220056138,0,"Student-t",24,3000,40
"RSA-CP (OT) (Ours)",0.9645,6.6337970327172,0,"Student-t",24,3000,40
"SPI",0.979,7.80085982287375,0.0400000000000063,"Student-t",24,3000,40
"Synthetic-only",0.9945,12.3797097601546,0,"Student-t",24,3000,40
"SCP",0.8695,6.20488207617596,0,"LogNormal",25,3000,40
"RSA-CP (OT) (Ours)",0.863,6.09233852179793,0,"LogNormal",25,3000,40
"SPI",0.908,7.17982747055963,0.0600000000000023,"LogNormal",25,3000,40
"Synthetic-only",0.9485,8.66666513735251,0,"LogNormal",25,3000,40
"SCP",0.9435,5.58957831098675,0,"Student-t",25,3000,40
"RSA-CP (OT) (Ours)",0.9155,4.73061664866836,0,"Student-t",25,3000,40
"SPI",0.993,11.8077007492807,0.0499999999999972,"Student-t",25,3000,40
"Synthetic-only",0.993,11.7256968049897,0,"Student-t",25,3000,40
"SCP",0.9525,8.98360204620959,0,"LogNormal",26,3000,40
"RSA-CP (OT) (Ours)",0.9425,8.37994080038859,0,"LogNormal",26,3000,40
"SPI",0.978,11.8533973721078,0.0499999999999972,"LogNormal",26,3000,40
"Synthetic-only",0.9845,12.9544272077754,0,"LogNormal",26,3000,40
"SCP",0.9875,9.47198737040451,0,"Student-t",26,3000,40
"RSA-CP (OT) (Ours)",0.982,8.32717946374589,0.019999999999996,"Student-t",26,3000,40
"SPI",0.9895,10.0813025300934,0.0400000000000063,"Student-t",26,3000,40
"Synthetic-only",0.9925,11.7114155213211,0,"Student-t",26,3000,40
"SCP",0.966,10.0319828115128,0.019999999999996,"LogNormal",27,3000,40
"RSA-CP (OT) (Ours)",0.962,9.6509616794961,0,"LogNormal",27,3000,40
"SPI",0.9795,12.0768873362701,0.039999999999992,"LogNormal",27,3000,40
"Synthetic-only",0.9775,11.7359165150078,0,"LogNormal",27,3000,40
"SCP",0.9635,6.5565865190911,0,"Student-t",27,3000,40
"RSA-CP (OT) (Ours)",0.9525,5.99174196970734,0.0200000000000102,"Student-t",27,3000,40
"SPI",0.972,7.19131379107109,0.0499999999999972,"Student-t",27,3000,40
"Synthetic-only",0.9945,12.5684271808176,0,"Student-t",27,3000,40
"SCP",0.925,7.78893705475846,0,"LogNormal",28,3000,40
"RSA-CP (OT) (Ours)",0.9135,7.40960090488937,0.0100000000000051,"LogNormal",28,3000,40
"SPI",0.9305,8.00320649894747,0.0499999999999972,"LogNormal",28,3000,40
"Synthetic-only",0.9875,13.6300944511651,0,"LogNormal",28,3000,40
"SCP",0.9265,4.98009474075707,0,"Student-t",28,3000,40
"RSA-CP (OT) (Ours)",0.923,4.90219092276287,0,"Student-t",28,3000,40
"SPI",0.9895,10.1081199444747,0.0400000000000063,"Student-t",28,3000,40
"Synthetic-only",0.9945,12.6604655889387,0,"Student-t",28,3000,40
"SCP",0.963,9.72942974853797,0,"LogNormal",29,3000,40
"RSA-CP (OT) (Ours)",0.9595,9.39372017818987,0,"LogNormal",29,3000,40
"SPI",0.9565,9.23395277254859,0.0599999999999881,"LogNormal",29,3000,40
"Synthetic-only",0.9505,8.80072976845464,0.019999999999996,"LogNormal",29,3000,40
"SCP",0.903,4.50051916895071,0,"Student-t",29,3000,40
"RSA-CP (OT) (Ours)",0.9015,4.47307457063217,0,"Student-t",29,3000,40
"SPI",0.97,7.06334329243336,0.0500000000000114,"Student-t",29,3000,40
"Synthetic-only",0.9925,11.6844733316776,0,"Student-t",29,3000,40
"SCP",0.9025,7.03977993050392,0,"LogNormal",30,3000,40
"RSA-CP (OT) (Ours)",0.89,6.73739575531784,0,"LogNormal",30,3000,40
"SPI",0.9605,9.50958436359111,0.039999999999992,"LogNormal",30,3000,40
"Synthetic-only",0.9845,12.8872330733316,0.0200000000000102,"LogNormal",30,3000,40
"SCP",0.952,5.93772833217623,0,"Student-t",30,3000,40
"RSA-CP (OT) (Ours)",0.928,5.08703582104482,0,"Student-t",30,3000,40
"SPI",0.975,7.49957472585355,0.0499999999999972,"Student-t",30,3000,40
"Synthetic-only",0.9945,12.2477831097286,0,"Student-t",30,3000,40
"SCP",0.9735,11.0700892186887,0,"LogNormal",31,3000,40
"RSA-CP (OT) (Ours)",0.972,10.7857568214147,0,"LogNormal",31,3000,40
"SPI",0.9695,10.5942875962018,0.0499999999999972,"LogNormal",31,3000,40
"Synthetic-only",0.9415,8.32014403282985,0,"LogNormal",31,3000,40
"SCP",0.929,5.13474292599167,0.00999999999999091,"Student-t",31,3000,40
"RSA-CP (OT) (Ours)",0.928,5.06390778420177,0,"Student-t",31,3000,40
"SPI",0.9525,5.98934531740967,0.0500000000000114,"Student-t",31,3000,40
"Synthetic-only",0.9945,12.6223278900113,0,"Student-t",31,3000,40
"SCP",0.9705,10.7285322520761,0,"LogNormal",32,3000,40
"RSA-CP (OT) (Ours)",0.967,10.2487832358678,0,"LogNormal",32,3000,40
"SPI",0.966,10.0485783286266,0.039999999999992,"LogNormal",32,3000,40
"Synthetic-only",0.9505,8.82103061121322,0,"LogNormal",32,3000,40
"SCP",0.9195,4.82088275259841,0,"Student-t",32,3000,40
"RSA-CP (OT) (Ours)",0.882,4.17592492772336,0.0200000000000102,"Student-t",32,3000,40
"SPI",0.948,5.69402654665718,0.0499999999999972,"Student-t",32,3000,40
"Synthetic-only",0.992,11.4713632186675,0,"Student-t",32,3000,40
"SCP",0.941,8.2784139804972,0,"LogNormal",33,3000,40
"RSA-CP (OT) (Ours)",0.898,6.91492741789967,0.0100000000000051,"LogNormal",33,3000,40
"SPI",0.9595,9.34590699260613,0.0499999999999972,"LogNormal",33,3000,40
"Synthetic-only",0.954,9.14162730887735,0,"LogNormal",33,3000,40
"SCP",0.9495,5.80391699938762,0,"Student-t",33,3000,40
"RSA-CP (OT) (Ours)",0.9455,5.63129000146931,0,"Student-t",33,3000,40
"SPI",0.997,13.2666485853919,0.0499999999999972,"Student-t",33,3000,40
"Synthetic-only",0.997,13.1714499927532,0,"Student-t",33,3000,40
"SCP",0.9775,11.7590379477902,0,"LogNormal",34,3000,40
"RSA-CP (OT) (Ours)",0.97,10.6518077020546,0.019999999999996,"LogNormal",34,3000,40
"SPI",0.965,9.9541092522122,0.039999999999992,"LogNormal",34,3000,40
"Synthetic-only",0.941,8.28072253445112,0,"LogNormal",34,3000,40
"SCP",0.957,6.16818884321549,0,"Student-t",34,3000,40
"RSA-CP (OT) (Ours)",0.9545,6.06169978865133,0,"Student-t",34,3000,40
"SPI",0.9915,11.2059903381323,0.0700000000000074,"Student-t",34,3000,40
"Synthetic-only",0.9915,11.1720355516299,0,"Student-t",34,3000,40
"SCP",0.9005,6.98310735787382,0,"LogNormal",35,3000,40
"RSA-CP (OT) (Ours)",0.897,6.86714205065297,0.0100000000000051,"LogNormal",35,3000,40
"SPI",0.96,9.43170918179676,0.0499999999999972,"LogNormal",35,3000,40
"Synthetic-only",0.9595,9.38314781678899,0,"LogNormal",35,3000,40
"SCP",0.941,5.51692033371786,0,"Student-t",35,3000,40
"RSA-CP (OT) (Ours)",0.907,4.62010223195701,0,"Student-t",35,3000,40
"SPI",0.948,5.68262427980919,0.0499999999999972,"Student-t",35,3000,40
"Synthetic-only",0.992,11.5382740158971,0,"Student-t",35,3000,40
"SCP",0.9095,7.27361940651639,0,"LogNormal",36,3000,40
"RSA-CP (OT) (Ours)",0.857,6.01456993256547,0.019999999999996,"LogNormal",36,3000,40
"SPI",0.9355,8.11621470291235,0.039999999999992,"LogNormal",36,3000,40
"Synthetic-only",0.9795,12.1003343378024,0,"LogNormal",36,3000,40
"SCP",0.958,6.26247879620878,0,"Student-t",36,3000,40
"RSA-CP (OT) (Ours)",0.9405,5.47878694935368,0,"Student-t",36,3000,40
"SPI",0.9695,7.03981946046534,0.0700000000000074,"Student-t",36,3000,40
"Synthetic-only",0.9925,11.6558248598387,0.0200000000000102,"Student-t",36,3000,40
"SCP",0.9745,11.1917515292137,0,"LogNormal",37,3000,40
"RSA-CP (OT) (Ours)",0.957,9.26560537400055,0.0100000000000051,"LogNormal",37,3000,40
"SPI",0.9775,11.6683399967408,0.0499999999999972,"LogNormal",37,3000,40
"Synthetic-only",0.9875,13.6321476763001,0,"LogNormal",37,3000,40
"SCP",0.9695,6.99644965700214,0,"Student-t",37,3000,40
"RSA-CP (OT) (Ours)",0.939,5.39872779047453,0,"Student-t",37,3000,40
"SPI",0.9785,7.75130264056091,0.0499999999999972,"Student-t",37,3000,40
"Synthetic-only",0.9945,12.2702453810375,0.00999999999999091,"Student-t",37,3000,40
"SCP",0.976,11.4231259638409,0,"LogNormal",38,3000,40
"RSA-CP (OT) (Ours)",0.975,11.2034339893094,0,"LogNormal",38,3000,40
"SPI",0.975,11.240508978838,0.0599999999999881,"LogNormal",38,3000,40
"Synthetic-only",0.9605,9.51675007021413,0.019999999999996,"LogNormal",38,3000,40
"SCP",0.969,6.96666768345307,0,"Student-t",38,3000,40
"RSA-CP (OT) (Ours)",0.9595,6.35998084178512,0,"Student-t",38,3000,40
"SPI",0.972,7.27751787486969,0.0500000000000114,"Student-t",38,3000,40
"Synthetic-only",0.9905,10.7005947606915,0,"Student-t",38,3000,40
"SCP",0.8895,6.71808714258639,0,"LogNormal",39,3000,40
"RSA-CP (OT) (Ours)",0.875,6.30097938401828,0,"LogNormal",39,3000,40
"SPI",0.9765,11.5728048278444,0.039999999999992,"LogNormal",39,3000,40
"Synthetic-only",0.974,11.1826920006973,0,"LogNormal",39,3000,40
"SCP",0.9265,4.99146065531952,0,"Student-t",39,3000,40
"RSA-CP (OT) (Ours)",0.9195,4.81479265422911,0,"Student-t",39,3000,40
"SPI",0.928,5.08854708105842,0.0499999999999972,"Student-t",39,3000,40
"Synthetic-only",0.9915,11.0947084702955,0,"Student-t",39,3000,40
"SCP",0.952,8.86770822321557,0,"LogNormal",40,3000,40
"RSA-CP (OT) (Ours)",0.9505,8.82077142749644,0,"LogNormal",40,3000,40
"SPI",0.9815,12.2829382044369,0.0499999999999972,"LogNormal",40,3000,40
"Synthetic-only",0.978,11.8543320139026,0,"LogNormal",40,3000,40
"SCP",0.9885,9.85301865348929,0,"Student-t",40,3000,40
"RSA-CP (OT) (Ours)",0.982,8.32645690523956,0.00999999999999091,"Student-t",40,3000,40
"SPI",0.9895,10.1679733156819,0.0500000000000114,"Student-t",40,3000,40
"Synthetic-only",0.9915,11.234788820079,0,"Student-t",40,3000,40
"SCP",0.9365,8.15475744456515,0,"LogNormal",41,3000,40
"RSA-CP (OT) (Ours)",0.9205,7.63018191725721,0.019999999999996,"LogNormal",41,3000,40
"SPI",0.9695,10.5880149994591,0.039999999999992,"LogNormal",41,3000,40
"Synthetic-only",0.9815,12.2328431651078,0,"LogNormal",41,3000,40
"SCP",0.9405,5.4704668837002,0,"Student-t",41,3000,40
"RSA-CP (OT) (Ours)",0.9165,4.74329586830837,0.0200000000000102,"Student-t",41,3000,40
"SPI",0.9895,10.3784759923803,0.0499999999999972,"Student-t",41,3000,40
"Synthetic-only",0.9895,10.3216496383626,0,"Student-t",41,3000,40
"SCP",0.964,9.86169544210738,0,"LogNormal",42,3000,40
"RSA-CP (OT) (Ours)",0.963,9.76871401793236,0.0100000000000051,"LogNormal",42,3000,40
"SPI",0.966,10.0571434027462,0.0499999999999972,"LogNormal",42,3000,40
"Synthetic-only",0.976,11.5443183256602,0,"LogNormal",42,3000,40
"SCP",0.9675,6.7878827064144,0,"Student-t",42,3000,40
"RSA-CP (OT) (Ours)",0.9645,6.58928244299534,0,"Student-t",42,3000,40
"SPI",0.982,8.45824172593648,0.0499999999999972,"Student-t",42,3000,40
"Synthetic-only",0.9935,11.8772371386813,0.00999999999999091,"Student-t",42,3000,40
"SCP",0.945,8.4607139533095,0,"LogNormal",43,3000,40
"RSA-CP (OT) (Ours)",0.9425,8.37994080038859,0,"LogNormal",43,3000,40
"SPI",0.9655,9.98859896145344,0.0599999999999881,"LogNormal",43,3000,40
"Synthetic-only",0.987,13.4137320985795,0.019999999999996,"LogNormal",43,3000,40
"SCP",0.969,6.97650079596506,0,"Student-t",43,3000,40
"RSA-CP (OT) (Ours)",0.957,6.14707329714854,0,"Student-t",43,3000,40
"SPI",0.9895,10.3267505141083,0.0500000000000114,"Student-t",43,3000,40
"Synthetic-only",0.9915,10.9594407590478,0,"Student-t",43,3000,40
"SCP",0.8485,5.88814950519324,0,"LogNormal",44,3000,40
"RSA-CP (OT) (Ours)",0.819,5.41227878748074,0,"LogNormal",44,3000,40
"SPI",0.9005,6.99228426309978,0.0600000000000023,"LogNormal",44,3000,40
"Synthetic-only",0.9695,10.6265204132647,0.0100000000000051,"LogNormal",44,3000,40
"SCP",0.928,5.08854708105842,0,"Student-t",44,3000,40
"RSA-CP (OT) (Ours)",0.9205,4.85925809771445,0,"Student-t",44,3000,40
"SPI",0.9855,9.08335720758405,0.0499999999999972,"Student-t",44,3000,40
"Synthetic-only",0.9945,12.1670759263185,0,"Student-t",44,3000,40
"SCP",0.942,8.35452344948252,0,"LogNormal",45,3000,40
"RSA-CP (OT) (Ours)",0.9185,7.56287536872183,0.019999999999996,"LogNormal",45,3000,40
"SPI",0.9635,9.84759016982303,0.039999999999992,"LogNormal",45,3000,40
"Synthetic-only",0.963,9.82826773604576,0,"LogNormal",45,3000,40
"SCP",0.9595,6.3714787717566,0,"Student-t",45,3000,40
"RSA-CP (OT) (Ours)",0.9385,5.37573531741616,0,"Student-t",45,3000,40
"SPI",0.9915,11.4086799000262,0.0500000000000114,"Student-t",45,3000,40
"Synthetic-only",0.9915,11.3499305329261,0,"Student-t",45,3000,40
"SCP",0.9365,8.14466816065432,0,"LogNormal",46,3000,40
"RSA-CP (OT) (Ours)",0.9285,7.88680739399681,0,"LogNormal",46,3000,40
"SPI",0.938,8.19811754522591,0.0600000000000023,"LogNormal",46,3000,40
"Synthetic-only",0.989,13.9599703995266,0.0100000000000051,"LogNormal",46,3000,40
"SCP",0.9915,10.9603371874355,0,"Student-t",46,3000,40
"RSA-CP (OT) (Ours)",0.9875,9.49187596296133,0,"Student-t",46,3000,40
"SPI",0.9945,12.2216943415107,0.0499999999999972,"Student-t",46,3000,40
"Synthetic-only",0.9945,12.2180540852087,0,"Student-t",46,3000,40
"SCP",0.959,9.32281725660939,0,"LogNormal",47,3000,40
"RSA-CP (OT) (Ours)",0.957,9.26344541973199,0.019999999999996,"LogNormal",47,3000,40
"SPI",0.958,9.2928395155304,0.039999999999992,"LogNormal",47,3000,40
"Synthetic-only",0.9495,8.75754247263948,0,"LogNormal",47,3000,40
"SCP",0.966,6.71557376243573,0,"Student-t",47,3000,40
"RSA-CP (OT) (Ours)",0.9645,6.61667305877069,0,"Student-t",47,3000,40
"SPI",0.9905,10.7220350669272,0.0700000000000074,"Student-t",47,3000,40
"Synthetic-only",0.99,10.6133470810567,0,"Student-t",47,3000,40
"SCP",0.905,7.09641295964713,0,"LogNormal",48,3000,40
"RSA-CP (OT) (Ours)",0.8875,6.67241351893982,0.0100000000000051,"LogNormal",48,3000,40
"SPI",0.9615,9.56619693591618,0.0499999999999972,"LogNormal",48,3000,40
"Synthetic-only",0.982,12.4370612429503,0,"LogNormal",48,3000,40
"SCP",0.8625,3.86861096218508,0,"Student-t",48,3000,40
"RSA-CP (OT) (Ours)",0.8545,3.74483873106709,0.0600000000000023,"Student-t",48,3000,40
"SPI",0.992,11.5226912073026,0.0499999999999972,"Student-t",48,3000,40
"Synthetic-only",0.992,11.4701054521735,0,"Student-t",48,3000,40
"SCP",0.908,7.17239537398122,0,"LogNormal",49,3000,40
"RSA-CP (OT) (Ours)",0.902,7.0283819325174,0,"LogNormal",49,3000,40
"SPI",0.942,8.35593786460457,0.0500000000000114,"LogNormal",49,3000,40
"Synthetic-only",0.9395,8.22197294649593,0,"LogNormal",49,3000,40
"SCP",0.9625,6.48596338207674,0,"Student-t",49,3000,40
"RSA-CP (OT) (Ours)",0.949,5.7204102403124,0.019999999999996,"Student-t",49,3000,40
"SPI",0.9685,6.93724805455204,0.0400000000000063,"Student-t",49,3000,40
"Synthetic-only",0.9915,10.8940081938821,0,"Student-t",49,3000,40
"SCP",0.9705,10.7285322520761,0,"LogNormal",50,3000,40
"RSA-CP (OT) (Ours)",0.963,9.67969848522255,0.019999999999996,"LogNormal",50,3000,40
"SPI",0.985,13.1331494238381,0.0499999999999972,"LogNormal",50,3000,40
"Synthetic-only",0.9815,12.3121193823932,0,"LogNormal",50,3000,40
"SCP",0.9195,4.81817602122175,0,"Student-t",50,3000,40
"RSA-CP (OT) (Ours)",0.886,4.2798156926481,0,"Student-t",50,3000,40
"SPI",0.9895,10.0602726461388,0.0600000000000023,"Student-t",50,3000,40
"Synthetic-only",0.9895,10.3000442309901,0.0100000000000051,"Student-t",50,3000,40
"SCP",0.967,10.1745107015257,0,"LogNormal",51,3000,40
"RSA-CP (OT) (Ours)",0.9495,8.70168262682802,0,"LogNormal",51,3000,40
"SPI",0.969,10.350982421682,0.0600000000000023,"LogNormal",51,3000,40
"Synthetic-only",0.9675,10.2655720003512,0.00999999999999091,"LogNormal",51,3000,40
"SCP",0.928,5.05647354284398,0,"Student-t",51,3000,40
"RSA-CP (OT) (Ours)",0.9065,4.60769987571513,0,"Student-t",51,3000,40
"SPI",0.9875,9.33851224359114,0.0499999999999972,"Student-t",51,3000,40
"Synthetic-only",0.992,11.5706197995867,0,"Student-t",51,3000,40
"SCP",0.9205,7.62333805021462,0,"LogNormal",52,3000,40
"RSA-CP (OT) (Ours)",0.911,7.32727200594616,0,"LogNormal",52,3000,40
"SPI",0.9695,10.6186969936579,0.0699999999999932,"LogNormal",52,3000,40
"Synthetic-only",0.988,13.682990478748,0,"LogNormal",52,3000,40
"SCP",0.9735,7.33947485425126,0,"Student-t",52,3000,40
"RSA-CP (OT) (Ours)",0.9645,6.58450695693028,0,"Student-t",52,3000,40
"SPI",0.982,8.23683735216915,0.0400000000000063,"Student-t",52,3000,40
"Synthetic-only",0.9915,11.3522421122244,0,"Student-t",52,3000,40
"SCP",0.954,9.09383358603349,0,"LogNormal",53,3000,40
"RSA-CP (OT) (Ours)",0.948,8.57505966950642,0,"LogNormal",53,3000,40
"SPI",0.953,9.05659143487495,0.039999999999992,"LogNormal",53,3000,40
"Synthetic-only",0.9495,8.75910162165601,0,"LogNormal",53,3000,40
"SCP",0.9975,13.9650320606124,0,"Student-t",53,3000,40
"RSA-CP (OT) (Ours)",0.99,10.6256552707853,0.0200000000000102,"Student-t",53,3000,40
"SPI",0.99,10.6660044048539,0.0499999999999972,"Student-t",53,3000,40
"Synthetic-only",0.99,10.636434432555,0,"Student-t",53,3000,40
"SCP",0.9275,7.85703449956647,0,"LogNormal",54,3000,40
"RSA-CP (OT) (Ours)",0.9185,7.51821241570684,0.0100000000000051,"LogNormal",54,3000,40
"SPI",0.9685,10.3051532245277,0.0499999999999972,"LogNormal",54,3000,40
"Synthetic-only",0.963,9.81451275026996,0,"LogNormal",54,3000,40
"SCP",0.968,6.90045963654829,0,"Student-t",54,3000,40
"RSA-CP (OT) (Ours)",0.957,6.20442755541839,0,"Student-t",54,3000,40
"SPI",0.9905,10.7199454597575,0.0600000000000023,"Student-t",54,3000,40
"Synthetic-only",0.9905,10.6859430455708,0,"Student-t",54,3000,40
"SCP",0.977,11.6380857528231,0,"LogNormal",55,3000,40
"RSA-CP (OT) (Ours)",0.9735,11.0315600828831,0,"LogNormal",55,3000,40
"SPI",0.9865,13.2695826356034,0.0599999999999881,"LogNormal",55,3000,40
"Synthetic-only",0.985,13.0952022753758,0.019999999999996,"LogNormal",55,3000,40
"SCP",0.9855,8.95202702584368,0,"Student-t",55,3000,40
"RSA-CP (OT) (Ours)",0.982,8.23929603273147,0,"Student-t",55,3000,40
"SPI",0.9895,10.0883542283908,0.0500000000000114,"Student-t",55,3000,40
"Synthetic-only",0.9935,11.9092689295741,0,"Student-t",55,3000,40
"SCP",0.963,9.72466070852969,0,"LogNormal",56,3000,40
"RSA-CP (OT) (Ours)",0.945,8.51299303533757,0,"LogNormal",56,3000,40
"SPI",0.978,11.7932386451083,0.039999999999992,"LogNormal",56,3000,40
"Synthetic-only",0.9775,11.703403147132,0,"LogNormal",56,3000,40
"SCP",0.8945,4.39762161162426,0,"Student-t",56,3000,40
"RSA-CP (OT) (Ours)",0.8735,4.03709840698118,0.0200000000000102,"Student-t",56,3000,40
"SPI",0.9275,5.03709319984678,0.0499999999999972,"Student-t",56,3000,40
"Synthetic-only",0.992,11.4911139177638,0,"Student-t",56,3000,40
"SCP",0.8485,5.90542287761172,0,"LogNormal",57,3000,40
"RSA-CP (OT) (Ours)",0.8475,5.85883398023231,0.0100000000000051,"LogNormal",57,3000,40
"SPI",0.942,8.35993302341424,0.0499999999999972,"LogNormal",57,3000,40
"Synthetic-only",0.9505,8.78556059824338,0,"LogNormal",57,3000,40
"SCP",0.952,5.91497981828468,0,"Student-t",57,3000,40
"RSA-CP (OT) (Ours)",0.948,5.70234373440262,0,"Student-t",57,3000,40
"SPI",0.9645,6.61042651786016,0.0499999999999972,"Student-t",57,3000,40
"Synthetic-only",0.9945,12.2865318973917,0,"Student-t",57,3000,40
"SCP",0.96,9.41075772720833,0,"LogNormal",58,3000,40
"RSA-CP (OT) (Ours)",0.9565,9.24553779100477,0,"LogNormal",58,3000,40
"SPI",0.976,11.4910876774043,0.0599999999999881,"LogNormal",58,3000,40
"Synthetic-only",0.976,11.4124226037179,0.019999999999996,"LogNormal",58,3000,40
"SCP",0.9675,6.83082574768036,0,"Student-t",58,3000,40
"RSA-CP (OT) (Ours)",0.956,6.12515883516614,0,"Student-t",58,3000,40
"SPI",0.9875,9.52382812601297,0.0500000000000114,"Student-t",58,3000,40
"Synthetic-only",0.994,11.9637543427676,0,"Student-t",58,3000,40
"SCP",0.9565,9.2123097293686,0,"LogNormal",59,3000,40
"RSA-CP (OT) (Ours)",0.934,8.09435495699673,0,"LogNormal",59,3000,40
"SPI",0.9425,8.41537544853985,0.039999999999992,"LogNormal",59,3000,40
"Synthetic-only",0.9425,8.38705643723467,0,"LogNormal",59,3000,40
"SCP",0.982,8.3618316555807,0,"Student-t",59,3000,40
"RSA-CP (OT) (Ours)",0.982,8.16074132560631,0.0200000000000102,"Student-t",59,3000,40
"SPI",0.995,12.7379631344437,0.0499999999999972,"Student-t",59,3000,40
"Synthetic-only",0.9945,12.6394325063058,0,"Student-t",59,3000,40
"SCP",0.8415,5.74570997604226,0,"LogNormal",60,3000,40
"RSA-CP (OT) (Ours)",0.829,5.60636267194961,0,"LogNormal",60,3000,40
"SPI",0.8585,6.04719081168149,0.0499999999999972,"LogNormal",60,3000,40
"Synthetic-only",0.947,8.56446197494421,0,"LogNormal",60,3000,40
"SCP",0.993,11.782209464128,0,"Student-t",60,3000,40
"RSA-CP (OT) (Ours)",0.989,9.94629391875927,0.00999999999999091,"Student-t",60,3000,40
"SPI",0.9925,11.6802196087601,0.0500000000000114,"Student-t",60,3000,40
"Synthetic-only",0.992,11.458774509783,0,"Student-t",60,3000,40
"SCP",0.979,11.949879498474,0,"LogNormal",61,3000,40
"RSA-CP (OT) (Ours)",0.9695,10.5377470068028,0.019999999999996,"LogNormal",61,3000,40
"SPI",0.963,9.79965950901847,0.039999999999992,"LogNormal",61,3000,40
"Synthetic-only",0.9565,9.2155243969421,0,"LogNormal",61,3000,40
"SCP",0.9435,5.58418970180919,0,"Student-t",61,3000,40
"RSA-CP (OT) (Ours)",0.9355,5.30596191674964,0,"Student-t",61,3000,40
"SPI",0.9915,10.9113295411513,0.0700000000000074,"Student-t",61,3000,40
"Synthetic-only",0.9915,11.0527380490882,0.0200000000000102,"Student-t",61,3000,40
"SCP",0.9945,17.1705944888419,0,"LogNormal",62,3000,40
"RSA-CP (OT) (Ours)",0.982,12.3845271126862,0.0100000000000051,"LogNormal",62,3000,40
"SPI",0.9795,12.0878566576578,0.0499999999999972,"LogNormal",62,3000,40
"Synthetic-only",0.9795,12.0486202869873,0,"LogNormal",62,3000,40
"SCP",0.9805,7.9021216833679,0,"Student-t",62,3000,40
"RSA-CP (OT) (Ours)",0.972,7.20561747537845,0,"Student-t",62,3000,40
"SPI",0.9905,10.7218163324347,0.0600000000000023,"Student-t",62,3000,40
"Synthetic-only",0.994,11.9853598465082,0.00999999999999091,"Student-t",62,3000,40
"SCP",0.9115,7.34496128808111,0,"LogNormal",63,3000,40
"RSA-CP (OT) (Ours)",0.9015,7.00604192730347,0.019999999999996,"LogNormal",63,3000,40
"SPI",0.922,7.69463496200849,0.039999999999992,"LogNormal",63,3000,40
"Synthetic-only",0.961,9.5381457204933,0,"LogNormal",63,3000,40
"SCP",0.974,7.41141681857363,0,"Student-t",63,3000,40
"RSA-CP (OT) (Ours)",0.9675,6.83803146271265,0,"Student-t",63,3000,40
"SPI",0.9775,7.72519830434414,0.0500000000000114,"Student-t",63,3000,40
"Synthetic-only",0.9945,12.1887381483712,0,"Student-t",63,3000,40
"SCP",0.86,6.06352463571626,0,"LogNormal",64,3000,40
"RSA-CP (OT) (Ours)",0.8355,5.67446656601384,0,"LogNormal",64,3000,40
"SPI",0.975,11.2558445986826,0.0600000000000023,"LogNormal",64,3000,40
"Synthetic-only",0.976,11.4092060182931,0.0100000000000051,"LogNormal",64,3000,40
"SCP",0.903,4.49953254959512,0,"Student-t",64,3000,40
"RSA-CP (OT) (Ours)",0.8845,4.24262180291194,0,"Student-t",64,3000,40
"SPI",0.918,4.78223927714242,0.0499999999999972,"Student-t",64,3000,40
"Synthetic-only",0.9915,11.4019120868358,0,"Student-t",64,3000,40
"SCP",0.9885,13.7213002252981,0,"LogNormal",65,3000,40
"RSA-CP (OT) (Ours)",0.9815,12.3151564490213,0,"LogNormal",65,3000,40
"SPI",0.9765,11.5890419682321,0.0499999999999972,"LogNormal",65,3000,40
"Synthetic-only",0.945,8.46917907305383,0,"LogNormal",65,3000,40
"SCP",0.9345,5.2706954855641,0,"Student-t",65,3000,40
"RSA-CP (OT) (Ours)",0.927,5.00559111241716,0.00999999999999091,"Student-t",65,3000,40
"SPI",0.941,5.51661606560021,0.0500000000000114,"Student-t",65,3000,40
"Synthetic-only",0.9885,9.84206660675358,0,"Student-t",65,3000,40
"SCP",0.9015,7.01578219849151,0,"LogNormal",66,3000,40
"RSA-CP (OT) (Ours)",0.8815,6.49896170808422,0,"LogNormal",66,3000,40
"SPI",0.9525,8.89777268991882,0.0400000000000063,"LogNormal",66,3000,40
"Synthetic-only",0.9505,8.84425640993134,0,"LogNormal",66,3000,40
"SCP",0.982,8.18071992044754,0,"Student-t",66,3000,40
"RSA-CP (OT) (Ours)",0.976,7.55211862221106,0.019999999999996,"Student-t",66,3000,40
"SPI",0.9945,12.4615097805221,0.0499999999999972,"Student-t",66,3000,40
"Synthetic-only",0.9945,12.4325495842624,0,"Student-t",66,3000,40
"SCP",0.886,6.62567293394752,0,"LogNormal",67,3000,40
"RSA-CP (OT) (Ours)",0.871,6.22830737541853,0.00999999999999091,"LogNormal",67,3000,40
"SPI",0.9205,7.61658440034778,0.0500000000000114,"LogNormal",67,3000,40
"Synthetic-only",0.989,13.9391992474198,0,"LogNormal",67,3000,40
"SCP",0.861,3.83633972954415,0,"Student-t",67,3000,40
"RSA-CP (OT) (Ours)",0.834,3.47841697009281,0.00999999999999091,"Student-t",67,3000,40
"SPI",0.923,4.90937349057405,0.0300000000000011,"Student-t",67,3000,40
"Synthetic-only",0.9915,11.3192965839751,0,"Student-t",67,3000,40
"SCP",0.94,8.22611044129499,0,"LogNormal",68,3000,40
"RSA-CP (OT) (Ours)",0.911,7.33471430248839,0.0199999999999818,"LogNormal",68,3000,40
"SPI",0.941,8.29279270967939,0.0400000000000205,"LogNormal",68,3000,40
"Synthetic-only",0.9815,12.2863642837999,0,"LogNormal",68,3000,40
"SCP",0.9675,6.85947914421475,0,"Student-t",68,3000,40
"RSA-CP (OT) (Ours)",0.957,6.14707329714854,0,"Student-t",68,3000,40
"SPI",0.972,7.24917560402549,0.0499999999999829,"Student-t",68,3000,40
"Synthetic-only",0.9925,11.6713501898413,0,"Student-t",68,3000,40
"SCP",0.9505,8.83291933168647,0,"LogNormal",69,3000,40
"RSA-CP (OT) (Ours)",0.911,7.31233410648994,0,"LogNormal",69,3000,40
"SPI",0.959,9.32036488863615,0.0600000000000023,"LogNormal",69,3000,40
"Synthetic-only",0.9555,9.18952351029759,0,"LogNormal",69,3000,40
"SCP",0.9585,6.31614022266818,0,"Student-t",69,3000,40
"RSA-CP (OT) (Ours)",0.958,6.24475647071593,0,"Student-t",69,3000,40
"SPI",0.9875,9.72313557987963,0.039999999999992,"Student-t",69,3000,40
"Synthetic-only",0.9945,12.107569368109,0,"Student-t",69,3000,40
"SCP",0.8095,5.28632543171439,0,"LogNormal",70,3000,40
"RSA-CP (OT) (Ours)",0.8045,5.23100175276989,0,"LogNormal",70,3000,40
"SPI",0.843,5.76788887404491,0.0600000000000023,"LogNormal",70,3000,40
"Synthetic-only",0.963,9.73514501151714,0.0199999999999818,"LogNormal",70,3000,40
"SCP",0.94,5.44590234401054,0,"Student-t",70,3000,40
"RSA-CP (OT) (Ours)",0.9295,5.1551493658991,0,"Student-t",70,3000,40
"SPI",0.9565,6.12730515205313,0.0499999999999829,"Student-t",70,3000,40
"Synthetic-only",0.9945,12.1219918741211,0,"Student-t",70,3000,40
"SCP",0.9055,7.12130071061009,0,"LogNormal",71,3000,40
"RSA-CP (OT) (Ours)",0.8805,6.44610830799122,0,"LogNormal",71,3000,40
"SPI",0.9425,8.4107115523822,0.039999999999992,"LogNormal",71,3000,40
"Synthetic-only",0.9425,8.40031921223915,0,"LogNormal",71,3000,40
"SCP",0.9125,4.67607890782532,0,"Student-t",71,3000,40
"RSA-CP (OT) (Ours)",0.8825,4.18369650009372,0.0200000000000102,"Student-t",71,3000,40
"SPI",0.9875,9.59516338312141,0.039999999999992,"Student-t",71,3000,40
"Synthetic-only",0.9915,11.1553280665991,0,"Student-t",71,3000,40
"SCP",0.9185,7.55315095007488,0,"LogNormal",72,3000,40
"RSA-CP (OT) (Ours)",0.909,7.23627945011783,0,"LogNormal",72,3000,40
"SPI",0.945,8.5013887179156,0.0499999999999829,"LogNormal",72,3000,40
"Synthetic-only",0.9445,8.44133663475897,0,"LogNormal",72,3000,40
"SCP",0.949,5.75254337240093,0,"Student-t",72,3000,40
"RSA-CP (OT) (Ours)",0.928,5.0950660128124,0.0100000000000193,"Student-t",72,3000,40
"SPI",0.95,5.81184396236902,0.0499999999999829,"Student-t",72,3000,40
"Synthetic-only",0.992,11.4711329326333,0,"Student-t",72,3000,40
"SCP",0.9175,7.49183778241846,0,"LogNormal",73,3000,40
"RSA-CP (OT) (Ours)",0.863,6.09233852179793,0.0200000000000102,"LogNormal",73,3000,40
"SPI",0.946,8.53479885205101,0.039999999999992,"LogNormal",73,3000,40
"Synthetic-only",0.958,9.30006919765628,0,"LogNormal",73,3000,40
"SCP",0.9545,6.07934915593173,0,"Student-t",73,3000,40
"RSA-CP (OT) (Ours)",0.928,5.09328930335165,0.0200000000000102,"Student-t",73,3000,40
"SPI",0.9915,11.3442508047191,0.039999999999992,"Student-t",73,3000,40
"Synthetic-only",0.9915,11.3174847057952,0,"Student-t",73,3000,40
"SCP",0.965,9.90673013707775,0,"LogNormal",74,3000,40
"RSA-CP (OT) (Ours)",0.9425,8.40630535076796,0.0200000000000102,"LogNormal",74,3000,40
"SPI",0.9435,8.42136619027291,0.0499999999999829,"LogNormal",74,3000,40
"Synthetic-only",0.9415,8.33595790640424,0,"LogNormal",74,3000,40
"SCP",0.951,5.88289295962075,0,"Student-t",74,3000,40
"RSA-CP (OT) (Ours)",0.9445,5.6132083192001,0,"Student-t",74,3000,40
"SPI",0.983,8.68843658825399,0.0600000000000023,"Student-t",74,3000,40
"Synthetic-only",0.9915,11.3184292290556,0,"Student-t",74,3000,40
"SCP",0.9905,15.0154752068505,0,"LogNormal",75,3000,40
"RSA-CP (OT) (Ours)",0.982,12.4817402017854,0.0200000000000102,"LogNormal",75,3000,40
"SPI",0.9735,11.027635161911,0.039999999999992,"LogNormal",75,3000,40
"Synthetic-only",0.9515,8.85887471378923,0,"LogNormal",75,3000,40
"SCP",0.862,3.85348960917039,0,"Student-t",75,3000,40
"RSA-CP (OT) (Ours)",0.8575,3.76691344009047,0,"Student-t",75,3000,40
"SPI",0.91,4.65804603027586,0.0600000000000023,"Student-t",75,3000,40
"Synthetic-only",0.9915,11.3757083148788,0,"Student-t",75,3000,40
"SCP",0.962,9.61092847627081,0,"LogNormal",76,3000,40
"RSA-CP (OT) (Ours)",0.9335,8.07901634511021,0.0200000000000102,"LogNormal",76,3000,40
"SPI",0.9735,11.036477042415,0.0499999999999829,"LogNormal",76,3000,40
"Synthetic-only",0.99,14.5520614639011,0,"LogNormal",76,3000,40
"SCP",0.972,7.29717987751266,0,"Student-t",76,3000,40
"RSA-CP (OT) (Ours)",0.9545,6.04842259417074,0,"Student-t",76,3000,40
"SPI",0.9915,11.2816479460722,0.0600000000000023,"Student-t",76,3000,40
"Synthetic-only",0.9915,11.1234573717994,0,"Student-t",76,3000,40
"SCP",0.929,7.9128189507977,0,"LogNormal",77,3000,40
"RSA-CP (OT) (Ours)",0.917,7.48621622070518,0.0200000000000102,"LogNormal",77,3000,40
"SPI",0.938,8.18700691952702,0.039999999999992,"LogNormal",77,3000,40
"Synthetic-only",0.9525,8.99431467649339,0,"LogNormal",77,3000,40
"SCP",0.936,5.31792363490957,0,"Student-t",77,3000,40
"RSA-CP (OT) (Ours)",0.933,5.21152338673267,0,"Student-t",77,3000,40
"SPI",0.9585,6.29478588988786,0.0500000000000114,"Student-t",77,3000,40
"Synthetic-only",0.9915,10.987223097347,0.0200000000000102,"Student-t",77,3000,40
"SCP",0.9775,11.7779606097257,0,"LogNormal",78,3000,40
"RSA-CP (OT) (Ours)",0.972,10.8435279485704,0,"LogNormal",78,3000,40
"SPI",0.9815,12.2753930089714,0.0699999999999932,"LogNormal",78,3000,40
"Synthetic-only",0.9815,12.2698679578918,0.0200000000000102,"LogNormal",78,3000,40
"SCP",0.9445,5.61936303624713,0,"Student-t",78,3000,40
"RSA-CP (OT) (Ours)",0.929,5.13857052400074,0,"Student-t",78,3000,40
"SPI",0.957,6.17524580389086,0.0400000000000205,"Student-t",78,3000,40
"Synthetic-only",0.9915,11.2814501919186,0,"Student-t",78,3000,40
"SCP",0.9665,10.1511602656647,0,"LogNormal",79,3000,40
"RSA-CP (OT) (Ours)",0.955,9.16873894623498,0,"LogNormal",79,3000,40
"SPI",0.9565,9.20347760638789,0.0500000000000114,"LogNormal",79,3000,40
"Synthetic-only",0.954,9.0988354043077,0,"LogNormal",79,3000,40
"SCP",0.967,6.75756598236046,0,"Student-t",79,3000,40
"RSA-CP (OT) (Ours)",0.95,5.82167044632835,0.00999999999999091,"Student-t",79,3000,40
"SPI",0.9715,7.1416502951879,0.0500000000000114,"Student-t",79,3000,40
"Synthetic-only",0.99,10.6627598368007,0,"Student-t",79,3000,40
"SCP",0.9835,12.7536399038933,0,"LogNormal",80,3000,40
"RSA-CP (OT) (Ours)",0.976,11.4976602579548,0,"LogNormal",80,3000,40
"SPI",0.9815,12.234330771756,0.0500000000000114,"LogNormal",80,3000,40
"Synthetic-only",0.9795,12.1069188134147,0,"LogNormal",80,3000,40
"SCP",0.959,6.33403775460038,0,"Student-t",80,3000,40
"RSA-CP (OT) (Ours)",0.9455,5.63177039321419,0.0199999999999818,"Student-t",80,3000,40
"SPI",0.982,8.507268843358,0.0400000000000205,"Student-t",80,3000,40
"Synthetic-only",0.9945,12.1212336032827,0,"Student-t",80,3000,40
"SCP",0.977,11.6380857528231,0,"LogNormal",81,3000,40
"RSA-CP (OT) (Ours)",0.9735,11.0998099597118,0.0199999999999818,"LogNormal",81,3000,40
"SPI",0.972,10.827930684354,0.0500000000000114,"LogNormal",81,3000,40
"Synthetic-only",0.953,9.03871160581902,0,"LogNormal",81,3000,40
"SCP",0.9585,6.30431143864716,0,"Student-t",81,3000,40
"RSA-CP (OT) (Ours)",0.952,5.94731365104267,0,"Student-t",81,3000,40
"SPI",0.9895,10.0883542283908,0.0600000000000023,"Student-t",81,3000,40
"Synthetic-only",0.9945,12.3027929896803,0.00999999999999091,"Student-t",81,3000,40
"SCP",0.938,8.18317138804068,0,"LogNormal",82,3000,40
"RSA-CP (OT) (Ours)",0.9215,7.6792598309969,0,"LogNormal",82,3000,40
"SPI",0.9405,8.23554726531011,0.0600000000000023,"LogNormal",82,3000,40
"Synthetic-only",0.9615,9.59919752954494,0.00999999999999091,"LogNormal",82,3000,40
"SCP",0.983,8.67360510599589,0,"Student-t",82,3000,40
"RSA-CP (OT) (Ours)",0.982,8.15876446426204,0,"Student-t",82,3000,40
"SPI",0.9895,10.0414912686998,0.0499999999999829,"Student-t",82,3000,40
"Synthetic-only",0.9895,10.3898095776247,0,"Student-t",82,3000,40
"SCP",0.8585,6.03743487853809,0,"LogNormal",83,3000,40
"RSA-CP (OT) (Ours)",0.822,5.49613958129321,0,"LogNormal",83,3000,40
"SPI",0.9175,7.49183778241846,0.0699999999999932,"LogNormal",83,3000,40
"Synthetic-only",0.963,9.73984444399297,0.0199999999999818,"LogNormal",83,3000,40
"SCP",0.9185,4.79232407118943,0,"Student-t",83,3000,40
"RSA-CP (OT) (Ours)",0.9155,4.71652093900882,0,"Student-t",83,3000,40
"SPI",0.9535,6.00844790683921,0.039999999999992,"Student-t",83,3000,40
"Synthetic-only",0.9945,12.3208552131583,0,"Student-t",83,3000,40
"SCP",0.957,9.25027155140852,0,"LogNormal",84,3000,40
"RSA-CP (OT) (Ours)",0.948,8.56658684629017,0,"LogNormal",84,3000,40
"SPI",0.953,9.0127359267124,0.0600000000000023,"LogNormal",84,3000,40
"Synthetic-only",0.9525,8.9872231534574,0.00999999999999091,"LogNormal",84,3000,40
"SCP",0.957,6.15370483791113,0,"Student-t",84,3000,40
"RSA-CP (OT) (Ours)",0.9535,6.01038088745858,0,"Student-t",84,3000,40
"SPI",0.9875,9.48585371287199,0.0499999999999829,"Student-t",84,3000,40
"Synthetic-only",0.9945,12.3294860998551,0,"Student-t",84,3000,40
"SCP",0.8585,6.04800077523059,0,"LogNormal",85,3000,40
"RSA-CP (OT) (Ours)",0.853,5.96553663032968,0,"LogNormal",85,3000,40
"SPI",0.9665,10.1207248203535,0.0699999999999932,"LogNormal",85,3000,40
"Synthetic-only",0.989,13.9377416306959,0.0199999999999818,"LogNormal",85,3000,40
"SCP",0.9685,6.9389686530946,0,"Student-t",85,3000,40
"RSA-CP (OT) (Ours)",0.9425,5.56376040044253,0,"Student-t",85,3000,40
"SPI",0.9905,10.8032491879073,0.039999999999992,"Student-t",85,3000,40
"Synthetic-only",0.9915,11.3087201549583,0,"Student-t",85,3000,40
"SCP",0.96,9.46815308040173,0,"LogNormal",86,3000,40
"RSA-CP (OT) (Ours)",0.9565,9.22083668164011,0,"LogNormal",86,3000,40
"SPI",0.9615,9.59390804336093,0.0600000000000023,"LogNormal",86,3000,40
"Synthetic-only",0.96,9.44522366509688,0.00999999999999091,"LogNormal",86,3000,40
"SCP",0.99,10.6767734526168,0,"Student-t",86,3000,40
"RSA-CP (OT) (Ours)",0.987,9.31924983270029,0,"Student-t",86,3000,40
"SPI",0.9905,10.8118858014587,0.0499999999999829,"Student-t",86,3000,40
"Synthetic-only",0.99,10.6560252430709,0,"Student-t",86,3000,40
"SCP",0.9525,8.91365847612488,0,"LogNormal",87,3000,40
"RSA-CP (OT) (Ours)",0.913,7.38673910256221,0,"LogNormal",87,3000,40
"SPI",0.955,9.170913787716,0.0499999999999829,"LogNormal",87,3000,40
"Synthetic-only",0.953,9.07643749798269,0,"LogNormal",87,3000,40
"SCP",0.972,7.24084384556472,0,"Student-t",87,3000,40
"RSA-CP (OT) (Ours)",0.9525,5.98700701694049,0,"Student-t",87,3000,40
"SPI",0.983,8.63843329569161,0.039999999999992,"Student-t",87,3000,40
"Synthetic-only",0.9915,10.9171005960661,0,"Student-t",87,3000,40
"SCP",0.903,7.05887808604241,0,"LogNormal",88,3000,40
"RSA-CP (OT) (Ours)",0.8995,6.95434648452882,0,"LogNormal",88,3000,40
"SPI",0.967,10.1798380069558,0.0499999999999829,"LogNormal",88,3000,40
"Synthetic-only",0.966,10.0470641063787,0,"LogNormal",88,3000,40
"SCP",0.903,4.49758847245121,0,"Student-t",88,3000,40
"RSA-CP (OT) (Ours)",0.8825,4.19979485997619,0,"Student-t",88,3000,40
"SPI",0.9895,10.4008689434905,0.0499999999999829,"Student-t",88,3000,40
"Synthetic-only",0.9915,11.3409778161779,0,"Student-t",88,3000,40
"SCP",0.975,11.2165670038087,0,"LogNormal",89,3000,40
"RSA-CP (OT) (Ours)",0.973,10.9953856579712,0,"LogNormal",89,3000,40
"SPI",0.9725,10.8737381068443,0.0499999999999829,"LogNormal",89,3000,40
"Synthetic-only",0.97,10.667586565925,0,"LogNormal",89,3000,40
"SCP",0.9855,9.01799278612199,0,"Student-t",89,3000,40
"RSA-CP (OT) (Ours)",0.9825,8.56606717589394,0.0200000000000102,"Student-t",89,3000,40
"SPI",0.9895,10.2600909700557,0.039999999999992,"Student-t",89,3000,40
"Synthetic-only",0.9945,12.1759570522457,0,"Student-t",89,3000,40
"SCP",0.969,10.4282108319197,0,"LogNormal",90,3000,40
"RSA-CP (OT) (Ours)",0.969,10.3478942321593,0,"LogNormal",90,3000,40
"SPI",0.974,11.1381739061707,0.0499999999999829,"LogNormal",90,3000,40
"Synthetic-only",0.973,10.9694990893444,0,"LogNormal",90,3000,40
"SCP",0.963,6.49186922213956,0,"Student-t",90,3000,40
"RSA-CP (OT) (Ours)",0.9435,5.56896209991111,0.0100000000000193,"Student-t",90,3000,40
"SPI",0.9905,10.7123988574774,0.0499999999999829,"Student-t",90,3000,40
"Synthetic-only",0.9915,11.222610976399,0,"Student-t",90,3000,40
"SCP",0.96,9.45945366494828,0,"LogNormal",91,3000,40
"RSA-CP (OT) (Ours)",0.9425,8.38334434690429,0.0100000000000193,"LogNormal",91,3000,40
"SPI",0.967,10.2319716226676,0.0499999999999829,"LogNormal",91,3000,40
"Synthetic-only",0.982,12.4431279197788,0,"LogNormal",91,3000,40
"SCP",0.9525,5.99590358687451,0,"Student-t",91,3000,40
"RSA-CP (OT) (Ours)",0.9155,4.71683496462005,0,"Student-t",91,3000,40
"SPI",0.9825,8.58852992739805,0.0600000000000023,"Student-t",91,3000,40
"Synthetic-only",0.994,11.9251583084547,0.0200000000000102,"Student-t",91,3000,40
"SCP",0.864,6.14080774861645,0,"LogNormal",92,3000,40
"RSA-CP (OT) (Ours)",0.8455,5.8266146221728,0.0200000000000102,"LogNormal",92,3000,40
"SPI",0.927,7.82006853181877,0.0499999999999829,"LogNormal",92,3000,40
"Synthetic-only",0.97,10.6944783454504,0,"LogNormal",92,3000,40
"SCP",0.9545,6.05435269586257,0,"Student-t",92,3000,40
"RSA-CP (OT) (Ours)",0.9505,5.83360497900392,0,"Student-t",92,3000,40
"SPI",0.972,7.28754356058871,0.0400000000000205,"Student-t",92,3000,40
"Synthetic-only",0.9935,11.9044783087197,0.0100000000000193,"Student-t",92,3000,40
"SCP",0.9505,8.78193230801768,0,"LogNormal",93,3000,40
"RSA-CP (OT) (Ours)",0.945,8.46388278467733,0,"LogNormal",93,3000,40
"SPI",0.969,10.3734481198831,0.0600000000000023,"LogNormal",93,3000,40
"Synthetic-only",0.9845,12.9729013382476,0.0100000000000193,"LogNormal",93,3000,40
"SCP",0.998,15.6041826183524,0,"Student-t",93,3000,40
"RSA-CP (OT) (Ours)",0.993,11.7818018655585,0,"Student-t",93,3000,40
"SPI",0.994,12.0102912537193,0.0500000000000114,"Student-t",93,3000,40
"Synthetic-only",0.994,11.989843451303,0,"Student-t",93,3000,40
"SCP",0.9615,9.55039130461009,0,"LogNormal",94,3000,40
"RSA-CP (OT) (Ours)",0.913,7.38308347102446,0,"LogNormal",94,3000,40
"SPI",0.9495,8.75292375511488,0.0500000000000114,"LogNormal",94,3000,40
"Synthetic-only",0.9495,8.73711119697952,0,"LogNormal",94,3000,40
"SCP",0.9685,6.92751829357955,0,"Student-t",94,3000,40
"RSA-CP (OT) (Ours)",0.9525,5.98700701694049,0,"Student-t",94,3000,40
"SPI",0.9915,10.9039350368152,0.0400000000000205,"Student-t",94,3000,40
"Synthetic-only",0.9915,11.3835756089578,0,"Student-t",94,3000,40
"SCP",0.9525,8.87312767093159,0,"LogNormal",95,3000,40
"RSA-CP (OT) (Ours)",0.9185,7.55397709710172,0,"LogNormal",95,3000,40
"SPI",0.963,9.74438400617536,0.0500000000000114,"LogNormal",95,3000,40
"Synthetic-only",0.96,9.42492835712025,0,"LogNormal",95,3000,40
"SCP",0.928,5.08863161071781,0,"Student-t",95,3000,40
"RSA-CP (OT) (Ours)",0.9125,4.67619653007308,0.00999999999999091,"Student-t",95,3000,40
"SPI",0.952,5.94223086881218,0.0500000000000114,"Student-t",95,3000,40
"Synthetic-only",0.9945,12.4537202303994,0,"Student-t",95,3000,40
"SCP",0.8835,6.5542531271675,0,"LogNormal",96,3000,40
"RSA-CP (OT) (Ours)",0.8725,6.26757313284955,0,"LogNormal",96,3000,40
"SPI",0.945,8.49590869938818,0.0500000000000114,"LogNormal",96,3000,40
"Synthetic-only",0.945,8.45110756034068,0,"LogNormal",96,3000,40
"SCP",0.971,7.09863372906405,0,"Student-t",96,3000,40
"RSA-CP (OT) (Ours)",0.9675,6.8826877795736,0.0199999999999818,"Student-t",96,3000,40
"SPI",0.9925,11.7076530431191,0.0400000000000205,"Student-t",96,3000,40
"Synthetic-only",0.992,11.5697864512646,0,"Student-t",96,3000,40
"SCP",0.948,8.59162764371561,0,"LogNormal",97,3000,40
"RSA-CP (OT) (Ours)",0.925,7.78303361249686,0.0199999999999818,"LogNormal",97,3000,40
"SPI",0.9605,9.53632092921445,0.0500000000000114,"LogNormal",97,3000,40
"Synthetic-only",0.989,13.9549025635978,0,"LogNormal",97,3000,40
"SCP",0.997,13.159906012465,0,"Student-t",97,3000,40
"RSA-CP (OT) (Ours)",0.993,11.7497071298411,0,"Student-t",97,3000,40
"SPI",0.9935,11.8669952237923,0.039999999999992,"Student-t",97,3000,40
"Synthetic-only",0.9935,11.862616979787,0.0200000000000102,"Student-t",97,3000,40
"SCP",0.9495,8.73667905910841,0,"LogNormal",98,3000,40
"RSA-CP (OT) (Ours)",0.9415,8.33753372205782,0.00999999999999091,"LogNormal",98,3000,40
"SPI",0.9615,9.57797135625828,0.0500000000000114,"LogNormal",98,3000,40
"Synthetic-only",0.9905,14.8619641794626,0,"LogNormal",98,3000,40
"SCP",0.9895,10.0146296637488,0,"Student-t",98,3000,40
"RSA-CP (OT) (Ours)",0.982,8.18268825715608,0,"Student-t",98,3000,40
"SPI",0.99,10.5553710232615,0.0499999999999829,"Student-t",98,3000,40
"Synthetic-only",0.9945,12.2554221881921,0,"Student-t",98,3000,40
"SCP",0.923,7.7174576565847,0,"LogNormal",99,3000,40
"RSA-CP (OT) (Ours)",0.917,7.48506640821804,0,"LogNormal",99,3000,40
"SPI",0.933,8.06661220524216,0.0699999999999932,"LogNormal",99,3000,40
"Synthetic-only",0.9305,7.99715196645452,0.0199999999999818,"LogNormal",99,3000,40
"SCP",0.952,5.96428863532254,0,"Student-t",99,3000,40
"RSA-CP (OT) (Ours)",0.9265,4.98046066172379,0,"Student-t",99,3000,40
"SPI",0.993,11.8049540251488,0.039999999999992,"Student-t",99,3000,40
"Synthetic-only",0.993,11.7342754257141,0,"Student-t",99,3000,40
"SCP",0.953,9.03674126777586,0,"LogNormal",100,3000,40
"RSA-CP (OT) (Ours)",0.9185,7.5742587027758,0,"LogNormal",100,3000,40
"SPI",0.9785,11.9173856993616,0.0600000000000023,"LogNormal",100,3000,40
"Synthetic-only",0.977,11.6181962805272,0.00999999999999091,"LogNormal",100,3000,40
"SCP",0.92,4.84797582689113,0,"Student-t",100,3000,40
"RSA-CP (OT) (Ours)",0.9155,4.7281727563992,0.0199999999999818,"Student-t",100,3000,40
"SPI",0.9915,11.2616650056561,0.0400000000000205,"Student-t",100,3000,40
"Synthetic-only",0.994,11.9540147509489,0,"Student-t",100,3000,40
"SCP",0.954,9.09383358603349,0,"LogNormal",1,3000,80
"RSA-CP (OT) (Ours)",0.9425,8.37994080038859,0.129999999999995,"LogNormal",1,3000,80
"SPI",0.9755,11.3098875031019,0.109999999999985,"LogNormal",1,3000,80
"Synthetic-only",0.979,11.9578740366031,0.00999999999999091,"LogNormal",1,3000,80
"SCP",0.9575,6.22281998439933,0,"Student-t",1,3000,80
"RSA-CP (OT) (Ours)",0.9545,6.0457031641654,0.0600000000000023,"Student-t",1,3000,80
"SPI",0.9825,8.56475610444424,0.0900000000000034,"Student-t",1,3000,80
"Synthetic-only",0.992,11.4827265823118,0,"Student-t",1,3000,80
"SCP",0.969,10.4843392967339,0,"LogNormal",2,3000,80
"RSA-CP (OT) (Ours)",0.9655,9.97521781853263,0.0200000000000102,"LogNormal",2,3000,80
"SPI",0.9505,8.82617393719915,0.0900000000000034,"LogNormal",2,3000,80
"Synthetic-only",0.9505,8.82144470656488,0.00999999999999091,"LogNormal",2,3000,80
"SCP",0.982,8.41746379333687,0.0199999999999818,"Student-t",2,3000,80
"RSA-CP (OT) (Ours)",0.982,8.35184985544671,0,"Student-t",2,3000,80
"SPI",0.9915,11.1260674492825,0.0900000000000034,"Student-t",2,3000,80
"Synthetic-only",0.9915,11.1125080126964,0,"Student-t",2,3000,80
"SCP",0.9155,7.45032994438257,0,"LogNormal",3,3000,80
"RSA-CP (OT) (Ours)",0.8815,6.50993585055226,0.0200000000000102,"LogNormal",3,3000,80
"SPI",0.9665,10.1075680979711,0.0900000000000034,"LogNormal",3,3000,80
"Synthetic-only",0.9665,10.1296648372816,0,"LogNormal",3,3000,80
"SCP",0.9735,7.34806433720946,0,"Student-t",3,3000,80
"RSA-CP (OT) (Ours)",0.963,6.53447836238844,0.0199999999999818,"Student-t",3,3000,80
"SPI",0.9915,10.8879889071096,0.0800000000000125,"Student-t",3,3000,80
"Synthetic-only",0.9915,11.0554228976126,0,"Student-t",3,3000,80
"SCP",0.9675,10.2747256658491,0,"LogNormal",4,3000,80
"RSA-CP (OT) (Ours)",0.9665,10.1698305869959,0.0200000000000102,"LogNormal",4,3000,80
"SPI",0.963,9.71915554473551,0.0699999999999932,"LogNormal",4,3000,80
"Synthetic-only",0.9525,8.93826303130677,0,"LogNormal",4,3000,80
"SCP",0.9535,6.00858819996255,0,"Student-t",4,3000,80
"RSA-CP (OT) (Ours)",0.952,5.95044539902221,0,"Student-t",4,3000,80
"SPI",0.9675,6.82845518626689,0.0900000000000034,"Student-t",4,3000,80
"Synthetic-only",0.9925,11.6425814122984,0,"Student-t",4,3000,80
"SCP",0.9465,8.55734984610934,0.0199999999999818,"LogNormal",5,3000,80
"RSA-CP (OT) (Ours)",0.94,8.23288989432152,0,"LogNormal",5,3000,80
"SPI",0.9495,8.75362957264392,0.0900000000000034,"LogNormal",5,3000,80
"Synthetic-only",0.9495,8.73548022293314,0,"LogNormal",5,3000,80
"SCP",0.993,11.7501813547319,0,"Student-t",5,3000,80
"RSA-CP (OT) (Ours)",0.9915,10.9497305584125,0.0200000000000102,"Student-t",5,3000,80
"SPI",0.9915,11.3260670487725,0.0900000000000034,"Student-t",5,3000,80
"Synthetic-only",0.9915,11.3136644312418,0,"Student-t",5,3000,80
"SCP",0.925,7.78311198015448,0,"LogNormal",6,3000,80
"RSA-CP (OT) (Ours)",0.918,7.51146444294492,0.0199999999999818,"LogNormal",6,3000,80
"SPI",0.945,8.48645303243542,0.0900000000000034,"LogNormal",6,3000,80
"Synthetic-only",0.9435,8.42758285828467,0,"LogNormal",6,3000,80
"SCP",0.983,8.74112675994407,0,"Student-t",6,3000,80
"RSA-CP (OT) (Ours)",0.9825,8.56423744555327,0,"Student-t",6,3000,80
"SPI",0.9875,9.77525759794582,0.0999999999999943,"Student-t",6,3000,80
"Synthetic-only",0.994,12.0052520529035,0,"Student-t",6,3000,80
"SCP",0.899,6.93078205335345,0,"LogNormal",7,3000,80
"RSA-CP (OT) (Ours)",0.8865,6.6311009490061,0,"LogNormal",7,3000,80
"SPI",0.936,8.119609158972,0.0999999999999943,"LogNormal",7,3000,80
"Synthetic-only",0.9305,7.98115051011275,0.0199999999999818,"LogNormal",7,3000,80
"SCP",0.974,7.46334853219271,0,"Student-t",7,3000,80
"RSA-CP (OT) (Ours)",0.965,6.66063546390504,0.00999999999999091,"Student-t",7,3000,80
"SPI",0.9875,9.52497296194412,0.0900000000000034,"Student-t",7,3000,80
"Synthetic-only",0.992,11.4846201002372,0,"Student-t",7,3000,80
"SCP",0.963,9.75591498799042,0,"LogNormal",8,3000,80
"RSA-CP (OT) (Ours)",0.955,9.16644599125312,0.0200000000000102,"LogNormal",8,3000,80
"SPI",0.953,9.05237449098064,0.0900000000000034,"LogNormal",8,3000,80
"Synthetic-only",0.9525,8.90296133125848,0,"LogNormal",8,3000,80
"SCP",0.9545,6.0496768216591,0,"Student-t",8,3000,80
"RSA-CP (OT) (Ours)",0.9515,5.89883428974876,0.0199999999999818,"Student-t",8,3000,80
"SPI",0.9595,6.3870470878954,0.0800000000000125,"Student-t",8,3000,80
"Synthetic-only",0.992,11.4427565228846,0.00999999999999091,"Student-t",8,3000,80
"SCP",0.966,10.0319828115128,0,"LogNormal",9,3000,80
"RSA-CP (OT) (Ours)",0.963,9.7882483344941,0.0200000000000102,"LogNormal",9,3000,80
"SPI",0.9485,8.63731106919786,0.0900000000000034,"LogNormal",9,3000,80
"Synthetic-only",0.945,8.51173756531405,0,"LogNormal",9,3000,80
"SCP",0.9815,8.01671272433786,0,"Student-t",9,3000,80
"RSA-CP (OT) (Ours)",0.9805,7.89239681681898,0,"Student-t",9,3000,80
"SPI",0.9905,10.7891655963894,0.0999999999999943,"Student-t",9,3000,80
"Synthetic-only",0.992,11.5912292580566,0,"Student-t",9,3000,80
"SCP",0.9415,8.34033742541944,0,"LogNormal",10,3000,80
"RSA-CP (OT) (Ours)",0.9305,8.01222873914125,0,"LogNormal",10,3000,80
"SPI",0.9505,8.81254458785256,0.110000000000014,"LogNormal",10,3000,80
"Synthetic-only",0.9495,8.70816693085945,0,"LogNormal",10,3000,80
"SCP",0.964,6.56437802556592,0,"Student-t",10,3000,80
"RSA-CP (OT) (Ours)",0.958,6.27586038178123,0,"Student-t",10,3000,80
"SPI",0.9875,9.35941237457057,0.0999999999999943,"Student-t",10,3000,80
"Synthetic-only",0.9925,11.6534689992398,0,"Student-t",10,3000,80
"SCP",0.9015,7.01954002676236,0,"LogNormal",11,3000,80
"RSA-CP (OT) (Ours)",0.8925,6.77965484175954,0.0200000000000102,"LogNormal",11,3000,80
"SPI",0.9365,8.15437980798509,0.0699999999999932,"LogNormal",11,3000,80
"Synthetic-only",0.9355,8.11703556583659,0,"LogNormal",11,3000,80
"SCP",0.974,7.46334853219271,0,"Student-t",11,3000,80
"RSA-CP (OT) (Ours)",0.972,7.24781224664123,0,"Student-t",11,3000,80
"SPI",0.9875,9.45802750582755,0.0900000000000034,"Student-t",11,3000,80
"Synthetic-only",0.9915,11.3585756626667,0,"Student-t",11,3000,80
"SCP",0.938,8.18018130524809,0,"LogNormal",12,3000,80
"RSA-CP (OT) (Ours)",0.93,7.97104872328605,0,"LogNormal",12,3000,80
"SPI",0.963,9.70485973601856,0.0900000000000034,"LogNormal",12,3000,80
"Synthetic-only",0.9615,9.55483001824891,0,"LogNormal",12,3000,80
"SCP",0.9685,6.92879016148629,0,"Student-t",12,3000,80
"RSA-CP (OT) (Ours)",0.963,6.52671893128835,0.0200000000000102,"Student-t",12,3000,80
"SPI",0.9775,7.68697438523279,0.0900000000000034,"Student-t",12,3000,80
"Synthetic-only",0.992,11.4437106477692,0,"Student-t",12,3000,80
"SCP",0.969,10.4286177479079,0,"LogNormal",13,3000,80
"RSA-CP (OT) (Ours)",0.965,9.89695518773576,0.0199999999999818,"LogNormal",13,3000,80
"SPI",0.976,11.5170002486262,0.0900000000000034,"LogNormal",13,3000,80
"Synthetic-only",0.975,11.1943636248215,0,"LogNormal",13,3000,80
"SCP",0.9625,6.48585886332581,0,"Student-t",13,3000,80
"RSA-CP (OT) (Ours)",0.941,5.52700685329395,0,"Student-t",13,3000,80
"SPI",0.9875,9.46934970838098,0.0999999999999943,"Student-t",13,3000,80
"Synthetic-only",0.9915,11.3981169092402,0,"Student-t",13,3000,80
"SCP",0.9515,8.86409974921732,0,"LogNormal",14,3000,80
"RSA-CP (OT) (Ours)",0.9495,8.67870745345913,0,"LogNormal",14,3000,80
"SPI",0.9705,10.7265703154502,0.0999999999999943,"LogNormal",14,3000,80
"Synthetic-only",0.9695,10.5801763563369,0,"LogNormal",14,3000,80
"SCP",0.966,6.71253465137984,0,"Student-t",14,3000,80
"RSA-CP (OT) (Ours)",0.965,6.66003374081904,0.00999999999999091,"Student-t",14,3000,80
"SPI",0.9905,10.7619221827607,0.0900000000000034,"Student-t",14,3000,80
"Synthetic-only",0.992,11.4767991590941,0,"Student-t",14,3000,80
"SCP",0.965,9.90211680022522,0,"LogNormal",15,3000,80
"RSA-CP (OT) (Ours)",0.9625,9.66916246198683,0.0200000000000102,"LogNormal",15,3000,80
"SPI",0.953,9.07062894267396,0.0900000000000034,"LogNormal",15,3000,80
"Synthetic-only",0.9495,8.74409392038987,0,"LogNormal",15,3000,80
"SCP",0.9695,6.9939726882931,0,"Student-t",15,3000,80
"RSA-CP (OT) (Ours)",0.967,6.73996510334405,0.0199999999999818,"Student-t",15,3000,80
"SPI",0.981,7.94841142470169,0.0800000000000125,"Student-t",15,3000,80
"Synthetic-only",0.9915,11.3770212832633,0,"Student-t",15,3000,80
"SCP",0.9695,10.5875841274522,0,"LogNormal",16,3000,80
"RSA-CP (OT) (Ours)",0.969,10.33946290105,0,"LogNormal",16,3000,80
"SPI",0.9595,9.33658825163744,0.0999999999999943,"LogNormal",16,3000,80
"Synthetic-only",0.959,9.32129085732995,0.0200000000000102,"LogNormal",16,3000,80
"SCP",0.923,4.90946913934047,0,"Student-t",16,3000,80
"RSA-CP (OT) (Ours)",0.9005,4.46283404926666,0.0100000000000193,"Student-t",16,3000,80
"SPI",0.9915,11.2022088826971,0.0999999999999943,"Student-t",16,3000,80
"Synthetic-only",0.9915,11.1978564370231,0,"Student-t",16,3000,80
"SCP",0.958,9.29598580395761,0,"LogNormal",17,3000,80
"RSA-CP (OT) (Ours)",0.934,8.08207834688485,0.00999999999999091,"LogNormal",17,3000,80
"SPI",0.9485,8.634714091643,0.0999999999999943,"LogNormal",17,3000,80
"Synthetic-only",0.948,8.5912907470927,0,"LogNormal",17,3000,80
"SCP",0.9675,6.86553915805995,0,"Student-t",17,3000,80
"RSA-CP (OT) (Ours)",0.967,6.75005693086428,0,"Student-t",17,3000,80
"SPI",0.977,7.57681610290145,0.0900000000000034,"Student-t",17,3000,80
"Synthetic-only",0.993,11.7223028204981,0.0100000000000193,"Student-t",17,3000,80
"SCP",0.948,8.57802893426257,0,"LogNormal",18,3000,80
"RSA-CP (OT) (Ours)",0.9305,8.01222873914125,0,"LogNormal",18,3000,80
"SPI",0.9775,11.7062220847901,0.0900000000000034,"LogNormal",18,3000,80
"Synthetic-only",0.976,11.5413007642039,0.00999999999999091,"LogNormal",18,3000,80
"SCP",0.907,4.61952034521256,0,"Student-t",18,3000,80
"RSA-CP (OT) (Ours)",0.902,4.48417537154037,0.00999999999999091,"Student-t",18,3000,80
"SPI",0.9895,10.121806685176,0.0999999999999943,"Student-t",18,3000,80
"Synthetic-only",0.992,11.5558550780945,0,"Student-t",18,3000,80
"SCP",0.96,9.46888828152477,0,"LogNormal",19,3000,80
"RSA-CP (OT) (Ours)",0.955,9.16212496929431,0.0100000000000193,"LogNormal",19,3000,80
"SPI",0.9795,12.0857289838934,0.0999999999999943,"LogNormal",19,3000,80
"Synthetic-only",0.9845,13.0593806853559,0,"LogNormal",19,3000,80
"SCP",0.8855,4.27752590151892,0,"Student-t",19,3000,80
"RSA-CP (OT) (Ours)",0.883,4.21513597518757,0.00999999999999091,"Student-t",19,3000,80
"SPI",0.972,7.21199217138164,0.0999999999999943,"Student-t",19,3000,80
"Synthetic-only",0.9925,11.6486806218821,0,"Student-t",19,3000,80
"SCP",0.951,8.85049156186156,0,"LogNormal",20,3000,80
"RSA-CP (OT) (Ours)",0.9415,8.33707488933086,0.0100000000000193,"LogNormal",20,3000,80
"SPI",0.969,10.3094416676801,0.0999999999999943,"LogNormal",20,3000,80
"Synthetic-only",0.967,10.24837412317,0,"LogNormal",20,3000,80
"SCP",0.965,6.67111743509652,0,"Student-t",20,3000,80
"RSA-CP (OT) (Ours)",0.958,6.24904693127553,0,"Student-t",20,3000,80
"SPI",0.982,8.4603595379682,0.0900000000000034,"Student-t",20,3000,80
"Synthetic-only",0.993,11.7222172047757,0,"Student-t",20,3000,80
"SCP",0.929,7.90777435543344,0,"LogNormal",21,3000,80
"RSA-CP (OT) (Ours)",0.9185,7.56287536872183,0,"LogNormal",21,3000,80
"SPI",0.9485,8.63452154003362,0.0900000000000034,"LogNormal",21,3000,80
"Synthetic-only",0.9835,12.7094067138937,0,"LogNormal",21,3000,80
"SCP",0.9665,6.73660307342947,0,"Student-t",21,3000,80
"RSA-CP (OT) (Ours)",0.962,6.46947730766815,0.0200000000000102,"Student-t",21,3000,80
"SPI",0.9855,9.003598086651,0.0900000000000034,"Student-t",21,3000,80
"Synthetic-only",0.9925,11.6265965148645,0,"Student-t",21,3000,80
"SCP",0.925,7.78350662915415,0,"LogNormal",22,3000,80
"RSA-CP (OT) (Ours)",0.9205,7.62806323222484,0.00999999999999091,"LogNormal",22,3000,80
"SPI",0.9425,8.37089036265203,0.0999999999999943,"LogNormal",22,3000,80
"Synthetic-only",0.9905,15.2554831677032,0,"LogNormal",22,3000,80
"SCP",0.958,6.26876841151846,0,"Student-t",22,3000,80
"RSA-CP (OT) (Ours)",0.955,6.08246152134483,0,"Student-t",22,3000,80
"SPI",0.974,7.42807197929842,0.0900000000000034,"Student-t",22,3000,80
"Synthetic-only",0.9945,12.5995126353176,0,"Student-t",22,3000,80
"SCP",0.966,10.0301697261426,0,"LogNormal",23,3000,80
"RSA-CP (OT) (Ours)",0.9625,9.66916246198683,0,"LogNormal",23,3000,80
"SPI",0.9525,8.91208195619997,0.0900000000000034,"LogNormal",23,3000,80
"Synthetic-only",0.9445,8.44442307077425,0,"LogNormal",23,3000,80
"SCP",0.923,4.88979991226672,0,"Student-t",23,3000,80
"RSA-CP (OT) (Ours)",0.919,4.80007415617436,0.0199999999999818,"Student-t",23,3000,80
"SPI",0.9665,6.72458832242164,0.0900000000000034,"Student-t",23,3000,80
"Synthetic-only",0.9915,11.2449444898987,0,"Student-t",23,3000,80
"SCP",0.912,7.37813119772552,0,"LogNormal",24,3000,80
"RSA-CP (OT) (Ours)",0.9105,7.2974799099195,0.0200000000000102,"LogNormal",24,3000,80
"SPI",0.957,9.24730355249766,0.0900000000000034,"LogNormal",24,3000,80
"Synthetic-only",0.956,9.19929406164428,0,"LogNormal",24,3000,80
"SCP",0.982,8.27470620439657,0,"Student-t",24,3000,80
"RSA-CP (OT) (Ours)",0.9775,7.67548715788752,0.0199999999999818,"Student-t",24,3000,80
"SPI",0.9905,10.800793705938,0.0900000000000034,"Student-t",24,3000,80
"Synthetic-only",0.9905,10.7900928078497,0,"Student-t",24,3000,80
"SCP",0.962,9.64200960724334,0,"LogNormal",25,3000,80
"RSA-CP (OT) (Ours)",0.9615,9.60340143216733,0.0200000000000102,"LogNormal",25,3000,80
"SPI",0.9765,11.605189333363,0.0900000000000034,"LogNormal",25,3000,80
"Synthetic-only",0.989,13.7613568609126,0,"LogNormal",25,3000,80
"SCP",0.9515,5.89835297588549,0,"Student-t",25,3000,80
"RSA-CP (OT) (Ours)",0.9435,5.57567542028208,0,"Student-t",25,3000,80
"SPI",0.9935,11.8843200588028,0.0900000000000034,"Student-t",25,3000,80
"Synthetic-only",0.9945,12.5099338869928,0,"Student-t",25,3000,80
"SCP",0.964,9.86438867441118,0,"LogNormal",26,3000,80
"RSA-CP (OT) (Ours)",0.963,9.68747802785363,0,"LogNormal",26,3000,80
"SPI",0.967,10.2317371416818,0.110000000000014,"LogNormal",26,3000,80
"Synthetic-only",0.9645,9.87366181907668,0,"LogNormal",26,3000,80
"SCP",0.963,6.52828017418761,0,"Student-t",26,3000,80
"RSA-CP (OT) (Ours)",0.948,5.68343157555698,0,"Student-t",26,3000,80
"SPI",0.981,7.99201435602777,0.0900000000000034,"Student-t",26,3000,80
"Synthetic-only",0.9915,10.8943197575949,0,"Student-t",26,3000,80
"SCP",0.948,8.58265398140503,0,"LogNormal",27,3000,80
"RSA-CP (OT) (Ours)",0.9425,8.39618287608147,0,"LogNormal",27,3000,80
"SPI",0.9795,12.0604865582195,0.0900000000000034,"LogNormal",27,3000,80
"Synthetic-only",0.983,12.573740917661,0,"LogNormal",27,3000,80
"SCP",0.972,7.2516571476872,0,"Student-t",27,3000,80
"RSA-CP (OT) (Ours)",0.971,7.09620510823563,0.0200000000000102,"Student-t",27,3000,80
"SPI",0.982,8.25173017938531,0.0900000000000034,"Student-t",27,3000,80
"Synthetic-only",0.9945,12.110604091034,0,"Student-t",27,3000,80
"SCP",0.9705,10.7179979483898,0,"LogNormal",28,3000,80
"RSA-CP (OT) (Ours)",0.96,9.44341411649619,0,"LogNormal",28,3000,80
"SPI",0.978,11.8485401063576,0.0900000000000034,"LogNormal",28,3000,80
"Synthetic-only",0.9865,13.2694967811092,0,"LogNormal",28,3000,80
"SCP",0.971,7.12453798892,0,"Student-t",28,3000,80
"RSA-CP (OT) (Ours)",0.9665,6.7310283741299,0.0200000000000102,"Student-t",28,3000,80
"SPI",0.982,8.19606120343084,0.0699999999999932,"Student-t",28,3000,80
"Synthetic-only",0.9915,11.0824645937616,0.0200000000000102,"Student-t",28,3000,80
"SCP",0.9465,8.55303734960787,0,"LogNormal",29,3000,80
"RSA-CP (OT) (Ours)",0.938,8.19645170646443,0.00999999999999091,"LogNormal",29,3000,80
"SPI",0.9375,8.17687279891574,0.0999999999999943,"LogNormal",29,3000,80
"Synthetic-only",0.9375,8.17596519348061,0,"LogNormal",29,3000,80
"SCP",0.982,8.27758986805448,0,"Student-t",29,3000,80
"RSA-CP (OT) (Ours)",0.9815,8.05822826146193,0,"Student-t",29,3000,80
"SPI",0.9935,11.9016014853705,0.0900000000000034,"Student-t",29,3000,80
"Synthetic-only",0.9945,12.1731491098068,0.0100000000000193,"Student-t",29,3000,80
"SCP",0.9425,8.4107261045361,0,"LogNormal",30,3000,80
"RSA-CP (OT) (Ours)",0.924,7.74712287382994,0.00999999999999091,"LogNormal",30,3000,80
"SPI",0.9505,8.83067838627737,0.0999999999999943,"LogNormal",30,3000,80
"Synthetic-only",0.949,8.67141436075928,0,"LogNormal",30,3000,80
"SCP",0.986,9.11404281925658,0,"Student-t",30,3000,80
"RSA-CP (OT) (Ours)",0.9785,7.76558498038826,0,"Student-t",30,3000,80
"SPI",0.9895,10.3468035034004,0.0900000000000034,"Student-t",30,3000,80
"Synthetic-only",0.9895,10.3108656354727,0,"Student-t",30,3000,80
"SCP",0.9365,8.14654666814791,0,"LogNormal",31,3000,80
"RSA-CP (OT) (Ours)",0.9285,7.88680739399681,0,"LogNormal",31,3000,80
"SPI",0.9485,8.66086646526102,0.0900000000000034,"LogNormal",31,3000,80
"Synthetic-only",0.948,8.60258703846219,0,"LogNormal",31,3000,80
"SCP",0.9845,8.88440110027795,0,"Student-t",31,3000,80
"RSA-CP (OT) (Ours)",0.983,8.7426590590023,0.0199999999999818,"Student-t",31,3000,80
"SPI",0.9895,10.3799872300582,0.0900000000000034,"Student-t",31,3000,80
"Synthetic-only",0.99,10.5753089784704,0,"Student-t",31,3000,80
"SCP",0.9425,8.39709329678289,0,"LogNormal",32,3000,80
"RSA-CP (OT) (Ours)",0.9415,8.30190251999665,0,"LogNormal",32,3000,80
"SPI",0.9675,10.2875165673284,0.0900000000000034,"LogNormal",32,3000,80
"Synthetic-only",0.9755,11.3438783161615,0,"LogNormal",32,3000,80
"SCP",0.9685,6.9207046846359,0,"Student-t",32,3000,80
"RSA-CP (OT) (Ours)",0.965,6.67396529404699,0.00999999999999091,"Student-t",32,3000,80
"SPI",0.975,7.47967667511832,0.0999999999999943,"Student-t",32,3000,80
"Synthetic-only",0.9945,12.1860045019321,0,"Student-t",32,3000,80
"SCP",0.966,10.0661144221081,0,"LogNormal",33,3000,80
"RSA-CP (OT) (Ours)",0.964,9.86765379561522,0.0100000000000193,"LogNormal",33,3000,80
"SPI",0.983,12.5987349126611,0.0999999999999943,"LogNormal",33,3000,80
"Synthetic-only",0.9865,13.2829118395414,0,"LogNormal",33,3000,80
"SCP",0.9435,5.58976370562537,0,"Student-t",33,3000,80
"RSA-CP (OT) (Ours)",0.906,4.56184614100862,0,"Student-t",33,3000,80
"SPI",0.966,6.72024971117585,0.0900000000000034,"Student-t",33,3000,80
"Synthetic-only",0.9905,10.7723759252979,0.00999999999999091,"Student-t",33,3000,80
"SCP",0.911,7.33373946979724,0,"LogNormal",34,3000,80
"RSA-CP (OT) (Ours)",0.905,7.10758233528036,0,"LogNormal",34,3000,80
"SPI",0.921,7.64022463735037,0.0900000000000034,"LogNormal",34,3000,80
"Synthetic-only",0.93,7.94817388573183,0.0300000000000296,"LogNormal",34,3000,80
"SCP",0.896,4.41623602194604,0,"Student-t",34,3000,80
"RSA-CP (OT) (Ours)",0.8945,4.39076664082039,0,"Student-t",34,3000,80
"SPI",0.9645,6.58336122828599,0.0900000000000034,"Student-t",34,3000,80
"Synthetic-only",0.995,12.7489216346598,0,"Student-t",34,3000,80
"SCP",0.909,7.2307062458561,0,"LogNormal",35,3000,80
"RSA-CP (OT) (Ours)",0.9055,7.13318420832258,0,"LogNormal",35,3000,80
"SPI",0.914,7.42473027172285,0.0900000000000034,"LogNormal",35,3000,80
"Synthetic-only",0.945,8.47648387902305,0,"LogNormal",35,3000,80
"SCP",0.9795,7.83112475999017,0,"Student-t",35,3000,80
"RSA-CP (OT) (Ours)",0.9735,7.33701840311335,0.0200000000000102,"Student-t",35,3000,80
"SPI",0.9895,10.0414912686998,0.0900000000000034,"Student-t",35,3000,80
"Synthetic-only",0.992,11.5910500926676,0,"Student-t",35,3000,80
"SCP",0.905,7.11527680830091,0.00999999999999091,"LogNormal",36,3000,80
"RSA-CP (OT) (Ours)",0.903,7.04824699915469,0,"LogNormal",36,3000,80
"SPI",0.9315,8.03253760527267,0.0999999999999943,"LogNormal",36,3000,80
"Synthetic-only",0.9455,8.52101981466666,0,"LogNormal",36,3000,80
"SCP",0.965,6.6820481363066,0,"Student-t",36,3000,80
"RSA-CP (OT) (Ours)",0.9645,6.59116935657468,0.0100000000000193,"Student-t",36,3000,80
"SPI",0.983,8.64529757984895,0.0999999999999943,"Student-t",36,3000,80
"Synthetic-only",0.9925,11.6522744379997,0,"Student-t",36,3000,80
"SCP",0.9595,9.34641786423235,0,"LogNormal",37,3000,80
"RSA-CP (OT) (Ours)",0.9505,8.82476451427196,0.00999999999999091,"LogNormal",37,3000,80
"SPI",0.9445,8.44054958855248,0.0999999999999943,"LogNormal",37,3000,80
"Synthetic-only",0.9445,8.43990531944439,0,"LogNormal",37,3000,80
"SCP",0.972,7.29717987751266,0,"Student-t",37,3000,80
"RSA-CP (OT) (Ours)",0.9695,7.0319977209935,0,"Student-t",37,3000,80
"SPI",0.9915,10.936864215616,0.0900000000000034,"Student-t",37,3000,80
"Synthetic-only",0.9915,11.0419185737887,0,"Student-t",37,3000,80
"SCP",0.965,9.89746464758366,0,"LogNormal",38,3000,80
"RSA-CP (OT) (Ours)",0.9605,9.51452162773023,0,"LogNormal",38,3000,80
"SPI",0.9775,11.6717386187542,0.0900000000000034,"LogNormal",38,3000,80
"Synthetic-only",0.983,12.595056338452,0.00999999999999091,"LogNormal",38,3000,80
"SCP",0.9285,5.11540074548672,0,"Student-t",38,3000,80
"RSA-CP (OT) (Ours)",0.928,5.04786866134198,0,"Student-t",38,3000,80
"SPI",0.9675,6.83962205285065,0.0900000000000034,"Student-t",38,3000,80
"Synthetic-only",0.9915,11.185206027108,0,"Student-t",38,3000,80
"SCP",0.9485,8.65580555830612,0,"LogNormal",39,3000,80
"RSA-CP (OT) (Ours)",0.9305,7.98590319749188,0,"LogNormal",39,3000,80
"SPI",0.96,9.42453905194432,0.0900000000000034,"LogNormal",39,3000,80
"Synthetic-only",0.9895,14.2191631120396,0,"LogNormal",39,3000,80
"SCP",0.941,5.52388675140622,0,"Student-t",39,3000,80
"RSA-CP (OT) (Ours)",0.939,5.38592695994388,0.00999999999999091,"Student-t",39,3000,80
"SPI",0.977,7.64546129376127,0.0999999999999943,"Student-t",39,3000,80
"Synthetic-only",0.9945,12.4882085285932,0,"Student-t",39,3000,80
"SCP",0.969,10.4485038125583,0,"LogNormal",40,3000,80
"RSA-CP (OT) (Ours)",0.963,9.81281552655375,0.0100000000000193,"LogNormal",40,3000,80
"SPI",0.953,9.05207056495589,0.0999999999999943,"LogNormal",40,3000,80
"Synthetic-only",0.9525,8.90806722085816,0,"LogNormal",40,3000,80
"SCP",0.972,7.28436607335141,0,"Student-t",40,3000,80
"RSA-CP (OT) (Ours)",0.9695,7.04656968265965,0,"Student-t",40,3000,80
"SPI",0.982,8.52404689350512,0.0900000000000034,"Student-t",40,3000,80
"Synthetic-only",0.9945,12.5831051578602,0.00999999999999091,"Student-t",40,3000,80
"SCP",0.9495,8.68659326180545,0,"LogNormal",41,3000,80
"RSA-CP (OT) (Ours)",0.929,7.90704423348426,0.0100000000000193,"LogNormal",41,3000,80
"SPI",0.966,10.0389241978989,0.0999999999999943,"LogNormal",41,3000,80
"Synthetic-only",0.9695,10.5132975019751,0,"LogNormal",41,3000,80
"SCP",0.976,7.53303355925742,0,"Student-t",41,3000,80
"RSA-CP (OT) (Ours)",0.955,6.08722969766241,0,"Student-t",41,3000,80
"SPI",0.9845,8.83442926992371,0.0900000000000034,"Student-t",41,3000,80
"Synthetic-only",0.992,11.5219216081645,0,"Student-t",41,3000,80
"SCP",0.93,7.97115056109606,0,"LogNormal",42,3000,80
"RSA-CP (OT) (Ours)",0.929,7.90277419188534,0,"LogNormal",42,3000,80
"SPI",0.973,10.9503057433225,0.0900000000000034,"LogNormal",42,3000,80
"Synthetic-only",0.9815,12.2087313914415,0.0100000000000193,"LogNormal",42,3000,80
"SCP",0.9695,6.98236960640027,0,"Student-t",42,3000,80
"RSA-CP (OT) (Ours)",0.9645,6.58127405625001,0.0200000000000102,"Student-t",42,3000,80
"SPI",0.9775,7.70112501204466,0.0900000000000034,"Student-t",42,3000,80
"Synthetic-only",0.9935,11.864584945316,0,"Student-t",42,3000,80
"SCP",0.972,10.8022250561629,0,"LogNormal",43,3000,80
"RSA-CP (OT) (Ours)",0.96,9.45448097995187,0,"LogNormal",43,3000,80
"SPI",0.962,9.62567712492277,0.0999999999999943,"LogNormal",43,3000,80
"Synthetic-only",0.9615,9.59389078080048,0,"LogNormal",43,3000,80
"SCP",0.9575,6.21040102520641,0,"Student-t",43,3000,80
"RSA-CP (OT) (Ours)",0.9495,5.78528500603879,0.0100000000000193,"Student-t",43,3000,80
"SPI",0.972,7.24917560402549,0.0999999999999943,"Student-t",43,3000,80
"Synthetic-only",0.9915,11.267102721774,0,"Student-t",43,3000,80
"SCP",0.9275,7.84760446258067,0,"LogNormal",44,3000,80
"RSA-CP (OT) (Ours)",0.909,7.25207061179462,0.0200000000000102,"LogNormal",44,3000,80
"SPI",0.977,11.6177551620181,0.0799999999999841,"LogNormal",44,3000,80
"Synthetic-only",0.976,11.4329074210125,0,"LogNormal",44,3000,80
"SCP",0.972,7.21032320102716,0,"Student-t",44,3000,80
"RSA-CP (OT) (Ours)",0.9595,6.41051929559776,0,"Student-t",44,3000,80
"SPI",0.9885,9.86556653291662,0.0999999999999943,"Student-t",44,3000,80
"Synthetic-only",0.9945,12.4844168110138,0,"Student-t",44,3000,80
"SCP",0.9495,8.75547352620355,0,"LogNormal",45,3000,80
"RSA-CP (OT) (Ours)",0.9415,8.31521879326474,0,"LogNormal",45,3000,80
"SPI",0.948,8.5863703363656,0.0999999999999943,"LogNormal",45,3000,80
"Synthetic-only",0.946,8.54037352904973,0,"LogNormal",45,3000,80
"SCP",0.964,6.56242169543197,0,"Student-t",45,3000,80
"RSA-CP (OT) (Ours)",0.952,5.95088433336457,0.0100000000000193,"Student-t",45,3000,80
"SPI",0.9915,10.9274666629334,0.0999999999999943,"Student-t",45,3000,80
"Synthetic-only",0.9915,10.9273494533198,0,"Student-t",45,3000,80
"SCP",0.9495,8.69418510099371,0,"LogNormal",46,3000,80
"RSA-CP (OT) (Ours)",0.947,8.56133870787578,0.00999999999999091,"LogNormal",46,3000,80
"SPI",0.964,9.86438867441118,0.0800000000000125,"LogNormal",46,3000,80
"Synthetic-only",0.989,13.9729583152868,0,"LogNormal",46,3000,80
"SCP",0.9675,6.79604092482165,0,"Student-t",46,3000,80
"RSA-CP (OT) (Ours)",0.9355,5.30596191674964,0,"Student-t",46,3000,80
"SPI",0.974,7.3986398415973,0.0999999999999943,"Student-t",46,3000,80
"Synthetic-only",0.9915,11.3862368155065,0,"Student-t",46,3000,80
"SCP",0.918,7.50853761257774,0,"LogNormal",47,3000,80
"RSA-CP (OT) (Ours)",0.8995,6.95434648452882,0,"LogNormal",47,3000,80
"SPI",0.9415,8.336880950936,0.0999999999999943,"LogNormal",47,3000,80
"Synthetic-only",0.9525,8.96176543841702,0,"LogNormal",47,3000,80
"SCP",0.982,8.19166190175231,0,"Student-t",47,3000,80
"RSA-CP (OT) (Ours)",0.972,7.29859318473818,0.00999999999999091,"Student-t",47,3000,80
"SPI",0.9865,9.12395114686598,0.0999999999999943,"Student-t",47,3000,80
"Synthetic-only",0.992,11.5172409041282,0,"Student-t",47,3000,80
"SCP",0.951,8.8467468460297,0,"LogNormal",48,3000,80
"RSA-CP (OT) (Ours)",0.9495,8.68271584997274,0.0100000000000193,"LogNormal",48,3000,80
"SPI",0.959,9.32785319481374,0.0999999999999943,"LogNormal",48,3000,80
"Synthetic-only",0.9555,9.19411740782393,0,"LogNormal",48,3000,80
"SCP",0.978,7.73988260521424,0,"Student-t",48,3000,80
"RSA-CP (OT) (Ours)",0.974,7.44910236149686,0.00999999999999091,"Student-t",48,3000,80
"SPI",0.993,11.7281867067294,0.0999999999999943,"Student-t",48,3000,80
"Synthetic-only",0.9925,11.679680873715,0,"Student-t",48,3000,80
"SCP",0.9215,7.66415268879705,0,"LogNormal",49,3000,80
"RSA-CP (OT) (Ours)",0.912,7.37095701526666,0,"LogNormal",49,3000,80
"SPI",0.9775,11.6859376598582,0.0999999999999943,"LogNormal",49,3000,80
"Synthetic-only",0.982,12.3976035592468,0,"LogNormal",49,3000,80
"SCP",0.9775,7.68690219259016,0,"Student-t",49,3000,80
"RSA-CP (OT) (Ours)",0.9715,7.16861536444212,0.00999999999999091,"Student-t",49,3000,80
"SPI",0.9945,12.0972644314923,0.0900000000000034,"Student-t",49,3000,80
"Synthetic-only",0.994,12.0756513121274,0,"Student-t",49,3000,80
"SCP",0.948,8.61622681789543,0,"LogNormal",50,3000,80
"RSA-CP (OT) (Ours)",0.9415,8.35067488629702,0.0200000000000102,"LogNormal",50,3000,80
"SPI",0.962,9.63790955385096,0.0900000000000034,"LogNormal",50,3000,80
"Synthetic-only",0.9595,9.34147960011133,0,"LogNormal",50,3000,80
"SCP",0.987,9.27984596897977,0,"Student-t",50,3000,80
"RSA-CP (OT) (Ours)",0.9815,8.02239470257376,0,"Student-t",50,3000,80
"SPI",0.9915,10.960588040656,0.159999999999997,"Student-t",50,3000,80
"Synthetic-only",0.9905,10.7616700543564,0.0199999999999818,"Student-t",50,3000,80
"SCP",0.96,9.4090361190218,0,"LogNormal",51,3000,80
"RSA-CP (OT) (Ours)",0.953,9.0137573315339,0,"LogNormal",51,3000,80
"SPI",0.9525,8.92175688819345,0.110000000000014,"LogNormal",51,3000,80
"Synthetic-only",0.9525,8.88380854783389,0,"LogNormal",51,3000,80
"SCP",0.9815,8.04346443862294,0,"Student-t",51,3000,80
"RSA-CP (OT) (Ours)",0.981,7.96512818271346,0,"Student-t",51,3000,80
"SPI",0.9915,10.9715280207175,0.0900000000000034,"Student-t",51,3000,80
"Synthetic-only",0.9915,10.9604676554154,0,"Student-t",51,3000,80
"SCP",0.905,7.08714409822742,0,"LogNormal",52,3000,80
"RSA-CP (OT) (Ours)",0.8995,6.95434648452882,0,"LogNormal",52,3000,80
"SPI",0.9205,7.63403628556315,0.0999999999999943,"LogNormal",52,3000,80
"Synthetic-only",0.9525,8.91801209276429,0,"LogNormal",52,3000,80
"SCP",0.9905,10.719739514079,0,"Student-t",52,3000,80
"RSA-CP (OT) (Ours)",0.9885,9.86095273378434,0.0100000000000193,"Student-t",52,3000,80
"SPI",0.9945,12.5049667138277,0.0999999999999943,"Student-t",52,3000,80
"Synthetic-only",0.9945,12.4951271192191,0,"Student-t",52,3000,80
"SCP",0.912,7.36247834971606,0,"LogNormal",53,3000,80
"RSA-CP (OT) (Ours)",0.8815,6.50993585055226,0.00999999999999091,"LogNormal",53,3000,80
"SPI",0.9545,9.14291328260683,0.0999999999999943,"LogNormal",53,3000,80
"Synthetic-only",0.985,13.1890634767904,0,"LogNormal",53,3000,80
"SCP",0.974,7.39350417111656,0,"Student-t",53,3000,80
"RSA-CP (OT) (Ours)",0.9695,7.03588887132409,0,"Student-t",53,3000,80
"SPI",0.983,8.61545334091679,0.0900000000000034,"Student-t",53,3000,80
"Synthetic-only",0.9945,12.1498176417037,0.0100000000000193,"Student-t",53,3000,80
"SCP",0.929,7.90610547610867,0,"LogNormal",54,3000,80
"RSA-CP (OT) (Ours)",0.918,7.51146444294492,0,"LogNormal",54,3000,80
"SPI",0.9815,12.3724858686105,0.0900000000000034,"LogNormal",54,3000,80
"Synthetic-only",0.976,11.4637228257402,0.00999999999999091,"LogNormal",54,3000,80
"SCP",0.9685,6.92656774159347,0,"Student-t",54,3000,80
"RSA-CP (OT) (Ours)",0.9645,6.58450695693028,0.0199999999999818,"Student-t",54,3000,80
"SPI",0.979,7.80317272721712,0.0900000000000034,"Student-t",54,3000,80
"Synthetic-only",0.9905,10.8189790458961,0,"Student-t",54,3000,80
"SCP",0.9365,8.14281149521562,0,"LogNormal",55,3000,80
"RSA-CP (OT) (Ours)",0.9285,7.88680739399681,0,"LogNormal",55,3000,80
"SPI",0.966,10.0726388197343,0.0900000000000034,"LogNormal",55,3000,80
"Synthetic-only",0.969,10.4463490585926,0,"LogNormal",55,3000,80
"SCP",0.982,8.17671609600734,0,"Student-t",55,3000,80
"RSA-CP (OT) (Ours)",0.975,7.47971737078425,0.00999999999999091,"Student-t",55,3000,80
"SPI",0.9835,8.75956906481627,0.0999999999999943,"Student-t",55,3000,80
"Synthetic-only",0.9945,12.1296210365964,0,"Student-t",55,3000,80
"SCP",0.9375,8.16571047846639,0,"LogNormal",56,3000,80
"RSA-CP (OT) (Ours)",0.936,8.12487503681443,0.0100000000000193,"LogNormal",56,3000,80
"SPI",0.9315,8.02751986389725,0.0999999999999943,"LogNormal",56,3000,80
"Synthetic-only",0.9245,7.77154567633299,0,"LogNormal",56,3000,80
"SCP",0.982,8.34780962888159,0,"Student-t",56,3000,80
"RSA-CP (OT) (Ours)",0.981,7.98265349930681,0,"Student-t",56,3000,80
"SPI",0.9895,10.2479817194119,0.0900000000000034,"Student-t",56,3000,80
"Synthetic-only",0.9915,11.0970930849967,0.00999999999999091,"Student-t",56,3000,80
"SCP",0.978,11.8485401063576,0,"LogNormal",57,3000,80
"RSA-CP (OT) (Ours)",0.976,11.5398905308017,0,"LogNormal",57,3000,80
"SPI",0.969,10.3248522981158,0.0900000000000034,"LogNormal",57,3000,80
"Synthetic-only",0.963,9.70055171304318,0,"LogNormal",57,3000,80
"SCP",0.968,6.90244167533537,0,"Student-t",57,3000,80
"RSA-CP (OT) (Ours)",0.9595,6.37777625325022,0.0200000000000102,"Student-t",57,3000,80
"SPI",0.9895,10.1212000129904,0.0900000000000034,"Student-t",57,3000,80
"Synthetic-only",0.9945,12.5042844405454,0,"Student-t",57,3000,80
"SCP",0.9495,8.74136991591596,0,"LogNormal",58,3000,80
"RSA-CP (OT) (Ours)",0.9445,8.43895027766161,0,"LogNormal",58,3000,80
"SPI",0.976,11.531184671664,0.0900000000000034,"LogNormal",58,3000,80
"Synthetic-only",0.9815,12.3350463539588,0,"LogNormal",58,3000,80
"SCP",0.982,8.37598939286355,0,"Student-t",58,3000,80
"RSA-CP (OT) (Ours)",0.978,7.74444259323241,0.0200000000000102,"Student-t",58,3000,80
"SPI",0.9915,11.1330301253822,0.0900000000000034,"Student-t",58,3000,80
"Synthetic-only",0.9915,11.1208099299698,0,"Student-t",58,3000,80
"SCP",0.9275,7.85452850297208,0,"LogNormal",59,3000,80
"RSA-CP (OT) (Ours)",0.9215,7.65658760171902,0.00999999999999091,"LogNormal",59,3000,80
"SPI",0.9505,8.8228860116353,0.0999999999999943,"LogNormal",59,3000,80
"Synthetic-only",0.9495,8.75048936493057,0,"LogNormal",59,3000,80
"SCP",0.9595,6.3611982381619,0,"Student-t",59,3000,80
"RSA-CP (OT) (Ours)",0.9475,5.67143405037487,0,"Student-t",59,3000,80
"SPI",0.977,7.6335901307123,0.0900000000000034,"Student-t",59,3000,80
"Synthetic-only",0.9935,11.8362357698723,0,"Student-t",59,3000,80
"SCP",0.897,6.84844904181155,0,"LogNormal",60,3000,80
"RSA-CP (OT) (Ours)",0.8785,6.3785863557884,0,"LogNormal",60,3000,80
"SPI",0.9585,9.31589232686885,0.0900000000000034,"LogNormal",60,3000,80
"Synthetic-only",0.972,10.8069513157456,0,"LogNormal",60,3000,80
"SCP",0.9785,7.75534568487157,0,"Student-t",60,3000,80
"RSA-CP (OT) (Ours)",0.976,7.55211862221106,0.0199999999999818,"Student-t",60,3000,80
"SPI",0.9915,11.1333235298983,0.0900000000000034,"Student-t",60,3000,80
"Synthetic-only",0.994,12.0370421768802,0,"Student-t",60,3000,80
"SCP",0.9215,7.64589691387486,0,"LogNormal",61,3000,80
"RSA-CP (OT) (Ours)",0.9185,7.57417726188968,0,"LogNormal",61,3000,80
"SPI",0.9645,9.87560985782913,0.0900000000000034,"LogNormal",61,3000,80
"Synthetic-only",0.987,13.5577433636096,0,"LogNormal",61,3000,80
"SCP",0.9695,7.02001978601304,0,"Student-t",61,3000,80
"RSA-CP (OT) (Ours)",0.963,6.49833462841417,0.0199999999999818,"Student-t",61,3000,80
"SPI",0.9945,12.3820442308928,0.0900000000000034,"Student-t",61,3000,80
"Synthetic-only",0.9945,12.1672991637536,0,"Student-t",61,3000,80
"SCP",0.9545,9.14918635235145,0,"LogNormal",62,3000,80
"RSA-CP (OT) (Ours)",0.953,9.04555834546519,0.0200000000000102,"LogNormal",62,3000,80
"SPI",0.9695,10.598810376563,0.0900000000000034,"LogNormal",62,3000,80
"Synthetic-only",0.97,10.65017419112,0,"LogNormal",62,3000,80
"SCP",0.941,5.49877228758181,0,"Student-t",62,3000,80
"RSA-CP (OT) (Ours)",0.9345,5.28866577989305,0,"Student-t",62,3000,80
"SPI",0.9875,9.49517012427853,0.0900000000000034,"Student-t",62,3000,80
"Synthetic-only",0.993,11.7918936815403,0,"Student-t",62,3000,80
"SCP",0.963,9.74730680320743,0,"LogNormal",63,3000,80
"RSA-CP (OT) (Ours)",0.9545,9.15425306734731,0,"LogNormal",63,3000,80
"SPI",0.9305,8.0023058394355,0.0900000000000034,"LogNormal",63,3000,80
"Synthetic-only",0.9305,7.98706090606169,0,"LogNormal",63,3000,80
"SCP",0.9725,7.3111105016755,0,"Student-t",63,3000,80
"RSA-CP (OT) (Ours)",0.9685,6.92669034729929,0.0200000000000102,"Student-t",63,3000,80
"SPI",0.9875,9.59516338312141,0.0900000000000034,"Student-t",63,3000,80
"Synthetic-only",0.993,11.7562852954527,0,"Student-t",63,3000,80
"SCP",0.941,8.28328631947961,0,"LogNormal",64,3000,80
"RSA-CP (OT) (Ours)",0.929,7.89648267728924,0.0199999999999818,"LogNormal",64,3000,80
"SPI",0.936,8.13968756829457,0.0900000000000034,"LogNormal",64,3000,80
"Synthetic-only",0.936,8.12867806869056,0,"LogNormal",64,3000,80
"SCP",0.9575,6.21040102520641,0,"Student-t",64,3000,80
"RSA-CP (OT) (Ours)",0.9495,5.79983397717561,0,"Student-t",64,3000,80
"SPI",0.982,8.23744660251031,0.0900000000000034,"Student-t",64,3000,80
"Synthetic-only",0.9915,11.2162295946343,0,"Student-t",64,3000,80
"SCP",0.9605,9.51995712200545,0,"LogNormal",65,3000,80
"RSA-CP (OT) (Ours)",0.953,9.02831899049635,0,"LogNormal",65,3000,80
"SPI",0.942,8.35942711803788,0.0900000000000034,"LogNormal",65,3000,80
"Synthetic-only",0.9415,8.32748675669955,0,"LogNormal",65,3000,80
"SCP",0.982,8.23151334873508,0,"Student-t",65,3000,80
"RSA-CP (OT) (Ours)",0.981,7.99811146174704,0.0199999999999818,"Student-t",65,3000,80
"SPI",0.992,11.5025729957291,0.0900000000000034,"Student-t",65,3000,80
"Synthetic-only",0.992,11.4759532693018,0,"Student-t",65,3000,80
"SCP",0.945,8.50712503213174,0,"LogNormal",66,3000,80
"RSA-CP (OT) (Ours)",0.934,8.09283143890653,0.0200000000000102,"LogNormal",66,3000,80
"SPI",0.983,12.5725870001253,0.0900000000000034,"LogNormal",66,3000,80
"Synthetic-only",0.989,13.9489070906002,0,"LogNormal",66,3000,80
"SCP",0.9125,4.69515677857488,0,"Student-t",66,3000,80
"RSA-CP (OT) (Ours)",0.905,4.53883489264126,0.0199999999999818,"Student-t",66,3000,80
"SPI",0.9415,5.53108517643702,0.0800000000000125,"Student-t",66,3000,80
"Synthetic-only",0.9895,10.474310645013,0,"Student-t",66,3000,80
"SCP",0.963,9.79265728091086,0,"LogNormal",67,3000,80
"RSA-CP (OT) (Ours)",0.9615,9.57052378515736,0.0200000000000102,"LogNormal",67,3000,80
"SPI",0.9515,8.86621618623953,0.0900000000000034,"LogNormal",67,3000,80
"Synthetic-only",0.945,8.45080798446574,0,"LogNormal",67,3000,80
"SCP",0.9685,6.93542176492177,0,"Student-t",67,3000,80
"RSA-CP (OT) (Ours)",0.9675,6.76180438127133,0,"Student-t",67,3000,80
"SPI",0.9915,11.3599282191525,0.0999999999999943,"Student-t",67,3000,80
"Synthetic-only",0.9915,11.3295293763436,0.0199999999999818,"Student-t",67,3000,80
"SCP",0.8395,5.72664177849596,0,"LogNormal",68,3000,80
"RSA-CP (OT) (Ours)",0.83,5.62060738093069,0,"LogNormal",68,3000,80
"SPI",0.9615,9.57079376629012,0.0900000000000034,"LogNormal",68,3000,80
"Synthetic-only",0.9845,12.9778736678587,0.0200000000000102,"LogNormal",68,3000,80
"SCP",0.9615,6.45998478669783,0,"Student-t",68,3000,80
"RSA-CP (OT) (Ours)",0.955,6.08722969766241,0,"Student-t",68,3000,80
"SPI",0.9915,11.325661694505,0.0900000000000034,"Student-t",68,3000,80
"Synthetic-only",0.9915,11.2954294912266,0,"Student-t",68,3000,80
"SCP",0.9605,9.5123133392948,0,"LogNormal",69,3000,80
"RSA-CP (OT) (Ours)",0.9565,9.22083668164011,0,"LogNormal",69,3000,80
"SPI",0.936,8.11840296730931,0.0900000000000034,"LogNormal",69,3000,80
"Synthetic-only",0.929,7.89076724142083,0,"LogNormal",69,3000,80
"SCP",0.9245,4.93906935749038,0,"Student-t",69,3000,80
"RSA-CP (OT) (Ours)",0.9185,4.79454390067739,0.0200000000000102,"Student-t",69,3000,80
"SPI",0.952,5.93227580647839,0.0900000000000034,"Student-t",69,3000,80
"Synthetic-only",0.9915,11.1321052736713,0,"Student-t",69,3000,80
"SCP",0.9495,8.72760391587817,0,"LogNormal",70,3000,80
"RSA-CP (OT) (Ours)",0.938,8.19966247528025,0.0199999999999818,"LogNormal",70,3000,80
"SPI",0.9565,9.2310623279196,0.0900000000000034,"LogNormal",70,3000,80
"Synthetic-only",0.954,9.10590156875728,0,"LogNormal",70,3000,80
"SCP",0.9435,5.59653920912702,0,"Student-t",70,3000,80
"RSA-CP (OT) (Ours)",0.939,5.38982578456705,0,"Student-t",70,3000,80
"SPI",0.949,5.74242903179163,0.0999999999999943,"Student-t",70,3000,80
"Synthetic-only",0.993,11.7470867909461,0.0200000000000102,"Student-t",70,3000,80
"SCP",0.927,7.8314301321962,0,"LogNormal",71,3000,80
"RSA-CP (OT) (Ours)",0.9225,7.69995191664698,0,"LogNormal",71,3000,80
"SPI",0.935,8.11141971048946,0.0999999999999943,"LogNormal",71,3000,80
"Synthetic-only",0.9495,8.69796502548231,0,"LogNormal",71,3000,80
"SCP",0.983,8.70395855284181,0,"Student-t",71,3000,80
"RSA-CP (OT) (Ours)",0.979,7.80543103309992,0.00999999999999091,"Student-t",71,3000,80
"SPI",0.989,9.98110663284536,0.0900000000000034,"Student-t",71,3000,80
"Synthetic-only",0.9935,11.9147656046428,0,"Student-t",71,3000,80
"SCP",0.936,8.12357532824829,0,"LogNormal",72,3000,80
"RSA-CP (OT) (Ours)",0.929,7.9231584886966,0.0200000000000102,"LogNormal",72,3000,80
"SPI",0.929,7.90384573851426,0.0900000000000034,"LogNormal",72,3000,80
"Synthetic-only",0.929,7.89881059958995,0,"LogNormal",72,3000,80
"SCP",0.972,7.27234725617843,0,"Student-t",72,3000,80
"RSA-CP (OT) (Ours)",0.9685,6.92669034729929,0.0199999999999818,"Student-t",72,3000,80
"SPI",0.9845,8.84235823836139,0.0900000000000034,"Student-t",72,3000,80
"Synthetic-only",0.9915,11.3997190933693,0,"Student-t",72,3000,80
"SCP",0.9505,8.80894298959225,0,"LogNormal",73,3000,80
"RSA-CP (OT) (Ours)",0.94,8.23288989432152,0.0200000000000102,"LogNormal",73,3000,80
"SPI",0.942,8.36487639454592,0.0900000000000034,"LogNormal",73,3000,80
"Synthetic-only",0.9415,8.29719197250873,0,"LogNormal",73,3000,80
"SCP",0.972,7.20892743365561,0,"Student-t",73,3000,80
"RSA-CP (OT) (Ours)",0.9675,6.83371463793957,0,"Student-t",73,3000,80
"SPI",0.979,7.81077456372568,0.0999999999999943,"Student-t",73,3000,80
"Synthetic-only",0.99,10.6404050595213,0,"Student-t",73,3000,80
"SCP",0.969,10.482892461796,0,"LogNormal",74,3000,80
"RSA-CP (OT) (Ours)",0.9525,8.889464331339,0,"LogNormal",74,3000,80
"SPI",0.969,10.4874984006988,0.0999999999999943,"LogNormal",74,3000,80
"Synthetic-only",0.9675,10.2787507260088,0,"LogNormal",74,3000,80
"SCP",0.983,8.70394569707451,0,"Student-t",74,3000,80
"RSA-CP (OT) (Ours)",0.983,8.64424822072252,0.0100000000000193,"Student-t",74,3000,80
"SPI",0.9915,11.1985875586937,0.0999999999999943,"Student-t",74,3000,80
"Synthetic-only",0.9915,11.1906507735626,0,"Student-t",74,3000,80
"SCP",0.9525,8.90880320714277,0,"LogNormal",75,3000,80
"RSA-CP (OT) (Ours)",0.9495,8.69182311819701,0.00999999999999091,"LogNormal",75,3000,80
"SPI",0.9625,9.66045140191398,0.0900000000000034,"LogNormal",75,3000,80
"Synthetic-only",0.9615,9.5534956586235,0,"LogNormal",75,3000,80
"SCP",0.9425,5.55231985235414,0,"Student-t",75,3000,80
"RSA-CP (OT) (Ours)",0.939,5.39725380683305,0,"Student-t",75,3000,80
"SPI",0.989,9.97952394010861,0.0999999999999943,"Student-t",75,3000,80
"Synthetic-only",0.9915,11.2232958033445,0,"Student-t",75,3000,80
"SCP",0.966,10.0661144221081,0,"LogNormal",76,3000,80
"RSA-CP (OT) (Ours)",0.9605,9.51452162773023,0,"LogNormal",76,3000,80
"SPI",0.958,9.30338103388035,0.0999999999999943,"LogNormal",76,3000,80
"Synthetic-only",0.954,9.09674177637463,0,"LogNormal",76,3000,80
"SCP",0.972,7.2184260782945,0,"Student-t",76,3000,80
"RSA-CP (OT) (Ours)",0.971,7.12840555196768,0.00999999999999091,"Student-t",76,3000,80
"SPI",0.9875,9.39289615039384,0.0999999999999943,"Student-t",76,3000,80
"Synthetic-only",0.992,11.4404045437031,0,"Student-t",76,3000,80
"SCP",0.9425,8.38596084180627,0,"LogNormal",77,3000,80
"RSA-CP (OT) (Ours)",0.9185,7.57417726188968,0.0100000000000193,"LogNormal",77,3000,80
"SPI",0.953,9.06163560716846,0.0999999999999943,"LogNormal",77,3000,80
"Synthetic-only",0.953,9.03099653012649,0,"LogNormal",77,3000,80
"SCP",0.9865,9.14976423711888,0,"Student-t",77,3000,80
"RSA-CP (OT) (Ours)",0.9815,8.13164981603139,0,"Student-t",77,3000,80
"SPI",0.993,11.7381588641138,0.0900000000000034,"Student-t",77,3000,80
"Synthetic-only",0.993,11.7271794270105,0,"Student-t",77,3000,80
"SCP",0.959,9.32676141957201,0,"LogNormal",78,3000,80
"RSA-CP (OT) (Ours)",0.9465,8.55499516228006,0,"LogNormal",78,3000,80
"SPI",0.9715,10.7530158759546,0.0900000000000034,"LogNormal",78,3000,80
"Synthetic-only",0.989,13.985435469897,0,"LogNormal",78,3000,80
"SCP",0.9915,11.2616650056561,0,"Student-t",78,3000,80
"RSA-CP (OT) (Ours)",0.987,9.2453893121755,0,"Student-t",78,3000,80
"SPI",0.9915,11.3794288642849,0.0900000000000034,"Student-t",78,3000,80
"Synthetic-only",0.9915,11.3242889953365,0.0200000000000102,"Student-t",78,3000,80
"SCP",0.9605,9.52476318952189,0,"LogNormal",79,3000,80
"RSA-CP (OT) (Ours)",0.9595,9.36688622826914,0,"LogNormal",79,3000,80
"SPI",0.941,8.28545943489706,0.0900000000000034,"LogNormal",79,3000,80
"Synthetic-only",0.941,8.27576941293467,0.00999999999999091,"LogNormal",79,3000,80
"SCP",0.958,6.26876841151846,0,"Student-t",79,3000,80
"RSA-CP (OT) (Ours)",0.9565,6.13920345783813,0.0199999999999818,"Student-t",79,3000,80
"SPI",0.97,7.05954329701019,0.0900000000000034,"Student-t",79,3000,80
"Synthetic-only",0.992,11.5755262265308,0,"Student-t",79,3000,80
"SCP",0.963,9.6951373501021,0,"LogNormal",80,3000,80
"RSA-CP (OT) (Ours)",0.9615,9.60062480472738,0.0200000000000102,"LogNormal",80,3000,80
"SPI",0.966,10.0706537297575,0.0799999999999841,"LogNormal",80,3000,80
"Synthetic-only",0.9755,11.3310045085946,0.0100000000000193,"LogNormal",80,3000,80
"SCP",0.9665,6.73660998759664,0,"Student-t",80,3000,80
"RSA-CP (OT) (Ours)",0.959,6.33918390028993,0,"Student-t",80,3000,80
"SPI",0.976,7.56386852966303,0.0999999999999943,"Student-t",80,3000,80
"Synthetic-only",0.9925,11.7100164925398,0,"Student-t",80,3000,80
"SCP",0.9315,8.03731822459845,0,"LogNormal",81,3000,80
"RSA-CP (OT) (Ours)",0.923,7.72043527223686,0.00999999999999091,"LogNormal",81,3000,80
"SPI",0.962,9.61533163340297,0.0900000000000034,"LogNormal",81,3000,80
"Synthetic-only",0.982,12.4516147339283,0,"LogNormal",81,3000,80
"SCP",0.94,5.46306718881543,0,"Student-t",81,3000,80
"RSA-CP (OT) (Ours)",0.9365,5.33132852205986,0,"Student-t",81,3000,80
"SPI",0.966,6.70788134950075,0.110000000000014,"Student-t",81,3000,80
"Synthetic-only",0.9915,11.2842125592075,0,"Student-t",81,3000,80
"SCP",0.962,9.64576297873341,0,"LogNormal",82,3000,80
"RSA-CP (OT) (Ours)",0.957,9.25374621898725,0.0199999999999818,"LogNormal",82,3000,80
"SPI",0.972,10.8230528018683,0.0800000000000125,"LogNormal",82,3000,80
"Synthetic-only",0.99,14.556960889475,0.00999999999999091,"LogNormal",82,3000,80
"SCP",0.94,5.45330886619939,0,"Student-t",82,3000,80
"RSA-CP (OT) (Ours)",0.9355,5.29961543350415,0,"Student-t",82,3000,80
"SPI",0.965,6.65335134699908,0.0999999999999943,"Student-t",82,3000,80
"Synthetic-only",0.9915,11.0966211680707,0,"Student-t",82,3000,80
"SCP",0.945,8.46585308888045,0,"LogNormal",83,3000,80
"RSA-CP (OT) (Ours)",0.9385,8.2001018475184,0.0100000000000193,"LogNormal",83,3000,80
"SPI",0.955,9.17434021547959,0.0999999999999943,"LogNormal",83,3000,80
"Synthetic-only",0.955,9.16533182734204,0,"LogNormal",83,3000,80
"SCP",0.9685,6.93754394085645,0,"Student-t",83,3000,80
"RSA-CP (OT) (Ours)",0.957,6.20569957685946,0,"Student-t",83,3000,80
"SPI",0.9895,10.4072189400249,0.0900000000000034,"Student-t",83,3000,80
"Synthetic-only",0.9945,12.0996844846607,0,"Student-t",83,3000,80
"SCP",0.9495,8.67978968391311,0,"LogNormal",84,3000,80
"RSA-CP (OT) (Ours)",0.948,8.60195036898336,0,"LogNormal",84,3000,80
"SPI",0.9765,11.5539418353853,0.0900000000000034,"LogNormal",84,3000,80
"Synthetic-only",0.9815,12.2031582856282,0,"LogNormal",84,3000,80
"SCP",0.973,7.33392997313446,0,"Student-t",84,3000,80
"RSA-CP (OT) (Ours)",0.9665,6.73541590770075,0.0200000000000102,"Student-t",84,3000,80
"SPI",0.987,9.23874896096157,0.0900000000000034,"Student-t",84,3000,80
"Synthetic-only",0.9915,11.1254313208549,0,"Student-t",84,3000,80
"SCP",0.9735,11.106461796569,0,"LogNormal",85,3000,80
"RSA-CP (OT) (Ours)",0.97,10.6518252732334,0.00999999999999091,"LogNormal",85,3000,80
"SPI",0.9525,8.89210203852904,0.0999999999999943,"LogNormal",85,3000,80
"Synthetic-only",0.934,8.09259125104053,0,"LogNormal",85,3000,80
"SCP",0.9535,6.01428755399494,0,"Student-t",85,3000,80
"RSA-CP (OT) (Ours)",0.952,5.94523443683996,0,"Student-t",85,3000,80
"SPI",0.9875,9.54747634451017,0.0900000000000034,"Student-t",85,3000,80
"Synthetic-only",0.9905,10.7499805613445,0,"Student-t",85,3000,80
"SCP",0.9585,9.31827696283328,0,"LogNormal",86,3000,80
"RSA-CP (OT) (Ours)",0.9495,8.69305161107387,0,"LogNormal",86,3000,80
"SPI",0.9775,11.7202480849058,0.0900000000000034,"LogNormal",86,3000,80
"Synthetic-only",0.976,11.523135879759,0,"LogNormal",86,3000,80
"SCP",0.965,6.65915247264848,0,"Student-t",86,3000,80
"RSA-CP (OT) (Ours)",0.9595,6.40625515386879,0.0600000000000023,"Student-t",86,3000,80
"SPI",0.974,7.46319120659199,0.0999999999999943,"Student-t",86,3000,80
"Synthetic-only",0.993,11.8061489302765,0,"Student-t",86,3000,80
"SCP",0.965,9.8943099457487,0,"LogNormal",87,3000,80
"RSA-CP (OT) (Ours)",0.964,9.86165021381356,0.00999999999999091,"LogNormal",87,3000,80
"SPI",0.9615,9.54626527125017,0.0999999999999943,"LogNormal",87,3000,80
"Synthetic-only",0.9525,8.90176470521825,0,"LogNormal",87,3000,80
"SCP",0.9665,6.72458832242164,0,"Student-t",87,3000,80
"RSA-CP (OT) (Ours)",0.9635,6.55798220948615,0,"Student-t",87,3000,80
"SPI",0.975,7.49573261300286,0.0900000000000034,"Student-t",87,3000,80
"Synthetic-only",0.992,11.4456291504169,0,"Student-t",87,3000,80
"SCP",0.976,11.4262701805787,0,"LogNormal",88,3000,80
"RSA-CP (OT) (Ours)",0.972,10.8004580622433,0,"LogNormal",88,3000,80
"SPI",0.966,10.081620297631,0.0900000000000034,"LogNormal",88,3000,80
"Synthetic-only",0.9495,8.75271848567452,0,"LogNormal",88,3000,80
"SCP",0.927,5.01326962240113,0,"Student-t",88,3000,80
"RSA-CP (OT) (Ours)",0.923,4.90834650556175,0.0199999999999818,"Student-t",88,3000,80
"SPI",0.94,5.4695701769552,0.0700000000000216,"Student-t",88,3000,80
"Synthetic-only",0.994,11.9560610572354,0.0199999999999818,"Student-t",88,3000,80
"SCP",0.967,10.1885424081153,0,"LogNormal",89,3000,80
"RSA-CP (OT) (Ours)",0.964,9.85775268051854,0,"LogNormal",89,3000,80
"SPI",0.962,9.64458134665312,0.0900000000000034,"LogNormal",89,3000,80
"Synthetic-only",0.9615,9.55192064264781,0.0200000000000102,"LogNormal",89,3000,80
"SCP",0.949,5.73826702890196,0,"Student-t",89,3000,80
"RSA-CP (OT) (Ours)",0.945,5.63033670218375,0.0200000000000102,"Student-t",89,3000,80
"SPI",0.9545,6.04821651714254,0.0900000000000034,"Student-t",89,3000,80
"Synthetic-only",0.994,11.9772800885452,0,"Student-t",89,3000,80
"SCP",0.9185,7.56525570861973,0,"LogNormal",90,3000,80
"RSA-CP (OT) (Ours)",0.909,7.22760952968974,0.0199999999999818,"LogNormal",90,3000,80
"SPI",0.9725,10.9346201220425,0.0900000000000034,"LogNormal",90,3000,80
"Synthetic-only",0.9845,12.8227634335953,0,"LogNormal",90,3000,80
"SCP",0.933,5.2114521137429,0,"Student-t",90,3000,80
"RSA-CP (OT) (Ours)",0.9195,4.82984330490242,0,"Student-t",90,3000,80
"SPI",0.951,5.88279055041354,0.0999999999999943,"Student-t",90,3000,80
"Synthetic-only",0.9945,12.2801165361376,0,"Student-t",90,3000,80
"SCP",0.953,8.99770456503455,0,"LogNormal",91,3000,80
"RSA-CP (OT) (Ours)",0.9505,8.80919218692403,0.0100000000000193,"LogNormal",91,3000,80
"SPI",0.97,10.7064434140229,0.0999999999999943,"LogNormal",91,3000,80
"Synthetic-only",0.975,11.2709564958507,0,"LogNormal",91,3000,80
"SCP",0.9695,7.00441149124878,0,"Student-t",91,3000,80
"RSA-CP (OT) (Ours)",0.9645,6.60127536454026,0,"Student-t",91,3000,80
"SPI",0.978,7.74848883666328,0.0900000000000034,"Student-t",91,3000,80
"Synthetic-only",0.994,11.9620700843332,0,"Student-t",91,3000,80
"SCP",0.953,9.00790141038695,0,"LogNormal",92,3000,80
"RSA-CP (OT) (Ours)",0.948,8.57390338570582,0,"LogNormal",92,3000,80
"SPI",0.962,9.60830747431646,0.0999999999999943,"LogNormal",92,3000,80
"Synthetic-only",0.9605,9.5003737989683,0,"LogNormal",92,3000,80
"SCP",0.977,7.57681610290145,0,"Student-t",92,3000,80
"RSA-CP (OT) (Ours)",0.965,6.65221124942234,0.0100000000000193,"Student-t",92,3000,80
"SPI",0.9875,9.65391709592994,0.0799999999999841,"Student-t",92,3000,80
"Synthetic-only",0.9915,11.1017505049055,0,"Student-t",92,3000,80
"SCP",0.9525,8.97282912101477,0,"LogNormal",93,3000,80
"RSA-CP (OT) (Ours)",0.9495,8.75271358056568,0.00999999999999091,"LogNormal",93,3000,80
"SPI",0.9665,10.1081786752629,0.0800000000000125,"LogNormal",93,3000,80
"Synthetic-only",0.99,14.5142317867855,0,"LogNormal",93,3000,80
"SCP",0.9125,4.67564493291529,0,"Student-t",93,3000,80
"RSA-CP (OT) (Ours)",0.907,4.61249771009673,0,"Student-t",93,3000,80
"SPI",0.9415,5.53212583306802,0.0900000000000034,"Student-t",93,3000,80
"Synthetic-only",0.993,11.727849154078,0,"Student-t",93,3000,80
"SCP",0.96,9.47165692993249,0,"LogNormal",94,3000,80
"RSA-CP (OT) (Ours)",0.9505,8.81137430874982,0.0200000000000102,"LogNormal",94,3000,80
"SPI",0.9565,9.23436474789591,0.0900000000000034,"LogNormal",94,3000,80
"Synthetic-only",0.9565,9.22711904215954,0,"LogNormal",94,3000,80
"SCP",0.9675,6.85947914421475,0,"Student-t",94,3000,80
"RSA-CP (OT) (Ours)",0.9585,6.31272814665595,0,"Student-t",94,3000,80
"SPI",0.9825,8.57198591606943,0.0900000000000034,"Student-t",94,3000,80
"Synthetic-only",0.992,11.6017701527169,0,"Student-t",94,3000,80
"SCP",0.9495,8.70590066864498,0,"LogNormal",95,3000,80
"RSA-CP (OT) (Ours)",0.948,8.61327472548875,0,"LogNormal",95,3000,80
"SPI",0.9735,11.0369081598179,0.0900000000000034,"LogNormal",95,3000,80
"Synthetic-only",0.985,13.0936668554656,0.0200000000000102,"LogNormal",95,3000,80
"SCP",0.9695,7.03095724952226,0,"Student-t",95,3000,80
"RSA-CP (OT) (Ours)",0.9645,6.59116935657468,0.0200000000000102,"Student-t",95,3000,80
"SPI",0.9875,9.35651115637579,0.0900000000000034,"Student-t",95,3000,80
"Synthetic-only",0.995,12.7733473396324,0,"Student-t",95,3000,80
"SCP",0.917,7.48869172790266,0,"LogNormal",96,3000,80
"RSA-CP (OT) (Ours)",0.913,7.3858875739645,0.0199999999999818,"LogNormal",96,3000,80
"SPI",0.953,9.01230563536479,0.0900000000000034,"LogNormal",96,3000,80
"Synthetic-only",0.987,13.5105625623859,0,"LogNormal",96,3000,80
"SCP",0.9915,11.3128661416037,0,"Student-t",96,3000,80
"RSA-CP (OT) (Ours)",0.989,9.95057148540683,0,"Student-t",96,3000,80
"SPI",0.9925,11.6919236522276,0.0999999999999943,"Student-t",96,3000,80
"Synthetic-only",0.9925,11.6883378748291,0,"Student-t",96,3000,80
"SCP",0.9605,9.5123133392948,0,"LogNormal",97,3000,80
"RSA-CP (OT) (Ours)",0.9525,8.95647741747005,0,"LogNormal",97,3000,80
"SPI",0.982,12.48723141233,0.0999999999999943,"LogNormal",97,3000,80
"Synthetic-only",0.989,13.9646304184651,0,"LogNormal",97,3000,80
"SCP",0.919,4.80022854777273,0,"Student-t",97,3000,80
"RSA-CP (OT) (Ours)",0.906,4.5555544666073,0.00999999999999091,"Student-t",97,3000,80
"SPI",0.9495,5.80336421886104,0.0900000000000034,"Student-t",97,3000,80
"Synthetic-only",0.992,11.5069506058722,0,"Student-t",97,3000,80
"SCP",0.94,8.22696145574445,0,"LogNormal",98,3000,80
"RSA-CP (OT) (Ours)",0.9315,8.02521085468104,0.0200000000000102,"LogNormal",98,3000,80
"SPI",0.9525,8.96993580002708,0.0799999999999841,"LogNormal",98,3000,80
"Synthetic-only",0.9565,9.24480089542391,0,"LogNormal",98,3000,80
"SCP",0.9695,7.01678869090736,0,"Student-t",98,3000,80
"RSA-CP (OT) (Ours)",0.9635,6.55699429425173,0.0100000000000193,"Student-t",98,3000,80
"SPI",0.982,8.20308988552809,0.0999999999999943,"Student-t",98,3000,80
"Synthetic-only",0.9925,11.6855850960375,0,"Student-t",98,3000,80
"SCP",0.927,7.82006853181877,0,"LogNormal",99,3000,80
"RSA-CP (OT) (Ours)",0.9215,7.65779870994615,0.00999999999999091,"LogNormal",99,3000,80
"SPI",0.976,11.5423011497321,0.0800000000000125,"LogNormal",99,3000,80
"Synthetic-only",0.9815,12.2328866344244,0,"LogNormal",99,3000,80
"SCP",0.9725,7.30452678218571,0,"Student-t",99,3000,80
"RSA-CP (OT) (Ours)",0.963,6.52937987533174,0,"Student-t",99,3000,80
"SPI",0.991,10.8346849110149,0.0900000000000034,"Student-t",99,3000,80
"Synthetic-only",0.9905,10.8138474712137,0,"Student-t",99,3000,80
"SCP",0.965,9.90826874302293,0,"LogNormal",100,3000,80
"RSA-CP (OT) (Ours)",0.963,9.75473546099606,0.0200000000000102,"LogNormal",100,3000,80
"SPI",0.9745,11.1917515292137,0.0900000000000034,"LogNormal",100,3000,80
"Synthetic-only",0.979,12.0009231572767,0,"LogNormal",100,3000,80
"SCP",0.9725,7.30468837957726,0,"Student-t",100,3000,80
"RSA-CP (OT) (Ours)",0.9675,6.78106245153517,0,"Student-t",100,3000,80
"SPI",0.9885,9.83167934828338,0.0900000000000034,"Student-t",100,3000,80
"Synthetic-only",0.992,11.6106482143364,0,"Student-t",100,3000,80
"SCP",0.9275,7.85247046896172,0,"LogNormal",1,3000,160
"RSA-CP (OT) (Ours)",0.9235,7.72761622568279,0.110000000000014,"LogNormal",1,3000,160
"SPI",0.9525,8.98451636191641,0.189999999999998,"LogNormal",1,3000,160
"Synthetic-only",0.9815,12.2712552182914,0,"LogNormal",1,3000,160
"SCP",0.96,6.42188680168536,0,"Student-t",1,3000,160
"RSA-CP (OT) (Ours)",0.958,6.28048775306502,0.0699999999999932,"Student-t",1,3000,160
"SPI",0.974,7.37387955964865,0.180000000000007,"Student-t",1,3000,160
"Synthetic-only",0.9945,12.1776329384906,0,"Student-t",1,3000,160
"SCP",0.966,10.0969237244954,0,"LogNormal",2,3000,160
"RSA-CP (OT) (Ours)",0.962,9.62979868123548,0.0300000000000011,"LogNormal",2,3000,160
"SPI",0.954,9.12741881996912,0.189999999999998,"LogNormal",2,3000,160
"Synthetic-only",0.9525,8.97945810045173,0,"LogNormal",2,3000,160
"SCP",0.9855,8.97641703016151,0,"Student-t",2,3000,160
"RSA-CP (OT) (Ours)",0.982,8.36725506767383,0.0500000000000114,"Student-t",2,3000,160
"SPI",0.9895,10.0813025300934,0.169999999999987,"Student-t",2,3000,160
"Synthetic-only",0.991,10.8728448521557,0,"Student-t",2,3000,160
"SCP",0.9505,8.82110917075981,0,"LogNormal",3,3000,160
"RSA-CP (OT) (Ours)",0.948,8.58597926213685,0.00999999999999091,"LogNormal",3,3000,160
"SPI",0.954,9.13171879052359,0.189999999999998,"LogNormal",3,3000,160
"Synthetic-only",0.96,9.46019913137739,0.0200000000000102,"LogNormal",3,3000,160
"SCP",0.9825,8.59545917947531,0,"Student-t",3,3000,160
"RSA-CP (OT) (Ours)",0.982,8.43432572341793,0.0100000000000193,"Student-t",3,3000,160
"SPI",0.9855,8.97437066293437,0.239999999999981,"Student-t",3,3000,160
"Synthetic-only",0.9905,10.8289109298265,0,"Student-t",3,3000,160
"SCP",0.9245,7.76796660669497,0,"LogNormal",4,3000,160
"RSA-CP (OT) (Ours)",0.924,7.73532996958946,0,"LogNormal",4,3000,160
"SPI",0.9565,9.23307278404654,0.179999999999978,"LogNormal",4,3000,160
"Synthetic-only",0.989,13.9930002504238,0.0100000000000193,"LogNormal",4,3000,160
"SCP",0.963,6.51452239249547,0,"Student-t",4,3000,160
"RSA-CP (OT) (Ours)",0.956,6.12350488047722,0,"Student-t",4,3000,160
"SPI",0.982,8.27300301024315,0.169999999999987,"Student-t",4,3000,160
"Synthetic-only",0.992,11.542747008181,0,"Student-t",4,3000,160
"SCP",0.942,8.36340055481405,0,"LogNormal",5,3000,160
"RSA-CP (OT) (Ours)",0.939,8.21483732701137,0.00999999999999091,"LogNormal",5,3000,160
"SPI",0.946,8.53564171445238,0.180000000000007,"LogNormal",5,3000,160
"Synthetic-only",0.954,9.13953500070702,0,"LogNormal",5,3000,160
"SCP",0.972,7.19086393370349,0,"Student-t",5,3000,160
"RSA-CP (OT) (Ours)",0.9685,6.95138459582266,0.00999999999999091,"Student-t",5,3000,160
"SPI",0.975,7.49573261300286,0.170000000000016,"Student-t",5,3000,160
"Synthetic-only",0.993,11.714668908861,0,"Student-t",5,3000,160
"SCP",0.973,11.0165317562725,0,"LogNormal",6,3000,160
"RSA-CP (OT) (Ours)",0.953,9.0137573315339,0,"LogNormal",6,3000,160
"SPI",0.977,11.6380857528231,0.189999999999998,"LogNormal",6,3000,160
"Synthetic-only",0.983,12.6482617238504,0.0200000000000102,"LogNormal",6,3000,160
"SCP",0.971,7.10576973281398,0,"Student-t",6,3000,160
"RSA-CP (OT) (Ours)",0.959,6.32879794889415,0.0100000000000193,"Student-t",6,3000,160
"SPI",0.981,7.99201435602777,0.169999999999987,"Student-t",6,3000,160
"Synthetic-only",0.9935,11.848706604214,0,"Student-t",6,3000,160
"SCP",0.9765,11.5823552253746,0,"LogNormal",7,3000,160
"RSA-CP (OT) (Ours)",0.9765,11.5592515891493,0.0200000000000102,"LogNormal",7,3000,160
"SPI",0.9725,10.9216790903811,0.169999999999987,"LogNormal",7,3000,160
"Synthetic-only",0.93,7.95079869259468,0,"LogNormal",7,3000,160
"SCP",0.977,7.64546129376127,0,"Student-t",7,3000,160
"RSA-CP (OT) (Ours)",0.976,7.51722305821276,0.0200000000000102,"Student-t",7,3000,160
"SPI",0.9865,9.13965411351541,0.169999999999987,"Student-t",7,3000,160
"Synthetic-only",0.9935,11.8396905758098,0,"Student-t",7,3000,160
"SCP",0.9225,7.69954691368576,0,"LogNormal",8,3000,160
"RSA-CP (OT) (Ours)",0.9185,7.57417726188968,0,"LogNormal",8,3000,160
"SPI",0.939,8.21584167136676,0.180000000000007,"LogNormal",8,3000,160
"Synthetic-only",0.989,13.9621584336746,0,"LogNormal",8,3000,160
"SCP",0.973,7.32486325793481,0,"Student-t",8,3000,160
"RSA-CP (OT) (Ours)",0.9675,6.77995216226204,0.0199999999999818,"Student-t",8,3000,160
"SPI",0.987,9.21408965727489,0.170000000000016,"Student-t",8,3000,160
"Synthetic-only",0.993,11.7960737425231,0,"Student-t",8,3000,160
"SCP",0.9325,8.05918331303326,0,"LogNormal",9,3000,160
"RSA-CP (OT) (Ours)",0.929,7.92276401544974,0.0199999999999818,"LogNormal",9,3000,160
"SPI",0.9505,8.81859080586697,0.180000000000007,"LogNormal",9,3000,160
"Synthetic-only",0.9515,8.86683478942974,0,"LogNormal",9,3000,160
"SCP",0.9655,6.69274280042053,0,"Student-t",9,3000,160
"RSA-CP (OT) (Ours)",0.963,6.52937987533174,0,"Student-t",9,3000,160
"SPI",0.983,8.60915788156064,0.189999999999998,"Student-t",9,3000,160
"Synthetic-only",0.9915,11.0164475599782,0,"Student-t",9,3000,160
"SCP",0.9305,8.00157170556231,0,"LogNormal",10,3000,160
"RSA-CP (OT) (Ours)",0.93,7.95524550918144,0.0200000000000102,"LogNormal",10,3000,160
"SPI",0.945,8.48553894987326,0.169999999999987,"LogNormal",10,3000,160
"Synthetic-only",0.9665,10.1527803435666,0,"LogNormal",10,3000,160
"SCP",0.958,6.24168603271834,0,"Student-t",10,3000,160
"RSA-CP (OT) (Ours)",0.952,5.93745514235729,0.0100000000000193,"Student-t",10,3000,160
"SPI",0.963,6.50007510136197,0.179999999999978,"Student-t",10,3000,160
"Synthetic-only",0.9915,11.1414723390939,0,"Student-t",10,3000,160
"SCP",0.9525,8.94411271448548,0,"LogNormal",11,3000,160
"RSA-CP (OT) (Ours)",0.9515,8.85970016522935,0.0199999999999818,"LogNormal",11,3000,160
"SPI",0.953,9.04955458784781,0.170000000000016,"LogNormal",11,3000,160
"Synthetic-only",0.953,9.01655092450172,0,"LogNormal",11,3000,160
"SCP",0.9805,7.87293019430711,0,"Student-t",11,3000,160
"RSA-CP (OT) (Ours)",0.974,7.35989155477234,0.00999999999999091,"Student-t",11,3000,160
"SPI",0.982,8.29474666433701,0.180000000000007,"Student-t",11,3000,160
"Synthetic-only",0.9915,11.1489743151836,0,"Student-t",11,3000,160
"SCP",0.9435,8.41942375106117,0,"LogNormal",12,3000,160
"RSA-CP (OT) (Ours)",0.941,8.27219408284024,0,"LogNormal",12,3000,160
"SPI",0.9505,8.84214784769733,0.189999999999998,"LogNormal",12,3000,160
"Synthetic-only",0.963,9.72957367854545,0,"LogNormal",12,3000,160
"SCP",0.965,6.64885430411025,0,"Student-t",12,3000,160
"RSA-CP (OT) (Ours)",0.9645,6.5996339156408,0,"Student-t",12,3000,160
"SPI",0.9775,7.67984748937446,0.189999999999998,"Student-t",12,3000,160
"Synthetic-only",0.9935,11.8510344774909,0,"Student-t",12,3000,160
"SCP",0.963,9.78083273031823,0,"LogNormal",13,3000,160
"RSA-CP (OT) (Ours)",0.9605,9.48279934321961,0.0100000000000193,"LogNormal",13,3000,160
"SPI",0.98,12.1227793072004,0.169999999999987,"LogNormal",13,3000,160
"Synthetic-only",0.9875,13.6217774846618,0,"LogNormal",13,3000,160
"SCP",0.9505,5.83056778069372,0,"Student-t",13,3000,160
"RSA-CP (OT) (Ours)",0.948,5.69195504197005,0.0200000000000102,"Student-t",13,3000,160
"SPI",0.974,7.37684487818698,0.169999999999987,"Student-t",13,3000,160
"Synthetic-only",0.9915,11.0610173769577,0,"Student-t",13,3000,160
"SCP",0.9485,8.62145483174572,0,"LogNormal",14,3000,160
"RSA-CP (OT) (Ours)",0.9465,8.55196662286653,0,"LogNormal",14,3000,160
"SPI",0.9485,8.64720926464113,0.189999999999998,"LogNormal",14,3000,160
"Synthetic-only",0.9485,8.63167304626468,0.00999999999999091,"LogNormal",14,3000,160
"SCP",0.928,5.05753177544797,0,"Student-t",14,3000,160
"RSA-CP (OT) (Ours)",0.927,5.02255125345396,0.00999999999999091,"Student-t",14,3000,160
"SPI",0.9595,6.40045285499465,0.170000000000016,"Student-t",14,3000,160
"Synthetic-only",0.99,10.5793940871034,0,"Student-t",14,3000,160
"SCP",0.9335,8.07062994725071,0,"LogNormal",15,3000,160
"RSA-CP (OT) (Ours)",0.93,7.95467703007151,0,"LogNormal",15,3000,160
"SPI",0.9405,8.24763179958798,0.189999999999998,"LogNormal",15,3000,160
"Synthetic-only",0.94,8.23344737384713,0,"LogNormal",15,3000,160
"SCP",0.956,6.116542593968,0,"Student-t",15,3000,160
"RSA-CP (OT) (Ours)",0.952,5.97438826074209,0.0100000000000193,"Student-t",15,3000,160
"SPI",0.963,6.53182775182046,0.169999999999987,"Student-t",15,3000,160
"Synthetic-only",0.9915,11.4073688816739,0,"Student-t",15,3000,160
"SCP",0.9615,9.54598552025502,0,"LogNormal",16,3000,160
"RSA-CP (OT) (Ours)",0.9595,9.33948767535221,0,"LogNormal",16,3000,160
"SPI",0.9695,10.5898745156837,0.189999999999998,"LogNormal",16,3000,160
"Synthetic-only",0.989,13.7783830161406,0,"LogNormal",16,3000,160
"SCP",0.9635,6.54337485548019,0,"Student-t",16,3000,160
"RSA-CP (OT) (Ours)",0.9615,6.45657619473974,0,"Student-t",16,3000,160
"SPI",0.974,7.42469300241694,0.180000000000007,"Student-t",16,3000,160
"Synthetic-only",0.9945,12.115670485884,0,"Student-t",16,3000,160
"SCP",0.9215,7.68470528981475,0,"LogNormal",17,3000,160
"RSA-CP (OT) (Ours)",0.9205,7.60872982221075,0.0199999999999818,"LogNormal",17,3000,160
"SPI",0.929,7.91989528573214,0.170000000000016,"LogNormal",17,3000,160
"Synthetic-only",0.9595,9.38817694572453,0,"LogNormal",17,3000,160
"SCP",0.958,6.28405769281432,0,"Student-t",17,3000,160
"RSA-CP (OT) (Ours)",0.957,6.1934093883272,0.0199999999999818,"Student-t",17,3000,160
"SPI",0.9635,6.54593962167819,0.170000000000016,"Student-t",17,3000,160
"Synthetic-only",0.993,11.7368523763567,0,"Student-t",17,3000,160
"SCP",0.963,9.8248439097191,0,"LogNormal",18,3000,160
"RSA-CP (OT) (Ours)",0.953,9.0137573315339,0,"LogNormal",18,3000,160
"SPI",0.9525,8.88468307907571,0.180000000000007,"LogNormal",18,3000,160
"Synthetic-only",0.948,8.59839181906286,0,"LogNormal",18,3000,160
"SCP",0.9645,6.5748994549827,0,"Student-t",18,3000,160
"RSA-CP (OT) (Ours)",0.963,6.51995735537858,0.00999999999999091,"Student-t",18,3000,160
"SPI",0.983,8.61058232385538,0.189999999999998,"Student-t",18,3000,160
"Synthetic-only",0.9915,11.3181098383531,0,"Student-t",18,3000,160
"SCP",0.965,9.90286932267129,0,"LogNormal",19,3000,160
"RSA-CP (OT) (Ours)",0.9595,9.38512172722724,0.0200000000000102,"LogNormal",19,3000,160
"SPI",0.9415,8.34885877374861,0.169999999999987,"LogNormal",19,3000,160
"Synthetic-only",0.9405,8.24511492371098,0,"LogNormal",19,3000,160
"SCP",0.9685,6.93724805455204,0,"Student-t",19,3000,160
"RSA-CP (OT) (Ours)",0.966,6.71966914677019,0.0100000000000193,"Student-t",19,3000,160
"SPI",0.974,7.41714052560206,0.169999999999987,"Student-t",19,3000,160
"Synthetic-only",0.9915,11.3884969552155,0,"Student-t",19,3000,160
"SCP",0.9525,8.87605094621733,0,"LogNormal",20,3000,160
"RSA-CP (OT) (Ours)",0.9505,8.80934738813355,0,"LogNormal",20,3000,160
"SPI",0.965,9.91674847902311,0.189999999999998,"LogNormal",20,3000,160
"Synthetic-only",0.9815,12.3713876854786,0,"LogNormal",20,3000,160
"SCP",0.958,6.23340635187463,0,"Student-t",20,3000,160
"RSA-CP (OT) (Ours)",0.9565,6.13920345783813,0,"Student-t",20,3000,160
"SPI",0.976,7.56386852966303,0.189999999999998,"Student-t",20,3000,160
"Synthetic-only",0.9925,11.7012086662338,0,"Student-t",20,3000,160
"SCP",0.928,7.88256961031601,0,"LogNormal",21,3000,160
"RSA-CP (OT) (Ours)",0.9245,7.77295357776489,0.00999999999999091,"LogNormal",21,3000,160
"SPI",0.9365,8.15189966411926,0.170000000000016,"LogNormal",21,3000,160
"Synthetic-only",0.941,8.28916009197916,0,"LogNormal",21,3000,160
"SCP",0.9665,6.72458832242164,0,"Student-t",21,3000,160
"RSA-CP (OT) (Ours)",0.9645,6.56957882535338,0.0199999999999818,"Student-t",21,3000,160
"SPI",0.968,6.90244167533537,0.189999999999998,"Student-t",21,3000,160
"Synthetic-only",0.994,11.9540546754642,0,"Student-t",21,3000,160
"SCP",0.924,7.73784384406997,0,"LogNormal",22,3000,160
"RSA-CP (OT) (Ours)",0.914,7.42516213559948,0.0100000000000193,"LogNormal",22,3000,160
"SPI",0.927,7.82466672927598,0.169999999999987,"LogNormal",22,3000,160
"Synthetic-only",0.927,7.81820810751669,0,"LogNormal",22,3000,160
"SCP",0.9695,7.03981946046534,0,"Student-t",22,3000,160
"RSA-CP (OT) (Ours)",0.9695,6.97998099984569,0.0200000000000102,"Student-t",22,3000,160
"SPI",0.9785,7.75756819653621,0.169999999999987,"Student-t",22,3000,160
"Synthetic-only",0.9945,12.1145392418031,0,"Student-t",22,3000,160
"SCP",0.908,7.17111547408157,0,"LogNormal",23,3000,160
"RSA-CP (OT) (Ours)",0.904,7.08202437085246,0,"LogNormal",23,3000,160
"SPI",0.9495,8.75006620277145,0.169999999999987,"LogNormal",23,3000,160
"Synthetic-only",0.989,13.8677360664385,0,"LogNormal",23,3000,160
"SCP",0.9555,6.09135095465308,0,"Student-t",23,3000,160
"RSA-CP (OT) (Ours)",0.9535,6.00817476652394,0.0100000000000193,"Student-t",23,3000,160
"SPI",0.974,7.37727020193581,0.179999999999978,"Student-t",23,3000,160
"Synthetic-only",0.9945,12.1696381848686,0,"Student-t",23,3000,160
"SCP",0.9185,7.5717980458107,0,"LogNormal",24,3000,160
"RSA-CP (OT) (Ours)",0.916,7.46465264159731,0.0199999999999818,"LogNormal",24,3000,160
"SPI",0.938,8.19109747254213,0.170000000000016,"LogNormal",24,3000,160
"Synthetic-only",0.985,13.0922152056165,0,"LogNormal",24,3000,160
"SCP",0.969,6.96059721355137,0,"Student-t",24,3000,160
"RSA-CP (OT) (Ours)",0.9675,6.76178062686339,0,"Student-t",24,3000,160
"SPI",0.982,8.23744660251031,0.180000000000007,"Student-t",24,3000,160
"Synthetic-only",0.9935,11.8976328644328,0,"Student-t",24,3000,160
"SCP",0.972,10.841798019074,0,"LogNormal",25,3000,160
"RSA-CP (OT) (Ours)",0.972,10.767294167261,0,"LogNormal",25,3000,160
"SPI",0.9695,10.5898745156837,0.189999999999998,"LogNormal",25,3000,160
"Synthetic-only",0.9365,8.15285542190329,0,"LogNormal",25,3000,160
"SCP",0.9305,5.18121468094984,0,"Student-t",25,3000,160
"RSA-CP (OT) (Ours)",0.929,5.13685800549782,0.0200000000000102,"Student-t",25,3000,160
"SPI",0.9425,5.55080155956231,0.169999999999987,"Student-t",25,3000,160
"Synthetic-only",0.9895,10.4789217239722,0,"Student-t",25,3000,160
"SCP",0.967,10.2109899979679,0,"LogNormal",26,3000,160
"RSA-CP (OT) (Ours)",0.9605,9.51961579612054,0.0100000000000193,"LogNormal",26,3000,160
"SPI",0.9315,8.02543132039598,0.169999999999987,"LogNormal",26,3000,160
"Synthetic-only",0.93,7.9526139899084,0,"LogNormal",26,3000,160
"SCP",0.979,7.80131932869495,0,"Student-t",26,3000,160
"RSA-CP (OT) (Ours)",0.978,7.74789143368769,0.0200000000000102,"Student-t",26,3000,160
"SPI",0.981,7.97390541624963,0.189999999999998,"Student-t",26,3000,160
"Synthetic-only",0.994,12.0083573056754,0,"Student-t",26,3000,160
"SCP",0.922,7.69314822950617,0,"LogNormal",27,3000,160
"RSA-CP (OT) (Ours)",0.9115,7.34850654365927,0.00999999999999091,"LogNormal",27,3000,160
"SPI",0.932,8.04897424535021,0.180000000000007,"LogNormal",27,3000,160
"Synthetic-only",0.9305,7.99326330157858,0,"LogNormal",27,3000,160
"SCP",0.966,6.71046639974392,0,"Student-t",27,3000,160
"RSA-CP (OT) (Ours)",0.9645,6.58928244299534,0.00999999999999091,"Student-t",27,3000,160
"SPI",0.987,9.2496286689186,0.170000000000016,"Student-t",27,3000,160
"Synthetic-only",0.9945,12.5836810908216,0,"Student-t",27,3000,160
"SCP",0.939,8.2112568865289,0,"LogNormal",28,3000,160
"RSA-CP (OT) (Ours)",0.929,7.92523809843957,0,"LogNormal",28,3000,160
"SPI",0.9455,8.52131337811205,0.189999999999998,"LogNormal",28,3000,160
"Synthetic-only",0.987,13.3975531277859,0,"LogNormal",28,3000,160
"SCP",0.9845,8.85199208232282,0,"Student-t",28,3000,160
"RSA-CP (OT) (Ours)",0.983,8.65344825227779,0,"Student-t",28,3000,160
"SPI",0.9915,11.4249615297564,0.180000000000007,"Student-t",28,3000,160
"Synthetic-only",0.9915,11.4135379121197,0,"Student-t",28,3000,160
"SCP",0.9415,8.33214181844891,0,"LogNormal",29,3000,160
"RSA-CP (OT) (Ours)",0.935,8.11024197806298,0.0200000000000102,"LogNormal",29,3000,160
"SPI",0.9495,8.67245755805028,0.169999999999987,"LogNormal",29,3000,160
"Synthetic-only",0.9605,9.51368365280016,0,"LogNormal",29,3000,160
"SCP",0.939,5.38944821874087,0,"Student-t",29,3000,160
"RSA-CP (OT) (Ours)",0.9335,5.25004239540319,0.0200000000000102,"Student-t",29,3000,160
"SPI",0.9515,5.90337372851091,0.169999999999987,"Student-t",29,3000,160
"Synthetic-only",0.9905,10.8218393961036,0,"Student-t",29,3000,160
"SCP",0.927,7.83153058568776,0,"LogNormal",30,3000,160
"RSA-CP (OT) (Ours)",0.918,7.51146444294492,0.0199999999999818,"LogNormal",30,3000,160
"SPI",0.9295,7.93268862981308,0.170000000000016,"LogNormal",30,3000,160
"Synthetic-only",0.929,7.91650279566838,0,"LogNormal",30,3000,160
"SCP",0.956,6.11702550757556,0,"Student-t",30,3000,160
"RSA-CP (OT) (Ours)",0.952,5.95145558464036,0.0199999999999818,"Student-t",30,3000,160
"SPI",0.972,7.17526401854555,0.170000000000016,"Student-t",30,3000,160
"Synthetic-only",0.994,12.0051426911466,0,"Student-t",30,3000,160
"SCP",0.945,8.46267790726951,0,"LogNormal",31,3000,160
"RSA-CP (OT) (Ours)",0.938,8.19812873849669,0.00999999999999091,"LogNormal",31,3000,160
"SPI",0.954,9.13875739998615,0.180000000000007,"LogNormal",31,3000,160
"Synthetic-only",0.963,9.68779800017533,0,"LogNormal",31,3000,160
"SCP",0.9675,6.80602934231872,0,"Student-t",31,3000,160
"RSA-CP (OT) (Ours)",0.9615,6.44451280237726,0,"Student-t",31,3000,160
"SPI",0.974,7.45998186079339,0.170000000000016,"Student-t",31,3000,160
"Synthetic-only",0.99,10.6057204621886,0,"Student-t",31,3000,160
"SCP",0.9505,8.83888646372483,0,"LogNormal",32,3000,160
"RSA-CP (OT) (Ours)",0.9495,8.72686328798082,0,"LogNormal",32,3000,160
"SPI",0.965,9.90513351158798,0.189999999999998,"LogNormal",32,3000,160
"Synthetic-only",0.987,13.5232110256439,0.0200000000000102,"LogNormal",32,3000,160
"SCP",0.9545,6.0602858576856,0,"Student-t",32,3000,160
"RSA-CP (OT) (Ours)",0.9525,6.00359764777611,0.0100000000000193,"Student-t",32,3000,160
"SPI",0.965,6.67573443848885,0.169999999999987,"Student-t",32,3000,160
"Synthetic-only",0.9895,10.5180881394178,0,"Student-t",32,3000,160
"SCP",0.9165,7.47129688426211,0,"LogNormal",33,3000,160
"RSA-CP (OT) (Ours)",0.915,7.44177903069202,0,"LogNormal",33,3000,160
"SPI",0.9485,8.65522576359058,0.189999999999998,"LogNormal",33,3000,160
"Synthetic-only",0.987,13.4228486601137,0.0199999999999818,"LogNormal",33,3000,160
"SCP",0.9595,6.3666554336811,0,"Student-t",33,3000,160
"RSA-CP (OT) (Ours)",0.9535,6.00817476652394,0,"Student-t",33,3000,160
"SPI",0.9685,6.93724805455204,0.189999999999998,"Student-t",33,3000,160
"Synthetic-only",0.9945,12.1672488326951,0.00999999999999091,"Student-t",33,3000,160
"SCP",0.958,9.29423840894078,0,"LogNormal",34,3000,160
"RSA-CP (OT) (Ours)",0.953,9.0137573315339,0.00999999999999091,"LogNormal",34,3000,160
"SPI",0.9535,9.08002502905813,0.170000000000016,"LogNormal",34,3000,160
"Synthetic-only",0.9505,8.79724241956927,0,"LogNormal",34,3000,160
"SCP",0.972,7.19131379107109,0,"Student-t",34,3000,160
"RSA-CP (OT) (Ours)",0.9695,7.03588887132409,0.0199999999999818,"Student-t",34,3000,160
"SPI",0.9785,7.7687933231312,0.170000000000016,"Student-t",34,3000,160
"Synthetic-only",0.993,11.7674280507536,0,"Student-t",34,3000,160
"SCP",0.923,7.72334159840967,0,"LogNormal",35,3000,160
"RSA-CP (OT) (Ours)",0.9185,7.51971460606313,0,"LogNormal",35,3000,160
"SPI",0.928,7.87282809433326,0.230000000000018,"LogNormal",35,3000,160
"Synthetic-only",0.9655,9.97573863169831,0.0100000000000193,"LogNormal",35,3000,160
"SCP",0.939,5.39229452302398,0,"Student-t",35,3000,160
"RSA-CP (OT) (Ours)",0.933,5.21716152991008,0,"Student-t",35,3000,160
"SPI",0.9595,6.40781970482068,0.170000000000016,"Student-t",35,3000,160
"Synthetic-only",0.992,11.6057697358841,0,"Student-t",35,3000,160
"SCP",0.922,7.69475761071507,0,"LogNormal",36,3000,160
"RSA-CP (OT) (Ours)",0.9195,7.59691293322063,0,"LogNormal",36,3000,160
"SPI",0.9695,10.6023596510753,0.169999999999987,"LogNormal",36,3000,160
"Synthetic-only",0.9785,11.909368470775,0,"LogNormal",36,3000,160
"SCP",0.976,7.55615552424724,0,"Student-t",36,3000,160
"RSA-CP (OT) (Ours)",0.9715,7.15912962069859,0.0200000000000102,"Student-t",36,3000,160
"SPI",0.9895,10.2650521823226,0.169999999999987,"Student-t",36,3000,160
"Synthetic-only",0.9915,11.3422793950938,0,"Student-t",36,3000,160
"SCP",0.953,9.02861747127074,0,"LogNormal",37,3000,160
"RSA-CP (OT) (Ours)",0.9525,8.95496575840386,0.0100000000000193,"LogNormal",37,3000,160
"SPI",0.9655,9.97499686297986,0.179999999999978,"LogNormal",37,3000,160
"Synthetic-only",0.964,9.85813308579249,0,"LogNormal",37,3000,160
"SCP",0.9725,7.30971241535233,0,"Student-t",37,3000,160
"RSA-CP (OT) (Ours)",0.972,7.21664129482787,0.0100000000000193,"Student-t",37,3000,160
"SPI",0.977,7.58868513709272,0.169999999999987,"Student-t",37,3000,160
"Synthetic-only",0.9905,10.811511966044,0,"Student-t",37,3000,160
"SCP",0.929,7.92707712412097,0,"LogNormal",38,3000,160
"RSA-CP (OT) (Ours)",0.908,7.1842012682468,0.00999999999999091,"LogNormal",38,3000,160
"SPI",0.9565,9.22375112383835,0.180000000000007,"LogNormal",38,3000,160
"Synthetic-only",0.957,9.24956734337188,0,"LogNormal",38,3000,160
"SCP",0.952,5.946695168802,0,"Student-t",38,3000,160
"RSA-CP (OT) (Ours)",0.947,5.65914687407184,0.00999999999999091,"Student-t",38,3000,160
"SPI",0.967,6.74011668949826,0.170000000000016,"Student-t",38,3000,160
"Synthetic-only",0.9935,11.8349389410044,0,"Student-t",38,3000,160
"SCP",0.946,8.52643219957518,0,"LogNormal",39,3000,160
"RSA-CP (OT) (Ours)",0.942,8.36401131247386,0,"LogNormal",39,3000,160
"SPI",0.9505,8.77538617095906,0.189999999999998,"LogNormal",39,3000,160
"Synthetic-only",0.949,8.6718095715387,0,"LogNormal",39,3000,160
"SCP",0.9715,7.15664414117292,0,"Student-t",39,3000,160
"RSA-CP (OT) (Ours)",0.9675,6.80864873153851,0,"Student-t",39,3000,160
"SPI",0.9805,7.92788360124137,0.180000000000007,"Student-t",39,3000,160
"Synthetic-only",0.9915,11.1343626860657,0,"Student-t",39,3000,160
"SCP",0.9325,8.05455289497091,0,"LogNormal",40,3000,160
"RSA-CP (OT) (Ours)",0.9215,7.65419574373958,0.0200000000000102,"LogNormal",40,3000,160
"SPI",0.953,9.02317846660759,0.169999999999987,"LogNormal",40,3000,160
"Synthetic-only",0.954,9.10609149197798,0,"LogNormal",40,3000,160
"SCP",0.951,5.88095577469239,0,"Student-t",40,3000,160
"RSA-CP (OT) (Ours)",0.9475,5.67075579275873,0.0200000000000102,"Student-t",40,3000,160
"SPI",0.963,6.51629365997272,0.169999999999987,"Student-t",40,3000,160
"Synthetic-only",0.993,11.8046038029143,0,"Student-t",40,3000,160
"SCP",0.934,8.08283648464752,0,"LogNormal",41,3000,160
"RSA-CP (OT) (Ours)",0.93,7.96538903262688,0,"LogNormal",41,3000,160
"SPI",0.9495,8.67510052310656,0.180000000000007,"LogNormal",41,3000,160
"Synthetic-only",0.954,9.12263411263791,0.00999999999999091,"LogNormal",41,3000,160
"SCP",0.965,6.66735730980112,0,"Student-t",41,3000,160
"RSA-CP (OT) (Ours)",0.957,6.16628462880088,0,"Student-t",41,3000,160
"SPI",0.971,7.06877773497572,0.189999999999998,"Student-t",41,3000,160
"Synthetic-only",0.9925,11.6439114466683,0.0199999999999818,"Student-t",41,3000,160
"SCP",0.963,9.80327159384795,0,"LogNormal",42,3000,160
"RSA-CP (OT) (Ours)",0.9625,9.66916246198683,0.0199999999999818,"LogNormal",42,3000,160
"SPI",0.9695,10.5942875962018,0.170000000000016,"LogNormal",42,3000,160
"Synthetic-only",0.972,10.7947859283018,0,"LogNormal",42,3000,160
"SCP",0.9335,5.23660752643965,0,"Student-t",42,3000,160
"RSA-CP (OT) (Ours)",0.929,5.1320559877467,0.00999999999999091,"Student-t",42,3000,160
"SPI",0.9405,5.48414789656839,0.180000000000007,"Student-t",42,3000,160
"Synthetic-only",0.99,10.5760118787832,0,"Student-t",42,3000,160
"SCP",0.9495,8.683860673496,0,"LogNormal",43,3000,160
"RSA-CP (OT) (Ours)",0.947,8.56220549009439,0.00999999999999091,"LogNormal",43,3000,160
"SPI",0.9405,8.25999534514746,0.170000000000016,"LogNormal",43,3000,160
"Synthetic-only",0.9315,8.03389090075395,0,"LogNormal",43,3000,160
"SCP",0.97,7.05475783525886,0,"Student-t",43,3000,160
"RSA-CP (OT) (Ours)",0.9645,6.57557571057956,0.0199999999999818,"Student-t",43,3000,160
"SPI",0.9825,8.53410038873014,0.170000000000016,"Student-t",43,3000,160
"Synthetic-only",0.9915,11.0827622170331,0,"Student-t",43,3000,160
"SCP",0.9205,7.63373798679559,0,"LogNormal",44,3000,160
"RSA-CP (OT) (Ours)",0.915,7.44177903069202,0,"LogNormal",44,3000,160
"SPI",0.9235,7.7282042935865,0.170000000000016,"LogNormal",44,3000,160
"Synthetic-only",0.979,11.9811482618568,0,"LogNormal",44,3000,160
"SCP",0.9675,6.85341703615311,0,"Student-t",44,3000,160
"RSA-CP (OT) (Ours)",0.9645,6.60555397658058,0.00999999999999091,"Student-t",44,3000,160
"SPI",0.982,8.23704863308349,0.180000000000007,"Student-t",44,3000,160
"Synthetic-only",0.9945,12.0881581480505,0,"Student-t",44,3000,160
"SCP",0.9435,8.435925284155,0,"LogNormal",45,3000,160
"RSA-CP (OT) (Ours)",0.9305,8.01222873914125,0,"LogNormal",45,3000,160
"SPI",0.953,9.01997805664024,0.189999999999998,"LogNormal",45,3000,160
"Synthetic-only",0.9865,13.3088087291969,0.0200000000000102,"LogNormal",45,3000,160
"SCP",0.965,6.66613035627401,0,"Student-t",45,3000,160
"RSA-CP (OT) (Ours)",0.9645,6.64061421563172,0.0100000000000193,"Student-t",45,3000,160
"SPI",0.9685,6.94512465774488,0.179999999999978,"Student-t",45,3000,160
"Synthetic-only",0.992,11.5515198734016,0,"Student-t",45,3000,160
"SCP",0.964,9.86438867441118,0,"LogNormal",46,3000,160
"RSA-CP (OT) (Ours)",0.962,9.60774569840628,0.0100000000000193,"LogNormal",46,3000,160
"SPI",0.9555,9.19607537730003,0.169999999999987,"LogNormal",46,3000,160
"Synthetic-only",0.954,9.0905046974609,0,"LogNormal",46,3000,160
"SCP",0.9635,6.55209480659446,0,"Student-t",46,3000,160
"RSA-CP (OT) (Ours)",0.9595,6.39788004751484,0,"Student-t",46,3000,160
"SPI",0.982,8.37359232447282,0.189999999999998,"Student-t",46,3000,160
"Synthetic-only",0.9915,11.1765445205325,0,"Student-t",46,3000,160
"SCP",0.963,9.81282660301453,0,"LogNormal",47,3000,160
"RSA-CP (OT) (Ours)",0.9565,9.21238942549913,0.00999999999999091,"LogNormal",47,3000,160
"SPI",0.953,9.04064179360189,0.170000000000016,"LogNormal",47,3000,160
"Synthetic-only",0.953,9.01775766847316,0,"LogNormal",47,3000,160
"SCP",0.959,6.34264973644006,0,"Student-t",47,3000,160
"RSA-CP (OT) (Ours)",0.9585,6.28936336309021,0.0199999999999818,"Student-t",47,3000,160
"SPI",0.966,6.7204601278253,0.170000000000016,"Student-t",47,3000,160
"Synthetic-only",0.9945,12.3834080496828,0,"Student-t",47,3000,160
"SCP",0.963,9.71107841394577,0,"LogNormal",48,3000,160
"RSA-CP (OT) (Ours)",0.9615,9.58055131022824,0,"LogNormal",48,3000,160
"SPI",0.965,9.94624573229955,0.180000000000007,"LogNormal",48,3000,160
"Synthetic-only",0.989,13.7801096945905,0,"LogNormal",48,3000,160
"SCP",0.992,11.6198820318036,0,"Student-t",48,3000,160
"RSA-CP (OT) (Ours)",0.9905,10.8037055895264,0,"Student-t",48,3000,160
"SPI",0.993,11.7314874751245,0.189999999999998,"Student-t",48,3000,160
"Synthetic-only",0.9925,11.6994784495656,0.0200000000000102,"Student-t",48,3000,160
"SCP",0.945,8.47797407931726,0,"LogNormal",49,3000,160
"RSA-CP (OT) (Ours)",0.9425,8.39618287608147,0.0200000000000102,"LogNormal",49,3000,160
"SPI",0.9555,9.19141914805779,0.169999999999987,"LogNormal",49,3000,160
"Synthetic-only",0.9715,10.7590981119809,0,"LogNormal",49,3000,160
"SCP",0.9505,5.8591640440863,0,"Student-t",49,3000,160
"RSA-CP (OT) (Ours)",0.95,5.8173799328219,0.0200000000000102,"Student-t",49,3000,160
"SPI",0.9775,7.7148739364125,0.169999999999987,"Student-t",49,3000,160
"Synthetic-only",0.9945,12.376418847677,0,"Student-t",49,3000,160
"SCP",0.9525,8.98725482845118,0,"LogNormal",50,3000,160
"RSA-CP (OT) (Ours)",0.9525,8.87869046001106,0,"LogNormal",50,3000,160
"SPI",0.9385,8.208635976323,0.189999999999998,"LogNormal",50,3000,160
"Synthetic-only",0.938,8.19173255388436,0,"LogNormal",50,3000,160
"SCP",0.948,5.70397792389277,0,"Student-t",50,3000,160
"RSA-CP (OT) (Ours)",0.947,5.66020195754406,0,"Student-t",50,3000,160
"SPI",0.9545,6.07941823043558,0.189999999999998,"Student-t",50,3000,160
"Synthetic-only",0.9915,10.8950162091885,0,"Student-t",50,3000,160
"SCP",0.959,9.32676141957201,0,"LogNormal",51,3000,160
"RSA-CP (OT) (Ours)",0.954,9.13209277199631,0.00999999999999091,"LogNormal",51,3000,160
"SPI",0.963,9.77487381932434,0.180000000000007,"LogNormal",51,3000,160
"Synthetic-only",0.99,14.7142591149784,0,"LogNormal",51,3000,160
"SCP",0.982,8.28014309257739,0,"Student-t",51,3000,160
"RSA-CP (OT) (Ours)",0.98,7.86305199711092,0.00999999999999091,"Student-t",51,3000,160
"SPI",0.9855,9.04490545089633,0.170000000000016,"Student-t",51,3000,160
"Synthetic-only",0.994,11.9160052456515,0,"Student-t",51,3000,160
"SCP",0.9215,7.64491753585038,0,"LogNormal",52,3000,160
"RSA-CP (OT) (Ours)",0.9185,7.57548604949694,0,"LogNormal",52,3000,160
"SPI",0.9265,7.81093985915781,0.189999999999998,"LogNormal",52,3000,160
"Synthetic-only",0.985,13.1544499063161,0,"LogNormal",52,3000,160
"SCP",0.948,5.69086759402285,0,"Student-t",52,3000,160
"RSA-CP (OT) (Ours)",0.9435,5.59790376773103,0,"Student-t",52,3000,160
"SPI",0.9675,6.85077861452154,0.170000000000016,"Student-t",52,3000,160
"Synthetic-only",0.992,11.5305730982877,0,"Student-t",52,3000,160
"SCP",0.929,7.92466091691513,0,"LogNormal",53,3000,160
"RSA-CP (OT) (Ours)",0.9215,7.65037434936075,0.0200000000000102,"LogNormal",53,3000,160
"SPI",0.946,8.52629644114877,0.169999999999987,"LogNormal",53,3000,160
"Synthetic-only",0.9795,12.1001765676731,0,"LogNormal",53,3000,160
"SCP",0.9825,8.56884086802057,0,"Student-t",53,3000,160
"RSA-CP (OT) (Ours)",0.982,8.22171283840118,0,"Student-t",53,3000,160
"SPI",0.9895,10.524170851503,0.189999999999998,"Student-t",53,3000,160
"Synthetic-only",0.9915,11.0491041114327,0.0200000000000102,"Student-t",53,3000,160
"SCP",0.963,9.68338948589912,0,"LogNormal",54,3000,160
"RSA-CP (OT) (Ours)",0.9615,9.54718789799614,0.0100000000000193,"LogNormal",54,3000,160
"SPI",0.953,9.02317846660759,0.179999999999978,"LogNormal",54,3000,160
"Synthetic-only",0.9465,8.55007964514916,0,"LogNormal",54,3000,160
"SCP",0.939,5.39308025909773,0,"Student-t",54,3000,160
"RSA-CP (OT) (Ours)",0.931,5.18542664800348,0.0100000000000193,"Student-t",54,3000,160
"SPI",0.944,5.60407923461797,0.169999999999987,"Student-t",54,3000,160
"Synthetic-only",0.992,11.449052172351,0,"Student-t",54,3000,160
"SCP",0.908,7.21166023819245,0,"LogNormal",55,3000,160
"RSA-CP (OT) (Ours)",0.905,7.09536581077307,0,"LogNormal",55,3000,160
"SPI",0.9495,8.72660380395385,0.189999999999998,"LogNormal",55,3000,160
"Synthetic-only",0.982,12.3747021582068,0.00999999999999091,"LogNormal",55,3000,160
"SCP",0.9495,5.80315601660954,0,"Student-t",55,3000,160
"RSA-CP (OT) (Ours)",0.9495,5.79253186751588,0,"Student-t",55,3000,160
"SPI",0.9645,6.60748433413925,0.180000000000007,"Student-t",55,3000,160
"Synthetic-only",0.9945,12.2624852833129,0.00999999999999091,"Student-t",55,3000,160
"SCP",0.9735,11.0919257297884,0,"LogNormal",56,3000,160
"RSA-CP (OT) (Ours)",0.972,10.8326747841286,0.0199999999999818,"LogNormal",56,3000,160
"SPI",0.9665,10.1382646004621,0.189999999999998,"LogNormal",56,3000,160
"Synthetic-only",0.9655,10.0024347870627,0,"LogNormal",56,3000,160
"SCP",0.975,7.48147581909673,0,"Student-t",56,3000,160
"RSA-CP (OT) (Ours)",0.9735,7.35403785341221,0,"Student-t",56,3000,160
"SPI",0.982,8.31437469694662,0.180000000000007,"Student-t",56,3000,160
"Synthetic-only",0.994,12.0186727562682,0,"Student-t",56,3000,160
"SCP",0.9365,8.14426494207953,0,"LogNormal",57,3000,160
"RSA-CP (OT) (Ours)",0.93,7.96538903262688,0.0200000000000102,"LogNormal",57,3000,160
"SPI",0.9525,8.90063847866675,0.169999999999987,"LogNormal",57,3000,160
"Synthetic-only",0.9505,8.84200740912675,0,"LogNormal",57,3000,160
"SCP",0.9585,6.3213363117027,0,"Student-t",57,3000,160
"RSA-CP (OT) (Ours)",0.9555,6.09873736202354,0,"Student-t",57,3000,160
"SPI",0.982,8.28596384022991,0.169999999999987,"Student-t",57,3000,160
"Synthetic-only",0.992,11.6127164135621,0,"Student-t",57,3000,160
"SCP",0.906,7.15775981749863,0,"LogNormal",58,3000,160
"RSA-CP (OT) (Ours)",0.9015,7.01070014674859,0,"LogNormal",58,3000,160
"SPI",0.9275,7.85703449956647,0.169999999999987,"LogNormal",58,3000,160
"Synthetic-only",0.965,9.93772313411024,0,"LogNormal",58,3000,160
"SCP",0.982,8.30540698917546,0,"Student-t",58,3000,160
"RSA-CP (OT) (Ours)",0.978,7.74738325157034,0,"Student-t",58,3000,160
"SPI",0.9875,9.50988193631346,0.189999999999998,"Student-t",58,3000,160
"Synthetic-only",0.997,13.1352130347985,0,"Student-t",58,3000,160
"SCP",0.939,8.21315018869535,0,"LogNormal",59,3000,160
"RSA-CP (OT) (Ours)",0.9305,7.98810069168851,0.0199999999999818,"LogNormal",59,3000,160
"SPI",0.9605,9.47820228673935,0.170000000000016,"LogNormal",59,3000,160
"Synthetic-only",0.9725,10.8545421681567,0,"LogNormal",59,3000,160
"SCP",0.9275,5.03947194032524,0,"Student-t",59,3000,160
"RSA-CP (OT) (Ours)",0.9265,5.00330477445456,0.00999999999999091,"Student-t",59,3000,160
"SPI",0.962,6.47491081459419,0.180000000000007,"Student-t",59,3000,160
"Synthetic-only",0.9935,11.8326149126772,0,"Student-t",59,3000,160
"SCP",0.963,9.70436408712868,0,"LogNormal",60,3000,160
"RSA-CP (OT) (Ours)",0.9605,9.50611417874063,0,"LogNormal",60,3000,160
"SPI",0.97,10.7064434140229,0.189999999999998,"LogNormal",60,3000,160
"Synthetic-only",0.988,13.6924921178017,0,"LogNormal",60,3000,160
"SCP",0.9675,6.7808256501442,0,"Student-t",60,3000,160
"RSA-CP (OT) (Ours)",0.9595,6.3880686138561,0.0100000000000193,"Student-t",60,3000,160
"SPI",0.982,8.39454838202746,0.179999999999978,"Student-t",60,3000,160
"Synthetic-only",0.993,11.8295520217247,0,"Student-t",60,3000,160
"SCP",0.9465,8.54947831882137,0,"LogNormal",61,3000,160
"RSA-CP (OT) (Ours)",0.945,8.44734032912098,0,"LogNormal",61,3000,160
"SPI",0.9575,9.27464545449958,0.189999999999998,"LogNormal",61,3000,160
"Synthetic-only",0.9765,11.5702461762812,0.0199999999999818,"LogNormal",61,3000,160
"SCP",0.973,7.32076870080209,0,"Student-t",61,3000,160
"RSA-CP (OT) (Ours)",0.972,7.2410256206486,0.00999999999999091,"Student-t",61,3000,160
"SPI",0.9815,8.01336544076426,0.180000000000007,"Student-t",61,3000,160
"Synthetic-only",0.992,11.6180388106461,0.00999999999999091,"Student-t",61,3000,160
"SCP",0.9415,8.34955774337905,0,"LogNormal",62,3000,160
"RSA-CP (OT) (Ours)",0.9405,8.25346650219324,0.0200000000000102,"LogNormal",62,3000,160
"SPI",0.9525,8.94411271448548,0.169999999999987,"LogNormal",62,3000,160
"Synthetic-only",0.9525,8.95826006917761,0,"LogNormal",62,3000,160
"SCP",0.9675,6.79555640566501,0,"Student-t",62,3000,160
"RSA-CP (OT) (Ours)",0.9645,6.58614996123058,0.0200000000000102,"Student-t",62,3000,160
"SPI",0.972,7.29788761553145,0.22999999999999,"Student-t",62,3000,160
"Synthetic-only",0.992,11.5691967435254,0,"Student-t",62,3000,160
"SCP",0.9325,8.05592714973878,0,"LogNormal",63,3000,160
"RSA-CP (OT) (Ours)",0.9295,7.93193893421782,0.0200000000000102,"LogNormal",63,3000,160
"SPI",0.936,8.12519847570561,0.169999999999987,"LogNormal",63,3000,160
"Synthetic-only",0.989,13.9928704157925,0.0100000000000193,"LogNormal",63,3000,160
"SCP",0.9855,9.06347053252204,0,"Student-t",63,3000,160
"RSA-CP (OT) (Ours)",0.9855,9.04528771720269,0,"Student-t",63,3000,160
"SPI",0.9875,9.51044319333941,0.189999999999998,"Student-t",63,3000,160
"Synthetic-only",0.992,11.464867648296,0,"Student-t",63,3000,160
"SCP",0.958,9.30154720021805,0,"LogNormal",64,3000,160
"RSA-CP (OT) (Ours)",0.957,9.25985867847812,0.0199999999999818,"LogNormal",64,3000,160
"SPI",0.963,9.6927628717705,0.180000000000007,"LogNormal",64,3000,160
"Synthetic-only",0.975,11.2533443770054,0,"LogNormal",64,3000,160
"SCP",0.974,7.36104170681886,0,"Student-t",64,3000,160
"RSA-CP (OT) (Ours)",0.972,7.28888714657168,0,"Student-t",64,3000,160
"SPI",0.9775,7.65768816977427,0.189999999999998,"Student-t",64,3000,160
"Synthetic-only",0.9935,11.8509644550905,0,"Student-t",64,3000,160
"SCP",0.9495,8.683860673496,0,"LogNormal",65,3000,160
"RSA-CP (OT) (Ours)",0.948,8.61322386449652,0,"LogNormal",65,3000,160
"SPI",0.9525,8.87765736212089,0.180000000000007,"LogNormal",65,3000,160
"Synthetic-only",0.9505,8.7988427196676,0,"LogNormal",65,3000,160
"SCP",0.9635,6.55756152703098,0,"Student-t",65,3000,160
"RSA-CP (OT) (Ours)",0.9625,6.49048950694657,0,"Student-t",65,3000,160
"SPI",0.965,6.64183191370427,0.189999999999998,"Student-t",65,3000,160
"Synthetic-only",0.9945,12.2980013843093,0,"Student-t",65,3000,160
"SCP",0.9505,8.8424190440167,0,"LogNormal",66,3000,160
"RSA-CP (OT) (Ours)",0.945,8.51299303533757,0.0199999999999818,"LogNormal",66,3000,160
"SPI",0.9725,10.8590377852888,0.170000000000016,"LogNormal",66,3000,160
"Synthetic-only",0.9845,12.9215332545304,0,"LogNormal",66,3000,160
"SCP",0.9675,6.85077861452154,0,"Student-t",66,3000,160
"RSA-CP (OT) (Ours)",0.9675,6.81797931483268,0.00999999999999091,"Student-t",66,3000,160
"SPI",0.974,7.45843562635872,0.189999999999998,"Student-t",66,3000,160
"Synthetic-only",0.9915,11.1065395602053,0,"Student-t",66,3000,160
"SCP",0.96,9.44740209278693,0,"LogNormal",67,3000,160
"RSA-CP (OT) (Ours)",0.957,9.27313947081935,0.0200000000000102,"LogNormal",67,3000,160
"SPI",0.9505,8.79976109902024,0.169999999999987,"LogNormal",67,3000,160
"Synthetic-only",0.9495,8.70908910871561,0,"LogNormal",67,3000,160
"SCP",0.9555,6.0976394280928,0,"Student-t",67,3000,160
"RSA-CP (OT) (Ours)",0.9475,5.67075579275873,0.0200000000000102,"Student-t",67,3000,160
"SPI",0.963,6.50010633959422,0.180000000000007,"Student-t",67,3000,160
"Synthetic-only",0.9945,12.0932613042701,0,"Student-t",67,3000,160
"SCP",0.9375,8.17149454806664,0,"LogNormal",68,3000,160
"RSA-CP (OT) (Ours)",0.936,8.14059501494363,0.0199999999999818,"LogNormal",68,3000,160
"SPI",0.948,8.5961811694877,0.189999999999998,"LogNormal",68,3000,160
"Synthetic-only",0.9465,8.54967886116983,0,"LogNormal",68,3000,160
"SCP",0.957,6.16329771034647,0,"Student-t",68,3000,160
"RSA-CP (OT) (Ours)",0.955,6.08246152134483,0,"Student-t",68,3000,160
"SPI",0.965,6.65034843647029,0.180000000000007,"Student-t",68,3000,160
"Synthetic-only",0.9895,10.5454236718992,0,"Student-t",68,3000,160
"SCP",0.875,6.30651405571394,0,"LogNormal",69,3000,160
"RSA-CP (OT) (Ours)",0.8715,6.24987617276318,0,"LogNormal",69,3000,160
"SPI",0.9375,8.16890986959946,0.189999999999998,"LogNormal",69,3000,160
"Synthetic-only",0.9375,8.16720473587419,0,"LogNormal",69,3000,160
"SCP",0.9645,6.61042651786016,0,"Student-t",69,3000,160
"RSA-CP (OT) (Ours)",0.963,6.52690271357786,0.00999999999999091,"Student-t",69,3000,160
"SPI",0.979,7.79210281875003,0.189999999999998,"Student-t",69,3000,160
"Synthetic-only",0.9915,11.3224865085842,0,"Student-t",69,3000,160
"SCP",0.9365,8.15483212218918,0,"LogNormal",70,3000,160
"RSA-CP (OT) (Ours)",0.9305,8.01222873914125,0.0200000000000102,"LogNormal",70,3000,160
"SPI",0.9505,8.76397257210708,0.169999999999987,"LogNormal",70,3000,160
"Synthetic-only",0.9495,8.68662693789308,0,"LogNormal",70,3000,160
"SCP",0.9645,6.59341242038274,0,"Student-t",70,3000,160
"RSA-CP (OT) (Ours)",0.9595,6.40957474000455,0.0100000000000193,"Student-t",70,3000,160
"SPI",0.9775,7.71705704619173,0.169999999999987,"Student-t",70,3000,160
"Synthetic-only",0.9945,12.4238284432193,0,"Student-t",70,3000,160
"SCP",0.9535,9.08066463856867,0,"LogNormal",71,3000,160
"RSA-CP (OT) (Ours)",0.9525,8.94830494549452,0.0199999999999818,"LogNormal",71,3000,160
"SPI",0.954,9.0925581541848,0.170000000000016,"LogNormal",71,3000,160
"Synthetic-only",0.9525,8.87895311342621,0,"LogNormal",71,3000,160
"SCP",0.9855,9.04490545089633,0,"Student-t",71,3000,160
"RSA-CP (OT) (Ours)",0.982,8.3426518540286,0.00999999999999091,"Student-t",71,3000,160
"SPI",0.99,10.6216384677661,0.180000000000007,"Student-t",71,3000,160
"Synthetic-only",0.9945,12.2797233686649,0,"Student-t",71,3000,160
"SCP",0.8805,6.44549650030541,0,"LogNormal",72,3000,160
"RSA-CP (OT) (Ours)",0.8715,6.25646313688705,0.0200000000000102,"LogNormal",72,3000,160
"SPI",0.927,7.83259750643993,0.169999999999987,"LogNormal",72,3000,160
"Synthetic-only",0.9845,12.9987412810345,0,"LogNormal",72,3000,160
"SCP",0.977,7.58511708069727,0,"Student-t",72,3000,160
"RSA-CP (OT) (Ours)",0.972,7.27568667750177,0.0100000000000193,"Student-t",72,3000,160
"SPI",0.9815,8.03768823587964,0.189999999999998,"Student-t",72,3000,160
"Synthetic-only",0.9895,10.407900187913,0,"Student-t",72,3000,160
"SCP",0.948,8.59830855259126,0,"LogNormal",73,3000,160
"RSA-CP (OT) (Ours)",0.945,8.45798896767019,0.0199999999999818,"LogNormal",73,3000,160
"SPI",0.9525,8.96533502614222,0.170000000000016,"LogNormal",73,3000,160
"Synthetic-only",0.953,9.04518025198393,0,"LogNormal",73,3000,160
"SCP",0.973,7.32651128959869,0,"Student-t",73,3000,160
"RSA-CP (OT) (Ours)",0.973,7.31724086265339,0.00999999999999091,"Student-t",73,3000,160
"SPI",0.981,7.97595462817891,0.189999999999998,"Student-t",73,3000,160
"Synthetic-only",0.9905,10.8165702993774,0,"Student-t",73,3000,160
"SCP",0.9365,8.14466816065432,0,"LogNormal",74,3000,160
"RSA-CP (OT) (Ours)",0.9325,8.05763538498902,0.0200000000000102,"LogNormal",74,3000,160
"SPI",0.967,10.1742681685312,0.189999999999998,"LogNormal",74,3000,160
"Synthetic-only",0.969,10.3568594294726,0,"LogNormal",74,3000,160
"SCP",0.9545,6.07846087374962,0,"Student-t",74,3000,160
"RSA-CP (OT) (Ours)",0.9525,5.99814671436628,0,"Student-t",74,3000,160
"SPI",0.9685,6.91239875697933,0.180000000000007,"Student-t",74,3000,160
"Synthetic-only",0.9915,11.0093693973869,0.00999999999999091,"Student-t",74,3000,160
"SCP",0.9495,8.73890397406326,0,"LogNormal",75,3000,160
"RSA-CP (OT) (Ours)",0.9495,8.70224621578815,0,"LogNormal",75,3000,160
"SPI",0.967,10.1838316311516,0.189999999999998,"LogNormal",75,3000,160
"Synthetic-only",0.973,10.9595570734461,0.0100000000000193,"LogNormal",75,3000,160
"SCP",0.9525,5.98934531740967,0,"Student-t",75,3000,160
"RSA-CP (OT) (Ours)",0.952,5.94413944599538,0.0100000000000193,"Student-t",75,3000,160
"SPI",0.9675,6.76462134050259,0.169999999999987,"Student-t",75,3000,160
"Synthetic-only",0.993,11.820323162307,0,"Student-t",75,3000,160
"SCP",0.9605,9.53632092921445,0,"LogNormal",76,3000,160
"RSA-CP (OT) (Ours)",0.96,9.46703157778317,0.00999999999999091,"LogNormal",76,3000,160
"SPI",0.983,12.6276197508217,0.180000000000007,"LogNormal",76,3000,160
"Synthetic-only",0.9865,13.2705189393073,0,"LogNormal",76,3000,160
"SCP",0.9775,7.68601126109848,0,"Student-t",76,3000,160
"RSA-CP (OT) (Ours)",0.972,7.30084020610756,0.00999999999999091,"Student-t",76,3000,160
"SPI",0.9895,10.3866582900911,0.170000000000016,"Student-t",76,3000,160
"Synthetic-only",0.9925,11.6730415138123,0,"Student-t",76,3000,160
"SCP",0.941,8.27273352222101,0,"LogNormal",77,3000,160
"RSA-CP (OT) (Ours)",0.936,8.13406185518929,0.0200000000000102,"LogNormal",77,3000,160
"SPI",0.968,10.298481962554,0.169999999999987,"LogNormal",77,3000,160
"Synthetic-only",0.983,12.5510726527792,0,"LogNormal",77,3000,160
"SCP",0.965,6.66467963508249,0,"Student-t",77,3000,160
"RSA-CP (OT) (Ours)",0.9645,6.62457191188324,0,"Student-t",77,3000,160
"SPI",0.9815,8.1078392005369,0.189999999999998,"Student-t",77,3000,160
"Synthetic-only",0.9945,12.2057850415372,0,"Student-t",77,3000,160
"SCP",0.956,9.19736137352882,0,"LogNormal",78,3000,160
"RSA-CP (OT) (Ours)",0.9525,8.91085768997292,0,"LogNormal",78,3000,160
"SPI",0.9655,9.96617373707026,0.180000000000007,"LogNormal",78,3000,160
"Synthetic-only",0.969,10.4892760248835,0,"LogNormal",78,3000,160
"SCP",0.9675,6.89015774631846,0,"Student-t",78,3000,160
"RSA-CP (OT) (Ours)",0.9675,6.82889271364971,0.0200000000000102,"Student-t",78,3000,160
"SPI",0.974,7.36499937899567,0.169999999999987,"Student-t",78,3000,160
"Synthetic-only",0.992,11.5664598221178,0,"Student-t",78,3000,160
"SCP",0.9275,7.8518275986408,0,"LogNormal",79,3000,160
"RSA-CP (OT) (Ours)",0.9185,7.55814661026614,0,"LogNormal",79,3000,160
"SPI",0.96,9.4203941569688,0.180000000000007,"LogNormal",79,3000,160
"Synthetic-only",0.99,14.7686226618846,0.00999999999999091,"LogNormal",79,3000,160
"SCP",0.982,8.19811585388938,0,"Student-t",79,3000,160
"RSA-CP (OT) (Ours)",0.9815,8.02946475274823,0.0199999999999818,"Student-t",79,3000,160
"SPI",0.9845,8.81881949050706,0.189999999999998,"Student-t",79,3000,160
"Synthetic-only",0.9915,11.0132822355677,0,"Student-t",79,3000,160
"SCP",0.924,7.76009051206527,0,"LogNormal",80,3000,160
"RSA-CP (OT) (Ours)",0.923,7.70616772609951,0.0100000000000193,"LogNormal",80,3000,160
"SPI",0.9315,8.0364854685301,0.189999999999998,"LogNormal",80,3000,160
"Synthetic-only",0.9775,11.7790381192371,0,"LogNormal",80,3000,160
"SCP",0.973,7.32486325793481,0,"Student-t",80,3000,160
"RSA-CP (OT) (Ours)",0.969,6.95470050055316,0.0199999999999818,"Student-t",80,3000,160
"SPI",0.983,8.61516619188733,0.170000000000016,"Student-t",80,3000,160
"Synthetic-only",0.992,11.5030596877989,0,"Student-t",80,3000,160
"SCP",0.908,7.21415610998499,0,"LogNormal",81,3000,160
"RSA-CP (OT) (Ours)",0.9015,7.01070014674859,0,"LogNormal",81,3000,160
"SPI",0.916,7.45602199468523,0.189999999999998,"LogNormal",81,3000,160
"Synthetic-only",0.9655,10.0023704910016,0.0200000000000102,"LogNormal",81,3000,160
"SCP",0.948,5.7020297120474,0,"Student-t",81,3000,160
"RSA-CP (OT) (Ours)",0.9415,5.53236596743369,0.0200000000000102,"Student-t",81,3000,160
"SPI",0.983,8.63176550651536,0.169999999999987,"Student-t",81,3000,160
"Synthetic-only",0.9915,11.3512199015187,0,"Student-t",81,3000,160
"SCP",0.917,7.48583445633522,0,"LogNormal",82,3000,160
"RSA-CP (OT) (Ours)",0.9095,7.27549043871449,0,"LogNormal",82,3000,160
"SPI",0.9495,8.7300006545096,0.189999999999998,"LogNormal",82,3000,160
"Synthetic-only",0.9485,8.63832997684891,0,"LogNormal",82,3000,160
"SCP",0.9745,7.47257234658242,0,"Student-t",82,3000,160
"RSA-CP (OT) (Ours)",0.9685,6.9301437806271,0,"Student-t",82,3000,160
"SPI",0.982,8.21111590372782,0.189999999999998,"Student-t",82,3000,160
"Synthetic-only",0.9915,11.0924439172895,0.0199999999999818,"Student-t",82,3000,160
"SCP",0.966,10.0808107446627,0,"LogNormal",83,3000,160
"RSA-CP (OT) (Ours)",0.966,10.0448071005917,0,"LogNormal",83,3000,160
"SPI",0.9625,9.66761965096024,0.189999999999998,"LogNormal",83,3000,160
"Synthetic-only",0.9525,8.9908292843305,0.0200000000000102,"LogNormal",83,3000,160
"SCP",0.982,8.23683735216915,0,"Student-t",83,3000,160
"RSA-CP (OT) (Ours)",0.982,8.18268825715608,0.0200000000000102,"Student-t",83,3000,160
"SPI",0.982,8.37090549549961,0.169999999999987,"Student-t",83,3000,160
"Synthetic-only",0.9915,11.340426437967,0,"Student-t",83,3000,160
"SCP",0.9505,8.81625266895592,0,"LogNormal",84,3000,160
"RSA-CP (OT) (Ours)",0.947,8.55982104998709,0.00999999999999091,"LogNormal",84,3000,160
"SPI",0.9525,8.89667407176499,0.170000000000016,"LogNormal",84,3000,160
"Synthetic-only",0.969,10.4909040388047,0,"LogNormal",84,3000,160
"SCP",0.9585,6.30070636250944,0,"Student-t",84,3000,160
"RSA-CP (OT) (Ours)",0.9525,5.98700701694049,0.0199999999999818,"Student-t",84,3000,160
"SPI",0.965,6.67932676565339,0.170000000000016,"Student-t",84,3000,160
"Synthetic-only",0.9915,11.2985405620428,0.0199999999999818,"Student-t",84,3000,160
"SCP",0.9015,7.01317089467262,0,"LogNormal",85,3000,160
"RSA-CP (OT) (Ours)",0.8935,6.81081094290372,0.0100000000000193,"LogNormal",85,3000,160
"SPI",0.9135,7.39874131538048,0.189999999999998,"LogNormal",85,3000,160
"Synthetic-only",0.9895,14.296970265345,0,"LogNormal",85,3000,160
"SCP",0.963,6.53963136618984,0,"Student-t",85,3000,160
"RSA-CP (OT) (Ours)",0.9615,6.46555518687217,0,"Student-t",85,3000,160
"SPI",0.9695,7.05003145776099,0.189999999999998,"Student-t",85,3000,160
"Synthetic-only",0.9945,12.1483977106234,0.00999999999999091,"Student-t",85,3000,160
"SCP",0.9005,6.992414958982,0,"LogNormal",86,3000,160
"RSA-CP (OT) (Ours)",0.8995,6.96739833582108,0,"LogNormal",86,3000,160
"SPI",0.908,7.18981114233476,0.189999999999998,"LogNormal",86,3000,160
"Synthetic-only",0.953,9.06980274834087,0,"LogNormal",86,3000,160
"SCP",0.977,7.61611053634207,0,"Student-t",86,3000,160
"RSA-CP (OT) (Ours)",0.976,7.54772352561284,0,"Student-t",86,3000,160
"SPI",0.982,8.44669685456433,0.189999999999998,"Student-t",86,3000,160
"Synthetic-only",0.992,11.4814517355032,0.0200000000000102,"Student-t",86,3000,160
"SCP",0.9605,9.53052813184383,0,"LogNormal",87,3000,160
"RSA-CP (OT) (Ours)",0.957,9.25985867847812,0.0199999999999818,"LogNormal",87,3000,160
"SPI",0.948,8.61545099572069,0.170000000000016,"LogNormal",87,3000,160
"Synthetic-only",0.948,8.60558634369248,0,"LogNormal",87,3000,160
"SCP",0.9525,5.98725415014039,0,"Student-t",87,3000,160
"RSA-CP (OT) (Ours)",0.952,5.92831086971558,0.0199999999999818,"Student-t",87,3000,160
"SPI",0.9675,6.88601253010672,0.180000000000007,"Student-t",87,3000,160
"Synthetic-only",0.9915,11.3952890858403,0,"Student-t",87,3000,160
"SCP",0.9665,10.1126068559493,0,"LogNormal",88,3000,160
"RSA-CP (OT) (Ours)",0.9655,9.99264018350541,0.0200000000000102,"LogNormal",88,3000,160
"SPI",0.9695,10.5873427857839,0.189999999999998,"LogNormal",88,3000,160
"Synthetic-only",0.9785,11.9228036005775,0,"LogNormal",88,3000,160
"SCP",0.9555,6.10749394243137,0,"Student-t",88,3000,160
"RSA-CP (OT) (Ours)",0.954,6.03662147179149,0,"Student-t",88,3000,160
"SPI",0.963,6.51536443080748,0.180000000000007,"Student-t",88,3000,160
"Synthetic-only",0.994,11.9603892890755,0.00999999999999091,"Student-t",88,3000,160
"SCP",0.948,8.5728824337042,0,"LogNormal",89,3000,160
"RSA-CP (OT) (Ours)",0.945,8.50945008299656,0,"LogNormal",89,3000,160
"SPI",0.954,9.13672435037234,0.189999999999998,"LogNormal",89,3000,160
"Synthetic-only",0.962,9.65547870759318,0,"LogNormal",89,3000,160
"SCP",0.952,5.98346526026328,0,"Student-t",89,3000,160
"RSA-CP (OT) (Ours)",0.952,5.97144263151572,0.0100000000000193,"Student-t",89,3000,160
"SPI",0.9575,6.20962500002419,0.169999999999987,"Student-t",89,3000,160
"Synthetic-only",0.9915,11.2333776140981,0,"Student-t",89,3000,160
"SCP",0.9415,8.31718945399962,0,"LogNormal",90,3000,160
"RSA-CP (OT) (Ours)",0.928,7.87972564741308,0,"LogNormal",90,3000,160
"SPI",0.9485,8.62759433842502,0.189999999999998,"LogNormal",90,3000,160
"Synthetic-only",0.9485,8.62124352373386,0,"LogNormal",90,3000,160
"SCP",0.9545,6.04283393525848,0,"Student-t",90,3000,160
"RSA-CP (OT) (Ours)",0.954,6.0373210945085,0.00999999999999091,"Student-t",90,3000,160
"SPI",0.9695,7.00766315613708,0.189999999999998,"Student-t",90,3000,160
"Synthetic-only",0.9895,10.5510875603266,0,"Student-t",90,3000,160
"SCP",0.946,8.53438390797744,0,"LogNormal",91,3000,160
"RSA-CP (OT) (Ours)",0.939,8.2187880926888,0.0200000000000102,"LogNormal",91,3000,160
"SPI",0.948,8.5835219267971,0.169999999999987,"LogNormal",91,3000,160
"Synthetic-only",0.948,8.58193365015392,0,"LogNormal",91,3000,160
"SCP",0.9545,6.04761185149058,0,"Student-t",91,3000,160
"RSA-CP (OT) (Ours)",0.939,5.39123108972346,0,"Student-t",91,3000,160
"SPI",0.977,7.61008590732318,0.189999999999998,"Student-t",91,3000,160
"Synthetic-only",0.9915,10.9954687635211,0,"Student-t",91,3000,160
"SCP",0.9495,8.74939156004375,0,"LogNormal",92,3000,160
"RSA-CP (OT) (Ours)",0.945,8.47496559659723,0.0199999999999818,"LogNormal",92,3000,160
"SPI",0.965,9.90826874302293,0.180000000000007,"LogNormal",92,3000,160
"Synthetic-only",0.979,12.0349906641719,0,"LogNormal",92,3000,160
"SCP",0.965,6.67675441996784,0,"Student-t",92,3000,160
"RSA-CP (OT) (Ours)",0.956,6.12245275731186,0,"Student-t",92,3000,160
"SPI",0.9875,9.40911391143603,0.189999999999998,"Student-t",92,3000,160
"Synthetic-only",0.9915,11.1865177138371,0,"Student-t",92,3000,160
"SCP",0.97,10.7060266324808,0,"LogNormal",93,3000,160
"RSA-CP (OT) (Ours)",0.97,10.6785424181132,0.0200000000000102,"LogNormal",93,3000,160
"SPI",0.967,10.2515900268128,0.189999999999998,"LogNormal",93,3000,160
"Synthetic-only",0.9405,8.23874114776127,0,"LogNormal",93,3000,160
"SCP",0.962,6.47970882265015,0,"Student-t",93,3000,160
"RSA-CP (OT) (Ours)",0.9495,5.79581196588291,0,"Student-t",93,3000,160
"SPI",0.9775,7.70830907390369,0.180000000000007,"Student-t",93,3000,160
"Synthetic-only",0.993,11.7931825553914,0,"Student-t",93,3000,160
"SCP",0.9525,8.91365847612488,0.0199999999999818,"LogNormal",94,3000,160
"RSA-CP (OT) (Ours)",0.9505,8.79563997052253,0,"LogNormal",94,3000,160
"SPI",0.9485,8.64308091559477,0.189999999999998,"LogNormal",94,3000,160
"Synthetic-only",0.9435,8.42809660061621,0,"LogNormal",94,3000,160
"SCP",0.972,7.2502405920697,0,"Student-t",94,3000,160
"RSA-CP (OT) (Ours)",0.972,7.2237794770206,0.0100000000000193,"Student-t",94,3000,160
"SPI",0.989,9.94840264791741,0.239999999999981,"Student-t",94,3000,160
"Synthetic-only",0.9915,11.370828717127,0,"Student-t",94,3000,160
"SCP",0.9205,7.63271194236924,0,"LogNormal",95,3000,160
"RSA-CP (OT) (Ours)",0.9185,7.57583821071517,0,"LogNormal",95,3000,160
"SPI",0.9265,7.81093985915781,0.189999999999998,"LogNormal",95,3000,160
"Synthetic-only",0.977,11.6178919267475,0,"LogNormal",95,3000,160
"SCP",0.958,6.27969324574283,0,"Student-t",95,3000,160
"RSA-CP (OT) (Ours)",0.952,5.95145558464036,0,"Student-t",95,3000,160
"SPI",0.9675,6.83115037826529,0.189999999999998,"Student-t",95,3000,160
"Synthetic-only",0.9935,11.8417648781642,0.00999999999999091,"Student-t",95,3000,160
"SCP",0.966,10.0661144221081,0,"LogNormal",96,3000,160
"RSA-CP (OT) (Ours)",0.9655,9.99264018350541,0.0200000000000102,"LogNormal",96,3000,160
"SPI",0.969,10.3734481198831,0.169999999999987,"LogNormal",96,3000,160
"Synthetic-only",0.9755,11.348762418194,0,"LogNormal",96,3000,160
"SCP",0.9665,6.72458832242164,0,"Student-t",96,3000,160
"RSA-CP (OT) (Ours)",0.9655,6.6908105043385,0.0200000000000102,"Student-t",96,3000,160
"SPI",0.971,7.07609507139521,0.169999999999987,"Student-t",96,3000,160
"Synthetic-only",0.9915,11.2776015433229,0,"Student-t",96,3000,160
"SCP",0.9205,7.61677934021968,0,"LogNormal",97,3000,160
"RSA-CP (OT) (Ours)",0.918,7.51146444294492,0,"LogNormal",97,3000,160
"SPI",0.94,8.23412355039241,0.189999999999998,"LogNormal",97,3000,160
"Synthetic-only",0.9605,9.53334590933988,0,"LogNormal",97,3000,160
"SCP",0.976,7.54087444925932,0,"Student-t",97,3000,160
"RSA-CP (OT) (Ours)",0.9695,7.00304832787429,0,"Student-t",97,3000,160
"SPI",0.9815,8.05315186185303,0.189999999999998,"Student-t",97,3000,160
"Synthetic-only",0.9915,11.3075197236819,0,"Student-t",97,3000,160
"SCP",0.93,7.96788572680737,0,"LogNormal",98,3000,160
"RSA-CP (OT) (Ours)",0.928,7.859411436897,0.00999999999999091,"LogNormal",98,3000,160
"SPI",0.946,8.53564171445238,0.180000000000007,"LogNormal",98,3000,160
"Synthetic-only",0.9865,13.3171249892404,0,"LogNormal",98,3000,160
"SCP",0.966,6.71503323221195,0,"Student-t",98,3000,160
"RSA-CP (OT) (Ours)",0.963,6.49833462841417,0.00999999999999091,"Student-t",98,3000,160
"SPI",0.982,8.15930738554674,0.189999999999998,"Student-t",98,3000,160
"Synthetic-only",0.992,11.496537450223,0,"Student-t",98,3000,160
"SCP",0.909,7.24570318833853,0,"LogNormal",99,3000,160
"RSA-CP (OT) (Ours)",0.908,7.1952355938534,0,"LogNormal",99,3000,160
"SPI",0.929,7.89338906415968,0.189999999999998,"LogNormal",99,3000,160
"Synthetic-only",0.9315,8.04294817544747,0,"LogNormal",99,3000,160
"SCP",0.971,7.12742554979025,0,"Student-t",99,3000,160
"RSA-CP (OT) (Ours)",0.9655,6.6949210132776,0.0199999999999818,"Student-t",99,3000,160
"SPI",0.9785,7.75295699121117,0.170000000000016,"Student-t",99,3000,160
"Synthetic-only",0.9945,12.525211373253,0,"Student-t",99,3000,160
"SCP",0.942,8.35607506195818,0,"LogNormal",100,3000,160
"RSA-CP (OT) (Ours)",0.93,7.95524550918144,0,"LogNormal",100,3000,160
"SPI",0.941,8.26790743832219,0.189999999999998,"LogNormal",100,3000,160
"Synthetic-only",0.9375,8.16935881865485,0,"LogNormal",100,3000,160
"SCP",0.982,8.18789340738156,0,"Student-t",100,3000,160
"RSA-CP (OT) (Ours)",0.9805,7.89599057764167,0.0200000000000102,"Student-t",100,3000,160
"SPI",0.9825,8.56891028734356,0.169999999999987,"Student-t",100,3000,160
"Synthetic-only",0.9915,11.0476664414574,0,"Student-t",100,3000,160
