"Method","Cov","Width","Time","Dataset","Trial","Noise"
"SCP",0.956,8.96118419621163,0,"LogNormal",1,0.25
"RSA-CP (OT) (Ours)",0.9535,8.82377299637636,0.0799999999999983,"LogNormal",1,0.25
"SPI",0.952,8.73085478184519,0.0399999999999991,"LogNormal",1,0.25
"Synthetic-only",0.727,4.27347595976651,0,"LogNormal",1,0.25
"SCP",0.956,8.96118419621163,0,"LogNormal",1,0.5
"RSA-CP (OT) (Ours)",0.9535,8.82377299637636,0.0200000000000031,"LogNormal",1,0.5
"SPI",0.952,8.73085478184519,0.029999999999994,"LogNormal",1,0.5
"Synthetic-only",0.8085,5.06154137272128,0,"LogNormal",1,0.5
"SCP",0.956,8.96118419621163,0,"LogNormal",1,1
"RSA-CP (OT) (Ours)",0.9535,8.83394678165493,0,"LogNormal",1,1
"SPI",0.952,8.73085478184519,0.109999999999999,"LogNormal",1,1
"Synthetic-only",0.8995,6.61156070708514,0,"LogNormal",1,1
"SCP",0.956,8.96118419621163,0,"LogNormal",1,1.5
"RSA-CP (OT) (Ours)",0.9535,8.83163260901414,0.00999999999999801,"LogNormal",1,1.5
"SPI",0.952,8.73085478184519,0.0300000000000011,"LogNormal",1,1.5
"Synthetic-only",0.939,8.24804895087672,0,"LogNormal",1,1.5
"SCP",0.956,8.96118419621163,0,"LogNormal",1,2
"RSA-CP (OT) (Ours)",0.9535,8.81996897403987,0,"LogNormal",1,2
"SPI",0.969,9.88915298672067,0.0399999999999991,"LogNormal",1,2
"Synthetic-only",0.969,9.88772298121384,0,"LogNormal",1,2
"SCP",0.956,8.96118419621163,0,"LogNormal",1,3
"RSA-CP (OT) (Ours)",0.9535,8.82840202404762,0,"LogNormal",1,3
"SPI",0.9695,9.93399419967629,0.0700000000000003,"LogNormal",1,3
"Synthetic-only",0.9885,13.2054992376991,0.019999999999996,"LogNormal",1,3
"SCP",0.9485,6.35751055910473,0,"Student-t",1,0.25
"RSA-CP (OT) (Ours)",0.942,6.15120166349128,0,"Student-t",1,0.25
"SPI",0.9515,6.53220347906205,0.0399999999999991,"Student-t",1,0.25
"Synthetic-only",0.9515,6.53184316330382,0,"Student-t",1,0.25
"SCP",0.9485,6.35751055910473,0,"Student-t",1,0.5
"RSA-CP (OT) (Ours)",0.9415,6.14562989411102,0.019999999999996,"Student-t",1,0.5
"SPI",0.953,6.60622688577271,0.0500000000000043,"Student-t",1,0.5
"Synthetic-only",0.953,6.58326651586657,0,"Student-t",1,0.5
"SCP",0.9485,6.35751055910473,0,"Student-t",1,1
"RSA-CP (OT) (Ours)",0.9415,6.14372572337748,0,"Student-t",1,1
"SPI",0.9625,7.26424713235982,0.0399999999999991,"Student-t",1,1
"Synthetic-only",0.9625,7.24238590858281,0,"Student-t",1,1
"SCP",0.9485,6.35751055910473,0,"Student-t",1,1.5
"RSA-CP (OT) (Ours)",0.942,6.15357565329868,0.0200000000000031,"Student-t",1,1.5
"SPI",0.976,8.52733171983054,0.0499999999999972,"Student-t",1,1.5
"Synthetic-only",0.976,8.50132043948821,0,"Student-t",1,1.5
"SCP",0.9485,6.35751055910473,0,"Student-t",1,2
"RSA-CP (OT) (Ours)",0.9435,6.18852746578187,0,"Student-t",1,2
"SPI",0.986,10.1805251321463,0.0399999999999991,"Student-t",1,2
"Synthetic-only",0.986,10.1503317890065,0,"Student-t",1,2
"SCP",0.9485,6.35751055910473,0,"Student-t",1,3
"RSA-CP (OT) (Ours)",0.9435,6.18633956590766,0.0200000000000031,"Student-t",1,3
"SPI",0.9875,10.4985965245892,0.029999999999994,"Student-t",1,3
"Synthetic-only",0.996,13.6901116085607,0,"Student-t",1,3
"SCP",0.933,7.98938869228529,0,"LogNormal",2,0.25
"RSA-CP (OT) (Ours)",0.927,7.73351657754543,0,"LogNormal",2,0.25
"SPI",0.922,7.55454540998042,0.0399999999999991,"LogNormal",2,0.25
"Synthetic-only",0.733,4.34839638354929,0,"LogNormal",2,0.25
"SCP",0.933,7.98938869228529,0,"LogNormal",2,0.5
"RSA-CP (OT) (Ours)",0.927,7.73351657754543,0,"LogNormal",2,0.5
"SPI",0.922,7.55454540998042,0.0600000000000023,"LogNormal",2,0.5
"Synthetic-only",0.8055,5.02617648384522,0.0200000000000031,"LogNormal",2,0.5
"SCP",0.933,7.98938869228529,0,"LogNormal",2,1
"RSA-CP (OT) (Ours)",0.926,7.71456188005145,0,"LogNormal",2,1
"SPI",0.922,7.55454540998042,0.0499999999999972,"LogNormal",2,1
"Synthetic-only",0.897,6.53073729535814,0.0200000000000031,"LogNormal",2,1
"SCP",0.933,7.98938869228529,0,"LogNormal",2,1.5
"RSA-CP (OT) (Ours)",0.9275,7.75247127503942,0,"LogNormal",2,1.5
"SPI",0.9405,8.2902143248407,0.0399999999999991,"LogNormal",2,1.5
"Synthetic-only",0.94,8.28211695375558,0,"LogNormal",2,1.5
"SCP",0.933,7.98938869228529,0,"LogNormal",2,2
"RSA-CP (OT) (Ours)",0.927,7.72864497718706,0,"LogNormal",2,2
"SPI",0.972,10.2011624618547,0.0499999999999972,"LogNormal",2,2
"Synthetic-only",0.972,10.1942031982746,0,"LogNormal",2,2
"SCP",0.933,7.98938869228529,0,"LogNormal",2,3
"RSA-CP (OT) (Ours)",0.927,7.73528343974325,0,"LogNormal",2,3
"SPI",0.99,13.4482482976952,0.0600000000000023,"LogNormal",2,3
"Synthetic-only",0.9895,13.4296053890069,0.0200000000000031,"LogNormal",2,3
"SCP",0.931,5.73479935071158,0,"Student-t",2,0.25
"RSA-CP (OT) (Ours)",0.927,5.64275854768967,0.0200000000000031,"Student-t",2,0.25
"SPI",0.96,7.05386278720743,0.029999999999994,"Student-t",2,0.25
"Synthetic-only",0.959,7.03295688198248,0,"Student-t",2,0.25
"SCP",0.931,5.73479935071158,0,"Student-t",2,0.5
"RSA-CP (OT) (Ours)",0.926,5.61301261114579,0,"Student-t",2,0.5
"SPI",0.953,6.6175097196704,0.0600000000000023,"Student-t",2,0.5
"Synthetic-only",0.953,6.61242026054987,0.0200000000000031,"Student-t",2,0.5
"SCP",0.931,5.73479935071158,0,"Student-t",2,1
"RSA-CP (OT) (Ours)",0.927,5.62882101724499,0,"Student-t",2,1
"SPI",0.959,7.04204970569345,0.0499999999999972,"Student-t",2,1
"Synthetic-only",0.959,7.04102137596725,0,"Student-t",2,1
"SCP",0.931,5.73479935071158,0,"Student-t",2,1.5
"RSA-CP (OT) (Ours)",0.927,5.6325332819788,0.0200000000000031,"Student-t",2,1.5
"SPI",0.976,8.53681996993947,0.0399999999999991,"Student-t",2,1.5
"Synthetic-only",0.976,8.52590956369124,0,"Student-t",2,1.5
"SCP",0.931,5.73479935071158,0,"Student-t",2,2
"RSA-CP (OT) (Ours)",0.927,5.6269890782986,0,"Student-t",2,2
"SPI",0.985,9.93452397732966,0.0500000000000043,"Student-t",2,2
"Synthetic-only",0.985,9.93308290415729,0,"Student-t",2,2
"SCP",0.931,5.73479935071158,0,"Student-t",2,3
"RSA-CP (OT) (Ours)",0.9255,5.58667901295135,0.00999999999999801,"Student-t",2,3
"SPI",0.9955,13.140900279534,0.0499999999999972,"Student-t",2,3
"Synthetic-only",0.9955,13.116831239988,0,"Student-t",2,3
"SCP",0.8995,6.60999910908706,0,"LogNormal",3,0.25
"RSA-CP (OT) (Ours)",0.8675,6.00691808936589,0.0200000000000031,"LogNormal",3,0.25
"SPI",0.8345,5.515831553796,0.0399999999999991,"LogNormal",3,0.25
"Synthetic-only",0.726,4.25666842211816,0,"LogNormal",3,0.25
"SCP",0.8995,6.60999910908706,0,"LogNormal",3,0.5
"RSA-CP (OT) (Ours)",0.8675,5.99490425318716,0,"LogNormal",3,0.5
"SPI",0.8345,5.515831553796,0.0499999999999972,"LogNormal",3,0.5
"Synthetic-only",0.8055,5.04967908097636,0,"LogNormal",3,0.5
"SCP",0.8995,6.60999910908706,0,"LogNormal",3,1
"RSA-CP (OT) (Ours)",0.862,5.94171896706669,0.0200000000000031,"LogNormal",3,1
"SPI",0.895,6.49094327676154,0.0399999999999991,"LogNormal",3,1
"Synthetic-only",0.8945,6.48999200601887,0,"LogNormal",3,1
"SCP",0.8995,6.60999910908706,0,"LogNormal",3,1.5
"RSA-CP (OT) (Ours)",0.8595,5.88756590087745,0,"LogNormal",3,1.5
"SPI",0.939,8.25074111720756,0.0499999999999972,"LogNormal",3,1.5
"Synthetic-only",0.939,8.23948651740224,0,"LogNormal",3,1.5
"SCP",0.8995,6.60999910908706,0,"LogNormal",3,2
"RSA-CP (OT) (Ours)",0.865,5.96502444224588,0,"LogNormal",3,2
"SPI",0.966,9.60305971886627,0.0600000000000023,"LogNormal",3,2
"Synthetic-only",0.969,9.88076806534113,0.0200000000000031,"LogNormal",3,2
"SCP",0.8995,6.60999910908706,0,"LogNormal",3,3
"RSA-CP (OT) (Ours)",0.863,5.95123934789478,0,"LogNormal",3,3
"SPI",0.966,9.60305971886627,0.0499999999999972,"LogNormal",3,3
"Synthetic-only",0.986,12.7616589938714,0,"LogNormal",3,3
"SCP",0.982,9.51593474215535,0,"Student-t",3,0.25
"RSA-CP (OT) (Ours)",0.9625,7.42529658048595,0.0200000000000031,"Student-t",3,0.25
"SPI",0.9525,6.55370166338713,0.0399999999999991,"Student-t",3,0.25
"Synthetic-only",0.9515,6.54159761079744,0,"Student-t",3,0.25
"SCP",0.982,9.51593474215535,0,"Student-t",3,0.5
"RSA-CP (OT) (Ours)",0.9635,7.47841493918493,0,"Student-t",3,0.5
"SPI",0.9535,6.63679678397454,0.0500000000000043,"Student-t",3,0.5
"Synthetic-only",0.953,6.61952478944625,0,"Student-t",3,0.5
"SCP",0.982,9.51593474215535,0,"Student-t",3,1
"RSA-CP (OT) (Ours)",0.9655,7.63853411326841,0.00999999999999801,"Student-t",3,1
"SPI",0.96,7.09480761738993,0.0499999999999972,"Student-t",3,1
"Synthetic-only",0.96,7.08598214670971,0,"Student-t",3,1
"SCP",0.982,9.51593474215535,0,"Student-t",3,1.5
"RSA-CP (OT) (Ours)",0.965,7.57320000864411,0,"Student-t",3,1.5
"SPI",0.9745,8.34875236915087,0.0500000000000043,"Student-t",3,1.5
"Synthetic-only",0.9735,8.32007204964559,0,"Student-t",3,1.5
"SCP",0.982,9.51593474215535,0,"Student-t",3,2
"RSA-CP (OT) (Ours)",0.9675,7.79169796169218,0.00999999999999801,"Student-t",3,2
"SPI",0.985,10.1045278601086,0.0499999999999972,"Student-t",3,2
"Synthetic-only",0.985,10.0946758773992,0,"Student-t",3,2
"SCP",0.982,9.51593474215535,0,"Student-t",3,3
"RSA-CP (OT) (Ours)",0.967,7.77413330294425,0,"Student-t",3,3
"SPI",0.9925,12.177122151373,0.0500000000000043,"Student-t",3,3
"Synthetic-only",0.996,13.6767795668011,0,"Student-t",3,3
"SCP",0.9855,12.5081372123719,0,"LogNormal",4,0.25
"RSA-CP (OT) (Ours)",0.981,11.6580104098786,0,"LogNormal",4,0.25
"SPI",0.973,10.3368454097783,0.0499999999999972,"LogNormal",4,0.25
"Synthetic-only",0.7295,4.31101367183843,0,"LogNormal",4,0.25
"SCP",0.9855,12.5081372123719,0,"LogNormal",4,0.5
"RSA-CP (OT) (Ours)",0.979,11.3586072532846,0,"LogNormal",4,0.5
"SPI",0.973,10.3368454097783,0.0600000000000023,"LogNormal",4,0.5
"Synthetic-only",0.8055,5.03439833001227,0.0200000000000031,"LogNormal",4,0.5
"SCP",0.9855,12.5081372123719,0,"LogNormal",4,1
"RSA-CP (OT) (Ours)",0.978,11.265043766849,0,"LogNormal",4,1
"SPI",0.973,10.3368454097783,0.0499999999999972,"LogNormal",4,1
"Synthetic-only",0.9,6.62621118424145,0,"LogNormal",4,1
"SCP",0.9855,12.5081372123719,0,"LogNormal",4,1.5
"RSA-CP (OT) (Ours)",0.9795,11.4521707397203,0,"LogNormal",4,1.5
"SPI",0.973,10.3368454097783,0.0600000000000023,"LogNormal",4,1.5
"Synthetic-only",0.939,8.26010799395166,0.0200000000000031,"LogNormal",4,1.5
"SCP",0.9855,12.5081372123719,0,"LogNormal",4,2
"RSA-CP (OT) (Ours)",0.979,11.3628964612135,0,"LogNormal",4,2
"SPI",0.973,10.3368454097783,0.0500000000000043,"LogNormal",4,2
"Synthetic-only",0.9705,10.0627493753502,0,"LogNormal",4,2
"SCP",0.9855,12.5081372123719,0,"LogNormal",4,3
"RSA-CP (OT) (Ours)",0.978,11.2514610338717,0,"LogNormal",4,3
"SPI",0.988,13.0647529850449,0.0599999999999952,"LogNormal",4,3
"Synthetic-only",0.988,13.0217996266695,0.00999999999999801,"LogNormal",4,3
"SCP",0.9655,7.63006918809089,0,"Student-t",4,0.25
"RSA-CP (OT) (Ours)",0.954,6.74492253751208,0,"Student-t",4,0.25
"SPI",0.954,6.6812258510413,0.0500000000000043,"Student-t",4,0.25
"Synthetic-only",0.954,6.66061616224254,0,"Student-t",4,0.25
"SCP",0.9655,7.63006918809089,0,"Student-t",4,0.5
"RSA-CP (OT) (Ours)",0.956,6.83534669974471,0.00999999999999801,"Student-t",4,0.5
"SPI",0.953,6.62073394508743,0.0499999999999972,"Student-t",4,0.5
"Synthetic-only",0.953,6.59904170415192,0,"Student-t",4,0.5
"SCP",0.9655,7.63006918809089,0,"Student-t",4,1
"RSA-CP (OT) (Ours)",0.956,6.81081108981876,0,"Student-t",4,1
"SPI",0.9645,7.5340779671911,0.0500000000000043,"Student-t",4,1
"Synthetic-only",0.9645,7.53182054337744,0,"Student-t",4,1
"SCP",0.9655,7.63006918809089,0,"Student-t",4,1.5
"RSA-CP (OT) (Ours)",0.956,6.81372537123625,0.00999999999999801,"Student-t",4,1.5
"SPI",0.9745,8.38760428534233,0.0499999999999972,"Student-t",4,1.5
"Synthetic-only",0.9775,8.7443511838562,0,"Student-t",4,1.5
"SCP",0.9655,7.63006918809089,0,"Student-t",4,2
"RSA-CP (OT) (Ours)",0.957,6.94854473641111,0,"Student-t",4,2
"SPI",0.9745,8.38760428534233,0.0500000000000043,"Student-t",4,2
"Synthetic-only",0.9875,10.6199941055852,0,"Student-t",4,2
"SCP",0.9655,7.63006918809089,0,"Student-t",4,3
"RSA-CP (OT) (Ours)",0.954,6.758718888082,0.00999999999999801,"Student-t",4,3
"SPI",0.9745,8.38760428534233,0.0300000000000011,"Student-t",4,3
"Synthetic-only",0.9955,13.1870415576064,0,"Student-t",4,3
"SCP",0.99,13.5311236464401,0,"LogNormal",5,0.25
"RSA-CP (OT) (Ours)",0.9745,10.451907699527,0.0200000000000031,"LogNormal",5,0.25
"SPI",0.946,8.42152715035636,0.0300000000000011,"LogNormal",5,0.25
"Synthetic-only",0.7305,4.31757013919871,0,"LogNormal",5,0.25
"SCP",0.99,13.5311236464401,0,"LogNormal",5,0.5
"RSA-CP (OT) (Ours)",0.9765,11.0462318628334,0,"LogNormal",5,0.5
"SPI",0.946,8.42152715035636,0.0500000000000043,"LogNormal",5,0.5
"Synthetic-only",0.8055,5.05276989959176,0,"LogNormal",5,0.5
"SCP",0.99,13.5311236464401,0,"LogNormal",5,1
"RSA-CP (OT) (Ours)",0.9755,10.7183288761816,0.00999999999999801,"LogNormal",5,1
"SPI",0.946,8.42152715035636,0.0499999999999972,"LogNormal",5,1
"Synthetic-only",0.897,6.56425811063426,0,"LogNormal",5,1
"SCP",0.99,13.5311236464401,0,"LogNormal",5,1.5
"RSA-CP (OT) (Ours)",0.9745,10.451907699527,0,"LogNormal",5,1.5
"SPI",0.946,8.42152715035636,0.0500000000000043,"LogNormal",5,1.5
"Synthetic-only",0.9335,7.9993425267543,0,"LogNormal",5,1.5
"SCP",0.99,13.5311236464401,0,"LogNormal",5,2
"RSA-CP (OT) (Ours)",0.975,10.5586824551344,0.00999999999999801,"LogNormal",5,2
"SPI",0.9705,10.0057582383143,0.0499999999999972,"LogNormal",5,2
"Synthetic-only",0.9705,9.98855401080583,0,"LogNormal",5,2
"SCP",0.99,13.5311236464401,0,"LogNormal",5,3
"RSA-CP (OT) (Ours)",0.976,10.7746598888221,0.0200000000000031,"LogNormal",5,3
"SPI",0.988,13.0827781249252,0.0300000000000011,"LogNormal",5,3
"Synthetic-only",0.988,13.066697673202,0.00999999999999801,"LogNormal",5,3
"SCP",0.9395,5.95010522553267,0,"Student-t",5,0.25
"RSA-CP (OT) (Ours)",0.934,5.81495286146083,0,"Student-t",5,0.25
"SPI",0.954,6.71525530133073,0.0499999999999972,"Student-t",5,0.25
"Synthetic-only",0.954,6.66616118186258,0,"Student-t",5,0.25
"SCP",0.9395,5.95010522553267,0,"Student-t",5,0.5
"RSA-CP (OT) (Ours)",0.935,5.82671989871742,0.0200000000000031,"Student-t",5,0.5
"SPI",0.949,6.39282364630435,0.0300000000000011,"Student-t",5,0.5
"Synthetic-only",0.9485,6.38079053167151,0,"Student-t",5,0.5
"SCP",0.9395,5.95010522553267,0,"Student-t",5,1
"RSA-CP (OT) (Ours)",0.933,5.79297860541665,0,"Student-t",5,1
"SPI",0.954,6.71525530133073,0.0599999999999952,"Student-t",5,1
"Synthetic-only",0.9625,7.21907989980618,0.00999999999999801,"Student-t",5,1
"SCP",0.9395,5.95010522553267,0,"Student-t",5,1.5
"RSA-CP (OT) (Ours)",0.9325,5.7657354840478,0,"Student-t",5,1.5
"SPI",0.954,6.71525530133073,0.0500000000000043,"Student-t",5,1.5
"Synthetic-only",0.975,8.3929520000475,0,"Student-t",5,1.5
"SCP",0.9395,5.95010522553267,0,"Student-t",5,2
"RSA-CP (OT) (Ours)",0.933,5.79499426311586,0.00999999999999801,"Student-t",5,2
"SPI",0.954,6.71525530133073,0.0500000000000043,"Student-t",5,2
"Synthetic-only",0.985,9.86737484382028,0,"Student-t",5,2
"SCP",0.9395,5.95010522553267,0,"Student-t",5,3
"RSA-CP (OT) (Ours)",0.9325,5.76748190305102,0,"Student-t",5,3
"SPI",0.954,6.71525530133073,0.0499999999999972,"Student-t",5,3
"Synthetic-only",0.9955,13.262882643844,0,"Student-t",5,3
"SCP",0.9405,8.29164178433871,0,"LogNormal",6,0.25
"RSA-CP (OT) (Ours)",0.9305,7.89660110399317,0,"LogNormal",6,0.25
"SPI",0.9225,7.60723830178565,0.0500000000000043,"LogNormal",6,0.25
"Synthetic-only",0.7275,4.2965930898199,0,"LogNormal",6,0.25
"SCP",0.9405,8.29164178433871,0,"LogNormal",6,0.5
"RSA-CP (OT) (Ours)",0.9305,7.88274741784581,0,"LogNormal",6,0.5
"SPI",0.9225,7.60723830178565,0.0499999999999972,"LogNormal",6,0.5
"Synthetic-only",0.8005,4.970235823198,0,"LogNormal",6,0.5
"SCP",0.9405,8.29164178433871,0,"LogNormal",6,1
"RSA-CP (OT) (Ours)",0.9305,7.89660110399317,0,"LogNormal",6,1
"SPI",0.9225,7.60723830178565,0.0500000000000043,"LogNormal",6,1
"Synthetic-only",0.9005,6.66058262033173,0,"LogNormal",6,1
"SCP",0.9405,8.29164178433871,0,"LogNormal",6,1.5
"RSA-CP (OT) (Ours)",0.9305,7.88698444911903,0.00999999999999801,"LogNormal",6,1.5
"SPI",0.9395,8.27350275692768,0.0499999999999972,"LogNormal",6,1.5
"Synthetic-only",0.939,8.26997897416699,0,"LogNormal",6,1.5
"SCP",0.9405,8.29164178433871,0,"LogNormal",6,2
"RSA-CP (OT) (Ours)",0.9325,7.93768171660893,0,"LogNormal",6,2
"SPI",0.972,10.2605512791347,0.0500000000000043,"LogNormal",6,2
"Synthetic-only",0.972,10.2604556294835,0,"LogNormal",6,2
"SCP",0.9405,8.29164178433871,0,"LogNormal",6,3
"RSA-CP (OT) (Ours)",0.93,7.8640030290118,0.00999999999999801,"LogNormal",6,3
"SPI",0.9765,11.0737131271202,0.0499999999999972,"LogNormal",6,3
"Synthetic-only",0.9885,13.1221388380266,0,"LogNormal",6,3
"SCP",0.949,6.44725315193187,0,"Student-t",6,0.25
"RSA-CP (OT) (Ours)",0.9425,6.1695447633744,0,"Student-t",6,0.25
"SPI",0.949,6.40352554264503,0.0500000000000043,"Student-t",6,0.25
"Synthetic-only",0.9485,6.38961271228659,0,"Student-t",6,0.25
"SCP",0.949,6.44725315193187,0,"Student-t",6,0.5
"RSA-CP (OT) (Ours)",0.9415,6.11933965731442,0,"Student-t",6,0.5
"SPI",0.953,6.57268780812643,0.0399999999999991,"Student-t",6,0.5
"Synthetic-only",0.953,6.56282734002151,0,"Student-t",6,0.5
"SCP",0.949,6.44725315193187,0,"Student-t",6,1
"RSA-CP (OT) (Ours)",0.944,6.20402439424478,0.0200000000000031,"Student-t",6,1
"SPI",0.9625,7.21169448084009,0.0499999999999972,"Student-t",6,1
"Synthetic-only",0.9625,7.20227495226249,0,"Student-t",6,1
"SCP",0.949,6.44725315193187,0,"Student-t",6,1.5
"RSA-CP (OT) (Ours)",0.9425,6.16482802410568,0,"Student-t",6,1.5
"SPI",0.9765,8.62314732184472,0.0399999999999991,"Student-t",6,1.5
"Synthetic-only",0.9775,8.73424616612948,0,"Student-t",6,1.5
"SCP",0.949,6.44725315193187,0,"Student-t",6,2
"RSA-CP (OT) (Ours)",0.944,6.19271114736315,0,"Student-t",6,2
"SPI",0.9765,8.62314732184472,0.0700000000000003,"Student-t",6,2
"Synthetic-only",0.985,10.0819415123675,0.0200000000000031,"Student-t",6,2
"SCP",0.949,6.44725315193187,0,"Student-t",6,3
"RSA-CP (OT) (Ours)",0.9425,6.16697680333714,0,"Student-t",6,3
"SPI",0.9765,8.62314732184472,0.0399999999999991,"Student-t",6,3
"Synthetic-only",0.9955,13.2230107100997,0,"Student-t",6,3
"SCP",0.9405,8.28504355219445,0,"LogNormal",7,0.25
"RSA-CP (OT) (Ours)",0.921,7.49485086246374,0,"LogNormal",7,0.25
"SPI",0.908,6.93731517151845,0.0399999999999991,"LogNormal",7,0.25
"Synthetic-only",0.726,4.26081934750133,0,"LogNormal",7,0.25
"SCP",0.9405,8.28504355219445,0,"LogNormal",7,0.5
"RSA-CP (OT) (Ours)",0.922,7.58853649824453,0,"LogNormal",7,0.5
"SPI",0.908,6.93731517151845,0.0700000000000003,"LogNormal",7,0.5
"Synthetic-only",0.809,5.08640028892457,0.019999999999996,"LogNormal",7,0.5
"SCP",0.9405,8.28504355219445,0,"LogNormal",7,1
"RSA-CP (OT) (Ours)",0.921,7.46808353795494,0,"LogNormal",7,1
"SPI",0.908,6.93731517151845,0.0399999999999991,"LogNormal",7,1
"Synthetic-only",0.9025,6.74256659617567,0,"LogNormal",7,1
"SCP",0.9405,8.28504355219445,0,"LogNormal",7,1.5
"RSA-CP (OT) (Ours)",0.921,7.46519680033808,0,"LogNormal",7,1.5
"SPI",0.939,8.23806778854266,0.0700000000000003,"LogNormal",7,1.5
"Synthetic-only",0.939,8.22852244162412,0.019999999999996,"LogNormal",7,1.5
"SCP",0.9405,8.28504355219445,0,"LogNormal",7,2
"RSA-CP (OT) (Ours)",0.921,7.48348387432064,0,"LogNormal",7,2
"SPI",0.972,10.1845518636323,0.0399999999999991,"LogNormal",7,2
"Synthetic-only",0.972,10.1754659338688,0,"LogNormal",7,2
"SCP",0.9405,8.28504355219445,0,"LogNormal",7,3
"RSA-CP (OT) (Ours)",0.9215,7.52363621590556,0,"LogNormal",7,3
"SPI",0.9755,10.6980073620167,0.0700000000000003,"LogNormal",7,3
"Synthetic-only",0.988,13.0389877117375,0.0200000000000031,"LogNormal",7,3
"SCP",0.954,6.75095751760722,0,"Student-t",7,0.25
"RSA-CP (OT) (Ours)",0.9415,6.1427121763583,0,"Student-t",7,0.25
"SPI",0.9515,6.52234161331307,0.0399999999999991,"Student-t",7,0.25
"Synthetic-only",0.9505,6.51244903840272,0,"Student-t",7,0.25
"SCP",0.954,6.75095751760722,0,"Student-t",7,0.5
"RSA-CP (OT) (Ours)",0.944,6.22343174649263,0.0200000000000031,"Student-t",7,0.5
"SPI",0.954,6.71076726045511,0.029999999999994,"Student-t",7,0.5
"Synthetic-only",0.954,6.69374074925225,0.0200000000000031,"Student-t",7,0.5
"SCP",0.954,6.75095751760722,0,"Student-t",7,1
"RSA-CP (OT) (Ours)",0.944,6.19042170296865,0,"Student-t",7,1
"SPI",0.9625,7.34196965004934,0.0399999999999991,"Student-t",7,1
"Synthetic-only",0.9625,7.33779471064191,0,"Student-t",7,1
"SCP",0.954,6.75095751760722,0,"Student-t",7,1.5
"RSA-CP (OT) (Ours)",0.944,6.24447403556438,0.0200000000000031,"Student-t",7,1.5
"SPI",0.9765,8.55510344561312,0.0300000000000011,"Student-t",7,1.5
"Synthetic-only",0.976,8.52311957844193,0,"Student-t",7,1.5
"SCP",0.954,6.75095751760722,0,"Student-t",7,2
"RSA-CP (OT) (Ours)",0.944,6.19538966718966,0,"Student-t",7,2
"SPI",0.982,9.51805034208617,0.0599999999999952,"Student-t",7,2
"Synthetic-only",0.985,10.0476413772201,0.00999999999999801,"Student-t",7,2
"SCP",0.954,6.75095751760722,0,"Student-t",7,3
"RSA-CP (OT) (Ours)",0.944,6.23660652973631,0,"Student-t",7,3
"SPI",0.982,9.51805034208617,0.0500000000000043,"Student-t",7,3
"Synthetic-only",0.995,12.7335104529064,0,"Student-t",7,3
"SCP",0.9675,9.69849314789709,0,"LogNormal",8,0.25
"RSA-CP (OT) (Ours)",0.9625,9.27436044758758,0,"LogNormal",8,0.25
"SPI",0.956,8.95523884126783,0.0499999999999972,"LogNormal",8,0.25
"Synthetic-only",0.7295,4.3058109096811,0,"LogNormal",8,0.25
"SCP",0.9675,9.69849314789709,0,"LogNormal",8,0.5
"RSA-CP (OT) (Ours)",0.9635,9.3518081339975,0.0200000000000031,"LogNormal",8,0.5
"SPI",0.956,8.95523884126783,0.0399999999999991,"LogNormal",8,0.5
"Synthetic-only",0.809,5.07899033891541,0,"LogNormal",8,0.5
"SCP",0.9675,9.69849314789709,0,"LogNormal",8,1
"RSA-CP (OT) (Ours)",0.9625,9.29372236919006,0,"LogNormal",8,1
"SPI",0.956,8.95523884126783,0.0499999999999972,"LogNormal",8,1
"Synthetic-only",0.899,6.59948592529558,0,"LogNormal",8,1
"SCP",0.9675,9.69849314789709,0,"LogNormal",8,1.5
"RSA-CP (OT) (Ours)",0.9605,9.23563660438262,0.0200000000000031,"LogNormal",8,1.5
"SPI",0.956,8.95523884126783,0.0399999999999991,"LogNormal",8,1.5
"Synthetic-only",0.939,8.2530267356276,0,"LogNormal",8,1.5
"SCP",0.9675,9.69849314789709,0,"LogNormal",8,2
"RSA-CP (OT) (Ours)",0.9625,9.29424290794932,0.0200000000000031,"LogNormal",8,2
"SPI",0.9705,9.9588925579907,0.0499999999999972,"LogNormal",8,2
"Synthetic-only",0.9705,9.95590438867646,0,"LogNormal",8,2
"SCP",0.9675,9.69849314789709,0,"LogNormal",8,3
"RSA-CP (OT) (Ours)",0.96,9.20052343329066,0,"LogNormal",8,3
"SPI",0.9865,12.9467525909293,0.0399999999999991,"LogNormal",8,3
"Synthetic-only",0.9865,12.8860181270733,0,"LogNormal",8,3
"SCP",0.9625,7.21289229165974,0,"Student-t",8,0.25
"RSA-CP (OT) (Ours)",0.9395,5.9388304285197,0.0200000000000031,"Student-t",8,0.25
"SPI",0.953,6.59947841746767,0.0399999999999991,"Student-t",8,0.25
"Synthetic-only",0.953,6.57397661878398,0,"Student-t",8,0.25
"SCP",0.9625,7.21289229165974,0,"Student-t",8,0.5
"RSA-CP (OT) (Ours)",0.94,5.98903907620464,0,"Student-t",8,0.5
"SPI",0.9425,6.16320428135581,0.0499999999999972,"Student-t",8,0.5
"Synthetic-only",0.942,6.15952127820166,0,"Student-t",8,0.5
"SCP",0.9625,7.21289229165974,0,"Student-t",8,1
"RSA-CP (OT) (Ours)",0.941,6.05664016048579,0.0200000000000031,"Student-t",8,1
"SPI",0.9625,7.23636061185037,0.0300000000000011,"Student-t",8,1
"Synthetic-only",0.9625,7.2076717584063,0,"Student-t",8,1
"SCP",0.9625,7.21289229165974,0,"Student-t",8,1.5
"RSA-CP (OT) (Ours)",0.9395,5.96689331214754,0,"Student-t",8,1.5
"SPI",0.977,8.63409473598608,0.0599999999999952,"Student-t",8,1.5
"Synthetic-only",0.9765,8.62940038489939,0.00999999999999801,"Student-t",8,1.5
"SCP",0.9625,7.21289229165974,0,"Student-t",8,2
"RSA-CP (OT) (Ours)",0.9395,5.97828246195172,0.0200000000000031,"Student-t",8,2
"SPI",0.985,10.0012229182382,0.0300000000000011,"Student-t",8,2
"Synthetic-only",0.985,9.99316111174885,0,"Student-t",8,2
"SCP",0.9625,7.21289229165974,0,"Student-t",8,3
"RSA-CP (OT) (Ours)",0.941,6.05250351830923,0,"Student-t",8,3
"SPI",0.996,14.1288310475284,0.0599999999999952,"Student-t",8,3
"Synthetic-only",0.996,14.0728734663359,0.00999999999999801,"Student-t",8,3
"SCP",0.943,8.37541515500931,0,"LogNormal",9,0.25
"RSA-CP (OT) (Ours)",0.935,8.07711314776124,0.0200000000000031,"LogNormal",9,0.25
"SPI",0.9295,7.84779035754586,0.0399999999999991,"LogNormal",9,0.25
"Synthetic-only",0.7265,4.26571403438331,0,"LogNormal",9,0.25
"SCP",0.943,8.37541515500931,0,"LogNormal",9,0.5
"RSA-CP (OT) (Ours)",0.935,8.0494518013648,0,"LogNormal",9,0.5
"SPI",0.9295,7.84779035754586,0.0499999999999972,"LogNormal",9,0.5
"Synthetic-only",0.8055,5.04762182082905,0,"LogNormal",9,0.5
"SCP",0.943,8.37541515500931,0,"LogNormal",9,1
"RSA-CP (OT) (Ours)",0.935,8.06328247456302,0,"LogNormal",9,1
"SPI",0.9295,7.84779035754586,0.0600000000000023,"LogNormal",9,1
"Synthetic-only",0.9,6.62805322033717,0.0200000000000031,"LogNormal",9,1
"SCP",0.943,8.37541515500931,0,"LogNormal",9,1.5
"RSA-CP (OT) (Ours)",0.935,8.05343408900876,0,"LogNormal",9,1.5
"SPI",0.9425,8.35162360758536,0.0500000000000043,"LogNormal",9,1.5
"Synthetic-only",0.942,8.34967178029119,0,"LogNormal",9,1.5
"SCP",0.943,8.37541515500931,0,"LogNormal",9,2
"RSA-CP (OT) (Ours)",0.9355,8.09147692586306,0.00999999999999801,"LogNormal",9,2
"SPI",0.969,9.92329113421704,0.0499999999999972,"LogNormal",9,2
"Synthetic-only",0.969,9.92128131581377,0,"LogNormal",9,2
"SCP",0.943,8.37541515500931,0,"LogNormal",9,3
"RSA-CP (OT) (Ours)",0.936,8.09773647256522,0,"LogNormal",9,3
"SPI",0.9765,11.0553181097782,0.0500000000000043,"LogNormal",9,3
"Synthetic-only",0.9885,13.2619978786384,0,"LogNormal",9,3
"SCP",0.8885,4.71227663945572,0,"Student-t",9,0.25
"RSA-CP (OT) (Ours)",0.8715,4.26955947180614,0.00999999999999801,"Student-t",9,0.25
"SPI",0.9515,6.5212727806553,0.0499999999999972,"Student-t",9,0.25
"Synthetic-only",0.9505,6.51601428713152,0,"Student-t",9,0.25
"SCP",0.8885,4.71227663945572,0,"Student-t",9,0.5
"RSA-CP (OT) (Ours)",0.872,4.28384847533861,0,"Student-t",9,0.5
"SPI",0.9465,6.30451192139932,0.0500000000000043,"Student-t",9,0.5
"Synthetic-only",0.9455,6.28446935635021,0,"Student-t",9,0.5
"SCP",0.8885,4.71227663945572,0,"Student-t",9,1
"RSA-CP (OT) (Ours)",0.8705,4.25412614973959,0.00999999999999801,"Student-t",9,1
"SPI",0.9585,7.0061842339456,0.0499999999999972,"Student-t",9,1
"Synthetic-only",0.9585,7.00489829900215,0,"Student-t",9,1
"SCP",0.8885,4.71227663945572,0,"Student-t",9,1.5
"RSA-CP (OT) (Ours)",0.8705,4.24958328181168,0,"Student-t",9,1.5
"SPI",0.9655,7.66189701101932,0.0500000000000043,"Student-t",9,1.5
"Synthetic-only",0.976,8.47448114367364,0,"Student-t",9,1.5
"SCP",0.8885,4.71227663945572,0,"Student-t",9,2
"RSA-CP (OT) (Ours)",0.8715,4.26660883138252,0.00999999999999801,"Student-t",9,2
"SPI",0.9655,7.66189701101932,0.0499999999999972,"Student-t",9,2
"Synthetic-only",0.985,9.97743481558361,0,"Student-t",9,2
"SCP",0.8885,4.71227663945572,0,"Student-t",9,3
"RSA-CP (OT) (Ours)",0.871,4.25886970663844,0,"Student-t",9,3
"SPI",0.9655,7.66189701101932,0.0500000000000043,"Student-t",9,3
"Synthetic-only",0.996,13.6400307699258,0,"Student-t",9,3
"SCP",0.9535,8.80711526661318,0,"LogNormal",10,0.25
"RSA-CP (OT) (Ours)",0.9425,8.35434271128581,0,"LogNormal",10,0.25
"SPI",0.935,8.06957109335475,0.0500000000000043,"LogNormal",10,0.25
"Synthetic-only",0.7275,4.28195121627663,0,"LogNormal",10,0.25
"SCP",0.9535,8.80711526661318,0,"LogNormal",10,0.5
"RSA-CP (OT) (Ours)",0.946,8.41961101371773,0.00999999999999801,"LogNormal",10,0.5
"SPI",0.935,8.06957109335475,0.0499999999999972,"LogNormal",10,0.5
"Synthetic-only",0.8015,5.00012178686369,0,"LogNormal",10,0.5
"SCP",0.9535,8.80711526661318,0,"LogNormal",10,1
"RSA-CP (OT) (Ours)",0.943,8.38045003225858,0,"LogNormal",10,1
"SPI",0.935,8.06957109335475,0.0500000000000043,"LogNormal",10,1
"Synthetic-only",0.902,6.72706295967954,0,"LogNormal",10,1
"SCP",0.9535,8.80711526661318,0,"LogNormal",10,1.5
"RSA-CP (OT) (Ours)",0.943,8.38304111788739,0.00999999999999801,"LogNormal",10,1.5
"SPI",0.946,8.44892666947377,0.0499999999999972,"LogNormal",10,1.5
"Synthetic-only",0.946,8.44732040905483,0,"LogNormal",10,1.5
"SCP",0.9535,8.80711526661318,0,"LogNormal",10,2
"RSA-CP (OT) (Ours)",0.944,8.41059186153944,0,"LogNormal",10,2
"SPI",0.969,9.91289057641069,0.0500000000000043,"LogNormal",10,2
"Synthetic-only",0.969,9.9098620548781,0,"LogNormal",10,2
"SCP",0.9535,8.80711526661318,0,"LogNormal",10,3
"RSA-CP (OT) (Ours)",0.9425,8.35334189393351,0.00999999999999801,"LogNormal",10,3
"SPI",0.9745,10.434225948783,0.0499999999999972,"LogNormal",10,3
"Synthetic-only",0.988,12.9832652745459,0,"LogNormal",10,3
"SCP",0.9625,7.29620892179603,0,"Student-t",10,0.25
"RSA-CP (OT) (Ours)",0.913,5.20596496967932,0,"Student-t",10,0.25
"SPI",0.944,6.20506433524387,0.0500000000000043,"Student-t",10,0.25
"Synthetic-only",0.944,6.19162205100834,0,"Student-t",10,0.25
"SCP",0.9625,7.29620892179603,0,"Student-t",10,0.5
"RSA-CP (OT) (Ours)",0.919,5.35228323191255,0.00999999999999801,"Student-t",10,0.5
"SPI",0.955,6.78530461005344,0.0499999999999972,"Student-t",10,0.5
"Synthetic-only",0.955,6.7800817400791,0,"Student-t",10,0.5
"SCP",0.9625,7.29620892179603,0,"Student-t",10,1
"RSA-CP (OT) (Ours)",0.92,5.41462082434213,0,"Student-t",10,1
"SPI",0.9645,7.53344316046346,0.0500000000000043,"Student-t",10,1
"Synthetic-only",0.964,7.52447202742356,0,"Student-t",10,1
"SCP",0.9625,7.29620892179603,0,"Student-t",10,1.5
"RSA-CP (OT) (Ours)",0.907,5.09059686036703,0.00999999999999801,"Student-t",10,1.5
"SPI",0.976,8.46546682468326,0.0300000000000011,"Student-t",10,1.5
"Synthetic-only",0.975,8.41973294524814,0.0200000000000031,"Student-t",10,1.5
"SCP",0.9625,7.29620892179603,0,"Student-t",10,2
"RSA-CP (OT) (Ours)",0.9065,5.05018047239643,0,"Student-t",10,2
"SPI",0.9765,8.56289201779419,0.0499999999999972,"Student-t",10,2
"Synthetic-only",0.985,10.048649007153,0,"Student-t",10,2
"SCP",0.9625,7.29620892179603,0,"Student-t",10,3
"RSA-CP (OT) (Ours)",0.929,5.69523000928978,0.00999999999999801,"Student-t",10,3
"SPI",0.9765,8.56289201779419,0.0300000000000011,"Student-t",10,3
"Synthetic-only",0.996,14.1408808113597,0,"Student-t",10,3
"SCP",0.9745,10.4310333771733,0,"LogNormal",11,0.25
"RSA-CP (OT) (Ours)",0.9385,8.18710786862145,0,"LogNormal",11,0.25
"SPI",0.9025,6.74775418206731,0.0499999999999972,"LogNormal",11,0.25
"Synthetic-only",0.7275,4.28230897933872,0,"LogNormal",11,0.25
"SCP",0.9745,10.4310333771733,0,"LogNormal",11,0.5
"RSA-CP (OT) (Ours)",0.9535,8.84088780731355,0,"LogNormal",11,0.5
"SPI",0.9025,6.74775418206731,0.0600000000000023,"LogNormal",11,0.5
"Synthetic-only",0.807,5.05652299513675,0.00999999999999801,"LogNormal",11,0.5
"SCP",0.9745,10.4310333771733,0,"LogNormal",11,1
"RSA-CP (OT) (Ours)",0.939,8.23168377353228,0,"LogNormal",11,1
"SPI",0.9025,6.74775418206731,0.0399999999999991,"LogNormal",11,1
"Synthetic-only",0.897,6.53037826470166,0,"LogNormal",11,1
"SCP",0.9745,10.4310333771733,0,"LogNormal",11,1.5
"RSA-CP (OT) (Ours)",0.943,8.36078763028396,0.019999999999996,"LogNormal",11,1.5
"SPI",0.9415,8.33588924123336,0.0500000000000043,"LogNormal",11,1.5
"Synthetic-only",0.941,8.31973793579586,0,"LogNormal",11,1.5
"SCP",0.9745,10.4310333771733,0,"LogNormal",11,2
"RSA-CP (OT) (Ours)",0.946,8.42886780686061,0,"LogNormal",11,2
"SPI",0.9705,9.9793296539726,0.0399999999999991,"LogNormal",11,2
"Synthetic-only",0.969,9.92531415556489,0,"LogNormal",11,2
"SCP",0.9745,10.4310333771733,0,"LogNormal",11,3
"RSA-CP (OT) (Ours)",0.946,8.44012504666899,0.019999999999996,"LogNormal",11,3
"SPI",0.9825,11.877002219573,0.0500000000000043,"LogNormal",11,3
"Synthetic-only",0.9895,13.4239895857253,0,"LogNormal",11,3
"SCP",0.916,5.28239339923335,0,"Student-t",11,0.25
"RSA-CP (OT) (Ours)",0.907,5.08245002439243,0,"Student-t",11,0.25
"SPI",0.916,5.29086512928097,0.0399999999999991,"Student-t",11,0.25
"Synthetic-only",0.954,6.674893729144,0,"Student-t",11,0.25
"SCP",0.916,5.28239339923335,0,"Student-t",11,0.5
"RSA-CP (OT) (Ours)",0.9045,5.04231366353172,0.0200000000000031,"Student-t",11,0.5
"SPI",0.916,5.29086512928097,0.0499999999999972,"Student-t",11,0.5
"Synthetic-only",0.954,6.72136461092053,0,"Student-t",11,0.5
"SCP",0.916,5.28239339923335,0,"Student-t",11,1
"RSA-CP (OT) (Ours)",0.907,5.06194496076307,0,"Student-t",11,1
"SPI",0.916,5.29086512928097,0.0399999999999991,"Student-t",11,1
"Synthetic-only",0.9645,7.55611021281251,0,"Student-t",11,1
"SCP",0.916,5.28239339923335,0,"Student-t",11,1.5
"RSA-CP (OT) (Ours)",0.907,5.0843227787245,0.0200000000000031,"Student-t",11,1.5
"SPI",0.916,5.29086512928097,0.0499999999999972,"Student-t",11,1.5
"Synthetic-only",0.976,8.45639305204436,0,"Student-t",11,1.5
"SCP",0.916,5.28239339923335,0,"Student-t",11,2
"RSA-CP (OT) (Ours)",0.904,5.03290814101778,0,"Student-t",11,2
"SPI",0.916,5.29086512928097,0.0399999999999991,"Student-t",11,2
"Synthetic-only",0.985,9.91945126604044,0,"Student-t",11,2
"SCP",0.916,5.28239339923335,0,"Student-t",11,3
"RSA-CP (OT) (Ours)",0.907,5.10984877874496,0.0200000000000031,"Student-t",11,3
"SPI",0.916,5.29086512928097,0.0399999999999991,"Student-t",11,3
"Synthetic-only",0.996,13.4527408247067,0,"Student-t",11,3
"SCP",0.993,15.1999653488733,0,"LogNormal",12,0.25
"RSA-CP (OT) (Ours)",0.991,13.8694500666417,0.019999999999996,"LogNormal",12,0.25
"SPI",0.986,12.6181998337349,0.0500000000000043,"LogNormal",12,0.25
"Synthetic-only",0.727,4.27272262020956,0,"LogNormal",12,0.25
"SCP",0.993,15.1999653488733,0,"LogNormal",12,0.5
"RSA-CP (OT) (Ours)",0.9905,13.7331409750777,0,"LogNormal",12,0.5
"SPI",0.986,12.6181998337349,0.0399999999999991,"LogNormal",12,0.5
"Synthetic-only",0.8085,5.05964384832938,0,"LogNormal",12,0.5
"SCP",0.993,15.1999653488733,0,"LogNormal",12,1
"RSA-CP (OT) (Ours)",0.9905,13.7331409750777,0.019999999999996,"LogNormal",12,1
"SPI",0.986,12.6181998337349,0.0500000000000043,"LogNormal",12,1
"Synthetic-only",0.8995,6.61242475413505,0,"LogNormal",12,1
"SCP",0.993,15.1999653488733,0,"LogNormal",12,1.5
"RSA-CP (OT) (Ours)",0.9905,13.8353727937507,0,"LogNormal",12,1.5
"SPI",0.986,12.6181998337349,0.0399999999999991,"LogNormal",12,1.5
"Synthetic-only",0.939,8.21861026378528,0,"LogNormal",12,1.5
"SCP",0.993,15.1999653488733,0,"LogNormal",12,2
"RSA-CP (OT) (Ours)",0.991,13.8694500666417,0,"LogNormal",12,2
"SPI",0.986,12.6181998337349,0.0700000000000003,"LogNormal",12,2
"Synthetic-only",0.969,9.92477187660342,0.0200000000000031,"LogNormal",12,2
"SCP",0.993,15.1999653488733,0,"LogNormal",12,3
"RSA-CP (OT) (Ours)",0.9905,13.5968318835136,0,"LogNormal",12,3
"SPI",0.9885,13.1274394671988,0.0399999999999991,"LogNormal",12,3
"Synthetic-only",0.9885,13.1135375244829,0,"LogNormal",12,3
"SCP",0.9505,6.49361970532012,0,"Student-t",12,0.25
"RSA-CP (OT) (Ours)",0.9325,5.77212116426196,0.0200000000000031,"Student-t",12,0.25
"SPI",0.9485,6.38643331970744,0.0499999999999972,"Student-t",12,0.25
"Synthetic-only",0.9485,6.36954393988366,0,"Student-t",12,0.25
"SCP",0.9505,6.49361970532012,0,"Student-t",12,0.5
"RSA-CP (OT) (Ours)",0.9355,5.84682623115756,0,"Student-t",12,0.5
"SPI",0.9535,6.64201052583351,0.0399999999999991,"Student-t",12,0.5
"Synthetic-only",0.9535,6.62950058267597,0,"Student-t",12,0.5
"SCP",0.9505,6.49361970532012,0,"Student-t",12,1
"RSA-CP (OT) (Ours)",0.934,5.81306819329188,0.0200000000000031,"Student-t",12,1
"SPI",0.9625,7.28944909370833,0.0399999999999991,"Student-t",12,1
"Synthetic-only",0.9625,7.25935256245653,0,"Student-t",12,1
"SCP",0.9505,6.49361970532012,0,"Student-t",12,1.5
"RSA-CP (OT) (Ours)",0.935,5.83698834483114,0,"Student-t",12,1.5
"SPI",0.977,8.68733111229807,0.0499999999999972,"Student-t",12,1.5
"Synthetic-only",0.977,8.68133974412865,0,"Student-t",12,1.5
"SCP",0.9505,6.49361970532012,0,"Student-t",12,2
"RSA-CP (OT) (Ours)",0.9355,5.84144495813428,0.0200000000000031,"Student-t",12,2
"SPI",0.985,9.95628708405757,0.0399999999999991,"Student-t",12,2
"Synthetic-only",0.985,9.94397488197172,0,"Student-t",12,2
"SCP",0.9505,6.49361970532012,0,"Student-t",12,3
"RSA-CP (OT) (Ours)",0.933,5.78001683383478,0,"Student-t",12,3
"SPI",0.9955,13.095417435514,0.0499999999999972,"Student-t",12,3
"Synthetic-only",0.9955,13.0512140695159,0,"Student-t",12,3
"SCP",0.9255,7.70769101785613,0,"LogNormal",13,0.25
"RSA-CP (OT) (Ours)",0.918,7.34750236431324,0,"LogNormal",13,0.25
"SPI",0.911,7.11690023056684,0.0399999999999991,"LogNormal",13,0.25
"Synthetic-only",0.726,4.25545169560413,0,"LogNormal",13,0.25
"SCP",0.9255,7.70769101785613,0,"LogNormal",13,0.5
"RSA-CP (OT) (Ours)",0.9185,7.38832182189275,0.0200000000000031,"LogNormal",13,0.5
"SPI",0.911,7.11690023056684,0.0499999999999972,"LogNormal",13,0.5
"Synthetic-only",0.8055,5.05027807092292,0,"LogNormal",13,0.5
"SCP",0.9255,7.70769101785613,0,"LogNormal",13,1
"RSA-CP (OT) (Ours)",0.917,7.3338958784534,0,"LogNormal",13,1
"SPI",0.911,7.11690023056684,0.0399999999999991,"LogNormal",13,1
"Synthetic-only",0.896,6.51983315033734,0,"LogNormal",13,1
"SCP",0.9255,7.70769101785613,0,"LogNormal",13,1.5
"RSA-CP (OT) (Ours)",0.9205,7.43838342797288,0,"LogNormal",13,1.5
"SPI",0.9405,8.2933291705076,0.0700000000000003,"LogNormal",13,1.5
"Synthetic-only",0.9405,8.2929727874301,0.0200000000000031,"LogNormal",13,1.5
"SCP",0.9255,7.70769101785613,0,"LogNormal",13,2
"RSA-CP (OT) (Ours)",0.9165,7.29934173800301,0,"LogNormal",13,2
"SPI",0.965,9.51398533734295,0.0399999999999991,"LogNormal",13,2
"Synthetic-only",0.965,9.51347128105786,0,"LogNormal",13,2
"SCP",0.9255,7.70769101785613,0,"LogNormal",13,3
"RSA-CP (OT) (Ours)",0.9185,7.3832983118753,0,"LogNormal",13,3
"SPI",0.9765,10.8761176972982,0.0399999999999991,"LogNormal",13,3
"Synthetic-only",0.9895,13.4302799963689,0,"LogNormal",13,3
"SCP",0.953,6.61279574613989,0,"Student-t",13,0.25
"RSA-CP (OT) (Ours)",0.946,6.30121471743961,0,"Student-t",13,0.25
"SPI",0.954,6.67522577395505,0.0499999999999972,"Student-t",13,0.25
"Synthetic-only",0.954,6.67013590717099,0,"Student-t",13,0.25
"SCP",0.953,6.61279574613989,0,"Student-t",13,0.5
"RSA-CP (OT) (Ours)",0.9455,6.25676667323984,0,"Student-t",13,0.5
"SPI",0.954,6.67528046334813,0.0600000000000023,"Student-t",13,0.5
"Synthetic-only",0.9535,6.64369092601613,0.0200000000000031,"Student-t",13,0.5
"SCP",0.953,6.61279574613989,0,"Student-t",13,1
"RSA-CP (OT) (Ours)",0.9455,6.27695368086093,0,"Student-t",13,1
"SPI",0.9625,7.22196295859282,0.0499999999999972,"Student-t",13,1
"Synthetic-only",0.9615,7.18072107620404,0,"Student-t",13,1
"SCP",0.953,6.61279574613989,0,"Student-t",13,1.5
"RSA-CP (OT) (Ours)",0.9455,6.28121839164,0.0200000000000031,"Student-t",13,1.5
"SPI",0.9625,7.28627410113023,0.0399999999999991,"Student-t",13,1.5
"Synthetic-only",0.9745,8.35977643455568,0,"Student-t",13,1.5
"SCP",0.953,6.61279574613989,0,"Student-t",13,2
"RSA-CP (OT) (Ours)",0.944,6.22721398526286,0,"Student-t",13,2
"SPI",0.9625,7.28627410113023,0.0499999999999972,"Student-t",13,2
"Synthetic-only",0.986,10.2185624286503,0,"Student-t",13,2
"SCP",0.953,6.61279574613989,0,"Student-t",13,3
"RSA-CP (OT) (Ours)",0.944,6.222273012499,0.0200000000000031,"Student-t",13,3
"SPI",0.9625,7.28627410113023,0.0300000000000011,"Student-t",13,3
"Synthetic-only",0.9955,13.0279225597195,0,"Student-t",13,3
"SCP",0.934,8.00717201604654,0,"LogNormal",14,0.25
"RSA-CP (OT) (Ours)",0.922,7.58982628374975,0,"LogNormal",14,0.25
"SPI",0.9155,7.24930154286639,0.0499999999999972,"LogNormal",14,0.25
"Synthetic-only",0.7275,4.28396422309188,0,"LogNormal",14,0.25
"SCP",0.934,8.00717201604654,0,"LogNormal",14,0.5
"RSA-CP (OT) (Ours)",0.922,7.57783603685599,0,"LogNormal",14,0.5
"SPI",0.9155,7.24930154286639,0.0600000000000023,"LogNormal",14,0.5
"Synthetic-only",0.8085,5.05989061693825,0.0200000000000031,"LogNormal",14,0.5
"SCP",0.934,8.00717201604654,0,"LogNormal",14,1
"RSA-CP (OT) (Ours)",0.922,7.57499897795351,0,"LogNormal",14,1
"SPI",0.9155,7.24930154286639,0.0500000000000043,"LogNormal",14,1
"Synthetic-only",0.898,6.57299375510317,0,"LogNormal",14,1
"SCP",0.934,8.00717201604654,0,"LogNormal",14,1.5
"RSA-CP (OT) (Ours)",0.9225,7.61463537588179,0,"LogNormal",14,1.5
"SPI",0.939,8.20064251269534,0.0599999999999952,"LogNormal",14,1.5
"Synthetic-only",0.939,8.19517382654476,0.00999999999999801,"LogNormal",14,1.5
"SCP",0.934,8.00717201604654,0,"LogNormal",14,2
"RSA-CP (OT) (Ours)",0.922,7.55170328949878,0,"LogNormal",14,2
"SPI",0.9655,9.58420401707841,0.0500000000000043,"LogNormal",14,2
"Synthetic-only",0.9705,9.99802756105801,0,"LogNormal",14,2
"SCP",0.934,8.00717201604654,0,"LogNormal",14,3
"RSA-CP (OT) (Ours)",0.9225,7.62319737067446,0,"LogNormal",14,3
"SPI",0.9655,9.58420401707841,0.0499999999999972,"LogNormal",14,3
"Synthetic-only",0.99,13.4610841502082,0,"LogNormal",14,3
"SCP",0.869,4.19440979218235,0,"Student-t",14,0.25
"RSA-CP (OT) (Ours)",0.844,3.8469362357532,0.0200000000000031,"Student-t",14,0.25
"SPI",0.949,6.43576418096605,0.0399999999999991,"Student-t",14,0.25
"Synthetic-only",0.949,6.43429609994046,0,"Student-t",14,0.25
"SCP",0.869,4.19440979218235,0,"Student-t",14,0.5
"RSA-CP (OT) (Ours)",0.8465,3.85419938256203,0,"Student-t",14,0.5
"SPI",0.953,6.61073636884823,0.0499999999999972,"Student-t",14,0.5
"Synthetic-only",0.953,6.60863160405663,0,"Student-t",14,0.5
"SCP",0.869,4.19440979218235,0,"Student-t",14,1
"RSA-CP (OT) (Ours)",0.843,3.84023057813489,0.0200000000000031,"Student-t",14,1
"SPI",0.9635,7.459603326841,0.0300000000000011,"Student-t",14,1
"Synthetic-only",0.963,7.44814442365012,0,"Student-t",14,1
"SCP",0.869,4.19440979218235,0,"Student-t",14,1.5
"RSA-CP (OT) (Ours)",0.8415,3.82304850970335,0,"Student-t",14,1.5
"SPI",0.972,8.09515763248976,0.0499999999999972,"Student-t",14,1.5
"Synthetic-only",0.977,8.64774136109454,0,"Student-t",14,1.5
"SCP",0.869,4.19440979218235,0,"Student-t",14,2
"RSA-CP (OT) (Ours)",0.84,3.82059269174416,0,"Student-t",14,2
"SPI",0.972,8.09515763248976,0.0500000000000043,"Student-t",14,2
"Synthetic-only",0.9825,9.62193019458481,0,"Student-t",14,2
"SCP",0.869,4.19440979218235,0,"Student-t",14,3
"RSA-CP (OT) (Ours)",0.8395,3.81558900498019,0.00999999999999801,"Student-t",14,3
"SPI",0.972,8.09515763248976,0.0500000000000043,"Student-t",14,3
"Synthetic-only",0.9955,13.0879670124848,0,"Student-t",14,3
"SCP",0.939,8.21517646909802,0,"LogNormal",15,0.25
"RSA-CP (OT) (Ours)",0.9225,7.59757183120137,0.00999999999999801,"LogNormal",15,0.25
"SPI",0.91,7.05410301380237,0.0499999999999972,"LogNormal",15,0.25
"Synthetic-only",0.726,4.26302559633868,0,"LogNormal",15,0.25
"SCP",0.939,8.21517646909802,0,"LogNormal",15,0.5
"RSA-CP (OT) (Ours)",0.9215,7.51315436641024,0,"LogNormal",15,0.5
"SPI",0.91,7.05410301380237,0.0500000000000043,"LogNormal",15,0.5
"Synthetic-only",0.8015,4.99157987623336,0,"LogNormal",15,0.5
"SCP",0.939,8.21517646909802,0,"LogNormal",15,1
"RSA-CP (OT) (Ours)",0.9225,7.59757183120137,0.00999999999999801,"LogNormal",15,1
"SPI",0.91,7.05410301380237,0.0499999999999972,"LogNormal",15,1
"Synthetic-only",0.895,6.49708370945981,0,"LogNormal",15,1
"SCP",0.939,8.21517646909802,0,"LogNormal",15,1.5
"RSA-CP (OT) (Ours)",0.922,7.59020339076435,0,"LogNormal",15,1.5
"SPI",0.9475,8.51558715846003,0.0500000000000043,"LogNormal",15,1.5
"Synthetic-only",0.947,8.50610482490496,0,"LogNormal",15,1.5
"SCP",0.939,8.21517646909802,0,"LogNormal",15,2
"RSA-CP (OT) (Ours)",0.921,7.468363569306,0,"LogNormal",15,2
"SPI",0.9675,9.68990019523695,0.0599999999999952,"LogNormal",15,2
"Synthetic-only",0.967,9.67405621582761,0.00999999999999801,"LogNormal",15,2
"SCP",0.939,8.21517646909802,0,"LogNormal",15,3
"RSA-CP (OT) (Ours)",0.922,7.5799926354943,0.0200000000000031,"LogNormal",15,3
"SPI",0.978,11.2462822538401,0.0300000000000011,"LogNormal",15,3
"Synthetic-only",0.988,13.072043980918,0,"LogNormal",15,3
"SCP",0.9805,9.20312729197405,0,"Student-t",15,0.25
"RSA-CP (OT) (Ours)",0.9765,8.62902492295912,0,"Student-t",15,0.25
"SPI",0.973,8.27180115429287,0.0599999999999952,"Student-t",15,0.25
"Synthetic-only",0.955,6.78861211852754,0.00999999999999801,"Student-t",15,0.25
"SCP",0.9805,9.20312729197405,0,"Student-t",15,0.5
"RSA-CP (OT) (Ours)",0.976,8.52401446238282,0,"Student-t",15,0.5
"SPI",0.973,8.27180115429287,0.0500000000000043,"Student-t",15,0.5
"Synthetic-only",0.9515,6.54253402210155,0,"Student-t",15,0.5
"SCP",0.9805,9.20312729197405,0,"Student-t",15,1
"RSA-CP (OT) (Ours)",0.9765,8.55479898226908,0.00999999999999801,"Student-t",15,1
"SPI",0.973,8.27180115429287,0.0500000000000043,"Student-t",15,1
"Synthetic-only",0.9635,7.46118312450113,0,"Student-t",15,1
"SCP",0.9805,9.20312729197405,0,"Student-t",15,1.5
"RSA-CP (OT) (Ours)",0.9775,8.70042624507527,0,"Student-t",15,1.5
"SPI",0.979,9.01335517197151,0.0499999999999972,"Student-t",15,1.5
"Synthetic-only",0.979,9.00117379327251,0,"Student-t",15,1.5
"SCP",0.9805,9.20312729197405,0,"Student-t",15,2
"RSA-CP (OT) (Ours)",0.977,8.63948127977557,0.00999999999999801,"Student-t",15,2
"SPI",0.984,9.69794570850905,0.0300000000000011,"Student-t",15,2
"Synthetic-only",0.984,9.69267358564273,0,"Student-t",15,2
"SCP",0.9805,9.20312729197405,0,"Student-t",15,3
"RSA-CP (OT) (Ours)",0.9765,8.57668960257887,0,"Student-t",15,3
"SPI",0.996,13.8427932071862,0.0499999999999972,"Student-t",15,3
"Synthetic-only",0.996,13.8297309922183,0,"Student-t",15,3
"SCP",0.922,7.54107726500002,0,"LogNormal",16,0.25
"RSA-CP (OT) (Ours)",0.91,7.08388559720477,0.00999999999999801,"LogNormal",16,0.25
"SPI",0.905,6.80199880572014,0.0500000000000043,"LogNormal",16,0.25
"Synthetic-only",0.7235,4.24089265914124,0,"LogNormal",16,0.25
"SCP",0.922,7.54107726500002,0,"LogNormal",16,0.5
"RSA-CP (OT) (Ours)",0.911,7.11653023129327,0,"LogNormal",16,0.5
"SPI",0.905,6.80199880572014,0.0399999999999991,"LogNormal",16,0.5
"Synthetic-only",0.803,5.01483047527261,0,"LogNormal",16,0.5
"SCP",0.922,7.54107726500002,0,"LogNormal",16,1
"RSA-CP (OT) (Ours)",0.9125,7.14383338617798,0,"LogNormal",16,1
"SPI",0.905,6.80199880572014,0.0700000000000003,"LogNormal",16,1
"Synthetic-only",0.9005,6.6407430113759,0.019999999999996,"LogNormal",16,1
"SCP",0.922,7.54107726500002,0,"LogNormal",16,1.5
"RSA-CP (OT) (Ours)",0.91,7.07967403046802,0,"LogNormal",16,1.5
"SPI",0.939,8.25584605667886,0.0399999999999991,"LogNormal",16,1.5
"Synthetic-only",0.939,8.25491691228416,0,"LogNormal",16,1.5
"SCP",0.922,7.54107726500002,0,"LogNormal",16,2
"RSA-CP (OT) (Ours)",0.9135,7.17940501409056,0,"LogNormal",16,2
"SPI",0.952,8.69798139380289,0.0500000000000043,"LogNormal",16,2
"Synthetic-only",0.9675,9.70740978177724,0,"LogNormal",16,2
"SCP",0.922,7.54107726500002,0,"LogNormal",16,3
"RSA-CP (OT) (Ours)",0.9125,7.14605519432664,0,"LogNormal",16,3
"SPI",0.952,8.69798139380289,0.0399999999999991,"LogNormal",16,3
"Synthetic-only",0.9905,13.7012712961836,0,"LogNormal",16,3
"SCP",0.9815,9.30271288316796,0,"Student-t",16,0.25
"RSA-CP (OT) (Ours)",0.968,7.83490726243837,0,"Student-t",16,0.25
"SPI",0.956,6.90088640632233,0.0499999999999972,"Student-t",16,0.25
"Synthetic-only",0.9505,6.49093253311565,0,"Student-t",16,0.25
"SCP",0.9815,9.30271288316796,0,"Student-t",16,0.5
"RSA-CP (OT) (Ours)",0.9655,7.65230670650446,0,"Student-t",16,0.5
"SPI",0.956,6.90088640632233,0.0399999999999991,"Student-t",16,0.5
"Synthetic-only",0.952,6.55131692081869,0,"Student-t",16,0.5
"SCP",0.9815,9.30271288316796,0,"Student-t",16,1
"RSA-CP (OT) (Ours)",0.968,7.8110033695581,0,"Student-t",16,1
"SPI",0.9625,7.2989666358955,0.0700000000000003,"Student-t",16,1
"Synthetic-only",0.9625,7.29704786602595,0.0200000000000031,"Student-t",16,1
"SCP",0.9815,9.30271288316796,0,"Student-t",16,1.5
"RSA-CP (OT) (Ours)",0.968,7.79472343794492,0,"Student-t",16,1.5
"SPI",0.976,8.48238509933078,0.0399999999999991,"Student-t",16,1.5
"Synthetic-only",0.976,8.47633996898623,0,"Student-t",16,1.5
"SCP",0.9815,9.30271288316796,0,"Student-t",16,2
"RSA-CP (OT) (Ours)",0.9655,7.69465197729061,0.0200000000000031,"Student-t",16,2
"SPI",0.985,9.85631284863342,0.0399999999999991,"Student-t",16,2
"Synthetic-only",0.985,9.8334632218402,0,"Student-t",16,2
"SCP",0.9815,9.30271288316796,0,"Student-t",16,3
"RSA-CP (OT) (Ours)",0.9705,7.97604491049228,0,"Student-t",16,3
"SPI",0.9955,13.2340260311568,0.0499999999999972,"Student-t",16,3
"Synthetic-only",0.9955,13.2097888128421,0,"Student-t",16,3
"SCP",0.939,8.25910697020087,0,"LogNormal",17,0.25
"RSA-CP (OT) (Ours)",0.927,7.7304055800447,0,"LogNormal",17,0.25
"SPI",0.918,7.35948935311916,0.0600000000000023,"LogNormal",17,0.25
"Synthetic-only",0.7275,4.28634019865492,0.0200000000000031,"LogNormal",17,0.25
"SCP",0.939,8.25910697020087,0,"LogNormal",17,0.5
"RSA-CP (OT) (Ours)",0.925,7.69942199054552,0.019999999999996,"LogNormal",17,0.5
"SPI",0.918,7.35948935311916,0.0500000000000043,"LogNormal",17,0.5
"Synthetic-only",0.8095,5.09210628496871,0,"LogNormal",17,0.5
"SCP",0.939,8.25910697020087,0,"LogNormal",17,1
"RSA-CP (OT) (Ours)",0.9285,7.80786455379264,0,"LogNormal",17,1
"SPI",0.918,7.35948935311916,0.0399999999999991,"LogNormal",17,1
"Synthetic-only",0.8995,6.61899269846406,0,"LogNormal",17,1
"SCP",0.939,8.25910697020087,0,"LogNormal",17,1.5
"RSA-CP (OT) (Ours)",0.928,7.77299503460325,0.0200000000000031,"LogNormal",17,1.5
"SPI",0.946,8.43742072201462,0.0499999999999972,"LogNormal",17,1.5
"Synthetic-only",0.946,8.43728166543985,0,"LogNormal",17,1.5
"SCP",0.939,8.25910697020087,0,"LogNormal",17,2
"RSA-CP (OT) (Ours)",0.927,7.73604168270987,0,"LogNormal",17,2
"SPI",0.968,9.83088876650175,0.0399999999999991,"LogNormal",17,2
"Synthetic-only",0.968,9.82504358501218,0,"LogNormal",17,2
"SCP",0.939,8.25910697020087,0,"LogNormal",17,3
"RSA-CP (OT) (Ours)",0.9245,7.66457141103286,0.0200000000000031,"LogNormal",17,3
"SPI",0.9855,12.3831079365045,0.0499999999999972,"LogNormal",17,3
"Synthetic-only",0.9895,13.3476295853832,0,"LogNormal",17,3
"SCP",0.988,10.8235557652507,0,"Student-t",17,0.25
"RSA-CP (OT) (Ours)",0.985,9.87982237407793,0,"Student-t",17,0.25
"SPI",0.9815,9.34886715430167,0.0399999999999991,"Student-t",17,0.25
"Synthetic-only",0.9535,6.63422311096365,0,"Student-t",17,0.25
"SCP",0.988,10.8235557652507,0,"Student-t",17,0.5
"RSA-CP (OT) (Ours)",0.985,10.0218491155222,0.0200000000000031,"Student-t",17,0.5
"SPI",0.9815,9.34886715430167,0.0300000000000011,"Student-t",17,0.5
"Synthetic-only",0.954,6.65202286208119,0,"Student-t",17,0.5
"SCP",0.988,10.8235557652507,0,"Student-t",17,1
"RSA-CP (OT) (Ours)",0.985,9.85684410391956,0,"Student-t",17,1
"SPI",0.9815,9.34886715430167,0.0499999999999972,"Student-t",17,1
"Synthetic-only",0.964,7.49048553159233,0,"Student-t",17,1
"SCP",0.988,10.8235557652507,0,"Student-t",17,1.5
"RSA-CP (OT) (Ours)",0.985,9.87113092077353,0,"Student-t",17,1.5
"SPI",0.9815,9.34886715430167,0.0500000000000043,"Student-t",17,1.5
"Synthetic-only",0.9765,8.60596163626676,0,"Student-t",17,1.5
"SCP",0.988,10.8235557652507,0,"Student-t",17,2
"RSA-CP (OT) (Ours)",0.985,10.0264953299673,0.00999999999999801,"Student-t",17,2
"SPI",0.985,10.0566053689182,0.0499999999999972,"Student-t",17,2
"Synthetic-only",0.985,10.0375412518619,0,"Student-t",17,2
"SCP",0.988,10.8235557652507,0,"Student-t",17,3
"RSA-CP (OT) (Ours)",0.985,9.95484479918542,0,"Student-t",17,3
"SPI",0.996,13.4304443783064,0.0500000000000043,"Student-t",17,3
"Synthetic-only",0.996,13.409961157345,0,"Student-t",17,3
"SCP",0.9375,8.14437275273494,0,"LogNormal",18,0.25
"RSA-CP (OT) (Ours)",0.928,7.77686512021274,0,"LogNormal",18,0.25
"SPI",0.9215,7.53474140952794,0.0499999999999972,"LogNormal",18,0.25
"Synthetic-only",0.7275,4.28790909117883,0,"LogNormal",18,0.25
"SCP",0.9375,8.14437275273494,0,"LogNormal",18,0.5
"RSA-CP (OT) (Ours)",0.928,7.77686512021274,0,"LogNormal",18,0.5
"SPI",0.9215,7.53474140952794,0.0500000000000043,"LogNormal",18,0.5
"Synthetic-only",0.8035,5.01653898030138,0,"LogNormal",18,0.5
"SCP",0.9375,8.14437275273494,0,"LogNormal",18,1
"RSA-CP (OT) (Ours)",0.928,7.78501312496912,0,"LogNormal",18,1
"SPI",0.9215,7.53474140952794,0.0599999999999952,"LogNormal",18,1
"Synthetic-only",0.9015,6.6836961634252,0.00999999999999801,"LogNormal",18,1
"SCP",0.9375,8.14437275273494,0,"LogNormal",18,1.5
"RSA-CP (OT) (Ours)",0.9295,7.82754371840923,0,"LogNormal",18,1.5
"SPI",0.947,8.50494892666041,0.0500000000000043,"LogNormal",18,1.5
"Synthetic-only",0.947,8.49973284636057,0,"LogNormal",18,1.5
"SCP",0.9375,8.14437275273494,0,"LogNormal",18,2
"RSA-CP (OT) (Ours)",0.928,7.78221635254761,0.00999999999999801,"LogNormal",18,2
"SPI",0.956,8.95721544585502,0.0500000000000043,"LogNormal",18,2
"Synthetic-only",0.969,9.87847704390231,0,"LogNormal",18,2
"SCP",0.9375,8.14437275273494,0,"LogNormal",18,3
"RSA-CP (OT) (Ours)",0.928,7.77309985188975,0,"LogNormal",18,3
"SPI",0.956,8.95721544585502,0.0499999999999972,"LogNormal",18,3
"Synthetic-only",0.9885,13.2412056019608,0,"LogNormal",18,3
"SCP",0.949,6.3988157926242,0,"Student-t",18,0.25
"RSA-CP (OT) (Ours)",0.9355,5.84805852861665,0.00999999999999801,"Student-t",18,0.25
"SPI",0.9505,6.51646201588418,0.0500000000000043,"Student-t",18,0.25
"Synthetic-only",0.9505,6.49345912817083,0,"Student-t",18,0.25
"SCP",0.949,6.3988157926242,0,"Student-t",18,0.5
"RSA-CP (OT) (Ours)",0.935,5.82025017151741,0,"Student-t",18,0.5
"SPI",0.953,6.57063670719286,0.0499999999999972,"Student-t",18,0.5
"Synthetic-only",0.954,6.69405352811388,0,"Student-t",18,0.5
"SCP",0.949,6.3988157926242,0,"Student-t",18,1
"RSA-CP (OT) (Ours)",0.934,5.81182535109947,0,"Student-t",18,1
"SPI",0.953,6.57063670719286,0.0399999999999991,"Student-t",18,1
"Synthetic-only",0.968,7.82091022400664,0,"Student-t",18,1
"SCP",0.949,6.3988157926242,0,"Student-t",18,1.5
"RSA-CP (OT) (Ours)",0.934,5.80653264932332,0.0200000000000031,"Student-t",18,1.5
"SPI",0.953,6.57063670719286,0.0399999999999991,"Student-t",18,1.5
"Synthetic-only",0.976,8.47324294827546,0,"Student-t",18,1.5
"SCP",0.949,6.3988157926242,0,"Student-t",18,2
"RSA-CP (OT) (Ours)",0.937,5.87465044609767,0,"Student-t",18,2
"SPI",0.953,6.57063670719286,0.0499999999999972,"Student-t",18,2
"Synthetic-only",0.985,10.0363159825796,0,"Student-t",18,2
"SCP",0.949,6.3988157926242,0,"Student-t",18,3
"RSA-CP (OT) (Ours)",0.936,5.85234581868016,0.0200000000000031,"Student-t",18,3
"SPI",0.953,6.57063670719286,0.0399999999999991,"Student-t",18,3
"Synthetic-only",0.996,13.3989198500029,0,"Student-t",18,3
"SCP",0.986,12.570012975802,0,"LogNormal",19,0.25
"RSA-CP (OT) (Ours)",0.975,10.5953562595704,0.019999999999996,"LogNormal",19,0.25
"SPI",0.9535,8.81753923433508,0.0300000000000011,"LogNormal",19,0.25
"Synthetic-only",0.7275,4.29516599595013,0.0200000000000031,"LogNormal",19,0.25
"SCP",0.986,12.570012975802,0,"LogNormal",19,0.5
"RSA-CP (OT) (Ours)",0.9745,10.4528178345537,0,"LogNormal",19,0.5
"SPI",0.9535,8.81753923433508,0.0399999999999991,"LogNormal",19,0.5
"Synthetic-only",0.802,5.00191832794912,0,"LogNormal",19,0.5
"SCP",0.986,12.570012975802,0,"LogNormal",19,1
"RSA-CP (OT) (Ours)",0.9745,10.4765742387232,0.0200000000000031,"LogNormal",19,1
"SPI",0.9535,8.81753923433508,0.0499999999999972,"LogNormal",19,1
"Synthetic-only",0.8985,6.59169740401765,0,"LogNormal",19,1
"SCP",0.986,12.570012975802,0,"LogNormal",19,1.5
"RSA-CP (OT) (Ours)",0.975,10.5240870470621,0,"LogNormal",19,1.5
"SPI",0.9535,8.81753923433508,0.0399999999999991,"LogNormal",19,1.5
"Synthetic-only",0.9475,8.52220464233384,0,"LogNormal",19,1.5
"SCP",0.986,12.570012975802,0,"LogNormal",19,2
"RSA-CP (OT) (Ours)",0.975,10.5240870470621,0,"LogNormal",19,2
"SPI",0.966,9.63755163795428,0.0700000000000003,"LogNormal",19,2
"Synthetic-only",0.966,9.63065068821243,0.0200000000000031,"LogNormal",19,2
"SCP",0.986,12.570012975802,0,"LogNormal",19,3
"RSA-CP (OT) (Ours)",0.975,10.6212148877719,0,"LogNormal",19,3
"SPI",0.9895,13.2980424242494,0.0399999999999991,"LogNormal",19,3
"Synthetic-only",0.989,13.2936964368505,0,"LogNormal",19,3
"SCP",0.874,4.34510269924398,0,"Student-t",19,0.25
"RSA-CP (OT) (Ours)",0.8725,4.28634509027949,0,"Student-t",19,0.25
"SPI",0.888,4.68362877005965,0.0600000000000023,"Student-t",19,0.25
"Synthetic-only",0.956,6.83720355106481,0.0200000000000031,"Student-t",19,0.25
"SCP",0.874,4.34510269924398,0,"Student-t",19,0.5
"RSA-CP (OT) (Ours)",0.872,4.27908336284872,0,"Student-t",19,0.5
"SPI",0.888,4.68362877005965,0.0499999999999972,"Student-t",19,0.5
"Synthetic-only",0.953,6.58741205517216,0,"Student-t",19,0.5
"SCP",0.874,4.34510269924398,0,"Student-t",19,1
"RSA-CP (OT) (Ours)",0.869,4.18357196947372,0.0200000000000031,"Student-t",19,1
"SPI",0.888,4.68362877005965,0.0300000000000011,"Student-t",19,1
"Synthetic-only",0.9625,7.28275711567134,0,"Student-t",19,1
"SCP",0.874,4.34510269924398,0,"Student-t",19,1.5
"RSA-CP (OT) (Ours)",0.8705,4.25009378623928,0,"Student-t",19,1.5
"SPI",0.888,4.68362877005965,0.0599999999999952,"Student-t",19,1.5
"Synthetic-only",0.976,8.50617687902854,0.00999999999999801,"Student-t",19,1.5
"SCP",0.874,4.34510269924398,0,"Student-t",19,2
"RSA-CP (OT) (Ours)",0.8725,4.29221541509057,0,"Student-t",19,2
"SPI",0.888,4.68362877005965,0.0500000000000043,"Student-t",19,2
"Synthetic-only",0.9865,10.2578425972394,0,"Student-t",19,2
"SCP",0.874,4.34510269924398,0,"Student-t",19,3
"RSA-CP (OT) (Ours)",0.869,4.22313480359638,0.00999999999999801,"Student-t",19,3
"SPI",0.888,4.68362877005965,0.0499999999999972,"Student-t",19,3
"Synthetic-only",0.996,14.0785047733838,0,"Student-t",19,3
"SCP",0.9715,10.1178120133156,0,"LogNormal",20,0.25
"RSA-CP (OT) (Ours)",0.965,9.53007027183171,0.0200000000000031,"LogNormal",20,0.25
"SPI",0.9605,9.22985819290804,0.0399999999999991,"LogNormal",20,0.25
"Synthetic-only",0.726,4.25147317640291,0,"LogNormal",20,0.25
"SCP",0.9715,10.1178120133156,0,"LogNormal",20,0.5
"RSA-CP (OT) (Ours)",0.9655,9.58158416519296,0,"LogNormal",20,0.5
"SPI",0.9605,9.22985819290804,0.0499999999999972,"LogNormal",20,0.5
"Synthetic-only",0.8055,5.04937192960517,0,"LogNormal",20,0.5
"SCP",0.9715,10.1178120133156,0,"LogNormal",20,1
"RSA-CP (OT) (Ours)",0.965,9.54724156961879,0.0200000000000031,"LogNormal",20,1
"SPI",0.9605,9.22985819290804,0.0399999999999991,"LogNormal",20,1
"Synthetic-only",0.8945,6.47892120906328,0,"LogNormal",20,1
"SCP",0.9715,10.1178120133156,0,"LogNormal",20,1.5
"RSA-CP (OT) (Ours)",0.9655,9.58777769535125,0,"LogNormal",20,1.5
"SPI",0.9605,9.22985819290804,0.0500000000000043,"LogNormal",20,1.5
"Synthetic-only",0.9385,8.18691971603384,0,"LogNormal",20,1.5
"SCP",0.9715,10.1178120133156,0,"LogNormal",20,2
"RSA-CP (OT) (Ours)",0.9655,9.59212138771493,0.00999999999999801,"LogNormal",20,2
"SPI",0.9705,9.97086152991341,0.0499999999999972,"LogNormal",20,2
"Synthetic-only",0.9705,9.96195883488951,0,"LogNormal",20,2
"SCP",0.9715,10.1178120133156,0,"LogNormal",20,3
"RSA-CP (OT) (Ours)",0.966,9.64088036497305,0,"LogNormal",20,3
"SPI",0.9905,13.6603571452411,0.0500000000000043,"LogNormal",20,3
"Synthetic-only",0.9905,13.6334185630862,0,"LogNormal",20,3
"SCP",0.9655,7.69188862630243,0,"Student-t",20,0.25
"RSA-CP (OT) (Ours)",0.949,6.41661234809965,0,"Student-t",20,0.25
"SPI",0.954,6.71087539891406,0.0599999999999952,"Student-t",20,0.25
"Synthetic-only",0.954,6.70439548187039,0.00999999999999801,"Student-t",20,0.25
"SCP",0.9655,7.69188862630243,0,"Student-t",20,0.5
"RSA-CP (OT) (Ours)",0.9455,6.28798258907121,0,"Student-t",20,0.5
"SPI",0.9485,6.36627470447528,0.0500000000000043,"Student-t",20,0.5
"Synthetic-only",0.9485,6.3625415960577,0,"Student-t",20,0.5
"SCP",0.9655,7.69188862630243,0,"Student-t",20,1
"RSA-CP (OT) (Ours)",0.949,6.45474396873222,0,"Student-t",20,1
"SPI",0.964,7.52680197300097,0.0599999999999952,"Student-t",20,1
"Synthetic-only",0.964,7.51754062024481,0.00999999999999801,"Student-t",20,1
"SCP",0.9655,7.69188862630243,0,"Student-t",20,1.5
"RSA-CP (OT) (Ours)",0.9475,6.3255443624404,0,"Student-t",20,1.5
"SPI",0.972,8.12760202598311,0.0500000000000043,"Student-t",20,1.5
"Synthetic-only",0.972,8.11527001193574,0,"Student-t",20,1.5
"SCP",0.9655,7.69188862630243,0,"Student-t",20,2
"RSA-CP (OT) (Ours)",0.949,6.41836180987082,0.00999999999999801,"Student-t",20,2
"SPI",0.973,8.1678050820142,0.0499999999999972,"Student-t",20,2
"Synthetic-only",0.985,10.0620093466502,0,"Student-t",20,2
"SCP",0.9655,7.69188862630243,0,"Student-t",20,3
"RSA-CP (OT) (Ours)",0.9485,6.37399969547456,0,"Student-t",20,3
"SPI",0.973,8.1678050820142,0.0500000000000043,"Student-t",20,3
"Synthetic-only",0.996,13.7425585348818,0,"Student-t",20,3
"SCP",0.922,7.56736942351379,0,"LogNormal",21,0.25
"RSA-CP (OT) (Ours)",0.915,7.22362017933989,0,"LogNormal",21,0.25
"SPI",0.907,6.8983698538871,0.0500000000000043,"LogNormal",21,0.25
"Synthetic-only",0.7285,4.30306461563715,0,"LogNormal",21,0.25
"SCP",0.922,7.56736942351379,0,"LogNormal",21,0.5
"RSA-CP (OT) (Ours)",0.9135,7.18774127116436,0.00999999999999801,"LogNormal",21,0.5
"SPI",0.907,6.8983698538871,0.0399999999999991,"LogNormal",21,0.5
"Synthetic-only",0.799,4.95116954961979,0,"LogNormal",21,0.5
"SCP",0.922,7.56736942351379,0,"LogNormal",21,1
"RSA-CP (OT) (Ours)",0.9125,7.14020620990637,0,"LogNormal",21,1
"SPI",0.907,6.8983698538871,0.0500000000000043,"LogNormal",21,1
"Synthetic-only",0.897,6.55252248158444,0,"LogNormal",21,1
"SCP",0.922,7.56736942351379,0,"LogNormal",21,1.5
"RSA-CP (OT) (Ours)",0.915,7.22507265407619,0.00999999999999801,"LogNormal",21,1.5
"SPI",0.944,8.40467674215787,0.0399999999999991,"LogNormal",21,1.5
"Synthetic-only",0.9435,8.40101270168486,0,"LogNormal",21,1.5
"SCP",0.922,7.56736942351379,0,"LogNormal",21,2
"RSA-CP (OT) (Ours)",0.9135,7.17783843530482,0,"LogNormal",21,2
"SPI",0.965,9.55973575610212,0.0600000000000023,"LogNormal",21,2
"Synthetic-only",0.968,9.7439524012985,0.00999999999999801,"LogNormal",21,2
"SCP",0.922,7.56736942351379,0,"LogNormal",21,3
"RSA-CP (OT) (Ours)",0.9135,7.20081969998896,0.00999999999999801,"LogNormal",21,3
"SPI",0.965,9.55973575610212,0.0300000000000011,"LogNormal",21,3
"Synthetic-only",0.9885,13.2489891662754,0,"LogNormal",21,3
"SCP",0.9485,6.35846216445074,0,"Student-t",21,0.25
"RSA-CP (OT) (Ours)",0.944,6.22160335470584,0,"Student-t",21,0.25
"SPI",0.9505,6.51182795500053,0.0700000000000003,"Student-t",21,0.25
"Synthetic-only",0.9505,6.50136445516538,0.019999999999996,"Student-t",21,0.25
"SCP",0.9485,6.35846216445074,0,"Student-t",21,0.5
"RSA-CP (OT) (Ours)",0.9485,6.342870784739,0,"Student-t",21,0.5
"SPI",0.956,6.81619289669741,0.0399999999999991,"Student-t",21,0.5
"Synthetic-only",0.955,6.79556823072437,0,"Student-t",21,0.5
"SCP",0.9485,6.35846216445074,0,"Student-t",21,1
"RSA-CP (OT) (Ours)",0.9475,6.32630284955815,0,"Student-t",21,1
"SPI",0.9625,7.19912525330973,0.0700000000000003,"Student-t",21,1
"Synthetic-only",0.962,7.18574028261697,0.019999999999996,"Student-t",21,1
"SCP",0.9485,6.35846216445074,0,"Student-t",21,1.5
"RSA-CP (OT) (Ours)",0.948,6.34007017072906,0,"Student-t",21,1.5
"SPI",0.978,8.85151611934763,0.0399999999999991,"Student-t",21,1.5
"Synthetic-only",0.978,8.84761773296499,0,"Student-t",21,1.5
"SCP",0.9485,6.35846216445074,0,"Student-t",21,2
"RSA-CP (OT) (Ours)",0.9475,6.32583762189689,0.0200000000000031,"Student-t",21,2
"SPI",0.986,10.1982170390826,0.0499999999999972,"Student-t",21,2
"Synthetic-only",0.986,10.18638864404,0,"Student-t",21,2
"SCP",0.9485,6.35846216445074,0,"Student-t",21,3
"RSA-CP (OT) (Ours)",0.9475,6.31238086045366,0,"Student-t",21,3
"SPI",0.9955,13.3315096941804,0.0399999999999991,"Student-t",21,3
"Synthetic-only",0.9955,13.319075990091,0,"Student-t",21,3
"SCP",0.975,10.6055180354162,0,"LogNormal",22,0.25
"RSA-CP (OT) (Ours)",0.9705,10.0662777310842,0,"LogNormal",22,0.25
"SPI",0.967,9.67848165788205,0.0499999999999972,"LogNormal",22,0.25
"Synthetic-only",0.7275,4.27975811801857,0,"LogNormal",22,0.25
"SCP",0.975,10.6055180354162,0,"LogNormal",22,0.5
"RSA-CP (OT) (Ours)",0.9715,10.1226188377881,0.00999999999999801,"LogNormal",22,0.5
"SPI",0.967,9.67848165788205,0.0500000000000043,"LogNormal",22,0.5
"Synthetic-only",0.809,5.07227310087521,0,"LogNormal",22,0.5
"SCP",0.975,10.6055180354162,0,"LogNormal",22,1
"RSA-CP (OT) (Ours)",0.9705,10.0662777310842,0.00999999999999801,"LogNormal",22,1
"SPI",0.967,9.67848165788205,0.100000000000001,"LogNormal",22,1
"Synthetic-only",0.902,6.72135636186198,0,"LogNormal",22,1
"SCP",0.975,10.6055180354162,0,"LogNormal",22,1.5
"RSA-CP (OT) (Ours)",0.9705,10.0662777310842,0.00999999999999801,"LogNormal",22,1.5
"SPI",0.967,9.67848165788205,0.0499999999999972,"LogNormal",22,1.5
"Synthetic-only",0.939,8.26751251926411,0,"LogNormal",22,1.5
"SCP",0.975,10.6055180354162,0,"LogNormal",22,2
"RSA-CP (OT) (Ours)",0.9715,10.1201018307044,0,"LogNormal",22,2
"SPI",0.972,10.1633576398835,0.0500000000000043,"LogNormal",22,2
"Synthetic-only",0.972,10.143609576717,0,"LogNormal",22,2
"SCP",0.975,10.6055180354162,0,"LogNormal",22,3
"RSA-CP (OT) (Ours)",0.9705,10.008901208998,0,"LogNormal",22,3
"SPI",0.988,13.0883068661574,0.0600000000000023,"LogNormal",22,3
"Synthetic-only",0.988,13.0753890850043,0.00999999999999801,"LogNormal",22,3
"SCP",0.9875,10.5686681496023,0,"Student-t",22,0.25
"RSA-CP (OT) (Ours)",0.973,8.24898621708362,0,"Student-t",22,0.25
"SPI",0.9565,6.92277528062866,0.0499999999999972,"Student-t",22,0.25
"Synthetic-only",0.941,6.08743898876004,0,"Student-t",22,0.25
"SCP",0.9875,10.5686681496023,0,"Student-t",22,0.5
"RSA-CP (OT) (Ours)",0.976,8.48430133949399,0.00999999999999801,"Student-t",22,0.5
"SPI",0.9565,6.92277528062866,0.0500000000000043,"Student-t",22,0.5
"Synthetic-only",0.955,6.78330063840166,0,"Student-t",22,0.5
"SCP",0.9875,10.5686681496023,0,"Student-t",22,1
"RSA-CP (OT) (Ours)",0.9745,8.36443803131822,0,"Student-t",22,1
"SPI",0.9615,7.16635608359259,0.0499999999999972,"Student-t",22,1
"Synthetic-only",0.961,7.14641882481339,0,"Student-t",22,1
"SCP",0.9875,10.5686681496023,0,"Student-t",22,1.5
"RSA-CP (OT) (Ours)",0.973,8.27835078333583,0.00999999999999801,"Student-t",22,1.5
"SPI",0.9775,8.80595932375497,0.0300000000000011,"Student-t",22,1.5
"Synthetic-only",0.9775,8.79724608509314,0,"Student-t",22,1.5
"SCP",0.9875,10.5686681496023,0,"Student-t",22,2
"RSA-CP (OT) (Ours)",0.975,8.40751528886661,0,"Student-t",22,2
"SPI",0.985,10.0453936073767,0.0399999999999991,"Student-t",22,2
"Synthetic-only",0.985,10.0378456000284,0,"Student-t",22,2
"SCP",0.9875,10.5686681496023,0,"Student-t",22,3
"RSA-CP (OT) (Ours)",0.975,8.42979473817648,0,"Student-t",22,3
"SPI",0.9905,11.5288526589424,0.0499999999999972,"Student-t",22,3
"Synthetic-only",0.9955,13.1706722786943,0,"Student-t",22,3
"SCP",0.9155,7.24462958163513,0,"LogNormal",23,0.25
"RSA-CP (OT) (Ours)",0.91,7.06954062541475,0,"LogNormal",23,0.25
"SPI",0.9085,6.97200259084886,0.0399999999999991,"LogNormal",23,0.25
"Synthetic-only",0.7275,4.28341577952777,0,"LogNormal",23,0.25
"SCP",0.9155,7.24462958163513,0,"LogNormal",23,0.5
"RSA-CP (OT) (Ours)",0.91,7.06954062541475,0.019999999999996,"LogNormal",23,0.5
"SPI",0.9085,6.97200259084886,0.0500000000000043,"LogNormal",23,0.5
"Synthetic-only",0.802,5.01115983611233,0,"LogNormal",23,0.5
"SCP",0.9155,7.24462958163513,0,"LogNormal",23,1
"RSA-CP (OT) (Ours)",0.91,7.08103659140029,0,"LogNormal",23,1
"SPI",0.9085,6.97200259084886,0.0399999999999991,"LogNormal",23,1
"Synthetic-only",0.9015,6.67549904343866,0,"LogNormal",23,1
"SCP",0.9155,7.24462958163513,0,"LogNormal",23,1.5
"RSA-CP (OT) (Ours)",0.91,7.07590800779393,0.0200000000000031,"LogNormal",23,1.5
"SPI",0.918,7.37717946899242,0.0499999999999972,"LogNormal",23,1.5
"Synthetic-only",0.94,8.2782969592242,0,"LogNormal",23,1.5
"SCP",0.9155,7.24462958163513,0,"LogNormal",23,2
"RSA-CP (OT) (Ours)",0.91,7.06737610023339,0,"LogNormal",23,2
"SPI",0.918,7.37717946899242,0.0399999999999991,"LogNormal",23,2
"Synthetic-only",0.9705,10.0732408376716,0,"LogNormal",23,2
"SCP",0.9155,7.24462958163513,0,"LogNormal",23,3
"RSA-CP (OT) (Ours)",0.9105,7.09138262210087,0.0200000000000031,"LogNormal",23,3
"SPI",0.918,7.37717946899242,0.0499999999999972,"LogNormal",23,3
"Synthetic-only",0.9885,13.2669578012874,0,"LogNormal",23,3
"SCP",0.935,5.83019890853388,0,"Student-t",23,0.25
"RSA-CP (OT) (Ours)",0.9125,5.18740995852457,0,"Student-t",23,0.25
"SPI",0.949,6.43136611279443,0.0399999999999991,"Student-t",23,0.25
"Synthetic-only",0.949,6.42443539969785,0,"Student-t",23,0.25
"SCP",0.935,5.83019890853388,0,"Student-t",23,0.5
"RSA-CP (OT) (Ours)",0.907,5.10809517443765,0.0200000000000031,"Student-t",23,0.5
"SPI",0.949,6.40640857878189,0.0300000000000011,"Student-t",23,0.5
"Synthetic-only",0.949,6.39969166097114,0,"Student-t",23,0.5
"SCP",0.935,5.83019890853388,0,"Student-t",23,1
"RSA-CP (OT) (Ours)",0.907,5.10429872758974,0,"Student-t",23,1
"SPI",0.9625,7.36501905529382,0.0499999999999972,"Student-t",23,1
"Synthetic-only",0.9625,7.36749700675902,0,"Student-t",23,1
"SCP",0.935,5.83019890853388,0,"Student-t",23,1.5
"RSA-CP (OT) (Ours)",0.907,5.11271068188928,0,"Student-t",23,1.5
"SPI",0.9625,7.36501905529382,0.0500000000000043,"Student-t",23,1.5
"Synthetic-only",0.977,8.67057831498594,0,"Student-t",23,1.5
"SCP",0.935,5.83019890853388,0,"Student-t",23,2
"RSA-CP (OT) (Ours)",0.912,5.1813714064714,0,"Student-t",23,2
"SPI",0.9625,7.36501905529382,0.0599999999999952,"Student-t",23,2
"Synthetic-only",0.982,9.59475771193607,0.00999999999999801,"Student-t",23,2
"SCP",0.935,5.83019890853388,0,"Student-t",23,3
"RSA-CP (OT) (Ours)",0.9125,5.18565375632057,0,"Student-t",23,3
"SPI",0.9625,7.36501905529382,0.0500000000000043,"Student-t",23,3
"Synthetic-only",0.996,13.465972470185,0,"Student-t",23,3
"SCP",0.972,10.2438228058544,0,"LogNormal",24,0.25
"RSA-CP (OT) (Ours)",0.952,8.67291440546012,0,"LogNormal",24,0.25
"SPI",0.9215,7.52597320786742,0.0499999999999972,"LogNormal",24,0.25
"Synthetic-only",0.7265,4.26931782723637,0,"LogNormal",24,0.25
"SCP",0.972,10.2438228058544,0,"LogNormal",24,0.5
"RSA-CP (OT) (Ours)",0.9505,8.62128991495143,0.0200000000000031,"LogNormal",24,0.5
"SPI",0.9215,7.52597320786742,0.0399999999999991,"LogNormal",24,0.5
"Synthetic-only",0.8055,5.02657818483859,0,"LogNormal",24,0.5
"SCP",0.972,10.2438228058544,0,"LogNormal",24,1
"RSA-CP (OT) (Ours)",0.9535,8.86220420399198,0,"LogNormal",24,1
"SPI",0.9215,7.52597320786742,0.0499999999999972,"LogNormal",24,1
"Synthetic-only",0.9045,6.78841456903841,0,"LogNormal",24,1
"SCP",0.972,10.2438228058544,0,"LogNormal",24,1.5
"RSA-CP (OT) (Ours)",0.9495,8.55245726093984,0.0200000000000031,"LogNormal",24,1.5
"SPI",0.9375,8.11891170393062,0.0399999999999991,"LogNormal",24,1.5
"Synthetic-only",0.936,8.09608591044616,0,"LogNormal",24,1.5
"SCP",0.972,10.2438228058544,0,"LogNormal",24,2
"RSA-CP (OT) (Ours)",0.9535,8.90094707530117,0,"LogNormal",24,2
"SPI",0.9705,10.0044399433339,0.0500000000000043,"LogNormal",24,2
"Synthetic-only",0.9705,10.0022320064265,0,"LogNormal",24,2
"SCP",0.972,10.2438228058544,0,"LogNormal",24,3
"RSA-CP (OT) (Ours)",0.9525,8.76262146562655,0,"LogNormal",24,3
"SPI",0.9895,13.3961825882765,0.0599999999999952,"LogNormal",24,3
"Synthetic-only",0.9895,13.3885631932429,0.00999999999999801,"LogNormal",24,3
"SCP",0.9665,7.76766643783887,0,"Student-t",24,0.25
"RSA-CP (OT) (Ours)",0.933,5.7816454490184,0,"Student-t",24,0.25
"SPI",0.953,6.60844762054655,0.0500000000000043,"Student-t",24,0.25
"Synthetic-only",0.952,6.5488587031149,0,"Student-t",24,0.25
"SCP",0.9665,7.76766643783887,0,"Student-t",24,0.5
"RSA-CP (OT) (Ours)",0.937,5.90196080867985,0,"Student-t",24,0.5
"SPI",0.953,6.56255737749874,0.0599999999999952,"Student-t",24,0.5
"Synthetic-only",0.9525,6.55618751369568,0.00999999999999801,"Student-t",24,0.5
"SCP",0.9665,7.76766643783887,0,"Student-t",24,1
"RSA-CP (OT) (Ours)",0.927,5.64030081168404,0,"Student-t",24,1
"SPI",0.9625,7.41942320308672,0.0500000000000043,"Student-t",24,1
"Synthetic-only",0.9625,7.35054016060816,0,"Student-t",24,1
"SCP",0.9665,7.76766643783887,0,"Student-t",24,1.5
"RSA-CP (OT) (Ours)",0.931,5.73579138617128,0.00999999999999801,"Student-t",24,1.5
"SPI",0.976,8.55044523408061,0.0300000000000011,"Student-t",24,1.5
"Synthetic-only",0.976,8.53717030073013,0.019999999999996,"Student-t",24,1.5
"SCP",0.9665,7.76766643783887,0,"Student-t",24,2
"RSA-CP (OT) (Ours)",0.935,5.82412927672554,0,"Student-t",24,2
"SPI",0.984,9.68113970194761,0.0500000000000043,"Student-t",24,2
"Synthetic-only",0.985,10.0229947652855,0,"Student-t",24,2
"SCP",0.9665,7.76766643783887,0,"Student-t",24,3
"RSA-CP (OT) (Ours)",0.934,5.81392838944705,0,"Student-t",24,3
"SPI",0.984,9.68113970194761,0.0399999999999991,"Student-t",24,3
"Synthetic-only",0.996,13.4914099796799,0,"Student-t",24,3
"SCP",0.9755,10.6800475996326,0,"LogNormal",25,0.25
"RSA-CP (OT) (Ours)",0.968,9.79161323071961,0,"LogNormal",25,0.25
"SPI",0.9535,8.83434587739672,0.0500000000000043,"LogNormal",25,0.25
"Synthetic-only",0.7305,4.32636340202116,0,"LogNormal",25,0.25
"SCP",0.9755,10.6800475996326,0,"LogNormal",25,0.5
"RSA-CP (OT) (Ours)",0.966,9.63391521382662,0.00999999999999801,"LogNormal",25,0.5
"SPI",0.9535,8.83434587739672,0.0500000000000043,"LogNormal",25,0.5
"Synthetic-only",0.8015,4.99995866653727,0,"LogNormal",25,0.5
"SCP",0.9755,10.6800475996326,0,"LogNormal",25,1
"RSA-CP (OT) (Ours)",0.966,9.62224790024585,0,"LogNormal",25,1
"SPI",0.9535,8.83434587739672,0.0599999999999952,"LogNormal",25,1
"Synthetic-only",0.899,6.60057998698935,0,"LogNormal",25,1
"SCP",0.9755,10.6800475996326,0,"LogNormal",25,1.5
"RSA-CP (OT) (Ours)",0.9665,9.65501379448271,0,"LogNormal",25,1.5
"SPI",0.9535,8.83434587739672,0.0500000000000043,"LogNormal",25,1.5
"Synthetic-only",0.943,8.36366363149081,0,"LogNormal",25,1.5
"SCP",0.9755,10.6800475996326,0,"LogNormal",25,2
"RSA-CP (OT) (Ours)",0.965,9.53358522497018,0.00999999999999801,"LogNormal",25,2
"SPI",0.968,9.74108341088901,0.0499999999999972,"LogNormal",25,2
"Synthetic-only",0.9675,9.73237465055772,0,"LogNormal",25,2
"SCP",0.9755,10.6800475996326,0,"LogNormal",25,3
"RSA-CP (OT) (Ours)",0.966,9.60963100742777,0,"LogNormal",25,3
"SPI",0.9795,11.4593892275577,0.0500000000000043,"LogNormal",25,3
"Synthetic-only",0.9895,13.3116817410531,0,"LogNormal",25,3
"SCP",0.9795,9.1122450664927,0,"Student-t",25,0.25
"RSA-CP (OT) (Ours)",0.979,8.97344434807136,0.00999999999999801,"Student-t",25,0.25
"SPI",0.9785,8.95011605409682,0.0499999999999972,"Student-t",25,0.25
"Synthetic-only",0.9505,6.49287232762425,0,"Student-t",25,0.25
"SCP",0.9795,9.1122450664927,0,"Student-t",25,0.5
"RSA-CP (OT) (Ours)",0.9785,8.95666295680713,0,"Student-t",25,0.5
"SPI",0.9785,8.95011605409682,0.0500000000000043,"Student-t",25,0.5
"Synthetic-only",0.956,6.87299082377433,0,"Student-t",25,0.5
"SCP",0.9795,9.1122450664927,0,"Student-t",25,1
"RSA-CP (OT) (Ours)",0.979,8.96694835175976,0,"Student-t",25,1
"SPI",0.9785,8.95011605409682,0.0399999999999991,"Student-t",25,1
"Synthetic-only",0.9625,7.32485580801205,0,"Student-t",25,1
"SCP",0.9795,9.1122450664927,0,"Student-t",25,1.5
"RSA-CP (OT) (Ours)",0.979,9.00061711930893,0,"Student-t",25,1.5
"SPI",0.9785,8.95011605409682,0.0500000000000043,"Student-t",25,1.5
"Synthetic-only",0.972,8.13344728358144,0,"Student-t",25,1.5
"SCP",0.9795,9.1122450664927,0,"Student-t",25,2
"RSA-CP (OT) (Ours)",0.9785,8.9340089602459,0,"Student-t",25,2
"SPI",0.985,10.1172299802794,0.0399999999999991,"Student-t",25,2
"Synthetic-only",0.985,10.1142812119307,0,"Student-t",25,2
"SCP",0.9795,9.1122450664927,0,"Student-t",25,3
"RSA-CP (OT) (Ours)",0.979,8.9868269816867,0,"Student-t",25,3
"SPI",0.9895,11.0357823699187,0.0700000000000003,"Student-t",25,3
"Synthetic-only",0.996,13.5795715557668,0.0200000000000031,"Student-t",25,3
"SCP",0.876,6.18311133289698,0,"LogNormal",26,0.25
"RSA-CP (OT) (Ours)",0.8685,6.02123878190705,0,"LogNormal",26,0.25
"SPI",0.862,5.94221105802987,0.0600000000000023,"LogNormal",26,0.25
"Synthetic-only",0.726,4.24938998332325,0.00999999999999801,"LogNormal",26,0.25
"SCP",0.876,6.18311133289698,0,"LogNormal",26,0.5
"RSA-CP (OT) (Ours)",0.8695,6.043294601621,0,"LogNormal",26,0.5
"SPI",0.862,5.94221105802987,0.0499999999999972,"LogNormal",26,0.5
"Synthetic-only",0.8085,5.0624294528277,0,"LogNormal",26,0.5
"SCP",0.876,6.18311133289698,0,"LogNormal",26,1
"RSA-CP (OT) (Ours)",0.8685,6.03684817062935,0,"LogNormal",26,1
"SPI",0.8995,6.6209648565034,0.0600000000000023,"LogNormal",26,1
"Synthetic-only",0.8995,6.61918974723368,0.00999999999999801,"LogNormal",26,1
"SCP",0.876,6.18311133289698,0,"LogNormal",26,1.5
"RSA-CP (OT) (Ours)",0.8695,6.04460452963581,0,"LogNormal",26,1.5
"SPI",0.942,8.33916308779125,0.0399999999999991,"LogNormal",26,1.5
"Synthetic-only",0.941,8.32982555994763,0,"LogNormal",26,1.5
"SCP",0.876,6.18311133289698,0,"LogNormal",26,2
"RSA-CP (OT) (Ours)",0.8695,6.04547060189759,0,"LogNormal",26,2
"SPI",0.9535,8.81497594567345,0.0700000000000003,"LogNormal",26,2
"Synthetic-only",0.9705,10.030198546808,0.019999999999996,"LogNormal",26,2
"SCP",0.876,6.18311133289698,0,"LogNormal",26,3
"RSA-CP (OT) (Ours)",0.8695,6.041847476482,0,"LogNormal",26,3
"SPI",0.9535,8.81497594567345,0.0399999999999991,"LogNormal",26,3
"Synthetic-only",0.9895,13.4010695416222,0,"LogNormal",26,3
"SCP",0.956,6.84552256005727,0,"Student-t",26,0.25
"RSA-CP (OT) (Ours)",0.9455,6.27256032822344,0.019999999999996,"Student-t",26,0.25
"SPI",0.953,6.60387547301216,0.0500000000000043,"Student-t",26,0.25
"Synthetic-only",0.953,6.59668944086428,0,"Student-t",26,0.25
"SCP",0.956,6.84552256005727,0,"Student-t",26,0.5
"RSA-CP (OT) (Ours)",0.9415,6.12206040051044,0,"Student-t",26,0.5
"SPI",0.9455,6.26607518717123,0.0399999999999991,"Student-t",26,0.5
"Synthetic-only",0.9455,6.2566169309054,0,"Student-t",26,0.5
"SCP",0.956,6.84552256005727,0,"Student-t",26,1
"RSA-CP (OT) (Ours)",0.9425,6.16855813131901,0.0200000000000031,"Student-t",26,1
"SPI",0.961,7.14498307384317,0.0499999999999972,"Student-t",26,1
"Synthetic-only",0.9605,7.11174976561985,0,"Student-t",26,1
"SCP",0.956,6.84552256005727,0,"Student-t",26,1.5
"RSA-CP (OT) (Ours)",0.944,6.19220610846698,0,"Student-t",26,1.5
"SPI",0.9765,8.56146071351512,0.0399999999999991,"Student-t",26,1.5
"Synthetic-only",0.9765,8.55800444058108,0,"Student-t",26,1.5
"SCP",0.956,6.84552256005727,0,"Student-t",26,2
"RSA-CP (OT) (Ours)",0.9415,6.14374792751288,0,"Student-t",26,2
"SPI",0.985,9.86855617861267,0.0499999999999972,"Student-t",26,2
"Synthetic-only",0.985,9.86836893104427,0,"Student-t",26,2
"SCP",0.956,6.84552256005727,0,"Student-t",26,3
"RSA-CP (OT) (Ours)",0.9415,6.14567001675977,0,"Student-t",26,3
"SPI",0.996,13.4758298882674,0.0399999999999991,"Student-t",26,3
"Synthetic-only",0.996,13.4515166043805,0,"Student-t",26,3
"SCP",0.9535,8.8933488318108,0,"LogNormal",27,0.25
"RSA-CP (OT) (Ours)",0.946,8.44374041977799,0,"LogNormal",27,0.25
"SPI",0.9375,8.11843057928576,0.0399999999999991,"LogNormal",27,0.25
"Synthetic-only",0.7305,4.32456471992448,0,"LogNormal",27,0.25
"SCP",0.9535,8.8933488318108,0,"LogNormal",27,0.5
"RSA-CP (OT) (Ours)",0.946,8.4324519967569,0.019999999999996,"LogNormal",27,0.5
"SPI",0.9375,8.11843057928576,0.0500000000000043,"LogNormal",27,0.5
"Synthetic-only",0.8045,5.02433026259714,0,"LogNormal",27,0.5
"SCP",0.9535,8.8933488318108,0,"LogNormal",27,1
"RSA-CP (OT) (Ours)",0.946,8.48607725714235,0.00999999999999801,"LogNormal",27,1
"SPI",0.9375,8.11843057928576,0.0300000000000011,"LogNormal",27,1
"Synthetic-only",0.9005,6.63710244781523,0,"LogNormal",27,1
"SCP",0.9535,8.8933488318108,0,"LogNormal",27,1.5
"RSA-CP (OT) (Ours)",0.946,8.43804889463313,0,"LogNormal",27,1.5
"SPI",0.941,8.32293330489538,0.0700000000000003,"LogNormal",27,1.5
"Synthetic-only",0.941,8.32066472125403,0.019999999999996,"LogNormal",27,1.5
"SCP",0.9535,8.8933488318108,0,"LogNormal",27,2
"RSA-CP (OT) (Ours)",0.946,8.45153066948723,0.00999999999999801,"LogNormal",27,2
"SPI",0.9565,9.02321280152746,0.0300000000000011,"LogNormal",27,2
"Synthetic-only",0.972,10.1350097286159,0,"LogNormal",27,2
"SCP",0.9535,8.8933488318108,0,"LogNormal",27,3
"RSA-CP (OT) (Ours)",0.943,8.36967831153145,0,"LogNormal",27,3
"SPI",0.9565,9.02321280152746,0.0499999999999972,"LogNormal",27,3
"Synthetic-only",0.9865,12.9217930230103,0,"LogNormal",27,3
"SCP",0.991,11.6623993992939,0,"Student-t",27,0.25
"RSA-CP (OT) (Ours)",0.9625,7.29439872020235,0.00999999999999801,"Student-t",27,0.25
"SPI",0.9445,6.25391545644554,0.0500000000000043,"Student-t",27,0.25
"Synthetic-only",0.9445,6.25329919490973,0,"Student-t",27,0.25
"SCP",0.991,11.6623993992939,0,"Student-t",27,0.5
"RSA-CP (OT) (Ours)",0.968,7.82811577590136,0,"Student-t",27,0.5
"SPI",0.947,6.30549575256224,0.0499999999999972,"Student-t",27,0.5
"Synthetic-only",0.9455,6.2853371511064,0,"Student-t",27,0.5
"SCP",0.991,11.6623993992939,0,"Student-t",27,1
"RSA-CP (OT) (Ours)",0.971,7.98900402407344,0.00999999999999801,"Student-t",27,1
"SPI",0.967,7.78868007329521,0.0300000000000011,"Student-t",27,1
"Synthetic-only",0.967,7.7714873836898,0,"Student-t",27,1
"SCP",0.991,11.6623993992939,0,"Student-t",27,1.5
"RSA-CP (OT) (Ours)",0.975,8.39983576839051,0,"Student-t",27,1.5
"SPI",0.9775,8.7424610352897,0.0399999999999991,"Student-t",27,1.5
"Synthetic-only",0.9775,8.69056346833809,0,"Student-t",27,1.5
"SCP",0.991,11.6623993992939,0,"Student-t",27,2
"RSA-CP (OT) (Ours)",0.973,8.28698446302382,0,"Student-t",27,2
"SPI",0.9875,10.4807113031782,0.0499999999999972,"Student-t",27,2
"Synthetic-only",0.9875,10.477674444147,0,"Student-t",27,2
"SCP",0.991,11.6623993992939,0,"Student-t",27,3
"RSA-CP (OT) (Ours)",0.977,8.63284021887756,0,"Student-t",27,3
"SPI",0.996,13.5625356185597,0.0600000000000023,"Student-t",27,3
"Synthetic-only",0.996,13.5599650716966,0.0200000000000031,"Student-t",27,3
"SCP",0.998,19.5775713828218,0,"LogNormal",28,0.25
"RSA-CP (OT) (Ours)",0.9885,13.156942410792,0.019999999999996,"LogNormal",28,0.25
"SPI",0.9625,9.2948666107975,0.0500000000000043,"LogNormal",28,0.25
"Synthetic-only",0.7275,4.28300178963622,0,"LogNormal",28,0.25
"SCP",0.998,19.5775713828218,0,"LogNormal",28,0.5
"RSA-CP (OT) (Ours)",0.9905,13.82506839259,0,"LogNormal",28,0.5
"SPI",0.9625,9.2948666107975,0.0399999999999991,"LogNormal",28,0.5
"Synthetic-only",0.8055,5.03540944255051,0,"LogNormal",28,0.5
"SCP",0.998,19.5775713828218,0,"LogNormal",28,1
"RSA-CP (OT) (Ours)",0.9895,13.4139139422528,0.0200000000000031,"LogNormal",28,1
"SPI",0.9625,9.2948666107975,0.029999999999994,"LogNormal",28,1
"Synthetic-only",0.897,6.54121310543621,0,"LogNormal",28,1
"SCP",0.998,19.5775713828218,0,"LogNormal",28,1.5
"RSA-CP (OT) (Ours)",0.9915,14.0563427709047,0,"LogNormal",28,1.5
"SPI",0.9625,9.2948666107975,0.0399999999999991,"LogNormal",28,1.5
"Synthetic-only",0.939,8.26508054355459,0,"LogNormal",28,1.5
"SCP",0.998,19.5775713828218,0,"LogNormal",28,2
"RSA-CP (OT) (Ours)",0.9905,13.7736740862979,0.0200000000000031,"LogNormal",28,2
"SPI",0.9705,10.0744086696435,0.0499999999999972,"LogNormal",28,2
"Synthetic-only",0.9705,10.0723476935637,0,"LogNormal",28,2
"SCP",0.998,19.5775713828218,0,"LogNormal",28,3
"RSA-CP (OT) (Ours)",0.9905,13.7229677030577,0,"LogNormal",28,3
"SPI",0.99,13.4532572596405,0.0399999999999991,"LogNormal",28,3
"Synthetic-only",0.9895,13.4176306886476,0,"LogNormal",28,3
"SCP",0.985,9.97287165439226,0,"Student-t",28,0.25
"RSA-CP (OT) (Ours)",0.972,8.0837123640386,0.0200000000000031,"Student-t",28,0.25
"SPI",0.954,6.75139322720121,0.0399999999999991,"Student-t",28,0.25
"Synthetic-only",0.953,6.57891447208862,0,"Student-t",28,0.25
"SCP",0.985,9.97287165439226,0,"Student-t",28,0.5
"RSA-CP (OT) (Ours)",0.97,7.94817381706977,0,"Student-t",28,0.5
"SPI",0.96,7.06662838992304,0.0499999999999972,"Student-t",28,0.5
"Synthetic-only",0.959,7.04346749960645,0,"Student-t",28,0.5
"SCP",0.985,9.97287165439226,0,"Student-t",28,1
"RSA-CP (OT) (Ours)",0.97,7.94291999022473,0.0200000000000031,"Student-t",28,1
"SPI",0.964,7.52131509063474,0.0399999999999991,"Student-t",28,1
"Synthetic-only",0.964,7.4942331709622,0,"Student-t",28,1
"SCP",0.985,9.97287165439226,0,"Student-t",28,1.5
"RSA-CP (OT) (Ours)",0.966,7.72897211069926,0,"Student-t",28,1.5
"SPI",0.9775,8.75201263089099,0.0499999999999972,"Student-t",28,1.5
"Synthetic-only",0.9775,8.6942716696897,0,"Student-t",28,1.5
"SCP",0.985,9.97287165439226,0,"Student-t",28,2
"RSA-CP (OT) (Ours)",0.971,8.02991047217663,0,"Student-t",28,2
"SPI",0.985,10.0470727788236,0.0500000000000043,"Student-t",28,2
"Synthetic-only",0.985,10.019094039529,0,"Student-t",28,2
"SCP",0.985,9.97287165439226,0,"Student-t",28,3
"RSA-CP (OT) (Ours)",0.971,8.03224706447589,0,"Student-t",28,3
"SPI",0.991,11.6550580096284,0.0499999999999972,"Student-t",28,3
"Synthetic-only",0.996,13.4251357786801,0,"Student-t",28,3
"SCP",0.9525,8.75388058054443,0,"LogNormal",29,0.25
"RSA-CP (OT) (Ours)",0.922,7.59436792599125,0.0200000000000031,"LogNormal",29,0.25
"SPI",0.8795,6.24734030875273,0.0399999999999991,"LogNormal",29,0.25
"Synthetic-only",0.73,4.31396259049587,0,"LogNormal",29,0.25
"SCP",0.9525,8.75388058054443,0,"LogNormal",29,0.5
"RSA-CP (OT) (Ours)",0.918,7.34308369314595,0,"LogNormal",29,0.5
"SPI",0.8795,6.24734030875273,0.0499999999999972,"LogNormal",29,0.5
"Synthetic-only",0.8055,5.03813581611576,0,"LogNormal",29,0.5
"SCP",0.9525,8.75388058054443,0,"LogNormal",29,1
"RSA-CP (OT) (Ours)",0.918,7.34308369314595,0,"LogNormal",29,1
"SPI",0.902,6.72643828209218,0.0600000000000023,"LogNormal",29,1
"Synthetic-only",0.902,6.72613929840277,0.0200000000000031,"LogNormal",29,1
"SCP",0.9525,8.75388058054443,0,"LogNormal",29,1.5
"RSA-CP (OT) (Ours)",0.921,7.48268604472668,0.0200000000000031,"LogNormal",29,1.5
"SPI",0.939,8.25154917777109,0.0399999999999991,"LogNormal",29,1.5
"Synthetic-only",0.939,8.24717734179523,0,"LogNormal",29,1.5
"SCP",0.9525,8.75388058054443,0,"LogNormal",29,2
"RSA-CP (OT) (Ours)",0.9135,7.20348134156523,0,"LogNormal",29,2
"SPI",0.9705,10.0326705146506,0.0499999999999972,"LogNormal",29,2
"Synthetic-only",0.9705,10.0175191842081,0,"LogNormal",29,2
"SCP",0.9525,8.75388058054443,0,"LogNormal",29,3
"RSA-CP (OT) (Ours)",0.9205,7.44359275690482,0.0200000000000031,"LogNormal",29,3
"SPI",0.9885,13.1626750956341,0.0399999999999991,"LogNormal",29,3
"Synthetic-only",0.9885,13.1412681312531,0,"LogNormal",29,3
"SCP",0.874,4.34157550403024,0,"Student-t",29,0.25
"RSA-CP (OT) (Ours)",0.855,3.97554631764066,0,"Student-t",29,0.25
"SPI",0.949,6.40550296144597,0.0499999999999972,"Student-t",29,0.25
"Synthetic-only",0.949,6.39601852144958,0,"Student-t",29,0.25
"SCP",0.874,4.34157550403024,0,"Student-t",29,0.5
"RSA-CP (OT) (Ours)",0.8585,4.04816972572164,0,"Student-t",29,0.5
"SPI",0.954,6.74394506908269,0.0500000000000043,"Student-t",29,0.5
"Synthetic-only",0.956,6.85649925924715,0,"Student-t",29,0.5
"SCP",0.874,4.34157550403024,0,"Student-t",29,1
"RSA-CP (OT) (Ours)",0.8575,4.02458985415751,0,"Student-t",29,1
"SPI",0.954,6.74394506908269,0.0499999999999972,"Student-t",29,1
"Synthetic-only",0.957,6.92493527596117,0,"Student-t",29,1
"SCP",0.874,4.34157550403024,0,"Student-t",29,1.5
"RSA-CP (OT) (Ours)",0.8595,4.06875037854248,0,"Student-t",29,1.5
"SPI",0.954,6.74394506908269,0.0600000000000023,"Student-t",29,1.5
"Synthetic-only",0.975,8.41577453045639,0,"Student-t",29,1.5
"SCP",0.874,4.34157550403024,0,"Student-t",29,2
"RSA-CP (OT) (Ours)",0.857,4.01239221848536,0,"Student-t",29,2
"SPI",0.954,6.74394506908269,0.0499999999999972,"Student-t",29,2
"Synthetic-only",0.985,9.9244373096418,0,"Student-t",29,2
"SCP",0.874,4.34157550403024,0,"Student-t",29,3
"RSA-CP (OT) (Ours)",0.8575,4.02583892935007,0,"Student-t",29,3
"SPI",0.954,6.74394506908269,0.0500000000000043,"Student-t",29,3
"Synthetic-only",0.9955,13.3648330617073,0,"Student-t",29,3
"SCP",0.935,8.07107395483743,0,"LogNormal",30,0.25
"RSA-CP (OT) (Ours)",0.91,7.04085016505562,0,"LogNormal",30,0.25
"SPI",0.879,6.2291183517283,0.0600000000000023,"LogNormal",30,0.25
"Synthetic-only",0.7265,4.26716570629344,0,"LogNormal",30,0.25
"SCP",0.935,8.07107395483743,0,"LogNormal",30,0.5
"RSA-CP (OT) (Ours)",0.916,7.27343080113853,0,"LogNormal",30,0.5
"SPI",0.879,6.2291183517283,0.0499999999999972,"LogNormal",30,0.5
"Synthetic-only",0.8055,5.03153152161237,0,"LogNormal",30,0.5
"SCP",0.935,8.07107395483743,0,"LogNormal",30,1
"RSA-CP (OT) (Ours)",0.909,6.99123550826087,0,"LogNormal",30,1
"SPI",0.899,6.60140996021128,0.0600000000000023,"LogNormal",30,1
"Synthetic-only",0.8985,6.59092942413811,0.0200000000000031,"LogNormal",30,1
"SCP",0.935,8.07107395483743,0,"LogNormal",30,1.5
"RSA-CP (OT) (Ours)",0.9095,7.01517253789187,0,"LogNormal",30,1.5
"SPI",0.9435,8.3844362970653,0.0700000000000003,"LogNormal",30,1.5
"Synthetic-only",0.943,8.37163861594691,0.019999999999996,"LogNormal",30,1.5
"SCP",0.935,8.07107395483743,0,"LogNormal",30,2
"RSA-CP (OT) (Ours)",0.91,7.04011244808532,0.00999999999999801,"LogNormal",30,2
"SPI",0.946,8.45042977767936,0.0500000000000043,"LogNormal",30,2
"Synthetic-only",0.968,9.81136504505651,0,"LogNormal",30,2
"SCP",0.935,8.07107395483743,0,"LogNormal",30,3
"RSA-CP (OT) (Ours)",0.909,6.99115165812628,0,"LogNormal",30,3
"SPI",0.946,8.45042977767936,0.0499999999999972,"LogNormal",30,3
"Synthetic-only",0.9875,12.9768175320373,0,"LogNormal",30,3
"SCP",0.997,16.8232167081016,0,"Student-t",30,0.25
"RSA-CP (OT) (Ours)",0.988,10.8482366491217,0.00999999999999801,"Student-t",30,0.25
"SPI",0.9625,7.21811671067328,0.0500000000000043,"Student-t",30,0.25
"Synthetic-only",0.9455,6.25922584293683,0,"Student-t",30,0.25
"SCP",0.997,16.8232167081016,0,"Student-t",30,0.5
"RSA-CP (OT) (Ours)",0.989,10.8899744952576,0,"Student-t",30,0.5
"SPI",0.9625,7.21811671067328,0.0499999999999972,"Student-t",30,0.5
"Synthetic-only",0.94,6.03893530064992,0,"Student-t",30,0.5
"SCP",0.997,16.8232167081016,0,"Student-t",30,1
"RSA-CP (OT) (Ours)",0.99,11.1270493453682,0.00999999999999801,"Student-t",30,1
"SPI",0.9655,7.63487580049162,0.0300000000000011,"Student-t",30,1
"Synthetic-only",0.9655,7.63076796001001,0,"Student-t",30,1
"SCP",0.997,16.8232167081016,0,"Student-t",30,1.5
"RSA-CP (OT) (Ours)",0.9905,11.2082309699342,0,"Student-t",30,1.5
"SPI",0.977,8.656100041756,0.0399999999999991,"Student-t",30,1.5
"Synthetic-only",0.9765,8.61925376210661,0,"Student-t",30,1.5
"SCP",0.997,16.8232167081016,0,"Student-t",30,2
"RSA-CP (OT) (Ours)",0.99,11.1936131501786,0,"Student-t",30,2
"SPI",0.986,10.1928389395945,0.0499999999999972,"Student-t",30,2
"Synthetic-only",0.986,10.1746134686159,0,"Student-t",30,2
"SCP",0.997,16.8232167081016,0,"Student-t",30,3
"RSA-CP (OT) (Ours)",0.9905,11.5671050233315,0.0200000000000031,"Student-t",30,3
"SPI",0.996,13.6104077615624,0.0399999999999991,"Student-t",30,3
"Synthetic-only",0.996,13.6084665464188,0,"Student-t",30,3
"SCP",0.923,7.63785522867146,0,"LogNormal",31,0.25
"RSA-CP (OT) (Ours)",0.915,7.22923244781117,0.019999999999996,"LogNormal",31,0.25
"SPI",0.908,6.92851800584526,0.0300000000000011,"LogNormal",31,0.25
"Synthetic-only",0.7265,4.27098833259684,0.0200000000000031,"LogNormal",31,0.25
"SCP",0.923,7.63785522867146,0,"LogNormal",31,0.5
"RSA-CP (OT) (Ours)",0.916,7.27213590447473,0,"LogNormal",31,0.5
"SPI",0.908,6.92851800584526,0.0399999999999991,"LogNormal",31,0.5
"Synthetic-only",0.802,5.00336311574512,0,"LogNormal",31,0.5
"SCP",0.923,7.63785522867146,0,"LogNormal",31,1
"RSA-CP (OT) (Ours)",0.915,7.21637389566332,0.0200000000000031,"LogNormal",31,1
"SPI",0.908,6.92851800584526,0.0499999999999972,"LogNormal",31,1
"Synthetic-only",0.9045,6.78707343356557,0,"LogNormal",31,1
"SCP",0.923,7.63785522867146,0,"LogNormal",31,1.5
"RSA-CP (OT) (Ours)",0.916,7.26935217832674,0,"LogNormal",31,1.5
"SPI",0.9405,8.29104375208616,0.0399999999999991,"LogNormal",31,1.5
"Synthetic-only",0.9405,8.28502155453414,0,"LogNormal",31,1.5
"SCP",0.923,7.63785522867146,0,"LogNormal",31,2
"RSA-CP (OT) (Ours)",0.916,7.27876499291671,0.0200000000000031,"LogNormal",31,2
"SPI",0.9495,8.57354075660295,0.029999999999994,"LogNormal",31,2
"Synthetic-only",0.9705,9.97133911051174,0.0200000000000031,"LogNormal",31,2
"SCP",0.923,7.63785522867146,0,"LogNormal",31,3
"RSA-CP (OT) (Ours)",0.9135,7.19005363669149,0,"LogNormal",31,3
"SPI",0.9495,8.57354075660295,0.0399999999999991,"LogNormal",31,3
"Synthetic-only",0.9885,13.1921700394891,0,"LogNormal",31,3
"SCP",0.918,5.33736839945951,0,"Student-t",31,0.25
"RSA-CP (OT) (Ours)",0.916,5.27890284707699,0.0200000000000031,"Student-t",31,0.25
"SPI",0.923,5.48210926701486,0.0300000000000011,"Student-t",31,0.25
"Synthetic-only",0.956,6.83740335116942,0,"Student-t",31,0.25
"SCP",0.918,5.33736839945951,0,"Student-t",31,0.5
"RSA-CP (OT) (Ours)",0.9165,5.31129302215546,0,"Student-t",31,0.5
"SPI",0.923,5.48210926701486,0.0599999999999952,"Student-t",31,0.5
"Synthetic-only",0.954,6.66396534252739,0.00999999999999801,"Student-t",31,0.5
"SCP",0.918,5.33736839945951,0,"Student-t",31,1
"RSA-CP (OT) (Ours)",0.916,5.27956535798802,0,"Student-t",31,1
"SPI",0.923,5.48210926701486,0.0500000000000043,"Student-t",31,1
"Synthetic-only",0.9615,7.1743749233145,0,"Student-t",31,1
"SCP",0.918,5.33736839945951,0,"Student-t",31,1.5
"RSA-CP (OT) (Ours)",0.9155,5.26930229291375,0.00999999999999801,"Student-t",31,1.5
"SPI",0.923,5.48210926701486,0.0499999999999972,"Student-t",31,1.5
"Synthetic-only",0.9745,8.38193191529455,0,"Student-t",31,1.5
"SCP",0.918,5.33736839945951,0,"Student-t",31,2
"RSA-CP (OT) (Ours)",0.9155,5.2675521125988,0,"Student-t",31,2
"SPI",0.923,5.48210926701486,0.0500000000000043,"Student-t",31,2
"Synthetic-only",0.985,9.83941963014951,0,"Student-t",31,2
"SCP",0.918,5.33736839945951,0,"Student-t",31,3
"RSA-CP (OT) (Ours)",0.916,5.28487844995471,0.00999999999999801,"Student-t",31,3
"SPI",0.923,5.48210926701486,0.0499999999999972,"Student-t",31,3
"Synthetic-only",0.996,13.9284247628868,0,"Student-t",31,3
"SCP",0.946,8.45558725514155,0,"LogNormal",32,0.25
"RSA-CP (OT) (Ours)",0.9405,8.29902137386651,0.0200000000000031,"LogNormal",32,0.25
"SPI",0.939,8.22239918141891,0.0399999999999991,"LogNormal",32,0.25
"Synthetic-only",0.726,4.26376520328996,0,"LogNormal",32,0.25
"SCP",0.946,8.45558725514155,0,"LogNormal",32,0.5
"RSA-CP (OT) (Ours)",0.9405,8.31400155685183,0,"LogNormal",32,0.5
"SPI",0.939,8.22239918141891,0.0499999999999972,"LogNormal",32,0.5
"Synthetic-only",0.809,5.07954105104259,0,"LogNormal",32,0.5
"SCP",0.946,8.45558725514155,0,"LogNormal",32,1
"RSA-CP (OT) (Ours)",0.9405,8.31400155685183,0.0200000000000031,"LogNormal",32,1
"SPI",0.939,8.22239918141891,0.0399999999999991,"LogNormal",32,1
"Synthetic-only",0.8945,6.48589330485283,0,"LogNormal",32,1
"SCP",0.946,8.45558725514155,0,"LogNormal",32,1.5
"RSA-CP (OT) (Ours)",0.9405,8.31174772080552,0.0200000000000031,"LogNormal",32,1.5
"SPI",0.939,8.22239918141891,0.0399999999999991,"LogNormal",32,1.5
"Synthetic-only",0.939,8.19697092310872,0,"LogNormal",32,1.5
"SCP",0.946,8.45558725514155,0,"LogNormal",32,2
"RSA-CP (OT) (Ours)",0.941,8.32985259660711,0,"LogNormal",32,2
"SPI",0.968,9.85438416379426,0.0499999999999972,"LogNormal",32,2
"Synthetic-only",0.968,9.83315194124065,0,"LogNormal",32,2
"SCP",0.946,8.45558725514155,0,"LogNormal",32,3
"RSA-CP (OT) (Ours)",0.9405,8.31229927200797,0.0200000000000031,"LogNormal",32,3
"SPI",0.9835,11.974159599598,0.0399999999999991,"LogNormal",32,3
"Synthetic-only",0.9885,13.2114792857859,0,"LogNormal",32,3
"SCP",0.938,5.91489993130409,0,"Student-t",32,0.25
"RSA-CP (OT) (Ours)",0.907,5.06231940602879,0,"Student-t",32,0.25
"SPI",0.941,6.08183065399409,0.0499999999999972,"Student-t",32,0.25
"Synthetic-only",0.941,6.07614147383906,0,"Student-t",32,0.25
"SCP",0.938,5.91489993130409,0,"Student-t",32,0.5
"RSA-CP (OT) (Ours)",0.907,5.10699823351358,0.0200000000000031,"Student-t",32,0.5
"SPI",0.948,6.33666630741618,0.0399999999999991,"Student-t",32,0.5
"Synthetic-only",0.948,6.3328473955328,0,"Student-t",32,0.5
"SCP",0.938,5.91489993130409,0,"Student-t",32,1
"RSA-CP (OT) (Ours)",0.907,5.10365983736674,0,"Student-t",32,1
"SPI",0.9625,7.39173714231064,0.0499999999999972,"Student-t",32,1
"Synthetic-only",0.9625,7.36390146158927,0,"Student-t",32,1
"SCP",0.938,5.91489993130409,0,"Student-t",32,1.5
"RSA-CP (OT) (Ours)",0.9125,5.18820388201291,0.0200000000000031,"Student-t",32,1.5
"SPI",0.979,9.03728521468905,0.0399999999999991,"Student-t",32,1.5
"Synthetic-only",0.979,8.97475570698456,0,"Student-t",32,1.5
"SCP",0.938,5.91489993130409,0,"Student-t",32,2
"RSA-CP (OT) (Ours)",0.907,5.07343135861216,0,"Student-t",32,2
"SPI",0.985,10.0966216386439,0.0499999999999972,"Student-t",32,2
"Synthetic-only",0.985,10.0820234244501,0,"Student-t",32,2
"SCP",0.938,5.91489993130409,0,"Student-t",32,3
"RSA-CP (OT) (Ours)",0.9025,5.01329184390783,0.0200000000000031,"Student-t",32,3
"SPI",0.9955,13.3144290559041,0.0399999999999991,"Student-t",32,3
"Synthetic-only",0.9955,13.2514186214666,0,"Student-t",32,3
"SCP",0.897,6.56696104157749,0,"LogNormal",33,0.25
"RSA-CP (OT) (Ours)",0.8775,6.20026540814679,0.0200000000000031,"LogNormal",33,0.25
"SPI",0.862,5.92447445669785,0.0399999999999991,"LogNormal",33,0.25
"Synthetic-only",0.7275,4.29076408976891,0,"LogNormal",33,0.25
"SCP",0.897,6.56696104157749,0,"LogNormal",33,0.5
"RSA-CP (OT) (Ours)",0.879,6.22608742185501,0,"LogNormal",33,0.5
"SPI",0.862,5.92447445669785,0.0499999999999972,"LogNormal",33,0.5
"Synthetic-only",0.8065,5.05400303599794,0,"LogNormal",33,0.5
"SCP",0.897,6.56696104157749,0,"LogNormal",33,1
"RSA-CP (OT) (Ours)",0.876,6.18829101779966,0,"LogNormal",33,1
"SPI",0.9,6.6257738185098,0.0600000000000023,"LogNormal",33,1
"Synthetic-only",0.9015,6.67793772172831,0.0200000000000031,"LogNormal",33,1
"SCP",0.897,6.56696104157749,0,"LogNormal",33,1.5
"RSA-CP (OT) (Ours)",0.876,6.17843680753424,0,"LogNormal",33,1.5
"SPI",0.9,6.6257738185098,0.0499999999999972,"LogNormal",33,1.5
"Synthetic-only",0.946,8.42906239150892,0,"LogNormal",33,1.5
"SCP",0.897,6.56696104157749,0,"LogNormal",33,2
"RSA-CP (OT) (Ours)",0.876,6.18690850544814,0,"LogNormal",33,2
"SPI",0.9,6.6257738185098,0.0399999999999991,"LogNormal",33,2
"Synthetic-only",0.9705,10.0385905268145,0,"LogNormal",33,2
"SCP",0.897,6.56696104157749,0,"LogNormal",33,3
"RSA-CP (OT) (Ours)",0.879,6.21730368190884,0,"LogNormal",33,3
"SPI",0.9,6.6257738185098,0.0499999999999972,"LogNormal",33,3
"Synthetic-only",0.9905,13.6497603709383,0,"LogNormal",33,3
"SCP",0.98,9.13353912325656,0,"Student-t",33,0.25
"RSA-CP (OT) (Ours)",0.953,6.58867150195406,0,"Student-t",33,0.25
"SPI",0.9395,5.97748375855764,0.0600000000000023,"Student-t",33,0.25
"Synthetic-only",0.9395,5.96253295678471,0.0200000000000031,"Student-t",33,0.25
"SCP",0.98,9.13353912325656,0,"Student-t",33,0.5
"RSA-CP (OT) (Ours)",0.954,6.65393400823735,0,"Student-t",33,0.5
"SPI",0.954,6.69154323593403,0.0499999999999972,"Student-t",33,0.5
"Synthetic-only",0.954,6.68271140299129,0,"Student-t",33,0.5
"SCP",0.98,9.13353912325656,0,"Student-t",33,1
"RSA-CP (OT) (Ours)",0.949,6.4504517727462,0.0200000000000031,"Student-t",33,1
"SPI",0.9605,7.13370411348114,0.0399999999999991,"Student-t",33,1
"Synthetic-only",0.96,7.10902084899535,0,"Student-t",33,1
"SCP",0.98,9.13353912325656,0,"Student-t",33,1.5
"RSA-CP (OT) (Ours)",0.953,6.60761469354819,0,"Student-t",33,1.5
"SPI",0.9755,8.44285761210378,0.0500000000000043,"Student-t",33,1.5
"Synthetic-only",0.975,8.42806379041644,0,"Student-t",33,1.5
"SCP",0.98,9.13353912325656,0,"Student-t",33,2
"RSA-CP (OT) (Ours)",0.9415,6.10582792334837,0.00999999999999801,"Student-t",33,2
"SPI",0.985,9.82208826535051,0.0499999999999972,"Student-t",33,2
"Synthetic-only",0.9845,9.8155075331664,0,"Student-t",33,2
"SCP",0.98,9.13353912325656,0,"Student-t",33,3
"RSA-CP (OT) (Ours)",0.9505,6.48227510042664,0,"Student-t",33,3
"SPI",0.995,12.7214351109811,0.0500000000000043,"Student-t",33,3
"Synthetic-only",0.995,12.7118373202576,0,"Student-t",33,3
"SCP",0.922,7.57766601722442,0,"LogNormal",34,0.25
"RSA-CP (OT) (Ours)",0.92,7.42705522383294,0,"LogNormal",34,0.25
"SPI",0.917,7.33451556512104,0.0599999999999952,"LogNormal",34,0.25
"Synthetic-only",0.726,4.26142835824606,0.00999999999999801,"LogNormal",34,0.25
"SCP",0.922,7.57766601722442,0,"LogNormal",34,0.5
"RSA-CP (OT) (Ours)",0.92,7.42705522383294,0.0200000000000031,"LogNormal",34,0.5
"SPI",0.917,7.33451556512104,0.0300000000000011,"LogNormal",34,0.5
"Synthetic-only",0.8055,5.05244110306618,0,"LogNormal",34,0.5
"SCP",0.922,7.57766601722442,0,"LogNormal",34,1
"RSA-CP (OT) (Ours)",0.92,7.42705522383294,0,"LogNormal",34,1
"SPI",0.917,7.33451556512104,0.0599999999999952,"LogNormal",34,1
"Synthetic-only",0.897,6.56143028228412,0.00999999999999801,"LogNormal",34,1
"SCP",0.922,7.57766601722442,0,"LogNormal",34,1.5
"RSA-CP (OT) (Ours)",0.9205,7.45068586132829,0.0200000000000031,"LogNormal",34,1.5
"SPI",0.935,8.06912052226499,0.0300000000000011,"LogNormal",34,1.5
"Synthetic-only",0.935,8.06100268896484,0,"LogNormal",34,1.5
"SCP",0.922,7.57766601722442,0,"LogNormal",34,2
"RSA-CP (OT) (Ours)",0.919,7.42023039232032,0,"LogNormal",34,2
"SPI",0.9665,9.66719829763959,0.0599999999999952,"LogNormal",34,2
"Synthetic-only",0.9665,9.6642474582762,0.00999999999999801,"LogNormal",34,2
"SCP",0.922,7.57766601722442,0,"LogNormal",34,3
"RSA-CP (OT) (Ours)",0.9195,7.42524210612141,0.0200000000000031,"LogNormal",34,3
"SPI",0.986,12.7124043017497,0.0399999999999991,"LogNormal",34,3
"Synthetic-only",0.986,12.7927492948867,0,"LogNormal",34,3
"SCP",0.944,6.2202187049038,0,"Student-t",34,0.25
"RSA-CP (OT) (Ours)",0.9355,5.84229429395347,0,"Student-t",34,0.25
"SPI",0.9515,6.53088147291423,0.0500000000000043,"Student-t",34,0.25
"Synthetic-only",0.9515,6.52896693730741,0,"Student-t",34,0.25
"SCP",0.944,6.2202187049038,0,"Student-t",34,0.5
"RSA-CP (OT) (Ours)",0.936,5.85240396425336,0.00999999999999801,"Student-t",34,0.5
"SPI",0.9485,6.38613756251821,0.0499999999999972,"Student-t",34,0.5
"Synthetic-only",0.9485,6.38311934626824,0,"Student-t",34,0.5
"SCP",0.944,6.2202187049038,0,"Student-t",34,1
"RSA-CP (OT) (Ours)",0.9375,5.90753857174573,0,"Student-t",34,1
"SPI",0.9625,7.42628495224565,0.0500000000000043,"Student-t",34,1
"Synthetic-only",0.9625,7.41072448041631,0,"Student-t",34,1
"SCP",0.944,6.2202187049038,0,"Student-t",34,1.5
"RSA-CP (OT) (Ours)",0.9355,5.84407219183419,0.00999999999999801,"Student-t",34,1.5
"SPI",0.977,8.63767202336943,0.0499999999999972,"Student-t",34,1.5
"Synthetic-only",0.9765,8.62222691302123,0,"Student-t",34,1.5
"SCP",0.944,6.2202187049038,0,"Student-t",34,2
"RSA-CP (OT) (Ours)",0.936,5.85595736133388,0,"Student-t",34,2
"SPI",0.985,10.0928578606785,0.0500000000000043,"Student-t",34,2
"Synthetic-only",0.986,10.1931863721496,0,"Student-t",34,2
"SCP",0.944,6.2202187049038,0,"Student-t",34,3
"RSA-CP (OT) (Ours)",0.937,5.87677994106321,0.00999999999999801,"Student-t",34,3
"SPI",0.985,10.0928578606785,0.0499999999999972,"Student-t",34,3
"Synthetic-only",0.9955,12.9886138784823,0,"Student-t",34,3
"SCP",0.908,6.93406669742732,0,"LogNormal",35,0.25
"RSA-CP (OT) (Ours)",0.9015,6.66249657382777,0.0200000000000031,"LogNormal",35,0.25
"SPI",0.893,6.45947830399285,0.0399999999999991,"LogNormal",35,0.25
"Synthetic-only",0.7275,4.28704450403459,0,"LogNormal",35,0.25
"SCP",0.908,6.93406669742732,0,"LogNormal",35,0.5
"RSA-CP (OT) (Ours)",0.9015,6.66249657382777,0,"LogNormal",35,0.5
"SPI",0.893,6.45947830399285,0.0499999999999972,"LogNormal",35,0.5
"Synthetic-only",0.8055,5.0422713319598,0,"LogNormal",35,0.5
"SCP",0.908,6.93406669742732,0,"LogNormal",35,1
"RSA-CP (OT) (Ours)",0.9015,6.67801184191953,0.0200000000000031,"LogNormal",35,1
"SPI",0.902,6.71505539499623,0.0399999999999991,"LogNormal",35,1
"Synthetic-only",0.902,6.71210794196469,0,"LogNormal",35,1
"SCP",0.908,6.93406669742732,0,"LogNormal",35,1.5
"RSA-CP (OT) (Ours)",0.902,6.71229444376451,0.0200000000000031,"LogNormal",35,1.5
"SPI",0.9505,8.61334933188031,0.0300000000000011,"LogNormal",35,1.5
"Synthetic-only",0.9505,8.61279449192965,0,"LogNormal",35,1.5
"SCP",0.908,6.93406669742732,0,"LogNormal",35,2
"RSA-CP (OT) (Ours)",0.9015,6.67803894900507,0,"LogNormal",35,2
"SPI",0.964,9.40910882452237,0.0499999999999972,"LogNormal",35,2
"Synthetic-only",0.969,9.88245641645132,0,"LogNormal",35,2
"SCP",0.908,6.93406669742732,0,"LogNormal",35,3
"RSA-CP (OT) (Ours)",0.8995,6.61766998915802,0.0200000000000031,"LogNormal",35,3
"SPI",0.964,9.40910882452237,0.0399999999999991,"LogNormal",35,3
"Synthetic-only",0.9865,12.9229300376574,0,"LogNormal",35,3
"SCP",0.887,4.65168383952468,0,"Student-t",35,0.25
"RSA-CP (OT) (Ours)",0.88,4.42565304795086,0,"Student-t",35,0.25
"SPI",0.9425,6.1630973856489,0.0499999999999972,"Student-t",35,0.25
"Synthetic-only",0.944,6.20977887624861,0,"Student-t",35,0.25
"SCP",0.887,4.65168383952468,0,"Student-t",35,0.5
"RSA-CP (OT) (Ours)",0.8815,4.47703336741928,0.0200000000000031,"Student-t",35,0.5
"SPI",0.9425,6.1630973856489,0.0300000000000011,"Student-t",35,0.5
"Synthetic-only",0.96,7.09987029773174,0,"Student-t",35,0.5
"SCP",0.887,4.65168383952468,0,"Student-t",35,1
"RSA-CP (OT) (Ours)",0.8815,4.47090578274098,0,"Student-t",35,1
"SPI",0.9425,6.1630973856489,0.0599999999999952,"Student-t",35,1
"Synthetic-only",0.9635,7.48076070290461,0.00999999999999801,"Student-t",35,1
"SCP",0.887,4.65168383952468,0,"Student-t",35,1.5
"RSA-CP (OT) (Ours)",0.8815,4.4599875555847,0,"Student-t",35,1.5
"SPI",0.9425,6.1630973856489,0.0500000000000043,"Student-t",35,1.5
"Synthetic-only",0.973,8.23339663846139,0,"Student-t",35,1.5
"SCP",0.887,4.65168383952468,0,"Student-t",35,2
"RSA-CP (OT) (Ours)",0.8815,4.47650738826775,0,"Student-t",35,2
"SPI",0.9425,6.1630973856489,0.0599999999999952,"Student-t",35,2
"Synthetic-only",0.9835,9.64923492562782,0.00999999999999801,"Student-t",35,2
"SCP",0.887,4.65168383952468,0,"Student-t",35,3
"RSA-CP (OT) (Ours)",0.8815,4.46527908628547,0,"Student-t",35,3
"SPI",0.9425,6.1630973856489,0.0600000000000023,"Student-t",35,3
"Synthetic-only",0.9955,13.1533636106626,0,"Student-t",35,3
"SCP",0.9905,13.7173919189145,0,"LogNormal",36,0.25
"RSA-CP (OT) (Ours)",0.9885,13.241026485163,0.0200000000000031,"LogNormal",36,0.25
"SPI",0.986,12.8365454262038,0.0399999999999991,"LogNormal",36,0.25
"Synthetic-only",0.73,4.31407184987185,0,"LogNormal",36,0.25
"SCP",0.9905,13.7173919189145,0,"LogNormal",36,0.5
"RSA-CP (OT) (Ours)",0.9885,13.241026485163,0,"LogNormal",36,0.5
"SPI",0.986,12.8365454262038,0.0499999999999972,"LogNormal",36,0.5
"Synthetic-only",0.808,5.05715452490548,0,"LogNormal",36,0.5
"SCP",0.9905,13.7173919189145,0,"LogNormal",36,1
"RSA-CP (OT) (Ours)",0.9885,13.2233952914411,0,"LogNormal",36,1
"SPI",0.986,12.8365454262038,0.0399999999999991,"LogNormal",36,1
"Synthetic-only",0.9005,6.65515050660027,0,"LogNormal",36,1
"SCP",0.9905,13.7173919189145,0,"LogNormal",36,1.5
"RSA-CP (OT) (Ours)",0.9885,13.1705017102753,0.019999999999996,"LogNormal",36,1.5
"SPI",0.986,12.8365454262038,0.0500000000000043,"LogNormal",36,1.5
"Synthetic-only",0.9435,8.4019068528261,0,"LogNormal",36,1.5
"SCP",0.9905,13.7173919189145,0,"LogNormal",36,2
"RSA-CP (OT) (Ours)",0.9885,13.2592978624679,0,"LogNormal",36,2
"SPI",0.986,12.8365454262038,0.0399999999999991,"LogNormal",36,2
"Synthetic-only",0.972,10.2167547619117,0,"LogNormal",36,2
"SCP",0.9905,13.7173919189145,0,"LogNormal",36,3
"RSA-CP (OT) (Ours)",0.9885,13.1753902395831,0,"LogNormal",36,3
"SPI",0.986,12.8365454262038,0.0499999999999972,"LogNormal",36,3
"Synthetic-only",0.986,12.6297604410657,0,"LogNormal",36,3
"SCP",0.9815,9.36628293233303,0,"Student-t",36,0.25
"RSA-CP (OT) (Ours)",0.973,8.16720245482925,0.00999999999999801,"Student-t",36,0.25
"SPI",0.9625,7.29425199202911,0.0500000000000043,"Student-t",36,0.25
"Synthetic-only",0.944,6.23820928427619,0,"Student-t",36,0.25
"SCP",0.9815,9.36628293233303,0,"Student-t",36,0.5
"RSA-CP (OT) (Ours)",0.972,8.07554034164189,0,"Student-t",36,0.5
"SPI",0.9625,7.29425199202911,0.0499999999999972,"Student-t",36,0.5
"Synthetic-only",0.944,6.22930690998228,0,"Student-t",36,0.5
"SCP",0.9815,9.36628293233303,0,"Student-t",36,1
"RSA-CP (OT) (Ours)",0.972,8.1038886918465,0.00999999999999801,"Student-t",36,1
"SPI",0.9625,7.29425199202911,0.0500000000000043,"Student-t",36,1
"Synthetic-only",0.961,7.14217055211449,0,"Student-t",36,1
"SCP",0.9815,9.36628293233303,0,"Student-t",36,1.5
"RSA-CP (OT) (Ours)",0.971,8.03157906506693,0,"Student-t",36,1.5
"SPI",0.9785,8.88500205330697,0.0399999999999991,"Student-t",36,1.5
"Synthetic-only",0.9785,8.86489108886457,0,"Student-t",36,1.5
"SCP",0.9815,9.36628293233303,0,"Student-t",36,2
"RSA-CP (OT) (Ours)",0.97,7.94545819172284,0.019999999999996,"Student-t",36,2
"SPI",0.985,10.0824500982699,0.0500000000000043,"Student-t",36,2
"Synthetic-only",0.985,10.0650295208758,0,"Student-t",36,2
"SCP",0.9815,9.36628293233303,0,"Student-t",36,3
"RSA-CP (OT) (Ours)",0.973,8.28033254512728,0,"Student-t",36,3
"SPI",0.9935,12.4004462257107,0.0399999999999991,"Student-t",36,3
"Synthetic-only",0.9955,13.0345546748838,0,"Student-t",36,3
"SCP",0.9705,10.0540716003751,0,"LogNormal",37,0.25
"RSA-CP (OT) (Ours)",0.967,9.67561029848053,0,"LogNormal",37,0.25
"SPI",0.9625,9.28526432828412,0.0500000000000043,"LogNormal",37,0.25
"Synthetic-only",0.73,4.31357435686567,0,"LogNormal",37,0.25
"SCP",0.9705,10.0540716003751,0,"LogNormal",37,0.5
"RSA-CP (OT) (Ours)",0.9675,9.70141192594314,0.00999999999999801,"LogNormal",37,0.5
"SPI",0.9625,9.28526432828412,0.0500000000000043,"LogNormal",37,0.5
"Synthetic-only",0.8055,5.05117551413583,0,"LogNormal",37,0.5
"SCP",0.9705,10.0540716003751,0,"LogNormal",37,1
"RSA-CP (OT) (Ours)",0.966,9.64980867101791,0,"LogNormal",37,1
"SPI",0.9625,9.28526432828412,0.0499999999999972,"LogNormal",37,1
"Synthetic-only",0.8985,6.59640995081249,0,"LogNormal",37,1
"SCP",0.9705,10.0540716003751,0,"LogNormal",37,1.5
"RSA-CP (OT) (Ours)",0.9655,9.59820541609268,0,"LogNormal",37,1.5
"SPI",0.9625,9.28526432828412,0.0600000000000023,"LogNormal",37,1.5
"Synthetic-only",0.939,8.26825151254704,0.00999999999999801,"LogNormal",37,1.5
"SCP",0.9705,10.0540716003751,0,"LogNormal",37,2
"RSA-CP (OT) (Ours)",0.9655,9.59820541609268,0.00999999999999801,"LogNormal",37,2
"SPI",0.969,9.92715801314029,0.0399999999999991,"LogNormal",37,2
"Synthetic-only",0.969,9.91914763639112,0,"LogNormal",37,2
"SCP",0.9705,10.0540716003751,0,"LogNormal",37,3
"RSA-CP (OT) (Ours)",0.9655,9.58722420471112,0,"LogNormal",37,3
"SPI",0.9885,13.136216370796,0.0500000000000043,"LogNormal",37,3
"Synthetic-only",0.9885,13.1286931802227,0,"LogNormal",37,3
"SCP",0.9015,4.95384272260424,0,"Student-t",37,0.25
"RSA-CP (OT) (Ours)",0.8965,4.88317311632066,0,"Student-t",37,0.25
"SPI",0.949,6.42558308206941,0.0599999999999952,"Student-t",37,0.25
"Synthetic-only",0.949,6.40461581056205,0.00999999999999801,"Student-t",37,0.25
"SCP",0.9015,4.95384272260424,0,"Student-t",37,0.5
"RSA-CP (OT) (Ours)",0.8925,4.80307548900649,0,"Student-t",37,0.5
"SPI",0.949,6.4446102463386,0.0500000000000043,"Student-t",37,0.5
"Synthetic-only",0.949,6.4236413264683,0,"Student-t",37,0.5
"SCP",0.9015,4.95384272260424,0,"Student-t",37,1
"RSA-CP (OT) (Ours)",0.895,4.86673762584029,0.00999999999999801,"Student-t",37,1
"SPI",0.9625,7.28159941355931,0.0499999999999972,"Student-t",37,1
"Synthetic-only",0.9625,7.25890466937548,0,"Student-t",37,1
"SCP",0.9015,4.95384272260424,0,"Student-t",37,1.5
"RSA-CP (OT) (Ours)",0.8965,4.88121966776076,0,"Student-t",37,1.5
"SPI",0.964,7.51123297330482,0.0500000000000043,"Student-t",37,1.5
"Synthetic-only",0.973,8.24501292265126,0,"Student-t",37,1.5
"SCP",0.9015,4.95384272260424,0,"Student-t",37,2
"RSA-CP (OT) (Ours)",0.8955,4.87401885204117,0,"Student-t",37,2
"SPI",0.964,7.51123297330482,0.0600000000000023,"Student-t",37,2
"Synthetic-only",0.985,10.0744125008691,0.00999999999999801,"Student-t",37,2
"SCP",0.9015,4.95384272260424,0,"Student-t",37,3
"RSA-CP (OT) (Ours)",0.8965,4.89244441947181,0,"Student-t",37,3
"SPI",0.964,7.51123297330482,0.0499999999999972,"Student-t",37,3
"Synthetic-only",0.9955,12.8714721006385,0,"Student-t",37,3
"SCP",0.9125,7.12954602284026,0,"LogNormal",38,0.25
"RSA-CP (OT) (Ours)",0.9095,7.02681150451094,0,"LogNormal",38,0.25
"SPI",0.9085,6.96282499947956,0.0500000000000043,"LogNormal",38,0.25
"Synthetic-only",0.726,4.25583898870207,0,"LogNormal",38,0.25
"SCP",0.9125,7.12954602284026,0,"LogNormal",38,0.5
"RSA-CP (OT) (Ours)",0.91,7.03932272991344,0,"LogNormal",38,0.5
"SPI",0.9085,6.96282499947956,0.0599999999999952,"LogNormal",38,0.5
"Synthetic-only",0.8115,5.11788896903449,0.00999999999999801,"LogNormal",38,0.5
"SCP",0.9125,7.12954602284026,0,"LogNormal",38,1
"RSA-CP (OT) (Ours)",0.9095,7.02350550857221,0.0200000000000031,"LogNormal",38,1
"SPI",0.9085,6.96282499947956,0.0399999999999991,"LogNormal",38,1
"Synthetic-only",0.8995,6.6155724912342,0,"LogNormal",38,1
"SCP",0.9125,7.12954602284026,0,"LogNormal",38,1.5
"RSA-CP (OT) (Ours)",0.91,7.04560960025944,0,"LogNormal",38,1.5
"SPI",0.9135,7.17339037369827,0.0499999999999972,"LogNormal",38,1.5
"Synthetic-only",0.9405,8.29762200601186,0,"LogNormal",38,1.5
"SCP",0.9125,7.12954602284026,0,"LogNormal",38,2
"RSA-CP (OT) (Ours)",0.91,7.03152597504879,0,"LogNormal",38,2
"SPI",0.9135,7.17339037369827,0.0399999999999991,"LogNormal",38,2
"Synthetic-only",0.9705,10.0888633298975,0,"LogNormal",38,2
"SCP",0.9125,7.12954602284026,0,"LogNormal",38,3
"RSA-CP (OT) (Ours)",0.9095,7.0157174343098,0.0200000000000031,"LogNormal",38,3
"SPI",0.9135,7.17339037369827,0.029999999999994,"LogNormal",38,3
"Synthetic-only",0.9885,13.1024486801112,0,"LogNormal",38,3
"SCP",0.938,5.91439815453447,0,"Student-t",38,0.25
"RSA-CP (OT) (Ours)",0.926,5.59636295061199,0,"Student-t",38,0.25
"SPI",0.9485,6.3813264820292,0.0399999999999991,"Student-t",38,0.25
"Synthetic-only",0.9485,6.36888212565142,0,"Student-t",38,0.25
"SCP",0.938,5.91439815453447,0,"Student-t",38,0.5
"RSA-CP (OT) (Ours)",0.9245,5.56196928685808,0.0200000000000031,"Student-t",38,0.5
"SPI",0.956,6.81779830173172,0.0399999999999991,"Student-t",38,0.5
"Synthetic-only",0.956,6.81669220273313,0,"Student-t",38,0.5
"SCP",0.938,5.91439815453447,0,"Student-t",38,1
"RSA-CP (OT) (Ours)",0.9245,5.55899135781966,0,"Student-t",38,1
"SPI",0.9645,7.53917107145281,0.0499999999999972,"Student-t",38,1
"Synthetic-only",0.964,7.51555008318101,0,"Student-t",38,1
"SCP",0.938,5.91439815453447,0,"Student-t",38,1.5
"RSA-CP (OT) (Ours)",0.924,5.5342464568135,0.0200000000000031,"Student-t",38,1.5
"SPI",0.973,8.16237351629526,0.0399999999999991,"Student-t",38,1.5
"Synthetic-only",0.972,8.0775851990626,0,"Student-t",38,1.5
"SCP",0.938,5.91439815453447,0,"Student-t",38,2
"RSA-CP (OT) (Ours)",0.926,5.60393059577732,0,"Student-t",38,2
"SPI",0.975,8.39361064077975,0.0499999999999972,"Student-t",38,2
"Synthetic-only",0.984,9.69203527524598,0,"Student-t",38,2
"SCP",0.938,5.91439815453447,0,"Student-t",38,3
"RSA-CP (OT) (Ours)",0.925,5.56787125924763,0.0200000000000031,"Student-t",38,3
"SPI",0.975,8.39361064077975,0.0399999999999991,"Student-t",38,3
"Synthetic-only",0.9955,13.3449082503244,0,"Student-t",38,3
"SCP",0.9635,9.4004474738377,0,"LogNormal",39,0.25
"RSA-CP (OT) (Ours)",0.952,8.69166081409775,0,"LogNormal",39,0.25
"SPI",0.935,8.03315373156269,0.0700000000000003,"LogNormal",39,0.25
"Synthetic-only",0.7275,4.28792941275638,0.0200000000000031,"LogNormal",39,0.25
"SCP",0.9635,9.4004474738377,0,"LogNormal",39,0.5
"RSA-CP (OT) (Ours)",0.9505,8.62803225762559,0.00999999999999801,"LogNormal",39,0.5
"SPI",0.935,8.03315373156269,0.0300000000000011,"LogNormal",39,0.5
"Synthetic-only",0.809,5.06753404400301,0,"LogNormal",39,0.5
"SCP",0.9635,9.4004474738377,0,"LogNormal",39,1
"RSA-CP (OT) (Ours)",0.95,8.60494573695424,0,"LogNormal",39,1
"SPI",0.935,8.03315373156269,0.0499999999999972,"LogNormal",39,1
"Synthetic-only",0.9,6.62780206564938,0,"LogNormal",39,1
"SCP",0.9635,9.4004474738377,0,"LogNormal",39,1.5
"RSA-CP (OT) (Ours)",0.952,8.66276275509556,0.00999999999999801,"LogNormal",39,1.5
"SPI",0.946,8.46717097703104,0.0500000000000043,"LogNormal",39,1.5
"Synthetic-only",0.946,8.46320207511414,0,"LogNormal",39,1.5
"SCP",0.9635,9.4004474738377,0,"LogNormal",39,2
"RSA-CP (OT) (Ours)",0.95,8.59589828932775,0,"LogNormal",39,2
"SPI",0.968,9.77112437965853,0.0399999999999991,"LogNormal",39,2
"Synthetic-only",0.968,9.76595998338658,0,"LogNormal",39,2
"SCP",0.9635,9.4004474738377,0,"LogNormal",39,3
"RSA-CP (OT) (Ours)",0.9475,8.52072295107137,0,"LogNormal",39,3
"SPI",0.972,10.1720852280168,0.0700000000000003,"LogNormal",39,3
"Synthetic-only",0.9895,13.3455897382223,0.019999999999996,"LogNormal",39,3
"SCP",0.9765,8.59997065852125,0,"Student-t",39,0.25
"RSA-CP (OT) (Ours)",0.9645,7.54456464409542,0.00999999999999801,"Student-t",39,0.25
"SPI",0.956,6.82836827018703,0.0300000000000011,"Student-t",39,0.25
"Synthetic-only",0.954,6.75444991032563,0,"Student-t",39,0.25
"SCP",0.9765,8.59997065852125,0,"Student-t",39,0.5
"RSA-CP (OT) (Ours)",0.965,7.58649838640336,0,"Student-t",39,0.5
"SPI",0.956,6.82836827018703,0.0500000000000043,"Student-t",39,0.5
"Synthetic-only",0.949,6.45966357137595,0,"Student-t",39,0.5
"SCP",0.9765,8.59997065852125,0,"Student-t",39,1
"RSA-CP (OT) (Ours)",0.9655,7.63279548031431,0.00999999999999801,"Student-t",39,1
"SPI",0.9625,7.43619973601582,0.0300000000000011,"Student-t",39,1
"Synthetic-only",0.9625,7.42160478867615,0.0200000000000031,"Student-t",39,1
"SCP",0.9765,8.59997065852125,0,"Student-t",39,1.5
"RSA-CP (OT) (Ours)",0.9625,7.41415884747483,0,"Student-t",39,1.5
"SPI",0.9745,8.32713681728887,0.0499999999999972,"Student-t",39,1.5
"Synthetic-only",0.973,8.28291876897484,0,"Student-t",39,1.5
"SCP",0.9765,8.59997065852125,0,"Student-t",39,2
"RSA-CP (OT) (Ours)",0.9655,7.66307949841582,0.00999999999999801,"Student-t",39,2
"SPI",0.9845,9.79868179924494,0.0500000000000043,"Student-t",39,2
"Synthetic-only",0.9845,9.79539131870235,0,"Student-t",39,2
"SCP",0.9765,8.59997065852125,0,"Student-t",39,3
"RSA-CP (OT) (Ours)",0.9625,7.41950996147525,0,"Student-t",39,3
"SPI",0.9905,11.4522283205472,0.0499999999999972,"Student-t",39,3
"Synthetic-only",0.9955,13.274741798262,0,"Student-t",39,3
"SCP",0.9835,11.9928169121263,0,"LogNormal",40,0.25
"RSA-CP (OT) (Ours)",0.9755,10.6718503424725,0,"LogNormal",40,0.25
"SPI",0.967,9.67241308604978,0.109999999999999,"LogNormal",40,0.25
"Synthetic-only",0.7275,4.29568899245508,0,"LogNormal",40,0.25
"SCP",0.9835,11.9928169121263,0,"LogNormal",40,0.5
"RSA-CP (OT) (Ours)",0.975,10.6378635579424,0,"LogNormal",40,0.5
"SPI",0.967,9.67241308604978,0.0500000000000043,"LogNormal",40,0.5
"Synthetic-only",0.8045,5.02236218419455,0,"LogNormal",40,0.5
"SCP",0.9835,11.9928169121263,0,"LogNormal",40,1
"RSA-CP (OT) (Ours)",0.975,10.6378635579424,0,"LogNormal",40,1
"SPI",0.967,9.67241308604978,0.0599999999999952,"LogNormal",40,1
"Synthetic-only",0.8995,6.62012170485081,0.00999999999999801,"LogNormal",40,1
"SCP",0.9835,11.9928169121263,0,"LogNormal",40,1.5
"RSA-CP (OT) (Ours)",0.9755,10.6548569502074,0.0200000000000031,"LogNormal",40,1.5
"SPI",0.967,9.67241308604978,0.0399999999999991,"LogNormal",40,1.5
"Synthetic-only",0.946,8.46154032627278,0,"LogNormal",40,1.5
"SCP",0.9835,11.9928169121263,0,"LogNormal",40,2
"RSA-CP (OT) (Ours)",0.9755,10.6794517089023,0,"LogNormal",40,2
"SPI",0.9705,10.0387308302221,0.0600000000000023,"LogNormal",40,2
"Synthetic-only",0.9705,10.0166656902184,0,"LogNormal",40,2
"SCP",0.9835,11.9928169121263,0,"LogNormal",40,3
"RSA-CP (OT) (Ours)",0.9755,10.7472922135009,0,"LogNormal",40,3
"SPI",0.99,13.4496621084137,0.0499999999999972,"LogNormal",40,3
"Synthetic-only",0.9895,13.4319272216383,0.0200000000000031,"LogNormal",40,3
"SCP",0.9455,6.26022846344163,0,"Student-t",40,0.25
"RSA-CP (OT) (Ours)",0.9305,5.72828927502785,0,"Student-t",40,0.25
"SPI",0.9505,6.49704049268399,0.0399999999999991,"Student-t",40,0.25
"Synthetic-only",0.949,6.4639532046549,0,"Student-t",40,0.25
"SCP",0.9455,6.26022846344163,0,"Student-t",40,0.5
"RSA-CP (OT) (Ours)",0.9275,5.66974663542744,0.019999999999996,"Student-t",40,0.5
"SPI",0.954,6.74175774017376,0.0300000000000011,"Student-t",40,0.5
"Synthetic-only",0.954,6.72465613625205,0,"Student-t",40,0.5
"SCP",0.9455,6.26022846344163,0,"Student-t",40,1
"RSA-CP (OT) (Ours)",0.9275,5.6757811262266,0,"Student-t",40,1
"SPI",0.9595,7.04745617037374,0.0600000000000023,"Student-t",40,1
"Synthetic-only",0.959,7.01225673604072,0.0200000000000031,"Student-t",40,1
"SCP",0.9455,6.26022846344163,0,"Student-t",40,1.5
"RSA-CP (OT) (Ours)",0.927,5.64178902454301,0,"Student-t",40,1.5
"SPI",0.971,8.0464103636751,0.0499999999999972,"Student-t",40,1.5
"Synthetic-only",0.976,8.50148546518777,0,"Student-t",40,1.5
"SCP",0.9455,6.26022846344163,0,"Student-t",40,2
"RSA-CP (OT) (Ours)",0.927,5.65009800019899,0.0200000000000031,"Student-t",40,2
"SPI",0.971,8.0464103636751,0.0399999999999991,"Student-t",40,2
"Synthetic-only",0.985,9.84355121018591,0,"Student-t",40,2
"SCP",0.9455,6.26022846344163,0,"Student-t",40,3
"RSA-CP (OT) (Ours)",0.9295,5.70725115336461,0,"Student-t",40,3
"SPI",0.971,8.0464103636751,0.0499999999999972,"Student-t",40,3
"Synthetic-only",0.996,13.6001954658014,0,"Student-t",40,3
"SCP",0.9655,9.58458310311584,0,"LogNormal",41,0.25
"RSA-CP (OT) (Ours)",0.946,8.43707200453363,0,"LogNormal",41,0.25
"SPI",0.928,7.79179989375042,0.0399999999999991,"LogNormal",41,0.25
"Synthetic-only",0.7275,4.29867632243339,0,"LogNormal",41,0.25
"SCP",0.9655,9.58458310311584,0,"LogNormal",41,0.5
"RSA-CP (OT) (Ours)",0.952,8.65851746397021,0.0200000000000031,"LogNormal",41,0.5
"SPI",0.928,7.79179989375042,0.0399999999999991,"LogNormal",41,0.5
"Synthetic-only",0.8055,5.04867895627296,0,"LogNormal",41,0.5
"SCP",0.9655,9.58458310311584,0,"LogNormal",41,1
"RSA-CP (OT) (Ours)",0.949,8.54779473425192,0,"LogNormal",41,1
"SPI",0.928,7.79179989375042,0.0499999999999972,"LogNormal",41,1
"Synthetic-only",0.8985,6.59204663383026,0,"LogNormal",41,1
"SCP",0.9655,9.58458310311584,0,"LogNormal",41,1.5
"RSA-CP (OT) (Ours)",0.9495,8.56993928019558,0,"LogNormal",41,1.5
"SPI",0.946,8.45903160060459,0.0600000000000023,"LogNormal",41,1.5
"Synthetic-only",0.946,8.4581806163222,0.0200000000000031,"LogNormal",41,1.5
"SCP",0.9655,9.58458310311584,0,"LogNormal",41,2
"RSA-CP (OT) (Ours)",0.947,8.50350564236461,0.019999999999996,"LogNormal",41,2
"SPI",0.969,9.9069154093648,0.0300000000000011,"LogNormal",41,2
"Synthetic-only",0.969,9.90535683939176,0,"LogNormal",41,2
"SCP",0.9655,9.58458310311584,0,"LogNormal",41,3
"RSA-CP (OT) (Ours)",0.949,8.53640976880877,0,"LogNormal",41,3
"SPI",0.99,13.4634520338147,0.0399999999999991,"LogNormal",41,3
"Synthetic-only",0.9895,13.4129007328925,0,"LogNormal",41,3
"SCP",0.913,5.19568171086703,0,"Student-t",41,0.25
"RSA-CP (OT) (Ours)",0.8965,4.89873829346221,0.0200000000000031,"Student-t",41,0.25
"SPI",0.944,6.22708308705771,0.0499999999999972,"Student-t",41,0.25
"Synthetic-only",0.944,6.22310651634135,0,"Student-t",41,0.25
"SCP",0.913,5.19568171086703,0,"Student-t",41,0.5
"RSA-CP (OT) (Ours)",0.894,4.84133485326229,0,"Student-t",41,0.5
"SPI",0.953,6.61738024412191,0.0399999999999991,"Student-t",41,0.5
"Synthetic-only",0.953,6.56551029747404,0,"Student-t",41,0.5
"SCP",0.913,5.19568171086703,0,"Student-t",41,1
"RSA-CP (OT) (Ours)",0.8955,4.8726600554174,0.0200000000000031,"Student-t",41,1
"SPI",0.9625,7.34980231339251,0.0499999999999972,"Student-t",41,1
"Synthetic-only",0.9625,7.29295893709863,0,"Student-t",41,1
"SCP",0.913,5.19568171086703,0,"Student-t",41,1.5
"RSA-CP (OT) (Ours)",0.895,4.86827118605484,0,"Student-t",41,1.5
"SPI",0.9765,8.60521440549034,0.0399999999999991,"Student-t",41,1.5
"Synthetic-only",0.9765,8.58364159077088,0,"Student-t",41,1.5
"SCP",0.913,5.19568171086703,0,"Student-t",41,2
"RSA-CP (OT) (Ours)",0.8955,4.87391252076576,0.0200000000000031,"Student-t",41,2
"SPI",0.985,10.0711900287147,0.0399999999999991,"Student-t",41,2
"Synthetic-only",0.985,10.050912344072,0,"Student-t",41,2
"SCP",0.913,5.19568171086703,0,"Student-t",41,3
"RSA-CP (OT) (Ours)",0.8965,4.89874694974083,0,"Student-t",41,3
"SPI",0.9955,13.2251295729084,0.0499999999999972,"Student-t",41,3
"Synthetic-only",0.9955,13.1996178723069,0,"Student-t",41,3
"SCP",0.9155,7.24521543110772,0,"LogNormal",42,0.25
"RSA-CP (OT) (Ours)",0.906,6.872510871489,0,"LogNormal",42,0.25
"SPI",0.8995,6.61594867476395,0.0399999999999991,"LogNormal",42,0.25
"Synthetic-only",0.7275,4.29462704830039,0,"LogNormal",42,0.25
"SCP",0.9155,7.24521543110772,0,"LogNormal",42,0.5
"RSA-CP (OT) (Ours)",0.906,6.872510871489,0,"LogNormal",42,0.5
"SPI",0.8995,6.61594867476395,0.0700000000000003,"LogNormal",42,0.5
"Synthetic-only",0.8015,4.97761542440011,0.019999999999996,"LogNormal",42,0.5
"SCP",0.9155,7.24521543110772,0,"LogNormal",42,1
"RSA-CP (OT) (Ours)",0.906,6.88021164047549,0,"LogNormal",42,1
"SPI",0.902,6.72336140362544,0.0399999999999991,"LogNormal",42,1
"Synthetic-only",0.902,6.72267181189969,0,"LogNormal",42,1
"SCP",0.9155,7.24521543110772,0,"LogNormal",42,1.5
"RSA-CP (OT) (Ours)",0.905,6.84656420317899,0,"LogNormal",42,1.5
"SPI",0.9295,7.83655780781294,0.0700000000000003,"LogNormal",42,1.5
"Synthetic-only",0.939,8.2705842523728,0.0200000000000031,"LogNormal",42,1.5
"SCP",0.9155,7.24521543110772,0,"LogNormal",42,2
"RSA-CP (OT) (Ours)",0.906,6.87983940483177,0,"LogNormal",42,2
"SPI",0.9295,7.83655780781294,0.0600000000000023,"LogNormal",42,2
"Synthetic-only",0.969,9.89506140429309,0,"LogNormal",42,2
"SCP",0.9155,7.24521543110772,0,"LogNormal",42,3
"RSA-CP (OT) (Ours)",0.905,6.84899121387664,0,"LogNormal",42,3
"SPI",0.9295,7.83655780781294,0.0499999999999972,"LogNormal",42,3
"Synthetic-only",0.9885,13.1385925734342,0,"LogNormal",42,3
"SCP",0.869,4.2052663673462,0,"Student-t",42,0.25
"RSA-CP (OT) (Ours)",0.8505,3.91694289438667,0.00999999999999801,"Student-t",42,0.25
"SPI",0.952,6.5470576529177,0.0500000000000043,"Student-t",42,0.25
"Synthetic-only",0.9515,6.53257281309276,0,"Student-t",42,0.25
"SCP",0.869,4.2052663673462,0,"Student-t",42,0.5
"RSA-CP (OT) (Ours)",0.852,3.93546845833888,0,"Student-t",42,0.5
"SPI",0.949,6.4693840307566,0.0399999999999991,"Student-t",42,0.5
"Synthetic-only",0.949,6.46781457432754,0,"Student-t",42,0.5
"SCP",0.869,4.2052663673462,0,"Student-t",42,1
"RSA-CP (OT) (Ours)",0.852,3.93457911433747,0.019999999999996,"Student-t",42,1
"SPI",0.965,7.57815417162598,0.0500000000000043,"Student-t",42,1
"Synthetic-only",0.965,7.56656847764233,0,"Student-t",42,1
"SCP",0.869,4.2052663673462,0,"Student-t",42,1.5
"RSA-CP (OT) (Ours)",0.8525,3.94808299420449,0,"Student-t",42,1.5
"SPI",0.9745,8.33592453503716,0.0399999999999991,"Student-t",42,1.5
"Synthetic-only",0.973,8.29286479316241,0,"Student-t",42,1.5
"SCP",0.869,4.2052663673462,0,"Student-t",42,2
"RSA-CP (OT) (Ours)",0.854,3.96549559473522,0.019999999999996,"Student-t",42,2
"SPI",0.9845,9.79568770249508,0.0500000000000043,"Student-t",42,2
"Synthetic-only",0.9845,9.77548797514237,0,"Student-t",42,2
"SCP",0.869,4.2052663673462,0,"Student-t",42,3
"RSA-CP (OT) (Ours)",0.855,3.97530019199155,0,"Student-t",42,3
"SPI",0.9875,10.5935595785437,0.0399999999999991,"Student-t",42,3
"Synthetic-only",0.9955,13.0702680798017,0,"Student-t",42,3
"SCP",0.9705,10.09215729164,0,"LogNormal",43,0.25
"RSA-CP (OT) (Ours)",0.96,9.21920601771459,0,"LogNormal",43,0.25
"SPI",0.943,8.3780311535049,0.0499999999999972,"LogNormal",43,0.25
"Synthetic-only",0.7285,4.30401787928064,0,"LogNormal",43,0.25
"SCP",0.9705,10.09215729164,0,"LogNormal",43,0.5
"RSA-CP (OT) (Ours)",0.9605,9.246522183693,0.00999999999999801,"LogNormal",43,0.5
"SPI",0.943,8.3780311535049,0.0500000000000043,"LogNormal",43,0.5
"Synthetic-only",0.8055,5.03339639035319,0,"LogNormal",43,0.5
"SCP",0.9705,10.09215729164,0,"LogNormal",43,1
"RSA-CP (OT) (Ours)",0.959,9.16129782291561,0,"LogNormal",43,1
"SPI",0.943,8.3780311535049,0.0499999999999972,"LogNormal",43,1
"Synthetic-only",0.9015,6.69211303005983,0,"LogNormal",43,1
"SCP",0.9705,10.09215729164,0,"LogNormal",43,1.5
"RSA-CP (OT) (Ours)",0.9565,9.02204153915066,0,"LogNormal",43,1.5
"SPI",0.943,8.3780311535049,0.0600000000000023,"LogNormal",43,1.5
"Synthetic-only",0.9405,8.28638874173793,0.00999999999999801,"LogNormal",43,1.5
"SCP",0.9705,10.09215729164,0,"LogNormal",43,2
"RSA-CP (OT) (Ours)",0.958,9.13367236758625,0.00999999999999801,"LogNormal",43,2
"SPI",0.9675,9.73285344575989,0.0499999999999972,"LogNormal",43,2
"Synthetic-only",0.9675,9.72793843538607,0,"LogNormal",43,2
"SCP",0.9705,10.09215729164,0,"LogNormal",43,3
"RSA-CP (OT) (Ours)",0.9605,9.24676968430017,0,"LogNormal",43,3
"SPI",0.9765,10.917361002706,0.0500000000000043,"LogNormal",43,3
"Synthetic-only",0.99,13.4452999372303,0,"LogNormal",43,3
"SCP",0.94,5.99285714897326,0,"Student-t",43,0.25
"RSA-CP (OT) (Ours)",0.9165,5.31176928725616,0,"Student-t",43,0.25
"SPI",0.9435,6.18693288355118,0.0599999999999952,"Student-t",43,0.25
"Synthetic-only",0.9425,6.17172031153616,0.00999999999999801,"Student-t",43,0.25
"SCP",0.94,5.99285714897326,0,"Student-t",43,0.5
"RSA-CP (OT) (Ours)",0.9215,5.44758084665312,0.0200000000000031,"Student-t",43,0.5
"SPI",0.9575,6.96633539580775,0.0300000000000011,"Student-t",43,0.5
"Synthetic-only",0.957,6.95733571427644,0,"Student-t",43,0.5
"SCP",0.94,5.99285714897326,0,"Student-t",43,1
"RSA-CP (OT) (Ours)",0.9215,5.44300641870237,0,"Student-t",43,1
"SPI",0.965,7.56302949274456,0.0500000000000043,"Student-t",43,1
"Synthetic-only",0.9645,7.55633477419639,0,"Student-t",43,1
"SCP",0.94,5.99285714897326,0,"Student-t",43,1.5
"RSA-CP (OT) (Ours)",0.924,5.5042965164484,0.00999999999999801,"Student-t",43,1.5
"SPI",0.9775,8.69683059595866,0.0399999999999991,"Student-t",43,1.5
"Synthetic-only",0.9775,8.69000799604209,0,"Student-t",43,1.5
"SCP",0.94,5.99285714897326,0,"Student-t",43,2
"RSA-CP (OT) (Ours)",0.923,5.47319678769577,0,"Student-t",43,2
"SPI",0.9875,10.3875415198057,0.0500000000000043,"Student-t",43,2
"Synthetic-only",0.9875,10.3819181158899,0,"Student-t",43,2
"SCP",0.94,5.99285714897326,0,"Student-t",43,3
"RSA-CP (OT) (Ours)",0.922,5.46429490156247,0.00999999999999801,"Student-t",43,3
"SPI",0.99,11.1910853297115,0.0499999999999972,"Student-t",43,3
"Synthetic-only",0.9955,13.1083329454989,0,"Student-t",43,3
"SCP",0.9895,13.3494151045067,0,"LogNormal",44,0.25
"RSA-CP (OT) (Ours)",0.981,11.6938536553783,0.0200000000000031,"LogNormal",44,0.25
"SPI",0.9705,10.0341765182661,0.0399999999999991,"LogNormal",44,0.25
"Synthetic-only",0.7275,4.29718842117442,0,"LogNormal",44,0.25
"SCP",0.9895,13.3494151045067,0,"LogNormal",44,0.5
"RSA-CP (OT) (Ours)",0.9795,11.4757473461675,0,"LogNormal",44,0.5
"SPI",0.9705,10.0341765182661,0.0499999999999972,"LogNormal",44,0.5
"Synthetic-only",0.8005,4.96517434344191,0,"LogNormal",44,0.5
"SCP",0.9895,13.3494151045067,0,"LogNormal",44,1
"RSA-CP (OT) (Ours)",0.979,11.3079732621592,0,"LogNormal",44,1
"SPI",0.9705,10.0341765182661,0.0600000000000023,"LogNormal",44,1
"Synthetic-only",0.897,6.54050055535342,0.0200000000000031,"LogNormal",44,1
"SCP",0.9895,13.3494151045067,0,"LogNormal",44,1.5
"RSA-CP (OT) (Ours)",0.98,11.4925247545684,0,"LogNormal",44,1.5
"SPI",0.9705,10.0341765182661,0.0700000000000003,"LogNormal",44,1.5
"Synthetic-only",0.9405,8.28317953661705,0,"LogNormal",44,1.5
"SCP",0.9895,13.3494151045067,0,"LogNormal",44,2
"RSA-CP (OT) (Ours)",0.9805,11.5119044721113,0,"LogNormal",44,2
"SPI",0.9705,10.0341765182661,0.0399999999999991,"LogNormal",44,2
"Synthetic-only",0.969,9.9329846404931,0,"LogNormal",44,2
"SCP",0.9895,13.3494151045067,0,"LogNormal",44,3
"RSA-CP (OT) (Ours)",0.981,11.6868548555862,0.0200000000000031,"LogNormal",44,3
"SPI",0.9885,13.2704386226976,0.0399999999999991,"LogNormal",44,3
"Synthetic-only",0.9885,13.2357742867862,0,"LogNormal",44,3
"SCP",0.9945,12.5838376850665,0,"Student-t",44,0.25
"RSA-CP (OT) (Ours)",0.9855,10.1222383599597,0,"Student-t",44,0.25
"SPI",0.971,8.0510425846892,0.0499999999999972,"Student-t",44,0.25
"Synthetic-only",0.9535,6.63191829945172,0,"Student-t",44,0.25
"SCP",0.9945,12.5838376850665,0,"Student-t",44,0.5
"RSA-CP (OT) (Ours)",0.983,9.64087809128739,0.0200000000000031,"Student-t",44,0.5
"SPI",0.971,8.0510425846892,0.0399999999999991,"Student-t",44,0.5
"Synthetic-only",0.9415,6.10714540249763,0,"Student-t",44,0.5
"SCP",0.9945,12.5838376850665,0,"Student-t",44,1
"RSA-CP (OT) (Ours)",0.985,10.0381354294626,0,"Student-t",44,1
"SPI",0.971,8.0510425846892,0.0500000000000043,"Student-t",44,1
"Synthetic-only",0.9615,7.15440307014049,0,"Student-t",44,1
"SCP",0.9945,12.5838376850665,0,"Student-t",44,1.5
"RSA-CP (OT) (Ours)",0.9845,9.78342255161974,0,"Student-t",44,1.5
"SPI",0.976,8.4965100107563,0.0599999999999881,"Student-t",44,1.5
"Synthetic-only",0.976,8.4943612922327,0.019999999999996,"Student-t",44,1.5
"SCP",0.9945,12.5838376850665,0,"Student-t",44,2
"RSA-CP (OT) (Ours)",0.985,9.97833656918507,0.0200000000000102,"Student-t",44,2
"SPI",0.987,10.3489205150233,0.0499999999999972,"Student-t",44,2
"Synthetic-only",0.9865,10.3259988622527,0,"Student-t",44,2
"SCP",0.9945,12.5838376850665,0,"Student-t",44,3
"RSA-CP (OT) (Ours)",0.985,9.99291860320374,0,"Student-t",44,3
"SPI",0.996,13.4691912040766,0.0400000000000063,"Student-t",44,3
"Synthetic-only",0.996,13.4519465005934,0,"Student-t",44,3
"SCP",0.9,6.62810394904561,0,"LogNormal",45,0.25
"RSA-CP (OT) (Ours)",0.8945,6.48667059091657,0,"LogNormal",45,0.25
"SPI",0.888,6.39750421984413,0.0499999999999972,"LogNormal",45,0.25
"Synthetic-only",0.7275,4.29566869440867,0,"LogNormal",45,0.25
"SCP",0.9,6.62810394904561,0,"LogNormal",45,0.5
"RSA-CP (OT) (Ours)",0.895,6.49770234362221,0,"LogNormal",45,0.5
"SPI",0.888,6.39750421984413,0.0600000000000023,"LogNormal",45,0.5
"Synthetic-only",0.804,5.01910331033366,0.0100000000000051,"LogNormal",45,0.5
"SCP",0.9,6.62810394904561,0,"LogNormal",45,1
"RSA-CP (OT) (Ours)",0.8945,6.48675973525161,0.00999999999999091,"LogNormal",45,1
"SPI",0.902,6.71995811983974,0.0500000000000114,"LogNormal",45,1
"Synthetic-only",0.902,6.71211590770725,0,"LogNormal",45,1
"SCP",0.9,6.62810394904561,0,"LogNormal",45,1.5
"RSA-CP (OT) (Ours)",0.895,6.49542136632745,0,"LogNormal",45,1.5
"SPI",0.9435,8.40237381566178,0.0499999999999972,"LogNormal",45,1.5
"Synthetic-only",0.9435,8.3990493804394,0,"LogNormal",45,1.5
"SCP",0.9,6.62810394904561,0,"LogNormal",45,2
"RSA-CP (OT) (Ours)",0.8945,6.47911953462533,0.0100000000000051,"LogNormal",45,2
"SPI",0.9535,8.81804766270858,0.0499999999999972,"LogNormal",45,2
"Synthetic-only",0.969,9.92666984467441,0,"LogNormal",45,2
"SCP",0.9,6.62810394904561,0,"LogNormal",45,3
"RSA-CP (OT) (Ours)",0.8945,6.4809811751311,0,"LogNormal",45,3
"SPI",0.9535,8.81804766270858,0.0499999999999972,"LogNormal",45,3
"Synthetic-only",0.9895,13.3576391127935,0,"LogNormal",45,3
"SCP",0.9625,7.38882120323559,0,"Student-t",45,0.25
"RSA-CP (OT) (Ours)",0.9625,7.22862089105838,0,"Student-t",45,0.25
"SPI",0.9605,7.13107591425159,0.0600000000000023,"Student-t",45,0.25
"Synthetic-only",0.9475,6.30886750889519,0.0100000000000051,"Student-t",45,0.25
"SCP",0.9625,7.38882120323559,0,"Student-t",45,0.5
"RSA-CP (OT) (Ours)",0.962,7.19161513099158,0.00999999999999091,"Student-t",45,0.5
"SPI",0.9605,7.13107591425159,0.0400000000000063,"Student-t",45,0.5
"Synthetic-only",0.9505,6.48914652611189,0,"Student-t",45,0.5
"SCP",0.9625,7.38882120323559,0,"Student-t",45,1
"RSA-CP (OT) (Ours)",0.9625,7.2434435387008,0,"Student-t",45,1
"SPI",0.9635,7.45465043334843,0.0600000000000023,"Student-t",45,1
"Synthetic-only",0.9665,7.76126364929802,0.0100000000000051,"Student-t",45,1
"SCP",0.9625,7.38882120323559,0,"Student-t",45,1.5
"RSA-CP (OT) (Ours)",0.9625,7.21861859292888,0.00999999999999091,"Student-t",45,1.5
"SPI",0.9635,7.45465043334843,0.0400000000000063,"Student-t",45,1.5
"Synthetic-only",0.976,8.53662120054817,0,"Student-t",45,1.5
"SCP",0.9625,7.38882120323559,0,"Student-t",45,2
"RSA-CP (OT) (Ours)",0.959,7.01205862088988,0,"Student-t",45,2
"SPI",0.9635,7.45465043334843,0.0499999999999972,"Student-t",45,2
"Synthetic-only",0.985,10.1027937368936,0,"Student-t",45,2
"SCP",0.9625,7.38882120323559,0,"Student-t",45,3
"RSA-CP (OT) (Ours)",0.9625,7.2427135800466,0,"Student-t",45,3
"SPI",0.9635,7.45465043334843,0.039999999999992,"Student-t",45,3
"Synthetic-only",0.996,13.9153914417142,0,"Student-t",45,3
"SCP",0.8895,6.42638448753906,0,"LogNormal",46,0.25
"RSA-CP (OT) (Ours)",0.888,6.38000682538592,0,"LogNormal",46,0.25
"SPI",0.887,6.34402898017977,0.0499999999999972,"LogNormal",46,0.25
"Synthetic-only",0.7275,4.28999305891168,0,"LogNormal",46,0.25
"SCP",0.8895,6.42638448753906,0,"LogNormal",46,0.5
"RSA-CP (OT) (Ours)",0.8875,6.37085330052884,0,"LogNormal",46,0.5
"SPI",0.887,6.34402898017977,0.0600000000000023,"LogNormal",46,0.5
"Synthetic-only",0.8055,5.05216254031225,0.0100000000000051,"LogNormal",46,0.5
"SCP",0.8895,6.42638448753906,0,"LogNormal",46,1
"RSA-CP (OT) (Ours)",0.8875,6.37050991340069,0,"LogNormal",46,1
"SPI",0.9015,6.68254033127362,0.0499999999999972,"LogNormal",46,1
"Synthetic-only",0.9015,6.67721668306761,0,"LogNormal",46,1
"SCP",0.8895,6.42638448753906,0,"LogNormal",46,1.5
"RSA-CP (OT) (Ours)",0.888,6.38274016966066,0,"LogNormal",46,1.5
"SPI",0.917,7.31671753576062,0.0499999999999972,"LogNormal",46,1.5
"Synthetic-only",0.946,8.44615620365452,0,"LogNormal",46,1.5
"SCP",0.8895,6.42638448753906,0,"LogNormal",46,2
"RSA-CP (OT) (Ours)",0.8875,6.36652183875226,0.00999999999999091,"LogNormal",46,2
"SPI",0.917,7.31671753576062,0.0500000000000114,"LogNormal",46,2
"Synthetic-only",0.9705,9.95422489743543,0,"LogNormal",46,2
"SCP",0.8895,6.42638448753906,0,"LogNormal",46,3
"RSA-CP (OT) (Ours)",0.8875,6.3739545173613,0,"LogNormal",46,3
"SPI",0.917,7.31671753576062,0.0499999999999972,"LogNormal",46,3
"Synthetic-only",0.9885,13.1139850034895,0,"LogNormal",46,3
"SCP",0.895,4.86528017570184,0,"Student-t",46,0.25
"RSA-CP (OT) (Ours)",0.8755,4.35952729884221,0,"Student-t",46,0.25
"SPI",0.924,5.52775613471227,0.0600000000000023,"Student-t",46,0.25
"Synthetic-only",0.9455,6.27359245545893,0.00999999999999091,"Student-t",46,0.25
"SCP",0.895,4.86528017570184,0,"Student-t",46,0.5
"RSA-CP (OT) (Ours)",0.8735,4.33702607619124,0,"Student-t",46,0.5
"SPI",0.924,5.52775613471227,0.0499999999999972,"Student-t",46,0.5
"Synthetic-only",0.953,6.5704976141917,0,"Student-t",46,0.5
"SCP",0.895,4.86528017570184,0,"Student-t",46,1
"RSA-CP (OT) (Ours)",0.875,4.35096183169025,0,"Student-t",46,1
"SPI",0.924,5.52775613471227,0.0600000000000023,"Student-t",46,1
"Synthetic-only",0.96,7.09350878916711,0.00999999999999091,"Student-t",46,1
"SCP",0.895,4.86528017570184,0,"Student-t",46,1.5
"RSA-CP (OT) (Ours)",0.8815,4.46590860069475,0,"Student-t",46,1.5
"SPI",0.924,5.52775613471227,0.0499999999999972,"Student-t",46,1.5
"Synthetic-only",0.973,8.28943099460521,0,"Student-t",46,1.5
"SCP",0.895,4.86528017570184,0,"Student-t",46,2
"RSA-CP (OT) (Ours)",0.88,4.42416401184595,0,"Student-t",46,2
"SPI",0.924,5.52775613471227,0.0499999999999972,"Student-t",46,2
"Synthetic-only",0.985,10.0937987616235,0,"Student-t",46,2
"SCP",0.895,4.86528017570184,0,"Student-t",46,3
"RSA-CP (OT) (Ours)",0.882,4.48023006947721,0.019999999999996,"Student-t",46,3
"SPI",0.924,5.52775613471227,0.0300000000000011,"Student-t",46,3
"Synthetic-only",0.996,13.6268395820102,0,"Student-t",46,3
"SCP",0.9095,7.02961309653926,0,"LogNormal",47,0.25
"RSA-CP (OT) (Ours)",0.908,6.95031964474016,0,"LogNormal",47,0.25
"SPI",0.906,6.87934480005116,0.0499999999999972,"LogNormal",47,0.25
"Synthetic-only",0.7275,4.29555750986607,0,"LogNormal",47,0.25
"SCP",0.9095,7.02961309653926,0,"LogNormal",47,0.5
"RSA-CP (OT) (Ours)",0.908,6.93480553839029,0,"LogNormal",47,0.5
"SPI",0.906,6.87934480005116,0.0500000000000114,"LogNormal",47,0.5
"Synthetic-only",0.8095,5.09605603822988,0,"LogNormal",47,0.5
"SCP",0.9095,7.02961309653926,0,"LogNormal",47,1
"RSA-CP (OT) (Ours)",0.908,6.93480553839029,0,"LogNormal",47,1
"SPI",0.906,6.87934480005116,0.0499999999999972,"LogNormal",47,1
"Synthetic-only",0.8995,6.60832180599835,0,"LogNormal",47,1
"SCP",0.9095,7.02961309653926,0,"LogNormal",47,1.5
"RSA-CP (OT) (Ours)",0.908,6.93866014073169,0,"LogNormal",47,1.5
"SPI",0.937,8.10943438387864,0.0500000000000114,"LogNormal",47,1.5
"Synthetic-only",0.937,8.10714773954182,0,"LogNormal",47,1.5
"SCP",0.9095,7.02961309653926,0,"LogNormal",47,2
"RSA-CP (OT) (Ours)",0.908,6.9394720364096,0.019999999999996,"LogNormal",47,2
"SPI",0.968,9.74332786686642,0.039999999999992,"LogNormal",47,2
"Synthetic-only",0.968,9.74292442537937,0,"LogNormal",47,2
"SCP",0.9095,7.02961309653926,0,"LogNormal",47,3
"RSA-CP (OT) (Ours)",0.908,6.94547809644397,0,"LogNormal",47,3
"SPI",0.9855,12.4009423423266,0.0500000000000114,"LogNormal",47,3
"Synthetic-only",0.986,12.8418818207992,0,"LogNormal",47,3
"SCP",0.942,6.15783932719332,0,"Student-t",47,0.25
"RSA-CP (OT) (Ours)",0.92,5.40789815957539,0,"Student-t",47,0.25
"SPI",0.9485,6.37472012866465,0.0400000000000063,"Student-t",47,0.25
"Synthetic-only",0.9485,6.34879750636132,0,"Student-t",47,0.25
"SCP",0.942,6.15783932719332,0,"Student-t",47,0.5
"RSA-CP (OT) (Ours)",0.924,5.51763021522358,0,"Student-t",47,0.5
"SPI",0.9515,6.52052762511528,0.0699999999999932,"Student-t",47,0.5
"Synthetic-only",0.9515,6.51958502921522,0,"Student-t",47,0.5
"SCP",0.942,6.15783932719332,0,"Student-t",47,1
"RSA-CP (OT) (Ours)",0.9245,5.5540560810089,0,"Student-t",47,1
"SPI",0.9635,7.46714602723055,0.0400000000000063,"Student-t",47,1
"Synthetic-only",0.963,7.45007701184954,0,"Student-t",47,1
"SCP",0.942,6.15783932719332,0,"Student-t",47,1.5
"RSA-CP (OT) (Ours)",0.9245,5.55510217743317,0.019999999999996,"Student-t",47,1.5
"SPI",0.9765,8.5598888028604,0.039999999999992,"Student-t",47,1.5
"Synthetic-only",0.9765,8.60562668001143,0,"Student-t",47,1.5
"SCP",0.942,6.15783932719332,0,"Student-t",47,2
"RSA-CP (OT) (Ours)",0.924,5.52651929327183,0,"Student-t",47,2
"SPI",0.9765,8.5598888028604,0.0500000000000114,"Student-t",47,2
"Synthetic-only",0.9845,9.78490181212941,0,"Student-t",47,2
"SCP",0.942,6.15783932719332,0,"Student-t",47,3
"RSA-CP (OT) (Ours)",0.923,5.479591119132,0,"Student-t",47,3
"SPI",0.9765,8.5598888028604,0.039999999999992,"Student-t",47,3
"Synthetic-only",0.9955,13.3607648836659,0,"Student-t",47,3
"SCP",0.9295,7.82599408866513,0,"LogNormal",48,0.25
"RSA-CP (OT) (Ours)",0.928,7.77594756054952,0.0200000000000102,"LogNormal",48,0.25
"SPI",0.927,7.73157844816931,0.0499999999999972,"LogNormal",48,0.25
"Synthetic-only",0.7275,4.28358132079314,0,"LogNormal",48,0.25
"SCP",0.9295,7.82599408866513,0,"LogNormal",48,0.5
"RSA-CP (OT) (Ours)",0.928,7.76531014938598,0,"LogNormal",48,0.5
"SPI",0.927,7.73157844816931,0.039999999999992,"LogNormal",48,0.5
"Synthetic-only",0.7985,4.94787560275634,0,"LogNormal",48,0.5
"SCP",0.9295,7.82599408866513,0,"LogNormal",48,1
"RSA-CP (OT) (Ours)",0.928,7.7690599660229,0,"LogNormal",48,1
"SPI",0.927,7.73157844816931,0.0700000000000074,"LogNormal",48,1
"Synthetic-only",0.9015,6.69124270915572,0.0200000000000102,"LogNormal",48,1
"SCP",0.9295,7.82599408866513,0,"LogNormal",48,1.5
"RSA-CP (OT) (Ours)",0.928,7.76514068325761,0.0100000000000051,"LogNormal",48,1.5
"SPI",0.9405,8.29656908241155,0.0499999999999972,"LogNormal",48,1.5
"Synthetic-only",0.9405,8.2958956675791,0,"LogNormal",48,1.5
"SCP",0.9295,7.82599408866513,0,"LogNormal",48,2
"RSA-CP (OT) (Ours)",0.928,7.76866578713629,0,"LogNormal",48,2
"SPI",0.947,8.50283732339159,0.0499999999999972,"LogNormal",48,2
"Synthetic-only",0.97,9.94415469476691,0,"LogNormal",48,2
"SCP",0.9295,7.82599408866513,0,"LogNormal",48,3
"RSA-CP (OT) (Ours)",0.928,7.76827711194998,0,"LogNormal",48,3
"SPI",0.947,8.50283732339159,0.0600000000000023,"LogNormal",48,3
"Synthetic-only",0.9895,13.2987105075134,0.0100000000000051,"LogNormal",48,3
"SCP",0.832,3.70129675923893,0,"Student-t",48,0.25
"RSA-CP (OT) (Ours)",0.79,3.26466504499286,0,"Student-t",48,0.25
"SPI",0.949,6.44944796273046,0.039999999999992,"Student-t",48,0.25
"Synthetic-only",0.949,6.44252356404552,0,"Student-t",48,0.25
"SCP",0.832,3.70129675923893,0,"Student-t",48,0.5
"RSA-CP (OT) (Ours)",0.798,3.37233097919775,0,"Student-t",48,0.5
"SPI",0.95,6.48107237838722,0.0700000000000074,"Student-t",48,0.5
"Synthetic-only",0.949,6.44730562858162,0.0200000000000102,"Student-t",48,0.5
"SCP",0.832,3.70129675923893,0,"Student-t",48,1
"RSA-CP (OT) (Ours)",0.796,3.34015312841419,0,"Student-t",48,1
"SPI",0.9645,7.55224666303016,0.039999999999992,"Student-t",48,1
"Synthetic-only",0.964,7.52025115577529,0,"Student-t",48,1
"SCP",0.832,3.70129675923893,0,"Student-t",48,1.5
"RSA-CP (OT) (Ours)",0.7995,3.38467543816055,0,"Student-t",48,1.5
"SPI",0.976,8.47648670970186,0.0499999999999972,"Student-t",48,1.5
"Synthetic-only",0.976,8.47136203342151,0,"Student-t",48,1.5
"SCP",0.832,3.70129675923893,0,"Student-t",48,2
"RSA-CP (OT) (Ours)",0.795,3.32853922866537,0.0100000000000051,"Student-t",48,2
"SPI",0.984,9.67765196463273,0.0299999999999869,"Student-t",48,2
"Synthetic-only",0.9825,9.6254645166506,0,"Student-t",48,2
"SCP",0.832,3.70129675923893,0,"Student-t",48,3
"RSA-CP (OT) (Ours)",0.795,3.33130822555483,0,"Student-t",48,3
"SPI",0.9955,13.0893175374716,0.0499999999999972,"Student-t",48,3
"Synthetic-only",0.9955,13.0491341347973,0,"Student-t",48,3
"SCP",0.9135,7.16995711630128,0,"LogNormal",49,0.25
"RSA-CP (OT) (Ours)",0.9105,7.09294344055927,0,"LogNormal",49,0.25
"SPI",0.91,7.03129219565351,0.0499999999999972,"LogNormal",49,0.25
"Synthetic-only",0.7275,4.27700934419781,0,"LogNormal",49,0.25
"SCP",0.9135,7.16995711630128,0,"LogNormal",49,0.5
"RSA-CP (OT) (Ours)",0.91,7.08311811277703,0.00999999999999091,"LogNormal",49,0.5
"SPI",0.91,7.03129219565351,0.0500000000000114,"LogNormal",49,0.5
"Synthetic-only",0.8045,5.02333912922673,0,"LogNormal",49,0.5
"SCP",0.9135,7.16995711630128,0,"LogNormal",49,1
"RSA-CP (OT) (Ours)",0.9105,7.09418101517021,0,"LogNormal",49,1
"SPI",0.91,7.03129219565351,0.0499999999999972,"LogNormal",49,1
"Synthetic-only",0.9015,6.68183446140897,0,"LogNormal",49,1
"SCP",0.9135,7.16995711630128,0,"LogNormal",49,1.5
"RSA-CP (OT) (Ours)",0.91,7.07388865151228,0.00999999999999091,"LogNormal",49,1.5
"SPI",0.9155,7.24090181799111,0.0500000000000114,"LogNormal",49,1.5
"Synthetic-only",0.943,8.36191409374345,0,"LogNormal",49,1.5
"SCP",0.9135,7.16995711630128,0,"LogNormal",49,2
"RSA-CP (OT) (Ours)",0.91,7.0788063985259,0,"LogNormal",49,2
"SPI",0.9155,7.24090181799111,0.0499999999999972,"LogNormal",49,2
"Synthetic-only",0.9705,9.96583966849736,0,"LogNormal",49,2
"SCP",0.9135,7.16995711630128,0,"LogNormal",49,3
"RSA-CP (OT) (Ours)",0.91,7.05760624899429,0,"LogNormal",49,3
"SPI",0.9155,7.24090181799111,0.0600000000000023,"LogNormal",49,3
"Synthetic-only",0.9885,13.1368275359875,0.0100000000000051,"LogNormal",49,3
"SCP",0.942,6.1563728634432,0,"Student-t",49,0.25
"RSA-CP (OT) (Ours)",0.9415,6.14336258211553,0.019999999999996,"Student-t",49,0.25
"SPI",0.953,6.59141318249695,0.0300000000000011,"Student-t",49,0.25
"Synthetic-only",0.953,6.5683543103075,0.0100000000000051,"Student-t",49,0.25
"SCP",0.942,6.1563728634432,0,"Student-t",49,0.5
"RSA-CP (OT) (Ours)",0.9415,6.13129714499382,0,"Student-t",49,0.5
"SPI",0.954,6.66498315597624,0.0499999999999972,"Student-t",49,0.5
"Synthetic-only",0.9535,6.64186425670018,0,"Student-t",49,0.5
"SCP",0.942,6.1563728634432,0,"Student-t",49,1
"RSA-CP (OT) (Ours)",0.9415,6.12245537609305,0.00999999999999091,"Student-t",49,1
"SPI",0.965,7.60774258906456,0.0500000000000114,"Student-t",49,1
"Synthetic-only",0.9655,7.66980121633931,0,"Student-t",49,1
"SCP",0.942,6.1563728634432,0,"Student-t",49,1.5
"RSA-CP (OT) (Ours)",0.9415,6.12831241008464,0,"Student-t",49,1.5
"SPI",0.965,7.60774258906456,0.0499999999999972,"Student-t",49,1.5
"Synthetic-only",0.975,8.40380613117039,0,"Student-t",49,1.5
"SCP",0.942,6.1563728634432,0,"Student-t",49,2
"RSA-CP (OT) (Ours)",0.9415,6.10463432574116,0,"Student-t",49,2
"SPI",0.965,7.60774258906456,0.0600000000000023,"Student-t",49,2
"Synthetic-only",0.985,9.95086865755204,0.00999999999999091,"Student-t",49,2
"SCP",0.942,6.1563728634432,0,"Student-t",49,3
"RSA-CP (OT) (Ours)",0.9415,6.12830620275927,0,"Student-t",49,3
"SPI",0.965,7.60774258906456,0.0499999999999972,"Student-t",49,3
"Synthetic-only",0.996,13.6523828793953,0,"Student-t",49,3
"SCP",0.9565,8.99283274376918,0,"LogNormal",50,0.25
"RSA-CP (OT) (Ours)",0.9535,8.84146331311342,0.0200000000000102,"LogNormal",50,0.25
"SPI",0.9525,8.76459744210609,0.0300000000000011,"LogNormal",50,0.25
"Synthetic-only",0.7295,4.30539535426511,0,"LogNormal",50,0.25
"SCP",0.9565,8.99283274376918,0,"LogNormal",50,0.5
"RSA-CP (OT) (Ours)",0.9535,8.84146331311342,0,"LogNormal",50,0.5
"SPI",0.9525,8.76459744210609,0.0600000000000023,"LogNormal",50,0.5
"Synthetic-only",0.8035,5.01724432360897,0.019999999999996,"LogNormal",50,0.5
"SCP",0.9565,8.99283274376918,0,"LogNormal",50,1
"RSA-CP (OT) (Ours)",0.9535,8.84146331311342,0.019999999999996,"LogNormal",50,1
"SPI",0.9525,8.76459744210609,0.0499999999999972,"LogNormal",50,1
"Synthetic-only",0.9,6.62515812252608,0,"LogNormal",50,1
"SCP",0.9565,8.99283274376918,0,"LogNormal",50,1.5
"RSA-CP (OT) (Ours)",0.9535,8.84146331311342,0,"LogNormal",50,1.5
"SPI",0.9525,8.76459744210609,0.0400000000000063,"LogNormal",50,1.5
"Synthetic-only",0.946,8.43288440200399,0,"LogNormal",50,1.5
"SCP",0.9565,8.99283274376918,0,"LogNormal",50,2
"RSA-CP (OT) (Ours)",0.9535,8.84146331311342,0,"LogNormal",50,2
"SPI",0.9705,10.0506122849048,0.039999999999992,"LogNormal",50,2
"Synthetic-only",0.9705,10.0453635174785,0,"LogNormal",50,2
"SCP",0.9565,8.99283274376918,0,"LogNormal",50,3
"RSA-CP (OT) (Ours)",0.9535,8.84146331311342,0.0200000000000102,"LogNormal",50,3
"SPI",0.9885,13.1536009967299,0.0499999999999972,"LogNormal",50,3
"Synthetic-only",0.9885,13.1301389948871,0,"LogNormal",50,3
"SCP",0.976,8.48187414565126,0,"Student-t",50,0.25
"RSA-CP (OT) (Ours)",0.973,8.29818994890167,0,"Student-t",50,0.25
"SPI",0.973,8.23331376308765,0.039999999999992,"Student-t",50,0.25
"Synthetic-only",0.949,6.4376696982229,0,"Student-t",50,0.25
"SCP",0.976,8.48187414565126,0,"Student-t",50,0.5
"RSA-CP (OT) (Ours)",0.9735,8.32064399918717,0.0200000000000102,"Student-t",50,0.5
"SPI",0.973,8.23331376308765,0.0499999999999972,"Student-t",50,0.5
"Synthetic-only",0.954,6.76549185729647,0,"Student-t",50,0.5
"SCP",0.976,8.48187414565126,0,"Student-t",50,1
"RSA-CP (OT) (Ours)",0.973,8.28944589981059,0,"Student-t",50,1
"SPI",0.973,8.23331376308765,0.039999999999992,"Student-t",50,1
"Synthetic-only",0.9615,7.14976144792766,0,"Student-t",50,1
"SCP",0.976,8.48187414565126,0,"Student-t",50,1.5
"RSA-CP (OT) (Ours)",0.973,8.25152693371851,0,"Student-t",50,1.5
"SPI",0.976,8.53338314512197,0.0499999999999972,"Student-t",50,1.5
"Synthetic-only",0.976,8.52495101997933,0,"Student-t",50,1.5
"SCP",0.976,8.48187414565126,0,"Student-t",50,2
"RSA-CP (OT) (Ours)",0.9735,8.32030187585804,0.0100000000000051,"Student-t",50,2
"SPI",0.985,9.9621483822369,0.0499999999999972,"Student-t",50,2
"Synthetic-only",0.985,9.95654442326065,0,"Student-t",50,2
"SCP",0.976,8.48187414565126,0,"Student-t",50,3
"RSA-CP (OT) (Ours)",0.9735,8.31327393410722,0,"Student-t",50,3
"SPI",0.996,13.577961560224,0.0499999999999972,"Student-t",50,3
"Synthetic-only",0.996,13.5737288614268,0,"Student-t",50,3
"SCP",0.979,11.3384268056603,0,"LogNormal",51,0.25
"RSA-CP (OT) (Ours)",0.968,9.7517746999344,0,"LogNormal",51,0.25
"SPI",0.9505,8.61994658951442,0.0499999999999972,"LogNormal",51,0.25
"Synthetic-only",0.7275,4.28893740133628,0,"LogNormal",51,0.25
"SCP",0.979,11.3384268056603,0,"LogNormal",51,0.5
"RSA-CP (OT) (Ours)",0.9675,9.69285158996501,0.00999999999999091,"LogNormal",51,0.5
"SPI",0.9505,8.61994658951442,0.0500000000000114,"LogNormal",51,0.5
"Synthetic-only",0.8045,5.02436767605695,0,"LogNormal",51,0.5
"SCP",0.979,11.3384268056603,0,"LogNormal",51,1
"RSA-CP (OT) (Ours)",0.968,9.7812362549191,0,"LogNormal",51,1
"SPI",0.9505,8.61994658951442,0.0499999999999972,"LogNormal",51,1
"Synthetic-only",0.8985,6.58684048161164,0,"LogNormal",51,1
"SCP",0.979,11.3384268056603,0,"LogNormal",51,1.5
"RSA-CP (OT) (Ours)",0.968,9.78047963196243,0,"LogNormal",51,1.5
"SPI",0.9505,8.61994658951442,0.0499999999999972,"LogNormal",51,1.5
"Synthetic-only",0.945,8.4175396432327,0,"LogNormal",51,1.5
"SCP",0.979,11.3384268056603,0,"LogNormal",51,2
"RSA-CP (OT) (Ours)",0.9705,9.98203181074321,0.019999999999996,"LogNormal",51,2
"SPI",0.972,10.2220889862902,0.0400000000000063,"LogNormal",51,2
"Synthetic-only",0.972,10.2007374214213,0,"LogNormal",51,2
"SCP",0.979,11.3384268056603,0,"LogNormal",51,3
"RSA-CP (OT) (Ours)",0.968,9.85815539090818,0,"LogNormal",51,3
"SPI",0.9815,11.7748014755502,0.0499999999999972,"LogNormal",51,3
"Synthetic-only",0.988,13.0099990333156,0,"LogNormal",51,3
"SCP",0.949,6.47447367331678,0,"Student-t",51,0.25
"RSA-CP (OT) (Ours)",0.937,5.87302288070813,0.00999999999999091,"Student-t",51,0.25
"SPI",0.949,6.39439720268146,0.0500000000000114,"Student-t",51,0.25
"Synthetic-only",0.9485,6.37080592324698,0,"Student-t",51,0.25
"SCP",0.949,6.47447367331678,0,"Student-t",51,0.5
"RSA-CP (OT) (Ours)",0.9395,5.93354270389402,0,"Student-t",51,0.5
"SPI",0.956,6.89570868606495,0.0499999999999972,"Student-t",51,0.5
"Synthetic-only",0.956,6.88616036765602,0,"Student-t",51,0.5
"SCP",0.949,6.47447367331678,0,"Student-t",51,1
"RSA-CP (OT) (Ours)",0.938,5.91986515605746,0.00999999999999091,"Student-t",51,1
"SPI",0.967,7.77508633502672,0.0500000000000114,"Student-t",51,1
"Synthetic-only",0.9665,7.76761998696488,0,"Student-t",51,1
"SCP",0.949,6.47447367331678,0,"Student-t",51,1.5
"RSA-CP (OT) (Ours)",0.9395,5.96786377820346,0,"Student-t",51,1.5
"SPI",0.9775,8.69688224495597,0.0499999999999972,"Student-t",51,1.5
"Synthetic-only",0.9775,8.68998912724467,0,"Student-t",51,1.5
"SCP",0.949,6.47447367331678,0,"Student-t",51,2
"RSA-CP (OT) (Ours)",0.9375,5.90827318316348,0.00999999999999091,"Student-t",51,2
"SPI",0.9785,8.95011605409682,0.0500000000000114,"Student-t",51,2
"Synthetic-only",0.9845,9.73475623514103,0,"Student-t",51,2
"SCP",0.949,6.47447367331678,0,"Student-t",51,3
"RSA-CP (OT) (Ours)",0.937,5.86745426467784,0,"Student-t",51,3
"SPI",0.9785,8.95011605409682,0.0300000000000011,"Student-t",51,3
"Synthetic-only",0.9955,13.3384872888685,0,"Student-t",51,3
"SCP",0.971,10.1030554798394,0,"LogNormal",52,0.25
"RSA-CP (OT) (Ours)",0.969,9.93338453187245,0,"LogNormal",52,0.25
"SPI",0.968,9.826346479461,0.0499999999999972,"LogNormal",52,0.25
"Synthetic-only",0.7275,4.29663018610725,0,"LogNormal",52,0.25
"SCP",0.971,10.1030554798394,0,"LogNormal",52,0.5
"RSA-CP (OT) (Ours)",0.9705,9.96192874029738,0,"LogNormal",52,0.5
"SPI",0.968,9.826346479461,0.0600000000000023,"LogNormal",52,0.5
"Synthetic-only",0.809,5.08387121420609,0.019999999999996,"LogNormal",52,0.5
"SCP",0.971,10.1030554798394,0,"LogNormal",52,1
"RSA-CP (OT) (Ours)",0.969,9.93338453187245,0,"LogNormal",52,1
"SPI",0.968,9.826346479461,0.0599999999999881,"LogNormal",52,1
"Synthetic-only",0.9025,6.73829051156927,0,"LogNormal",52,1
"SCP",0.971,10.1030554798394,0,"LogNormal",52,1.5
"RSA-CP (OT) (Ours)",0.969,9.90484032344753,0,"LogNormal",52,1.5
"SPI",0.968,9.826346479461,0.0500000000000114,"LogNormal",52,1.5
"Synthetic-only",0.943,8.37149897935165,0,"LogNormal",52,1.5
"SCP",0.971,10.1030554798394,0,"LogNormal",52,2
"RSA-CP (OT) (Ours)",0.969,9.93338453187245,0.019999999999996,"LogNormal",52,2
"SPI",0.968,9.86175058276806,0.039999999999992,"LogNormal",52,2
"Synthetic-only",0.968,9.8566332799264,0,"LogNormal",52,2
"SCP",0.971,10.1030554798394,0,"LogNormal",52,3
"RSA-CP (OT) (Ours)",0.969,9.91297945421008,0.0200000000000102,"LogNormal",52,3
"SPI",0.988,13.0601962928236,0.0499999999999972,"LogNormal",52,3
"Synthetic-only",0.988,13.0538588496719,0,"LogNormal",52,3
"SCP",0.909,5.13688515099146,0,"Student-t",52,0.25
"RSA-CP (OT) (Ours)",0.9015,4.9599105445389,0,"Student-t",52,0.25
"SPI",0.949,6.45656679251777,0.039999999999992,"Student-t",52,0.25
"Synthetic-only",0.949,6.44066306129367,0,"Student-t",52,0.25
"SCP",0.909,5.13688515099146,0,"Student-t",52,0.5
"RSA-CP (OT) (Ours)",0.9015,4.94961519985033,0.0200000000000102,"Student-t",52,0.5
"SPI",0.953,6.57589578307746,0.0499999999999972,"Student-t",52,0.5
"Synthetic-only",0.953,6.56026786943951,0,"Student-t",52,0.5
"SCP",0.909,5.13688515099146,0,"Student-t",52,1
"RSA-CP (OT) (Ours)",0.901,4.94379696053623,0,"Student-t",52,1
"SPI",0.9535,6.63531127028965,0.0400000000000063,"Student-t",52,1
"Synthetic-only",0.9625,7.21677672692828,0,"Student-t",52,1
"SCP",0.909,5.13688515099146,0,"Student-t",52,1.5
"RSA-CP (OT) (Ours)",0.901,4.94330893585804,0.019999999999996,"Student-t",52,1.5
"SPI",0.9535,6.63531127028965,0.0499999999999972,"Student-t",52,1.5
"Synthetic-only",0.973,8.27580697671164,0,"Student-t",52,1.5
"SCP",0.909,5.13688515099146,0,"Student-t",52,2
"RSA-CP (OT) (Ours)",0.9025,5.00605543095578,0,"Student-t",52,2
"SPI",0.9535,6.63531127028965,0.0400000000000063,"Student-t",52,2
"Synthetic-only",0.985,9.93991864553468,0,"Student-t",52,2
"SCP",0.909,5.13688515099146,0,"Student-t",52,3
"RSA-CP (OT) (Ours)",0.898,4.91122179487079,0.019999999999996,"Student-t",52,3
"SPI",0.9535,6.63531127028965,0.039999999999992,"Student-t",52,3
"Synthetic-only",0.996,13.5799987794624,0,"Student-t",52,3
"SCP",0.9605,9.24718572315235,0,"LogNormal",53,0.25
"RSA-CP (OT) (Ours)",0.95,8.59642334402661,0.0200000000000102,"LogNormal",53,0.25
"SPI",0.9325,7.97115296069662,0.0499999999999972,"LogNormal",53,0.25
"Synthetic-only",0.7275,4.2992715554121,0,"LogNormal",53,0.25
"SCP",0.9605,9.24718572315235,0,"LogNormal",53,0.5
"RSA-CP (OT) (Ours)",0.946,8.46538030524571,0.0100000000000051,"LogNormal",53,0.5
"SPI",0.9325,7.97115296069662,0.0499999999999972,"LogNormal",53,0.5
"Synthetic-only",0.809,5.07681367386285,0,"LogNormal",53,0.5
"SCP",0.9605,9.24718572315235,0,"LogNormal",53,1
"RSA-CP (OT) (Ours)",0.9475,8.51779752075807,0,"LogNormal",53,1
"SPI",0.9325,7.97115296069662,0.0499999999999972,"LogNormal",53,1
"Synthetic-only",0.9005,6.65522397830191,0,"LogNormal",53,1
"SCP",0.9605,9.24718572315235,0,"LogNormal",53,1.5
"RSA-CP (OT) (Ours)",0.9465,8.49158891300189,0,"LogNormal",53,1.5
"SPI",0.943,8.37097044599457,0.0600000000000023,"LogNormal",53,1.5
"Synthetic-only",0.943,8.36618221567808,0.0100000000000051,"LogNormal",53,1.5
"SCP",0.9605,9.24718572315235,0,"LogNormal",53,2
"RSA-CP (OT) (Ours)",0.9495,8.57021473627043,0,"LogNormal",53,2
"SPI",0.968,9.8151967342538,0.0600000000000023,"LogNormal",53,2
"Synthetic-only",0.968,9.81398353992441,0,"LogNormal",53,2
"SCP",0.9605,9.24718572315235,0,"LogNormal",53,3
"RSA-CP (OT) (Ours)",0.9495,8.56850270767726,0,"LogNormal",53,3
"SPI",0.9895,13.4355352534448,0.0499999999999972,"LogNormal",53,3
"Synthetic-only",0.9895,13.4296795159001,0,"LogNormal",53,3
"SCP",0.985,9.88227335605154,0,"Student-t",53,0.25
"RSA-CP (OT) (Ours)",0.9785,8.895516805296,0.00999999999999091,"Student-t",53,0.25
"SPI",0.973,8.28937079630702,0.0500000000000114,"Student-t",53,0.25
"Synthetic-only",0.9415,6.13451353619896,0,"Student-t",53,0.25
"SCP",0.985,9.88227335605154,0,"Student-t",53,0.5
"RSA-CP (OT) (Ours)",0.978,8.84244711398519,0,"Student-t",53,0.5
"SPI",0.973,8.28937079630702,0.0499999999999972,"Student-t",53,0.5
"Synthetic-only",0.9515,6.54186358101389,0,"Student-t",53,0.5
"SCP",0.985,9.88227335605154,0,"Student-t",53,1
"RSA-CP (OT) (Ours)",0.9785,8.95649805804109,0.00999999999999091,"Student-t",53,1
"SPI",0.973,8.28937079630702,0.0500000000000114,"Student-t",53,1
"Synthetic-only",0.9645,7.53555695519043,0,"Student-t",53,1
"SCP",0.985,9.88227335605154,0,"Student-t",53,1.5
"RSA-CP (OT) (Ours)",0.978,8.82076730595062,0,"Student-t",53,1.5
"SPI",0.9745,8.37769449410379,0.0499999999999972,"Student-t",53,1.5
"Synthetic-only",0.9745,8.37516474715036,0,"Student-t",53,1.5
"SCP",0.985,9.88227335605154,0,"Student-t",53,2
"RSA-CP (OT) (Ours)",0.9785,8.95044343604347,0.0100000000000051,"Student-t",53,2
"SPI",0.985,9.86732330952008,0.0499999999999972,"Student-t",53,2
"Synthetic-only",0.985,9.86663718478994,0,"Student-t",53,2
"SCP",0.985,9.88227335605154,0,"Student-t",53,3
"RSA-CP (OT) (Ours)",0.979,8.97530343250971,0,"Student-t",53,3
"SPI",0.996,13.5486723662697,0.0600000000000023,"Student-t",53,3
"Synthetic-only",0.996,13.5337852666286,0,"Student-t",53,3
"SCP",0.9645,9.49601757158823,0,"LogNormal",54,0.25
"RSA-CP (OT) (Ours)",0.9565,8.96830600663499,0.019999999999996,"LogNormal",54,0.25
"SPI",0.9495,8.56152132864714,0.039999999999992,"LogNormal",54,0.25
"Synthetic-only",0.7275,4.27512244484404,0,"LogNormal",54,0.25
"SCP",0.9645,9.49601757158823,0,"LogNormal",54,0.5
"RSA-CP (OT) (Ours)",0.956,8.95473822145097,0,"LogNormal",54,0.5
"SPI",0.9495,8.56152132864714,0.0500000000000114,"LogNormal",54,0.5
"Synthetic-only",0.8085,5.06503651771382,0,"LogNormal",54,0.5
"SCP",0.9645,9.49601757158823,0,"LogNormal",54,1
"RSA-CP (OT) (Ours)",0.9565,9.03614493255507,0.019999999999996,"LogNormal",54,1
"SPI",0.9495,8.56152132864714,0.039999999999992,"LogNormal",54,1
"Synthetic-only",0.903,6.77377468846556,0,"LogNormal",54,1
"SCP",0.9645,9.49601757158823,0,"LogNormal",54,1.5
"RSA-CP (OT) (Ours)",0.9535,8.86287690729843,0.0200000000000102,"LogNormal",54,1.5
"SPI",0.9495,8.56152132864714,0.0499999999999972,"LogNormal",54,1.5
"Synthetic-only",0.9355,8.09133717125759,0,"LogNormal",54,1.5
"SCP",0.9645,9.49601757158823,0,"LogNormal",54,2
"RSA-CP (OT) (Ours)",0.956,8.94791844626437,0,"LogNormal",54,2
"SPI",0.968,9.83917719805516,0.039999999999992,"LogNormal",54,2
"Synthetic-only",0.968,9.8277405821616,0,"LogNormal",54,2
"SCP",0.9645,9.49601757158823,0,"LogNormal",54,3
"RSA-CP (OT) (Ours)",0.9555,8.91147978822027,0.0200000000000102,"LogNormal",54,3
"SPI",0.9765,10.8451829570906,0.0499999999999972,"LogNormal",54,3
"Synthetic-only",0.988,13.0891485839408,0,"LogNormal",54,3
"SCP",0.916,5.27550565173302,0,"Student-t",54,0.25
"RSA-CP (OT) (Ours)",0.902,4.99073943771108,0,"Student-t",54,0.25
"SPI",0.92,5.39478495537069,0.0400000000000063,"Student-t",54,0.25
"Synthetic-only",0.954,6.64673129661727,0,"Student-t",54,0.25
"SCP",0.916,5.27550565173302,0,"Student-t",54,0.5
"RSA-CP (OT) (Ours)",0.9015,4.97095252122152,0.019999999999996,"Student-t",54,0.5
"SPI",0.92,5.39478495537069,0.0499999999999972,"Student-t",54,0.5
"Synthetic-only",0.954,6.75932211433143,0,"Student-t",54,0.5
"SCP",0.916,5.27550565173302,0,"Student-t",54,1
"RSA-CP (OT) (Ours)",0.9015,4.9687189276554,0,"Student-t",54,1
"SPI",0.92,5.39478495537069,0.0400000000000063,"Student-t",54,1
"Synthetic-only",0.9625,7.37562402280198,0,"Student-t",54,1
"SCP",0.916,5.27550565173302,0,"Student-t",54,1.5
"RSA-CP (OT) (Ours)",0.9025,5.01377069274154,0.019999999999996,"Student-t",54,1.5
"SPI",0.92,5.39478495537069,0.039999999999992,"Student-t",54,1.5
"Synthetic-only",0.9775,8.77738846932368,0,"Student-t",54,1.5
"SCP",0.916,5.27550565173302,0,"Student-t",54,2
"RSA-CP (OT) (Ours)",0.9025,4.99647567179362,0,"Student-t",54,2
"SPI",0.92,5.39478495537069,0.0500000000000114,"Student-t",54,2
"Synthetic-only",0.985,10.0047509115916,0,"Student-t",54,2
"SCP",0.916,5.27550565173302,0,"Student-t",54,3
"RSA-CP (OT) (Ours)",0.902,4.9893868806205,0,"Student-t",54,3
"SPI",0.92,5.39478495537069,0.0599999999999881,"Student-t",54,3
"Synthetic-only",0.996,13.8497972448952,0.019999999999996,"Student-t",54,3
"SCP",0.9005,6.65665152026933,0,"LogNormal",55,0.25
"RSA-CP (OT) (Ours)",0.8815,6.30586001187499,0.0200000000000102,"LogNormal",55,0.25
"SPI",0.8705,6.0613032407888,0.0499999999999972,"LogNormal",55,0.25
"Synthetic-only",0.7295,4.31172918744462,0,"LogNormal",55,0.25
"SCP",0.9005,6.65665152026933,0,"LogNormal",55,0.5
"RSA-CP (OT) (Ours)",0.88,6.29005585144422,0.0100000000000051,"LogNormal",55,0.5
"SPI",0.8705,6.0613032407888,0.0299999999999869,"LogNormal",55,0.5
"Synthetic-only",0.8015,4.99487277722941,0,"LogNormal",55,0.5
"SCP",0.9005,6.65665152026933,0,"LogNormal",55,1
"RSA-CP (OT) (Ours)",0.8855,6.33746833273652,0,"LogNormal",55,1
"SPI",0.9025,6.7435094039201,0.0499999999999972,"LogNormal",55,1
"Synthetic-only",0.9025,6.74097002598155,0,"LogNormal",55,1
"SCP",0.9005,6.65665152026933,0,"LogNormal",55,1.5
"RSA-CP (OT) (Ours)",0.881,6.30097049542004,0,"LogNormal",55,1.5
"SPI",0.946,8.42061467869975,0.0600000000000023,"LogNormal",55,1.5
"Synthetic-only",0.946,8.41947656414404,0.0100000000000051,"LogNormal",55,1.5
"SCP",0.9005,6.65665152026933,0,"LogNormal",55,2
"RSA-CP (OT) (Ours)",0.8835,6.32449652119679,0.00999999999999091,"LogNormal",55,2
"SPI",0.968,9.79234144778401,0.0500000000000114,"LogNormal",55,2
"Synthetic-only",0.968,9.79181057866025,0,"LogNormal",55,2
"SCP",0.9005,6.65665152026933,0,"LogNormal",55,3
"RSA-CP (OT) (Ours)",0.882,6.31420313359737,0,"LogNormal",55,3
"SPI",0.986,12.6327922376577,0.0499999999999972,"LogNormal",55,3
"Synthetic-only",0.9895,13.3164982382185,0,"LogNormal",55,3
"SCP",0.956,6.80954758334012,0,"Student-t",55,0.25
"RSA-CP (OT) (Ours)",0.954,6.65824535991593,0,"Student-t",55,0.25
"SPI",0.954,6.69925285550576,0.0500000000000114,"Student-t",55,0.25
"Synthetic-only",0.9475,6.32563864853017,0,"Student-t",55,0.25
"SCP",0.956,6.80954758334012,0,"Student-t",55,0.5
"RSA-CP (OT) (Ours)",0.954,6.69184032294818,0.019999999999996,"Student-t",55,0.5
"SPI",0.955,6.79180873980591,0.0300000000000011,"Student-t",55,0.5
"Synthetic-only",0.9545,6.77100221732817,0.0100000000000051,"Student-t",55,0.5
"SCP",0.956,6.80954758334012,0,"Student-t",55,1
"RSA-CP (OT) (Ours)",0.954,6.73672612834634,0,"Student-t",55,1
"SPI",0.962,7.19590562032559,0.0499999999999972,"Student-t",55,1
"Synthetic-only",0.962,7.19381823052053,0,"Student-t",55,1
"SCP",0.956,6.80954758334012,0,"Student-t",55,1.5
"RSA-CP (OT) (Ours)",0.954,6.73105418347496,0.019999999999996,"Student-t",55,1.5
"SPI",0.976,8.53229021493851,0.0300000000000011,"Student-t",55,1.5
"Synthetic-only",0.976,8.53222230745019,0.0100000000000051,"Student-t",55,1.5
"SCP",0.956,6.80954758334012,0,"Student-t",55,2
"RSA-CP (OT) (Ours)",0.954,6.64502020667797,0,"Student-t",55,2
"SPI",0.985,9.851557822196,0.0499999999999972,"Student-t",55,2
"Synthetic-only",0.985,9.8504256598468,0,"Student-t",55,2
"SCP",0.956,6.80954758334012,0,"Student-t",55,3
"RSA-CP (OT) (Ours)",0.954,6.71670045542313,0.00999999999999091,"Student-t",55,3
"SPI",0.9955,13.3506532834693,0.0400000000000063,"Student-t",55,3
"Synthetic-only",0.9955,13.3332546686756,0,"Student-t",55,3
"SCP",0.977,11.0890969029646,0,"LogNormal",56,0.25
"RSA-CP (OT) (Ours)",0.968,9.78476269222521,0,"LogNormal",56,0.25
"SPI",0.9535,8.85654050847738,0.0599999999999881,"LogNormal",56,0.25
"Synthetic-only",0.7275,4.28812791273046,0,"LogNormal",56,0.25
"SCP",0.977,11.0890969029646,0,"LogNormal",56,0.5
"RSA-CP (OT) (Ours)",0.97,9.93833520084758,0,"LogNormal",56,0.5
"SPI",0.9535,8.85654050847738,0.0500000000000114,"LogNormal",56,0.5
"Synthetic-only",0.799,4.95059398313502,0,"LogNormal",56,0.5
"SCP",0.977,11.0890969029646,0,"LogNormal",56,1
"RSA-CP (OT) (Ours)",0.968,9.78476269222521,0.019999999999996,"LogNormal",56,1
"SPI",0.9535,8.85654050847738,0.039999999999992,"LogNormal",56,1
"Synthetic-only",0.8985,6.58987542695413,0,"LogNormal",56,1
"SCP",0.977,11.0890969029646,0,"LogNormal",56,1.5
"RSA-CP (OT) (Ours)",0.968,9.85057948163479,0.0200000000000102,"LogNormal",56,1.5
"SPI",0.9535,8.85654050847738,0.0300000000000011,"LogNormal",56,1.5
"Synthetic-only",0.946,8.44884835508982,0,"LogNormal",56,1.5
"SCP",0.977,11.0890969029646,0,"LogNormal",56,2
"RSA-CP (OT) (Ours)",0.9705,10.0041519902572,0,"LogNormal",56,2
"SPI",0.966,9.62244224513551,0.0400000000000063,"LogNormal",56,2
"Synthetic-only",0.966,9.6201784561304,0,"LogNormal",56,2
"SCP",0.977,11.0890969029646,0,"LogNormal",56,3
"RSA-CP (OT) (Ours)",0.9675,9.71646254809911,0.019999999999996,"LogNormal",56,3
"SPI",0.988,13.0556780213864,0.0499999999999972,"LogNormal",56,3
"Synthetic-only",0.988,13.0391076073848,0,"LogNormal",56,3
"SCP",0.9625,7.20845777768121,0,"Student-t",56,0.25
"RSA-CP (OT) (Ours)",0.9505,6.49265617151328,0,"Student-t",56,0.25
"SPI",0.9415,6.14033015254411,0.0400000000000063,"Student-t",56,0.25
"Synthetic-only",0.9415,6.14024533768599,0,"Student-t",56,0.25
"SCP",0.9625,7.20845777768121,0,"Student-t",56,0.5
"RSA-CP (OT) (Ours)",0.949,6.43091399791845,0,"Student-t",56,0.5
"SPI",0.948,6.3353713378701,0.0599999999999881,"Student-t",56,0.5
"Synthetic-only",0.9475,6.32962285180645,0.019999999999996,"Student-t",56,0.5
"SCP",0.9625,7.20845777768121,0,"Student-t",56,1
"RSA-CP (OT) (Ours)",0.9485,6.39190698734353,0,"Student-t",56,1
"SPI",0.9625,7.39759820262199,0.0500000000000114,"Student-t",56,1
"Synthetic-only",0.9625,7.36197561134248,0,"Student-t",56,1
"SCP",0.9625,7.20845777768121,0,"Student-t",56,1.5
"RSA-CP (OT) (Ours)",0.953,6.56226732730412,0.019999999999996,"Student-t",56,1.5
"SPI",0.9765,8.61692260679161,0.039999999999992,"Student-t",56,1.5
"Synthetic-only",0.9765,8.61639252030965,0,"Student-t",56,1.5
"SCP",0.9625,7.20845777768121,0,"Student-t",56,2
"RSA-CP (OT) (Ours)",0.9515,6.53050208485336,0.0200000000000102,"Student-t",56,2
"SPI",0.985,9.85224170004861,0.0300000000000011,"Student-t",56,2
"Synthetic-only",0.985,9.82349489283826,0,"Student-t",56,2
"SCP",0.9625,7.20845777768121,0,"Student-t",56,3
"RSA-CP (OT) (Ours)",0.953,6.59440840607422,0,"Student-t",56,3
"SPI",0.996,13.7474636124762,0.039999999999992,"Student-t",56,3
"Synthetic-only",0.996,13.723171636999,0,"Student-t",56,3
"SCP",0.9095,7.01829919976505,0,"LogNormal",57,0.25
"RSA-CP (OT) (Ours)",0.9025,6.73671673610406,0,"LogNormal",57,0.25
"SPI",0.8945,6.48593804105152,0.0499999999999972,"LogNormal",57,0.25
"Synthetic-only",0.7305,4.31725443559066,0,"LogNormal",57,0.25
"SCP",0.9095,7.01829919976505,0,"LogNormal",57,0.5
"RSA-CP (OT) (Ours)",0.902,6.71029823909973,0.0100000000000051,"LogNormal",57,0.5
"SPI",0.8945,6.48593804105152,0.0499999999999972,"LogNormal",57,0.5
"Synthetic-only",0.8035,5.01648520300428,0,"LogNormal",57,0.5
"SCP",0.9095,7.01829919976505,0,"LogNormal",57,1
"RSA-CP (OT) (Ours)",0.9015,6.70575811898088,0,"LogNormal",57,1
"SPI",0.9015,6.69818959289483,0.0499999999999972,"LogNormal",57,1
"Synthetic-only",0.9015,6.69619629564523,0,"LogNormal",57,1
"SCP",0.9095,7.01829919976505,0,"LogNormal",57,1.5
"RSA-CP (OT) (Ours)",0.902,6.71511778562888,0,"LogNormal",57,1.5
"SPI",0.91,7.03906175737583,0.0499999999999972,"LogNormal",57,1.5
"Synthetic-only",0.9405,8.30900309852125,0,"LogNormal",57,1.5
"SCP",0.9095,7.01829919976505,0,"LogNormal",57,2
"RSA-CP (OT) (Ours)",0.902,6.71786835375859,0.00999999999999091,"LogNormal",57,2
"SPI",0.91,7.03906175737583,0.0500000000000114,"LogNormal",57,2
"Synthetic-only",0.972,10.1655794139052,0,"LogNormal",57,2
"SCP",0.9095,7.01829919976505,0,"LogNormal",57,3
"RSA-CP (OT) (Ours)",0.9015,6.67705875227242,0,"LogNormal",57,3
"SPI",0.91,7.03906175737583,0.0499999999999972,"LogNormal",57,3
"Synthetic-only",0.9885,13.1676077633536,0,"LogNormal",57,3
"SCP",0.949,6.46712702550398,0,"Student-t",57,0.25
"RSA-CP (OT) (Ours)",0.919,5.34680573090482,0.0100000000000051,"Student-t",57,0.25
"SPI",0.9445,6.25040107679392,0.0499999999999972,"Student-t",57,0.25
"Synthetic-only",0.944,6.24535814080946,0,"Student-t",57,0.25
"SCP",0.949,6.46712702550398,0,"Student-t",57,0.5
"RSA-CP (OT) (Ours)",0.926,5.59578185628839,0,"Student-t",57,0.5
"SPI",0.954,6.72075296426427,0.0499999999999972,"Student-t",57,0.5
"Synthetic-only",0.954,6.68638473722211,0,"Student-t",57,0.5
"SCP",0.949,6.46712702550398,0,"Student-t",57,1
"RSA-CP (OT) (Ours)",0.9245,5.55123821675684,0,"Student-t",57,1
"SPI",0.9625,7.31590058834424,0.0499999999999972,"Student-t",57,1
"Synthetic-only",0.9625,7.31526197047878,0,"Student-t",57,1
"SCP",0.949,6.46712702550398,0,"Student-t",57,1.5
"RSA-CP (OT) (Ours)",0.92,5.40046776903367,0.00999999999999091,"Student-t",57,1.5
"SPI",0.9775,8.70239143905083,0.0400000000000063,"Student-t",57,1.5
"Synthetic-only",0.9765,8.63121636131289,0,"Student-t",57,1.5
"SCP",0.949,6.46712702550398,0,"Student-t",57,2
"RSA-CP (OT) (Ours)",0.924,5.51149563778993,0,"Student-t",57,2
"SPI",0.9795,9.10180769043099,0.0499999999999972,"Student-t",57,2
"Synthetic-only",0.985,10.0968734205419,0,"Student-t",57,2
"SCP",0.949,6.46712702550398,0,"Student-t",57,3
"RSA-CP (OT) (Ours)",0.925,5.58404977408657,0.00999999999999091,"Student-t",57,3
"SPI",0.9795,9.10180769043099,0.0400000000000063,"Student-t",57,3
"Synthetic-only",0.9955,13.3692994441523,0.0100000000000051,"Student-t",57,3
"SCP",0.9655,9.57655345594089,0,"LogNormal",58,0.25
"RSA-CP (OT) (Ours)",0.945,8.41556818003125,0.019999999999996,"LogNormal",58,0.25
"SPI",0.923,7.6310421155336,0.039999999999992,"LogNormal",58,0.25
"Synthetic-only",0.728,4.30044445860269,0,"LogNormal",58,0.25
"SCP",0.9655,9.57655345594089,0,"LogNormal",58,0.5
"RSA-CP (OT) (Ours)",0.946,8.48131480643775,0,"LogNormal",58,0.5
"SPI",0.923,7.6310421155336,0.0500000000000114,"LogNormal",58,0.5
"Synthetic-only",0.8055,5.02626189437982,0,"LogNormal",58,0.5
"SCP",0.9655,9.57655345594089,0,"LogNormal",58,1
"RSA-CP (OT) (Ours)",0.947,8.49446413171905,0.019999999999996,"LogNormal",58,1
"SPI",0.923,7.6310421155336,0.0400000000000063,"LogNormal",58,1
"Synthetic-only",0.903,6.77028320107052,0,"LogNormal",58,1
"SCP",0.9655,9.57655345594089,0,"LogNormal",58,1.5
"RSA-CP (OT) (Ours)",0.943,8.38344372688776,0,"LogNormal",58,1.5
"SPI",0.9465,8.48992061438189,0.0699999999999932,"LogNormal",58,1.5
"Synthetic-only",0.946,8.46670605094008,0,"LogNormal",58,1.5
"SCP",0.9655,9.57655345594089,0,"LogNormal",58,2
"RSA-CP (OT) (Ours)",0.9505,8.61444595632484,0,"LogNormal",58,2
"SPI",0.9705,10.0630774117907,0.0400000000000063,"LogNormal",58,2
"Synthetic-only",0.9705,10.0454767248103,0,"LogNormal",58,2
"SCP",0.9655,9.57655345594089,0,"LogNormal",58,3
"RSA-CP (OT) (Ours)",0.95,8.59201913394962,0.019999999999996,"LogNormal",58,3
"SPI",0.9745,10.5106940081849,0.039999999999992,"LogNormal",58,3
"Synthetic-only",0.9905,13.6699273006199,0,"LogNormal",58,3
"SCP",0.9625,7.21289229165974,0,"Student-t",58,0.25
"RSA-CP (OT) (Ours)",0.9485,6.34607742208513,0,"Student-t",58,0.25
"SPI",0.9455,6.26964069769477,0.0500000000000114,"Student-t",58,0.25
"Synthetic-only",0.9455,6.26374676340107,0,"Student-t",58,0.25
"SCP",0.9625,7.21289229165974,0,"Student-t",58,0.5
"RSA-CP (OT) (Ours)",0.949,6.39505958433933,0.019999999999996,"Student-t",58,0.5
"SPI",0.9605,7.12326376182055,0.039999999999992,"Student-t",58,0.5
"Synthetic-only",0.96,7.09013096363714,0,"Student-t",58,0.5
"SCP",0.9625,7.21289229165974,0,"Student-t",58,1
"RSA-CP (OT) (Ours)",0.949,6.46746127173988,0,"Student-t",58,1
"SPI",0.9625,7.38630528971868,0.0500000000000114,"Student-t",58,1
"Synthetic-only",0.9625,7.38315567499472,0,"Student-t",58,1
"SCP",0.9625,7.21289229165974,0,"Student-t",58,1.5
"RSA-CP (OT) (Ours)",0.949,6.39719966458891,0,"Student-t",58,1.5
"SPI",0.9775,8.7049634068042,0.039999999999992,"Student-t",58,1.5
"Synthetic-only",0.977,8.68534652639715,0,"Student-t",58,1.5
"SCP",0.9625,7.21289229165974,0,"Student-t",58,2
"RSA-CP (OT) (Ours)",0.949,6.4431439376828,0.0200000000000102,"Student-t",58,2
"SPI",0.986,10.1888998781339,0.0300000000000011,"Student-t",58,2
"Synthetic-only",0.986,10.179961310058,0,"Student-t",58,2
"SCP",0.9625,7.21289229165974,0,"Student-t",58,3
"RSA-CP (OT) (Ours)",0.949,6.41719730840091,0,"Student-t",58,3
"SPI",0.9955,13.162194008813,0.0400000000000063,"Student-t",58,3
"Synthetic-only",0.9955,13.1523561564209,0,"Student-t",58,3
"SCP",0.9265,7.71687118816512,0,"LogNormal",59,0.25
"RSA-CP (OT) (Ours)",0.917,7.32011586396839,0,"LogNormal",59,0.25
"SPI",0.908,6.94320014117866,0.0499999999999972,"LogNormal",59,0.25
"Synthetic-only",0.7275,4.29187109931899,0,"LogNormal",59,0.25
"SCP",0.9265,7.71687118816512,0,"LogNormal",59,0.5
"RSA-CP (OT) (Ours)",0.916,7.28065432292273,0.0100000000000051,"LogNormal",59,0.5
"SPI",0.908,6.94320014117866,0.0499999999999972,"LogNormal",59,0.5
"Synthetic-only",0.8055,5.04605781378629,0,"LogNormal",59,0.5
"SCP",0.9265,7.71687118816512,0,"LogNormal",59,1
"RSA-CP (OT) (Ours)",0.9155,7.26436919738964,0,"LogNormal",59,1
"SPI",0.908,6.94320014117866,0.039999999999992,"LogNormal",59,1
"Synthetic-only",0.9005,6.63500874755525,0,"LogNormal",59,1
"SCP",0.9265,7.71687118816512,0,"LogNormal",59,1.5
"RSA-CP (OT) (Ours)",0.917,7.31902241508852,0,"LogNormal",59,1.5
"SPI",0.9305,7.88573128562273,0.0700000000000074,"LogNormal",59,1.5
"Synthetic-only",0.941,8.31992523269721,0.0200000000000102,"LogNormal",59,1.5
"SCP",0.9265,7.71687118816512,0,"LogNormal",59,2
"RSA-CP (OT) (Ours)",0.916,7.28679470122242,0.0100000000000051,"LogNormal",59,2
"SPI",0.9305,7.88573128562273,0.0499999999999972,"LogNormal",59,2
"Synthetic-only",0.969,9.89117828558468,0,"LogNormal",59,2
"SCP",0.9265,7.71687118816512,0,"LogNormal",59,3
"RSA-CP (OT) (Ours)",0.9155,7.25305055110837,0,"LogNormal",59,3
"SPI",0.9305,7.88573128562273,0.0499999999999972,"LogNormal",59,3
"Synthetic-only",0.9895,13.3896187965748,0,"LogNormal",59,3
"SCP",0.976,8.46554503723192,0,"Student-t",59,0.25
"RSA-CP (OT) (Ours)",0.956,6.88885591679015,0,"Student-t",59,0.25
"SPI",0.9455,6.25797187016283,0.0600000000000023,"Student-t",59,0.25
"Synthetic-only",0.944,6.22986185800664,0.0100000000000051,"Student-t",59,0.25
"SCP",0.976,8.46554503723192,0,"Student-t",59,0.5
"RSA-CP (OT) (Ours)",0.96,7.09412387189627,0.00999999999999091,"Student-t",59,0.5
"SPI",0.954,6.6870317874301,0.0400000000000063,"Student-t",59,0.5
"Synthetic-only",0.954,6.64992004784226,0,"Student-t",59,0.5
"SCP",0.976,8.46554503723192,0,"Student-t",59,1
"RSA-CP (OT) (Ours)",0.958,6.99465579032759,0,"Student-t",59,1
"SPI",0.9645,7.54776350758247,0.0499999999999972,"Student-t",59,1
"Synthetic-only",0.9645,7.53505836296269,0,"Student-t",59,1
"SCP",0.976,8.46554503723192,0,"Student-t",59,1.5
"RSA-CP (OT) (Ours)",0.956,6.8885262377109,0.00999999999999091,"Student-t",59,1.5
"SPI",0.976,8.48027339616019,0.0400000000000063,"Student-t",59,1.5
"Synthetic-only",0.976,8.47409443458723,0.0100000000000051,"Student-t",59,1.5
"SCP",0.976,8.46554503723192,0,"Student-t",59,2
"RSA-CP (OT) (Ours)",0.958,6.98033221939429,0,"Student-t",59,2
"SPI",0.982,9.55557547729698,0.0499999999999972,"Student-t",59,2
"Synthetic-only",0.985,10.1197679237256,0,"Student-t",59,2
"SCP",0.976,8.46554503723192,0,"Student-t",59,3
"RSA-CP (OT) (Ours)",0.959,7.0151498930647,0.00999999999999091,"Student-t",59,3
"SPI",0.982,9.55557547729698,0.0500000000000114,"Student-t",59,3
"Synthetic-only",0.996,13.5298274873433,0,"Student-t",59,3
"SCP",0.9755,10.6642869188335,0,"LogNormal",60,0.25
"RSA-CP (OT) (Ours)",0.973,10.3227768493744,0,"LogNormal",60,0.25
"SPI",0.9705,10.0845580128878,0.0600000000000023,"LogNormal",60,0.25
"Synthetic-only",0.7305,4.32164266426066,0.019999999999996,"LogNormal",60,0.25
"SCP",0.9755,10.6642869188335,0,"LogNormal",60,0.5
"RSA-CP (OT) (Ours)",0.973,10.3425522839518,0,"LogNormal",60,0.5
"SPI",0.9705,10.0845580128878,0.0499999999999972,"LogNormal",60,0.5
"Synthetic-only",0.808,5.05796301349176,0,"LogNormal",60,0.5
"SCP",0.9755,10.6642869188335,0,"LogNormal",60,1
"RSA-CP (OT) (Ours)",0.972,10.2832259802197,0,"LogNormal",60,1
"SPI",0.9705,10.0845580128878,0.0400000000000063,"LogNormal",60,1
"Synthetic-only",0.9005,6.6308060236953,0,"LogNormal",60,1
"SCP",0.9755,10.6642869188335,0,"LogNormal",60,1.5
"RSA-CP (OT) (Ours)",0.972,10.2832259802197,0.019999999999996,"LogNormal",60,1.5
"SPI",0.9705,10.0845580128878,0.039999999999992,"LogNormal",60,1.5
"Synthetic-only",0.9375,8.15782150267056,0,"LogNormal",60,1.5
"SCP",0.9755,10.6642869188335,0,"LogNormal",60,2
"RSA-CP (OT) (Ours)",0.972,10.2732049281625,0,"LogNormal",60,2
"SPI",0.9705,10.0845580128878,0.0500000000000114,"LogNormal",60,2
"Synthetic-only",0.969,9.8833598010879,0,"LogNormal",60,2
"SCP",0.9755,10.6642869188335,0,"LogNormal",60,3
"RSA-CP (OT) (Ours)",0.972,10.276244064308,0,"LogNormal",60,3
"SPI",0.9885,13.1260949057381,0.0599999999999881,"LogNormal",60,3
"Synthetic-only",0.988,13.0926659882206,0.019999999999996,"LogNormal",60,3
"SCP",0.92,5.40124448355578,0,"Student-t",60,0.25
"RSA-CP (OT) (Ours)",0.894,4.82280998850541,0.0200000000000102,"Student-t",60,0.25
"SPI",0.94,6.01419174833225,0.0300000000000011,"Student-t",60,0.25
"Synthetic-only",0.94,6.00661669679622,0,"Student-t",60,0.25
"SCP",0.92,5.40124448355578,0,"Student-t",60,0.5
"RSA-CP (OT) (Ours)",0.8885,4.7069214901358,0,"Student-t",60,0.5
"SPI",0.9535,6.62945647724976,0.039999999999992,"Student-t",60,0.5
"Synthetic-only",0.9605,7.12132109795116,0,"Student-t",60,0.5
"SCP",0.92,5.40124448355578,0,"Student-t",60,1
"RSA-CP (OT) (Ours)",0.89,4.72805341191784,0.0200000000000102,"Student-t",60,1
"SPI",0.9535,6.62945647724976,0.0900000000000034,"Student-t",60,1
"Synthetic-only",0.9655,7.66052882065691,0,"Student-t",60,1
"SCP",0.92,5.40124448355578,0,"Student-t",60,1.5
"RSA-CP (OT) (Ours)",0.893,4.81688588939693,0.019999999999996,"Student-t",60,1.5
"SPI",0.9535,6.62945647724976,0.0499999999999972,"Student-t",60,1.5
"Synthetic-only",0.976,8.51938579439597,0,"Student-t",60,1.5
"SCP",0.92,5.40124448355578,0,"Student-t",60,2
"RSA-CP (OT) (Ours)",0.8925,4.79146113016773,0,"Student-t",60,2
"SPI",0.9535,6.62945647724976,0.0400000000000063,"Student-t",60,2
"Synthetic-only",0.985,10.0219141864812,0,"Student-t",60,2
"SCP",0.92,5.40124448355578,0,"Student-t",60,3
"RSA-CP (OT) (Ours)",0.888,4.67769675794407,0,"Student-t",60,3
"SPI",0.9535,6.62945647724976,0.039999999999992,"Student-t",60,3
"Synthetic-only",0.9955,13.198124470206,0,"Student-t",60,3
"SCP",0.9205,7.44690928146037,0,"LogNormal",61,0.25
"RSA-CP (OT) (Ours)",0.9185,7.38355148752399,0,"LogNormal",61,0.25
"SPI",0.918,7.34904501312337,0.0499999999999972,"LogNormal",61,0.25
"Synthetic-only",0.7275,4.27792684731049,0,"LogNormal",61,0.25
"SCP",0.9205,7.44690928146037,0,"LogNormal",61,0.5
"RSA-CP (OT) (Ours)",0.9185,7.38355148752399,0.0100000000000051,"LogNormal",61,0.5
"SPI",0.918,7.34904501312337,0.0499999999999972,"LogNormal",61,0.5
"Synthetic-only",0.8015,4.97471295707474,0,"LogNormal",61,0.5
"SCP",0.9205,7.44690928146037,0,"LogNormal",61,1
"RSA-CP (OT) (Ours)",0.9185,7.39235660023153,0,"LogNormal",61,1
"SPI",0.918,7.34904501312337,0.0499999999999972,"LogNormal",61,1
"Synthetic-only",0.9025,6.7558430665328,0,"LogNormal",61,1
"SCP",0.9205,7.44690928146037,0,"LogNormal",61,1.5
"RSA-CP (OT) (Ours)",0.9185,7.38489338965507,0,"LogNormal",61,1.5
"SPI",0.921,7.48974469842747,0.0600000000000023,"LogNormal",61,1.5
"Synthetic-only",0.946,8.43498866116091,0.0100000000000051,"LogNormal",61,1.5
"SCP",0.9205,7.44690928146037,0,"LogNormal",61,2
"RSA-CP (OT) (Ours)",0.9185,7.38476351972177,0.00999999999999091,"LogNormal",61,2
"SPI",0.921,7.48974469842747,0.0400000000000063,"LogNormal",61,2
"Synthetic-only",0.9705,9.96119919397992,0.0100000000000051,"LogNormal",61,2
"SCP",0.9205,7.44690928146037,0,"LogNormal",61,3
"RSA-CP (OT) (Ours)",0.9185,7.38562680205645,0,"LogNormal",61,3
"SPI",0.921,7.48974469842747,0.0499999999999972,"LogNormal",61,3
"Synthetic-only",0.9885,13.1803226950459,0,"LogNormal",61,3
"SCP",0.94,6.03382572219941,0,"Student-t",61,0.25
"RSA-CP (OT) (Ours)",0.9395,5.96186119312443,0,"Student-t",61,0.25
"SPI",0.9485,6.35555052004281,0.0499999999999972,"Student-t",61,0.25
"Synthetic-only",0.9475,6.31348656764616,0,"Student-t",61,0.25
"SCP",0.94,6.03382572219941,0,"Student-t",61,0.5
"RSA-CP (OT) (Ours)",0.9395,5.9508068129729,0.0100000000000051,"Student-t",61,0.5
"SPI",0.949,6.44137223593109,0.0499999999999972,"Student-t",61,0.5
"Synthetic-only",0.949,6.42556059194063,0,"Student-t",61,0.5
"SCP",0.94,6.03382572219941,0,"Student-t",61,1
"RSA-CP (OT) (Ours)",0.9395,5.96985803373053,0,"Student-t",61,1
"SPI",0.964,7.51536700621484,0.039999999999992,"Student-t",61,1
"Synthetic-only",0.964,7.50155469527659,0,"Student-t",61,1
"SCP",0.94,6.03382572219941,0,"Student-t",61,1.5
"RSA-CP (OT) (Ours)",0.9395,5.94149600808305,0.0200000000000102,"Student-t",61,1.5
"SPI",0.9765,8.56707367325576,0.0499999999999972,"Student-t",61,1.5
"Synthetic-only",0.9765,8.55355035019038,0,"Student-t",61,1.5
"SCP",0.94,6.03382572219941,0,"Student-t",61,2
"RSA-CP (OT) (Ours)",0.9395,5.94733069143477,0,"Student-t",61,2
"SPI",0.985,10.1186735839722,0.039999999999992,"Student-t",61,2
"Synthetic-only",0.985,10.1033282521095,0,"Student-t",61,2
"SCP",0.94,6.03382572219941,0,"Student-t",61,3
"RSA-CP (OT) (Ours)",0.9395,5.94649525472082,0.0200000000000102,"Student-t",61,3
"SPI",0.9955,13.1142961399675,0.0499999999999972,"Student-t",61,3
"Synthetic-only",0.9955,13.1053525160563,0,"Student-t",61,3
"SCP",0.9265,7.71687118816512,0,"LogNormal",62,0.25
"RSA-CP (OT) (Ours)",0.9085,6.96472087783721,0.0100000000000051,"LogNormal",62,0.25
"SPI",0.8745,6.14544677923315,0.0499999999999972,"LogNormal",62,0.25
"Synthetic-only",0.7295,4.30564835027945,0,"LogNormal",62,0.25
"SCP",0.9265,7.71687118816512,0,"LogNormal",62,0.5
"RSA-CP (OT) (Ours)",0.9025,6.75005482338332,0,"LogNormal",62,0.5
"SPI",0.8745,6.14544677923315,0.0499999999999972,"LogNormal",62,0.5
"Synthetic-only",0.8045,5.02294593006554,0,"LogNormal",62,0.5
"SCP",0.9265,7.71687118816512,0,"LogNormal",62,1
"RSA-CP (OT) (Ours)",0.9015,6.69938129779335,0.0100000000000051,"LogNormal",62,1
"SPI",0.8985,6.58599823957549,0.0499999999999972,"LogNormal",62,1
"Synthetic-only",0.8985,6.57683155953465,0,"LogNormal",62,1
"SCP",0.9265,7.71687118816512,0,"LogNormal",62,1.5
"RSA-CP (OT) (Ours)",0.905,6.80227878959917,0,"LogNormal",62,1.5
"SPI",0.946,8.47068498547861,0.0499999999999972,"LogNormal",62,1.5
"Synthetic-only",0.946,8.44796259105548,0,"LogNormal",62,1.5
"SCP",0.9265,7.71687118816512,0,"LogNormal",62,2
"RSA-CP (OT) (Ours)",0.905,6.79802544217355,0,"LogNormal",62,2
"SPI",0.965,9.53276293667445,0.0600000000000023,"LogNormal",62,2
"Synthetic-only",0.969,9.87689368905339,0.0100000000000051,"LogNormal",62,2
"SCP",0.9265,7.71687118816512,0,"LogNormal",62,3
"RSA-CP (OT) (Ours)",0.906,6.87600434841225,0,"LogNormal",62,3
"SPI",0.965,9.53276293667445,0.039999999999992,"LogNormal",62,3
"Synthetic-only",0.9865,12.9470982255524,0,"LogNormal",62,3
"SCP",0.96,7.09210876483933,0,"Student-t",62,0.25
"RSA-CP (OT) (Ours)",0.954,6.68107272083008,0,"Student-t",62,0.25
"SPI",0.953,6.5730718288722,0.0499999999999972,"Student-t",62,0.25
"Synthetic-only",0.953,6.5713159509956,0,"Student-t",62,0.25
"SCP",0.96,7.09210876483933,0,"Student-t",62,0.5
"RSA-CP (OT) (Ours)",0.949,6.45321660232331,0,"Student-t",62,0.5
"SPI",0.953,6.60816794221799,0.039999999999992,"Student-t",62,0.5
"Synthetic-only",0.953,6.60500372035815,0,"Student-t",62,0.5
"SCP",0.96,7.09210876483933,0,"Student-t",62,1
"RSA-CP (OT) (Ours)",0.9515,6.54121572519177,0,"Student-t",62,1
"SPI",0.9625,7.39770763045142,0.0499999999999972,"Student-t",62,1
"Synthetic-only",0.9625,7.39501195451023,0,"Student-t",62,1
"SCP",0.96,7.09210876483933,0,"Student-t",62,1.5
"RSA-CP (OT) (Ours)",0.953,6.6125516618174,0.0100000000000051,"Student-t",62,1.5
"SPI",0.9765,8.60119625558195,0.0499999999999972,"Student-t",62,1.5
"Synthetic-only",0.9765,8.59007099955468,0,"Student-t",62,1.5
"SCP",0.96,7.09210876483933,0,"Student-t",62,2
"RSA-CP (OT) (Ours)",0.954,6.65802611102496,0.00999999999999091,"Student-t",62,2
"SPI",0.986,10.1389464479057,0.0400000000000063,"Student-t",62,2
"Synthetic-only",0.986,10.134627658467,0,"Student-t",62,2
"SCP",0.96,7.09210876483933,0,"Student-t",62,3
"RSA-CP (OT) (Ours)",0.953,6.56165687549538,0,"Student-t",62,3
"SPI",0.9955,13.1981050820529,0.0600000000000023,"Student-t",62,3
"Synthetic-only",0.9955,13.1783537847196,0.0100000000000051,"Student-t",62,3
"SCP",0.9805,11.5343795322418,0,"LogNormal",63,0.25
"RSA-CP (OT) (Ours)",0.972,10.2011071736698,0,"LogNormal",63,0.25
"SPI",0.956,8.96602265087537,0.0600000000000023,"LogNormal",63,0.25
"Synthetic-only",0.7265,4.26920417654939,0.00999999999999091,"LogNormal",63,0.25
"SCP",0.9805,11.5343795322418,0,"LogNormal",63,0.5
"RSA-CP (OT) (Ours)",0.9705,10.0178537513883,0.019999999999996,"LogNormal",63,0.5
"SPI",0.956,8.96602265087537,0.0300000000000011,"LogNormal",63,0.5
"Synthetic-only",0.8085,5.06115367066448,0,"LogNormal",63,0.5
"SCP",0.9805,11.5343795322418,0,"LogNormal",63,1
"RSA-CP (OT) (Ours)",0.972,10.1552938180994,0,"LogNormal",63,1
"SPI",0.956,8.96602265087537,0.0500000000000114,"LogNormal",63,1
"Synthetic-only",0.9025,6.73506735852862,0,"LogNormal",63,1
"SCP",0.9805,11.5343795322418,0,"LogNormal",63,1.5
"RSA-CP (OT) (Ours)",0.9705,10.0801125267138,0.019999999999996,"LogNormal",63,1.5
"SPI",0.956,8.96602265087537,0.0400000000000063,"LogNormal",63,1.5
"Synthetic-only",0.939,8.2627635026127,0,"LogNormal",63,1.5
"SCP",0.9805,11.5343795322418,0,"LogNormal",63,2
"RSA-CP (OT) (Ours)",0.9705,10.0736031720808,0,"LogNormal",63,2
"SPI",0.968,9.86875111182184,0.0499999999999972,"LogNormal",63,2
"Synthetic-only",0.968,9.85520644323997,0,"LogNormal",63,2
"SCP",0.9805,11.5343795322418,0,"LogNormal",63,3
"RSA-CP (OT) (Ours)",0.9705,10.0167297311271,0,"LogNormal",63,3
"SPI",0.9835,12.2067140730839,0.0400000000000063,"LogNormal",63,3
"Synthetic-only",0.9885,13.1356708595189,0,"LogNormal",63,3
"SCP",0.988,10.8323393691478,0,"Student-t",63,0.25
"RSA-CP (OT) (Ours)",0.9665,7.75549875669992,0.019999999999996,"Student-t",63,0.25
"SPI",0.9515,6.54004700657241,0.039999999999992,"Student-t",63,0.25
"Synthetic-only",0.9515,6.52085472900345,0,"Student-t",63,0.25
"SCP",0.988,10.8323393691478,0,"Student-t",63,0.5
"RSA-CP (OT) (Ours)",0.968,7.82010782098706,0,"Student-t",63,0.5
"SPI",0.956,6.87723546098067,0.0500000000000114,"Student-t",63,0.5
"Synthetic-only",0.956,6.84882159151542,0,"Student-t",63,0.5
"SCP",0.988,10.8323393691478,0,"Student-t",63,1
"RSA-CP (OT) (Ours)",0.964,7.51292762924492,0.019999999999996,"Student-t",63,1
"SPI",0.9625,7.42988476240966,0.039999999999992,"Student-t",63,1
"Synthetic-only",0.9625,7.41012416218939,0,"Student-t",63,1
"SCP",0.988,10.8323393691478,0,"Student-t",63,1.5
"RSA-CP (OT) (Ours)",0.965,7.57207456931139,0,"Student-t",63,1.5
"SPI",0.9775,8.72552735377682,0.0500000000000114,"Student-t",63,1.5
"Synthetic-only",0.977,8.64958179321343,0,"Student-t",63,1.5
"SCP",0.988,10.8323393691478,0,"Student-t",63,2
"RSA-CP (OT) (Ours)",0.9655,7.67137777706826,0.019999999999996,"Student-t",63,2
"SPI",0.985,10.0968068968093,0.039999999999992,"Student-t",63,2
"Synthetic-only",0.985,10.0706224053617,0,"Student-t",63,2
"SCP",0.988,10.8323393691478,0,"Student-t",63,3
"RSA-CP (OT) (Ours)",0.965,7.60854500844179,0,"Student-t",63,3
"SPI",0.9955,13.0333272758959,0.0500000000000114,"Student-t",63,3
"Synthetic-only",0.9955,13.0007391741337,0,"Student-t",63,3
"SCP",0.928,7.77480836732413,0,"LogNormal",64,0.25
"RSA-CP (OT) (Ours)",0.9125,7.12630026557957,0,"LogNormal",64,0.25
"SPI",0.9025,6.74752626365531,0.0400000000000063,"LogNormal",64,0.25
"Synthetic-only",0.7265,4.27126889093746,0,"LogNormal",64,0.25
"SCP",0.928,7.77480836732413,0,"LogNormal",64,0.5
"RSA-CP (OT) (Ours)",0.915,7.21403857254293,0.019999999999996,"LogNormal",64,0.5
"SPI",0.9025,6.74752626365531,0.0499999999999972,"LogNormal",64,0.5
"Synthetic-only",0.806,5.05295788045302,0,"LogNormal",64,0.5
"SCP",0.928,7.77480836732413,0,"LogNormal",64,1
"RSA-CP (OT) (Ours)",0.9125,7.15102472207795,0,"LogNormal",64,1
"SPI",0.9025,6.74882095931743,0.0400000000000063,"LogNormal",64,1
"Synthetic-only",0.9025,6.74853679522539,0,"LogNormal",64,1
"SCP",0.928,7.77480836732413,0,"LogNormal",64,1.5
"RSA-CP (OT) (Ours)",0.915,7.23619555060584,0,"LogNormal",64,1.5
"SPI",0.928,7.79246148511619,0.039999999999992,"LogNormal",64,1.5
"Synthetic-only",0.942,8.34091157904205,0,"LogNormal",64,1.5
"SCP",0.928,7.77480836732413,0,"LogNormal",64,2
"RSA-CP (OT) (Ours)",0.9105,7.10123407178872,0.0200000000000102,"LogNormal",64,2
"SPI",0.928,7.79246148511619,0.0499999999999972,"LogNormal",64,2
"Synthetic-only",0.9705,10.036920316645,0,"LogNormal",64,2
"SCP",0.928,7.77480836732413,0,"LogNormal",64,3
"RSA-CP (OT) (Ours)",0.9125,7.1442261080308,0,"LogNormal",64,3
"SPI",0.928,7.79246148511619,0.039999999999992,"LogNormal",64,3
"Synthetic-only",0.988,13.0182925652119,0,"LogNormal",64,3
"SCP",0.8605,4.08656244668127,0,"Student-t",64,0.25
"RSA-CP (OT) (Ours)",0.8545,3.97312085878126,0,"Student-t",64,0.25
"SPI",0.9105,5.14439946640843,0.0499999999999972,"Student-t",64,0.25
"Synthetic-only",0.943,6.17702670064278,0,"Student-t",64,0.25
"SCP",0.8605,4.08656244668127,0,"Student-t",64,0.5
"RSA-CP (OT) (Ours)",0.854,3.96412521006869,0,"Student-t",64,0.5
"SPI",0.9105,5.14439946640843,0.0600000000000023,"Student-t",64,0.5
"Synthetic-only",0.954,6.66284322017976,0,"Student-t",64,0.5
"SCP",0.8605,4.08656244668127,0,"Student-t",64,1
"RSA-CP (OT) (Ours)",0.854,3.95979117005743,0,"Student-t",64,1
"SPI",0.9105,5.14439946640843,0.0499999999999972,"Student-t",64,1
"Synthetic-only",0.962,7.19277733832074,0,"Student-t",64,1
"SCP",0.8605,4.08656244668127,0,"Student-t",64,1.5
"RSA-CP (OT) (Ours)",0.853,3.95498885914166,0.0100000000000051,"Student-t",64,1.5
"SPI",0.9105,5.14439946640843,0.0499999999999972,"Student-t",64,1.5
"Synthetic-only",0.9765,8.59602525640331,0,"Student-t",64,1.5
"SCP",0.8605,4.08656244668127,0,"Student-t",64,2
"RSA-CP (OT) (Ours)",0.854,3.96094136814405,0,"Student-t",64,2
"SPI",0.9105,5.14439946640843,0.0499999999999972,"Student-t",64,2
"Synthetic-only",0.986,10.1620590224895,0,"Student-t",64,2
"SCP",0.8605,4.08656244668127,0,"Student-t",64,3
"RSA-CP (OT) (Ours)",0.855,3.98294291019307,0.0100000000000051,"Student-t",64,3
"SPI",0.9105,5.14439946640843,0.0499999999999972,"Student-t",64,3
"Synthetic-only",0.996,13.5794891682337,0,"Student-t",64,3
"SCP",0.986,12.5420959031567,0,"LogNormal",65,0.25
"RSA-CP (OT) (Ours)",0.975,10.5858791683481,0.00999999999999091,"LogNormal",65,0.25
"SPI",0.957,9.08087728188023,0.0500000000000114,"LogNormal",65,0.25
"Synthetic-only",0.7275,4.2903533401867,0,"LogNormal",65,0.25
"SCP",0.986,12.5420959031567,0,"LogNormal",65,0.5
"RSA-CP (OT) (Ours)",0.9745,10.5056831140424,0,"LogNormal",65,0.5
"SPI",0.957,9.08087728188023,0.0499999999999972,"LogNormal",65,0.5
"Synthetic-only",0.8055,5.05076948165036,0,"LogNormal",65,0.5
"SCP",0.986,12.5420959031567,0,"LogNormal",65,1
"RSA-CP (OT) (Ours)",0.9755,10.6660752226537,0.0100000000000051,"LogNormal",65,1
"SPI",0.957,9.08087728188023,0.0499999999999972,"LogNormal",65,1
"Synthetic-only",0.9015,6.67288277950289,0,"LogNormal",65,1
"SCP",0.986,12.5420959031567,0,"LogNormal",65,1.5
"RSA-CP (OT) (Ours)",0.9755,10.7195392588575,0,"LogNormal",65,1.5
"SPI",0.957,9.08087728188023,0.0499999999999972,"LogNormal",65,1.5
"Synthetic-only",0.941,8.3249818558794,0,"LogNormal",65,1.5
"SCP",0.986,12.5420959031567,0,"LogNormal",65,2
"RSA-CP (OT) (Ours)",0.9745,10.4522190778386,0,"LogNormal",65,2
"SPI",0.968,9.74745547090209,0.0600000000000023,"LogNormal",65,2
"Synthetic-only",0.9675,9.73356857237016,0.0100000000000051,"LogNormal",65,2
"SCP",0.986,12.5420959031567,0,"LogNormal",65,3
"RSA-CP (OT) (Ours)",0.975,10.6341931053191,0.00999999999999091,"LogNormal",65,3
"SPI",0.986,12.8268896502704,0.0500000000000114,"LogNormal",65,3
"Synthetic-only",0.986,12.7357700742915,0,"LogNormal",65,3
"SCP",0.9365,5.8601432638091,0,"Student-t",65,0.25
"RSA-CP (OT) (Ours)",0.9245,5.54534362097774,0,"Student-t",65,0.25
"SPI",0.9455,6.28198513939804,0.0499999999999972,"Student-t",65,0.25
"Synthetic-only",0.944,6.24168997986343,0,"Student-t",65,0.25
"SCP",0.9365,5.8601432638091,0,"Student-t",65,0.5
"RSA-CP (OT) (Ours)",0.922,5.45755680408465,0.00999999999999091,"Student-t",65,0.5
"SPI",0.9535,6.64308653887715,0.0500000000000114,"Student-t",65,0.5
"Synthetic-only",0.953,6.62416359349525,0,"Student-t",65,0.5
"SCP",0.9365,5.8601432638091,0,"Student-t",65,1
"RSA-CP (OT) (Ours)",0.924,5.5056290490912,0,"Student-t",65,1
"SPI",0.961,7.1436644784162,0.0499999999999972,"Student-t",65,1
"Synthetic-only",0.9605,7.11099271513972,0,"Student-t",65,1
"SCP",0.9365,5.8601432638091,0,"Student-t",65,1.5
"RSA-CP (OT) (Ours)",0.924,5.50252805532354,0.00999999999999091,"Student-t",65,1.5
"SPI",0.9735,8.31744584676723,0.0500000000000114,"Student-t",65,1.5
"Synthetic-only",0.973,8.31016881091941,0,"Student-t",65,1.5
"SCP",0.9365,5.8601432638091,0,"Student-t",65,2
"RSA-CP (OT) (Ours)",0.9245,5.54453715867003,0,"Student-t",65,2
"SPI",0.9765,8.60468945168434,0.0499999999999972,"Student-t",65,2
"Synthetic-only",0.9865,10.2642177296182,0,"Student-t",65,2
"SCP",0.9365,5.8601432638091,0,"Student-t",65,3
"RSA-CP (OT) (Ours)",0.9245,5.56199694994417,0.0100000000000051,"Student-t",65,3
"SPI",0.9765,8.60468945168434,0.0499999999999972,"Student-t",65,3
"Synthetic-only",0.996,13.5057319572413,0,"Student-t",65,3
"SCP",0.946,8.48103818197181,0,"LogNormal",66,0.25
"RSA-CP (OT) (Ours)",0.939,8.24411575901489,0.019999999999996,"LogNormal",66,0.25
"SPI",0.935,8.03315373156269,0.0400000000000063,"LogNormal",66,0.25
"Synthetic-only",0.7275,4.27798799661043,0,"LogNormal",66,0.25
"SCP",0.946,8.48103818197181,0,"LogNormal",66,0.5
"RSA-CP (OT) (Ours)",0.939,8.23277584737938,0,"LogNormal",66,0.5
"SPI",0.935,8.03315373156269,0.0499999999999972,"LogNormal",66,0.5
"Synthetic-only",0.8055,5.03132602972683,0,"LogNormal",66,0.5
"SCP",0.946,8.48103818197181,0,"LogNormal",66,1
"RSA-CP (OT) (Ours)",0.9385,8.18958547657198,0,"LogNormal",66,1
"SPI",0.935,8.03315373156269,0.0600000000000023,"LogNormal",66,1
"Synthetic-only",0.9015,6.68637158336471,0.00999999999999091,"LogNormal",66,1
"SCP",0.946,8.48103818197181,0,"LogNormal",66,1.5
"RSA-CP (OT) (Ours)",0.939,8.22209199513078,0,"LogNormal",66,1.5
"SPI",0.945,8.41460010658481,0.0499999999999972,"LogNormal",66,1.5
"Synthetic-only",0.9445,8.41197315740461,0,"LogNormal",66,1.5
"SCP",0.946,8.48103818197181,0,"LogNormal",66,2
"RSA-CP (OT) (Ours)",0.939,8.25584471112688,0,"LogNormal",66,2
"SPI",0.9565,9.0643693673167,0.0600000000000023,"LogNormal",66,2
"Synthetic-only",0.9705,10.0341240430093,0.00999999999999091,"LogNormal",66,2
"SCP",0.946,8.48103818197181,0,"LogNormal",66,3
"RSA-CP (OT) (Ours)",0.939,8.22945952324021,0.019999999999996,"LogNormal",66,3
"SPI",0.9565,9.0643693673167,0.039999999999992,"LogNormal",66,3
"Synthetic-only",0.988,13.0860462692479,0,"LogNormal",66,3
"SCP",0.985,10.0954210386053,0,"Student-t",66,0.25
"RSA-CP (OT) (Ours)",0.9765,8.62438838304768,0,"Student-t",66,0.25
"SPI",0.966,7.7246157351701,0.0500000000000114,"Student-t",66,0.25
"Synthetic-only",0.9505,6.50277216738219,0,"Student-t",66,0.25
"SCP",0.985,10.0954210386053,0,"Student-t",66,0.5
"RSA-CP (OT) (Ours)",0.9765,8.56312272551195,0.019999999999996,"Student-t",66,0.5
"SPI",0.966,7.7246157351701,0.0400000000000063,"Student-t",66,0.5
"Synthetic-only",0.9485,6.35321048362358,0,"Student-t",66,0.5
"SCP",0.985,10.0954210386053,0,"Student-t",66,1
"RSA-CP (OT) (Ours)",0.9765,8.59481152578377,0,"Student-t",66,1
"SPI",0.966,7.7246157351701,0.0499999999999972,"Student-t",66,1
"Synthetic-only",0.9625,7.21453953247947,0,"Student-t",66,1
"SCP",0.985,10.0954210386053,0,"Student-t",66,1.5
"RSA-CP (OT) (Ours)",0.9765,8.63063380010456,0.019999999999996,"Student-t",66,1.5
"SPI",0.976,8.51983229927004,0.0400000000000063,"Student-t",66,1.5
"Synthetic-only",0.976,8.51536241182799,0,"Student-t",66,1.5
"SCP",0.985,10.0954210386053,0,"Student-t",66,2
"RSA-CP (OT) (Ours)",0.977,8.66545872101656,0,"Student-t",66,2
"SPI",0.986,10.1975930165725,0.0499999999999972,"Student-t",66,2
"Synthetic-only",0.986,10.1377564618872,0,"Student-t",66,2
"SCP",0.985,10.0954210386053,0,"Student-t",66,3
"RSA-CP (OT) (Ours)",0.9775,8.76110054924122,0.00999999999999091,"Student-t",66,3
"SPI",0.9955,13.2840196296969,0.0500000000000114,"Student-t",66,3
"Synthetic-only",0.996,13.4907863201966,0,"Student-t",66,3
"SCP",0.9705,9.99862275627039,0,"LogNormal",67,0.25
"RSA-CP (OT) (Ours)",0.968,9.79196911336926,0.019999999999996,"LogNormal",67,0.25
"SPI",0.9665,9.6610519947097,0.039999999999992,"LogNormal",67,0.25
"Synthetic-only",0.7275,4.28645912632994,0,"LogNormal",67,0.25
"SCP",0.9705,9.99862275627039,0,"LogNormal",67,0.5
"RSA-CP (OT) (Ours)",0.968,9.81215874040713,0,"LogNormal",67,0.5
"SPI",0.9665,9.6610519947097,0.0500000000000114,"LogNormal",67,0.5
"Synthetic-only",0.811,5.10689544857448,0,"LogNormal",67,0.5
"SCP",0.9705,9.99862275627039,0,"LogNormal",67,1
"RSA-CP (OT) (Ours)",0.968,9.83234836744501,0,"LogNormal",67,1
"SPI",0.9665,9.6610519947097,0.0599999999999881,"LogNormal",67,1
"Synthetic-only",0.9015,6.68604005182215,0.019999999999996,"LogNormal",67,1
"SCP",0.9705,9.99862275627039,0,"LogNormal",67,1.5
"RSA-CP (OT) (Ours)",0.968,9.79196911336926,0.0200000000000102,"LogNormal",67,1.5
"SPI",0.9665,9.6610519947097,0.0499999999999972,"LogNormal",67,1.5
"Synthetic-only",0.9405,8.30882907994905,0,"LogNormal",67,1.5
"SCP",0.9705,9.99862275627039,0,"LogNormal",67,2
"RSA-CP (OT) (Ours)",0.968,9.80788563472404,0,"LogNormal",67,2
"SPI",0.9705,10.0599968293233,0.0400000000000063,"LogNormal",67,2
"Synthetic-only",0.9705,10.0559342015122,0,"LogNormal",67,2
"SCP",0.9705,9.99862275627039,0,"LogNormal",67,3
"RSA-CP (OT) (Ours)",0.968,9.7512517382386,0,"LogNormal",67,3
"SPI",0.9865,12.894308391098,0.0699999999999932,"LogNormal",67,3
"Synthetic-only",0.986,12.8451841302198,0.019999999999996,"LogNormal",67,3
"SCP",0.9765,8.6250892425,0,"Student-t",67,0.25
"RSA-CP (OT) (Ours)",0.949,6.42356929117445,0.0100000000000051,"Student-t",67,0.25
"SPI",0.9515,6.52286111526335,0.0499999999999972,"Student-t",67,0.25
"Synthetic-only",0.9515,6.52233740938136,0,"Student-t",67,0.25
"SCP",0.9765,8.6250892425,0,"Student-t",67,0.5
"RSA-CP (OT) (Ours)",0.941,6.0680147542964,0,"Student-t",67,0.5
"SPI",0.949,6.44369266343855,0.039999999999992,"Student-t",67,0.5
"Synthetic-only",0.949,6.43726652246655,0,"Student-t",67,0.5
"SCP",0.9765,8.6250892425,0,"Student-t",67,1
"RSA-CP (OT) (Ours)",0.956,6.8432401158657,0.0200000000000102,"Student-t",67,1
"SPI",0.967,7.79039327122673,0.0499999999999972,"Student-t",67,1
"Synthetic-only",0.967,7.77553002779151,0,"Student-t",67,1
"SCP",0.9765,8.6250892425,0,"Student-t",67,1.5
"RSA-CP (OT) (Ours)",0.9465,6.303258924636,0,"Student-t",67,1.5
"SPI",0.977,8.63872969177684,0.039999999999992,"Student-t",67,1.5
"Synthetic-only",0.977,8.63732374956014,0,"Student-t",67,1.5
"SCP",0.9765,8.6250892425,0,"Student-t",67,2
"RSA-CP (OT) (Ours)",0.943,6.17312061647485,0.0200000000000102,"Student-t",67,2
"SPI",0.985,9.88959848051813,0.0499999999999972,"Student-t",67,2
"Synthetic-only",0.985,9.88201597266247,0,"Student-t",67,2
"SCP",0.9765,8.6250892425,0,"Student-t",67,3
"RSA-CP (OT) (Ours)",0.9455,6.27676844039435,0,"Student-t",67,3
"SPI",0.9925,12.1308319004979,0.039999999999992,"Student-t",67,3
"Synthetic-only",0.9955,13.1036276952674,0,"Student-t",67,3
"SCP",0.932,7.91541041504916,0,"LogNormal",68,0.25
"RSA-CP (OT) (Ours)",0.925,7.70326702033681,0,"LogNormal",68,0.25
"SPI",0.922,7.56296783281738,0.0499999999999972,"LogNormal",68,0.25
"Synthetic-only",0.727,4.27208296556762,0,"LogNormal",68,0.25
"SCP",0.932,7.91541041504916,0,"LogNormal",68,0.5
"RSA-CP (OT) (Ours)",0.927,7.72487506246959,0.0100000000000051,"LogNormal",68,0.5
"SPI",0.922,7.56296783281738,0.0499999999999972,"LogNormal",68,0.5
"Synthetic-only",0.811,5.11113858222611,0,"LogNormal",68,0.5
"SCP",0.932,7.91541041504916,0,"LogNormal",68,1
"RSA-CP (OT) (Ours)",0.925,7.68309627765339,0,"LogNormal",68,1
"SPI",0.922,7.56296783281738,0.0499999999999972,"LogNormal",68,1
"Synthetic-only",0.9015,6.70056962544404,0,"LogNormal",68,1
"SCP",0.932,7.91541041504916,0,"LogNormal",68,1.5
"RSA-CP (OT) (Ours)",0.925,7.69991858889827,0,"LogNormal",68,1.5
"SPI",0.941,8.32963936050654,0.0600000000000023,"LogNormal",68,1.5
"Synthetic-only",0.941,8.3208343277015,0.0100000000000051,"LogNormal",68,1.5
"SCP",0.932,7.91541041504916,0,"LogNormal",68,2
"RSA-CP (OT) (Ours)",0.925,7.6915239372073,0,"LogNormal",68,2
"SPI",0.9505,8.6360141724019,0.039999999999992,"LogNormal",68,2
"Synthetic-only",0.972,10.1435582217448,0,"LogNormal",68,2
"SCP",0.932,7.91541041504916,0,"LogNormal",68,3
"RSA-CP (OT) (Ours)",0.925,7.70475658600211,0,"LogNormal",68,3
"SPI",0.9505,8.6360141724019,0.0700000000000074,"LogNormal",68,3
"Synthetic-only",0.9895,13.4356590027943,0.0200000000000102,"LogNormal",68,3
"SCP",0.903,5.02941067819834,0,"Student-t",68,0.25
"RSA-CP (OT) (Ours)",0.8965,4.90071395236306,0.0100000000000051,"Student-t",68,0.25
"SPI",0.954,6.71545612598726,0.0499999999999972,"Student-t",68,0.25
"Synthetic-only",0.954,6.71037217419993,0,"Student-t",68,0.25
"SCP",0.903,5.02941067819834,0,"Student-t",68,0.5
"RSA-CP (OT) (Ours)",0.8985,4.92849643075291,0,"Student-t",68,0.5
"SPI",0.954,6.70710220507267,0.0499999999999972,"Student-t",68,0.5
"Synthetic-only",0.954,6.68211018013055,0,"Student-t",68,0.5
"SCP",0.903,5.02941067819834,0,"Student-t",68,1
"RSA-CP (OT) (Ours)",0.898,4.91745721269817,0,"Student-t",68,1
"SPI",0.964,7.49208476198854,0.0600000000000023,"Student-t",68,1
"Synthetic-only",0.964,7.48653987496828,0.0100000000000051,"Student-t",68,1
"SCP",0.903,5.02941067819834,0,"Student-t",68,1.5
"RSA-CP (OT) (Ours)",0.898,4.91696281475816,0,"Student-t",68,1.5
"SPI",0.973,8.29042022504914,0.0499999999999972,"Student-t",68,1.5
"Synthetic-only",0.973,8.27801606567103,0,"Student-t",68,1.5
"SCP",0.903,5.02941067819834,0,"Student-t",68,2
"RSA-CP (OT) (Ours)",0.8985,4.93235976951566,0.0100000000000051,"Student-t",68,2
"SPI",0.9775,8.74686410166458,0.0499999999999972,"Student-t",68,2
"Synthetic-only",0.9845,9.71381926329178,0,"Student-t",68,2
"SCP",0.903,5.02941067819834,0,"Student-t",68,3
"RSA-CP (OT) (Ours)",0.8985,4.9235729612137,0,"Student-t",68,3
"SPI",0.9775,8.74686410166458,0.0499999999999972,"Student-t",68,3
"Synthetic-only",0.9955,13.3664536242783,0,"Student-t",68,3
"SCP",0.9995,22.7766125232296,0,"LogNormal",69,0.25
"RSA-CP (OT) (Ours)",0.995,15.9894269465769,0,"LogNormal",69,0.25
"SPI",0.952,8.6786837440492,0.0499999999999972,"LogNormal",69,0.25
"Synthetic-only",0.7275,4.27661662092376,0,"LogNormal",69,0.25
"SCP",0.9995,22.7766125232296,0,"LogNormal",69,0.5
"RSA-CP (OT) (Ours)",0.993,14.4430607041613,0,"LogNormal",69,0.5
"SPI",0.952,8.6786837440492,0.0600000000000023,"LogNormal",69,0.5
"Synthetic-only",0.8015,4.98676602199107,0.00999999999999091,"LogNormal",69,0.5
"SCP",0.9995,22.7766125232296,0,"LogNormal",69,1
"RSA-CP (OT) (Ours)",0.9935,15.4636624241556,0,"LogNormal",69,1
"SPI",0.952,8.6786837440492,0.0600000000000023,"LogNormal",69,1
"Synthetic-only",0.903,6.75712229977094,0,"LogNormal",69,1
"SCP",0.9995,22.7766125232296,0,"LogNormal",69,1.5
"RSA-CP (OT) (Ours)",0.993,14.5049153538579,0,"LogNormal",69,1.5
"SPI",0.952,8.6786837440492,0.0499999999999972,"LogNormal",69,1.5
"Synthetic-only",0.9435,8.38383184651461,0,"LogNormal",69,1.5
"SCP",0.9995,22.7766125232296,0,"LogNormal",69,2
"RSA-CP (OT) (Ours)",0.993,14.6286246532512,0.019999999999996,"LogNormal",69,2
"SPI",0.9675,9.70082458992259,0.0400000000000063,"LogNormal",69,2
"Synthetic-only",0.9675,9.69126035435215,0,"LogNormal",69,2
"SCP",0.9995,22.7766125232296,0,"LogNormal",69,3
"RSA-CP (OT) (Ours)",0.993,14.3812060544647,0,"LogNormal",69,3
"SPI",0.989,13.289816026877,0.0499999999999972,"LogNormal",69,3
"Synthetic-only",0.989,13.283458544157,0,"LogNormal",69,3
"SCP",0.937,5.8703341555079,0,"Student-t",69,0.25
"RSA-CP (OT) (Ours)",0.9245,5.55006185766965,0.00999999999999091,"Student-t",69,0.25
"SPI",0.9475,6.31799926419744,0.0500000000000114,"Student-t",69,0.25
"Synthetic-only",0.9475,6.31217324749543,0,"Student-t",69,0.25
"SCP",0.937,5.8703341555079,0,"Student-t",69,0.5
"RSA-CP (OT) (Ours)",0.926,5.59601772607294,0,"Student-t",69,0.5
"SPI",0.9455,6.27711979360502,0.0499999999999972,"Student-t",69,0.5
"Synthetic-only",0.9455,6.27617362409592,0,"Student-t",69,0.5
"SCP",0.937,5.8703341555079,0,"Student-t",69,1
"RSA-CP (OT) (Ours)",0.925,5.57239071912556,0,"Student-t",69,1
"SPI",0.954,6.64914858078041,0.0600000000000023,"Student-t",69,1
"Synthetic-only",0.9625,7.2536884893206,0.00999999999999091,"Student-t",69,1
"SCP",0.937,5.8703341555079,0,"Student-t",69,1.5
"RSA-CP (OT) (Ours)",0.924,5.52861351369767,0,"Student-t",69,1.5
"SPI",0.954,6.64914858078041,0.0499999999999972,"Student-t",69,1.5
"Synthetic-only",0.9765,8.57182250904049,0,"Student-t",69,1.5
"SCP",0.937,5.8703341555079,0,"Student-t",69,2
"RSA-CP (OT) (Ours)",0.927,5.62574725683189,0,"Student-t",69,2
"SPI",0.954,6.64914858078041,0.0600000000000023,"Student-t",69,2
"Synthetic-only",0.986,10.2302697911543,0.00999999999999091,"Student-t",69,2
"SCP",0.937,5.8703341555079,0,"Student-t",69,3
"RSA-CP (OT) (Ours)",0.926,5.59437170352797,0,"Student-t",69,3
"SPI",0.954,6.64914858078041,0.0499999999999972,"Student-t",69,3
"Synthetic-only",0.996,13.4374347000792,0,"Student-t",69,3
"SCP",0.9475,8.52440386742678,0,"LogNormal",70,0.25
"RSA-CP (OT) (Ours)",0.9305,7.88375160492363,0,"LogNormal",70,0.25
"SPI",0.9195,7.42443573825448,0.0499999999999972,"LogNormal",70,0.25
"Synthetic-only",0.726,4.25991673128648,0,"LogNormal",70,0.25
"SCP",0.9475,8.52440386742678,0,"LogNormal",70,0.5
"RSA-CP (OT) (Ours)",0.9325,7.98134963029408,0,"LogNormal",70,0.5
"SPI",0.9195,7.42443573825448,0.0400000000000063,"LogNormal",70,0.5
"Synthetic-only",0.813,5.14523034982385,0,"LogNormal",70,0.5
"SCP",0.9475,8.52440386742678,0,"LogNormal",70,1
"RSA-CP (OT) (Ours)",0.9305,7.87964887713323,0.019999999999996,"LogNormal",70,1
"SPI",0.9195,7.42443573825448,0.039999999999992,"LogNormal",70,1
"Synthetic-only",0.897,6.54289851362568,0,"LogNormal",70,1
"SCP",0.9475,8.52440386742678,0,"LogNormal",70,1.5
"RSA-CP (OT) (Ours)",0.9325,7.942313448961,0,"LogNormal",70,1.5
"SPI",0.946,8.44608389155669,0.0700000000000074,"LogNormal",70,1.5
"Synthetic-only",0.946,8.44546539741788,0,"LogNormal",70,1.5
"SCP",0.9475,8.52440386742678,0,"LogNormal",70,2
"RSA-CP (OT) (Ours)",0.93,7.86860440618332,0,"LogNormal",70,2
"SPI",0.952,8.66815054956757,0.039999999999992,"LogNormal",70,2
"Synthetic-only",0.968,9.74217224880574,0,"LogNormal",70,2
"SCP",0.9475,8.52440386742678,0,"LogNormal",70,3
"RSA-CP (OT) (Ours)",0.9315,7.90313972946095,0.0200000000000102,"LogNormal",70,3
"SPI",0.952,8.66815054956757,0.0499999999999972,"LogNormal",70,3
"Synthetic-only",0.9885,13.2675714497614,0,"LogNormal",70,3
"SCP",0.953,6.60769825406135,0,"Student-t",70,0.25
"RSA-CP (OT) (Ours)",0.9485,6.35415625172005,0,"Student-t",70,0.25
"SPI",0.944,6.2473715955826,0.039999999999992,"Student-t",70,0.25
"Synthetic-only",0.944,6.22438986982558,0,"Student-t",70,0.25
"SCP",0.953,6.60769825406135,0,"Student-t",70,0.5
"RSA-CP (OT) (Ours)",0.9485,6.38352949359759,0,"Student-t",70,0.5
"SPI",0.953,6.60625475380327,0.0700000000000074,"Student-t",70,0.5
"Synthetic-only",0.953,6.60579480318347,0.0200000000000102,"Student-t",70,0.5
"SCP",0.953,6.60769825406135,0,"Student-t",70,1
"RSA-CP (OT) (Ours)",0.9485,6.39234114300958,0,"Student-t",70,1
"SPI",0.9645,7.53465855896878,0.0400000000000063,"Student-t",70,1
"Synthetic-only",0.964,7.4900244994697,0,"Student-t",70,1
"SCP",0.953,6.60769825406135,0,"Student-t",70,1.5
"RSA-CP (OT) (Ours)",0.9485,6.37547660083924,0,"Student-t",70,1.5
"SPI",0.9765,8.5908924515542,0.0699999999999932,"Student-t",70,1.5
"Synthetic-only",0.9765,8.58747991012987,0.019999999999996,"Student-t",70,1.5
"SCP",0.953,6.60769825406135,0,"Student-t",70,2
"RSA-CP (OT) (Ours)",0.9485,6.37630408690148,0,"Student-t",70,2
"SPI",0.986,10.1448966752571,0.0400000000000063,"Student-t",70,2
"Synthetic-only",0.986,10.1370641347653,0,"Student-t",70,2
"SCP",0.953,6.60769825406135,0,"Student-t",70,3
"RSA-CP (OT) (Ours)",0.9485,6.37266224960985,0,"Student-t",70,3
"SPI",0.996,13.7481703347647,0.039999999999992,"Student-t",70,3
"Synthetic-only",0.996,13.7197000752753,0,"Student-t",70,3
"SCP",0.9525,8.77738007655249,0,"LogNormal",71,0.25
"RSA-CP (OT) (Ours)",0.92,7.42623697366179,0,"LogNormal",71,0.25
"SPI",0.891,6.44383815015851,0.0700000000000074,"LogNormal",71,0.25
"Synthetic-only",0.7275,4.29611845905489,0.0200000000000102,"LogNormal",71,0.25
"SCP",0.9525,8.77738007655249,0,"LogNormal",71,0.5
"RSA-CP (OT) (Ours)",0.918,7.3405966790726,0.0100000000000051,"LogNormal",71,0.5
"SPI",0.891,6.44383815015851,0.0499999999999972,"LogNormal",71,0.5
"Synthetic-only",0.8055,5.02742077442504,0,"LogNormal",71,0.5
"SCP",0.9525,8.77738007655249,0,"LogNormal",71,1
"RSA-CP (OT) (Ours)",0.916,7.27789442534278,0,"LogNormal",71,1
"SPI",0.8995,6.62002507559031,0.0499999999999972,"LogNormal",71,1
"Synthetic-only",0.8995,6.61700290317854,0,"LogNormal",71,1
"SCP",0.9525,8.77738007655249,0,"LogNormal",71,1.5
"RSA-CP (OT) (Ours)",0.9215,7.52464762740155,0.0100000000000051,"LogNormal",71,1.5
"SPI",0.939,8.24601735648135,0.0499999999999972,"LogNormal",71,1.5
"Synthetic-only",0.939,8.22810298296301,0,"LogNormal",71,1.5
"SCP",0.9525,8.77738007655249,0,"LogNormal",71,2
"RSA-CP (OT) (Ours)",0.921,7.48488707603349,0,"LogNormal",71,2
"SPI",0.968,9.77930602023117,0.0499999999999972,"LogNormal",71,2
"Synthetic-only",0.972,10.2246605418647,0,"LogNormal",71,2
"SCP",0.9525,8.77738007655249,0,"LogNormal",71,3
"RSA-CP (OT) (Ours)",0.9215,7.51136041532482,0,"LogNormal",71,3
"SPI",0.968,9.77930602023117,0.0600000000000023,"LogNormal",71,3
"Synthetic-only",0.99,13.5387961218903,0.0100000000000051,"LogNormal",71,3
"SCP",0.99,11.1841036712327,0,"Student-t",71,0.25
"RSA-CP (OT) (Ours)",0.9775,8.80751091561621,0.00999999999999091,"Student-t",71,0.25
"SPI",0.959,7.03070712578746,0.0500000000000114,"Student-t",71,0.25
"Synthetic-only",0.9485,6.3535524999631,0,"Student-t",71,0.25
"SCP",0.99,11.1841036712327,0,"Student-t",71,0.5
"RSA-CP (OT) (Ours)",0.9765,8.58935199689626,0,"Student-t",71,0.5
"SPI",0.959,7.03070712578746,0.0499999999999972,"Student-t",71,0.5
"Synthetic-only",0.9515,6.54140785812955,0,"Student-t",71,0.5
"SCP",0.99,11.1841036712327,0,"Student-t",71,1
"RSA-CP (OT) (Ours)",0.9765,8.58108424799878,0.00999999999999091,"Student-t",71,1
"SPI",0.9625,7.26068784294824,0.0500000000000114,"Student-t",71,1
"Synthetic-only",0.9625,7.2467737458711,0,"Student-t",71,1
"SCP",0.99,11.1841036712327,0,"Student-t",71,1.5
"RSA-CP (OT) (Ours)",0.978,8.81267371158531,0,"Student-t",71,1.5
"SPI",0.9775,8.80507074171192,0.0499999999999972,"Student-t",71,1.5
"Synthetic-only",0.9775,8.78214203518788,0,"Student-t",71,1.5
"SCP",0.99,11.1841036712327,0,"Student-t",71,2
"RSA-CP (OT) (Ours)",0.9785,8.89929213272333,0,"Student-t",71,2
"SPI",0.985,9.88705413470779,0.0600000000000023,"Student-t",71,2
"Synthetic-only",0.985,9.88036405722326,0.0100000000000051,"Student-t",71,2
"SCP",0.99,11.1841036712327,0,"Student-t",71,3
"RSA-CP (OT) (Ours)",0.9785,8.91263986255533,0,"Student-t",71,3
"SPI",0.9955,13.1038352941412,0.0499999999999972,"Student-t",71,3
"Synthetic-only",0.9955,13.2803969735866,0,"Student-t",71,3
"SCP",0.9575,9.12618510195157,0,"LogNormal",72,0.25
"RSA-CP (OT) (Ours)",0.9575,9.1045246769766,0,"LogNormal",72,0.25
"SPI",0.9575,9.10969117372176,0.0499999999999972,"LogNormal",72,0.25
"Synthetic-only",0.7275,4.29656910807674,0,"LogNormal",72,0.25
"SCP",0.9575,9.12618510195157,0,"LogNormal",72,0.5
"RSA-CP (OT) (Ours)",0.9575,9.1045246769766,0.00999999999999091,"LogNormal",72,0.5
"SPI",0.9575,9.10969117372176,0.0500000000000114,"LogNormal",72,0.5
"Synthetic-only",0.81,5.10359203146855,0,"LogNormal",72,0.5
"SCP",0.9575,9.12618510195157,0,"LogNormal",72,1
"RSA-CP (OT) (Ours)",0.9575,9.1045246769766,0,"LogNormal",72,1
"SPI",0.9575,9.10969117372176,0.0499999999999972,"LogNormal",72,1
"Synthetic-only",0.8995,6.60582150352591,0,"LogNormal",72,1
"SCP",0.9575,9.12618510195157,0,"LogNormal",72,1.5
"RSA-CP (OT) (Ours)",0.9575,9.1045246769766,0,"LogNormal",72,1.5
"SPI",0.9575,9.10969117372176,0.0500000000000114,"LogNormal",72,1.5
"Synthetic-only",0.9415,8.33368590448682,0,"LogNormal",72,1.5
"SCP",0.9575,9.12618510195157,0,"LogNormal",72,2
"RSA-CP (OT) (Ours)",0.9575,9.09655132274156,0.019999999999996,"LogNormal",72,2
"SPI",0.97,9.94565230143618,0.039999999999992,"LogNormal",72,2
"Synthetic-only",0.969,9.91566230691053,0,"LogNormal",72,2
"SCP",0.9575,9.12618510195157,0,"LogNormal",72,3
"RSA-CP (OT) (Ours)",0.9575,9.1124947796733,0,"LogNormal",72,3
"SPI",0.9895,13.3655823259679,0.0500000000000114,"LogNormal",72,3
"Synthetic-only",0.9895,13.3438947630889,0,"LogNormal",72,3
"SCP",0.96,7.086585252286,0,"Student-t",72,0.25
"RSA-CP (OT) (Ours)",0.9485,6.34854425299679,0.019999999999996,"Student-t",72,0.25
"SPI",0.9415,6.11554597326043,0.0400000000000063,"Student-t",72,0.25
"Synthetic-only",0.941,6.04530234503668,0,"Student-t",72,0.25
"SCP",0.96,7.086585252286,0,"Student-t",72,0.5
"RSA-CP (OT) (Ours)",0.944,6.21532224841153,0,"Student-t",72,0.5
"SPI",0.952,6.5519138599465,0.0499999999999972,"Student-t",72,0.5
"Synthetic-only",0.9515,6.53049179211435,0,"Student-t",72,0.5
"SCP",0.96,7.086585252286,0,"Student-t",72,1
"RSA-CP (OT) (Ours)",0.9455,6.26421140950955,0.019999999999996,"Student-t",72,1
"SPI",0.9625,7.20229556331525,0.0400000000000063,"Student-t",72,1
"Synthetic-only",0.962,7.19611912312957,0,"Student-t",72,1
"SCP",0.96,7.086585252286,0,"Student-t",72,1.5
"RSA-CP (OT) (Ours)",0.9485,6.34958388816054,0,"Student-t",72,1.5
"SPI",0.965,7.57300922167529,0.0499999999999972,"Student-t",72,1.5
"Synthetic-only",0.9775,8.75557233522763,0,"Student-t",72,1.5
"SCP",0.96,7.086585252286,0,"Student-t",72,2
"RSA-CP (OT) (Ours)",0.944,6.24277853053058,0,"Student-t",72,2
"SPI",0.965,7.57300922167529,0.0600000000000023,"Student-t",72,2
"Synthetic-only",0.985,9.84639265743456,0.00999999999999091,"Student-t",72,2
"SCP",0.96,7.086585252286,0,"Student-t",72,3
"RSA-CP (OT) (Ours)",0.947,6.30514543635852,0.019999999999996,"Student-t",72,3
"SPI",0.965,7.57300922167529,0.039999999999992,"Student-t",72,3
"Synthetic-only",0.9955,13.2802574530472,0,"Student-t",72,3
"SCP",0.9535,8.86812234761362,0,"LogNormal",73,0.25
"RSA-CP (OT) (Ours)",0.9535,8.83321285248649,0,"LogNormal",73,0.25
"SPI",0.9535,8.81753923433508,0.0700000000000074,"LogNormal",73,0.25
"Synthetic-only",0.7295,4.31007651815459,0,"LogNormal",73,0.25
"SCP",0.9535,8.86812234761362,0,"LogNormal",73,0.5
"RSA-CP (OT) (Ours)",0.9535,8.83321285248649,0,"LogNormal",73,0.5
"SPI",0.9535,8.81753923433508,0.039999999999992,"LogNormal",73,0.5
"Synthetic-only",0.8055,5.0474130303001,0,"LogNormal",73,0.5
"SCP",0.9535,8.86812234761362,0,"LogNormal",73,1
"RSA-CP (OT) (Ours)",0.9535,8.82531716319784,0.0200000000000102,"LogNormal",73,1
"SPI",0.9535,8.81753923433508,0.0499999999999972,"LogNormal",73,1
"Synthetic-only",0.898,6.57303359275623,0,"LogNormal",73,1
"SCP",0.9535,8.86812234761362,0,"LogNormal",73,1.5
"RSA-CP (OT) (Ours)",0.9535,8.82746029923686,0.0100000000000051,"LogNormal",73,1.5
"SPI",0.9535,8.81753923433508,0.0499999999999972,"LogNormal",73,1.5
"Synthetic-only",0.946,8.45882754367329,0,"LogNormal",73,1.5
"SCP",0.9535,8.86812234761362,0,"LogNormal",73,2
"RSA-CP (OT) (Ours)",0.9535,8.82415078728595,0,"LogNormal",73,2
"SPI",0.969,9.87507898380541,0.0600000000000023,"LogNormal",73,2
"Synthetic-only",0.9705,10.0369502069793,0,"LogNormal",73,2
"SCP",0.9535,8.86812234761362,0,"LogNormal",73,3
"RSA-CP (OT) (Ours)",0.9535,8.8148040202429,0,"LogNormal",73,3
"SPI",0.969,9.87507898380541,0.0499999999999972,"LogNormal",73,3
"Synthetic-only",0.988,13.0320474898481,0,"LogNormal",73,3
"SCP",0.9815,9.3057560346126,0,"Student-t",73,0.25
"RSA-CP (OT) (Ours)",0.971,8.002365878644,0.00999999999999091,"Student-t",73,0.25
"SPI",0.9625,7.42058377007903,0.0500000000000114,"Student-t",73,0.25
"Synthetic-only",0.949,6.45684944012302,0,"Student-t",73,0.25
"SCP",0.9815,9.3057560346126,0,"Student-t",73,0.5
"RSA-CP (OT) (Ours)",0.9715,8.0749972555455,0,"Student-t",73,0.5
"SPI",0.9625,7.42058377007903,0.0499999999999972,"Student-t",73,0.5
"Synthetic-only",0.9485,6.34749061019907,0,"Student-t",73,0.5
"SCP",0.9815,9.3057560346126,0,"Student-t",73,1
"RSA-CP (OT) (Ours)",0.972,8.13294840643155,0.0100000000000051,"Student-t",73,1
"SPI",0.9625,7.42058377007903,0.0299999999999869,"Student-t",73,1
"Synthetic-only",0.9625,7.36619712660681,0,"Student-t",73,1
"SCP",0.9815,9.3057560346126,0,"Student-t",73,1.5
"RSA-CP (OT) (Ours)",0.971,8.00889364288495,0,"Student-t",73,1.5
"SPI",0.975,8.422930152803,0.0499999999999972,"Student-t",73,1.5
"Synthetic-only",0.975,8.41867871235086,0,"Student-t",73,1.5
"SCP",0.9815,9.3057560346126,0,"Student-t",73,2
"RSA-CP (OT) (Ours)",0.973,8.20323397251819,0.0100000000000051,"Student-t",73,2
"SPI",0.9845,9.81615787851115,0.0499999999999972,"Student-t",73,2
"Synthetic-only",0.9875,10.4792325981463,0,"Student-t",73,2
"SCP",0.9815,9.3057560346126,0,"Student-t",73,3
"RSA-CP (OT) (Ours)",0.973,8.17767044952502,0,"Student-t",73,3
"SPI",0.9845,9.81615787851115,0.0499999999999972,"Student-t",73,3
"Synthetic-only",0.9955,13.3453575291778,0,"Student-t",73,3
"SCP",0.934,8.00717201604654,0,"LogNormal",74,0.25
"RSA-CP (OT) (Ours)",0.9225,7.59949264427879,0,"LogNormal",74,0.25
"SPI",0.915,7.21686236263662,0.0499999999999972,"LogNormal",74,0.25
"Synthetic-only",0.732,4.34267349528283,0,"LogNormal",74,0.25
"SCP",0.934,8.00717201604654,0,"LogNormal",74,0.5
"RSA-CP (OT) (Ours)",0.924,7.66077887528104,0,"LogNormal",74,0.5
"SPI",0.915,7.21686236263662,0.0600000000000023,"LogNormal",74,0.5
"Synthetic-only",0.808,5.05905044008892,0.00999999999999091,"LogNormal",74,0.5
"SCP",0.934,8.00717201604654,0,"LogNormal",74,1
"RSA-CP (OT) (Ours)",0.9215,7.53820641327654,0.019999999999996,"LogNormal",74,1
"SPI",0.915,7.21686236263662,0.039999999999992,"LogNormal",74,1
"Synthetic-only",0.8985,6.58475439795284,0,"LogNormal",74,1
"SCP",0.934,8.00717201604654,0,"LogNormal",74,1.5
"RSA-CP (OT) (Ours)",0.922,7.56872131282908,0,"LogNormal",74,1.5
"SPI",0.939,8.24956777419799,0.0500000000000114,"LogNormal",74,1.5
"Synthetic-only",0.939,8.24017156866986,0,"LogNormal",74,1.5
"SCP",0.934,8.00717201604654,0,"LogNormal",74,2
"RSA-CP (OT) (Ours)",0.9225,7.6079207597757,0.019999999999996,"LogNormal",74,2
"SPI",0.972,10.1295758682396,0.0400000000000063,"LogNormal",74,2
"Synthetic-only",0.9715,10.1173757642473,0,"LogNormal",74,2
"SCP",0.934,8.00717201604654,0,"LogNormal",74,3
"RSA-CP (OT) (Ours)",0.9215,7.53605833307847,0,"LogNormal",74,3
"SPI",0.984,12.247031828616,0.0499999999999972,"LogNormal",74,3
"Synthetic-only",0.9885,13.210603637371,0,"LogNormal",74,3
"SCP",0.969,7.89736491038056,0,"Student-t",74,0.25
"RSA-CP (OT) (Ours)",0.956,6.87690560904173,0,"Student-t",74,0.25
"SPI",0.949,6.42895407510716,0.0400000000000063,"Student-t",74,0.25
"Synthetic-only",0.9485,6.38704645390088,0,"Student-t",74,0.25
"SCP",0.969,7.89736491038056,0,"Student-t",74,0.5
"RSA-CP (OT) (Ours)",0.956,6.85105751888469,0,"Student-t",74,0.5
"SPI",0.949,6.39336829508706,0.0499999999999972,"Student-t",74,0.5
"Synthetic-only",0.9485,6.36394980239531,0,"Student-t",74,0.5
"SCP",0.969,7.89736491038056,0,"Student-t",74,1
"RSA-CP (OT) (Ours)",0.956,6.85679029092782,0,"Student-t",74,1
"SPI",0.9625,7.39648910191061,0.0600000000000023,"Student-t",74,1
"Synthetic-only",0.9625,7.38416898024909,0.00999999999999091,"Student-t",74,1
"SCP",0.969,7.89736491038056,0,"Student-t",74,1.5
"RSA-CP (OT) (Ours)",0.956,6.91192142773409,0.019999999999996,"Student-t",74,1.5
"SPI",0.9775,8.773061547136,0.039999999999992,"Student-t",74,1.5
"Synthetic-only",0.9775,8.75495313434244,0,"Student-t",74,1.5
"SCP",0.969,7.89736491038056,0,"Student-t",74,2
"RSA-CP (OT) (Ours)",0.957,6.92679736720562,0,"Student-t",74,2
"SPI",0.9865,10.286230468598,0.0500000000000114,"Student-t",74,2
"Synthetic-only",0.9865,10.2786700876,0,"Student-t",74,2
"SCP",0.969,7.89736491038056,0,"Student-t",74,3
"RSA-CP (OT) (Ours)",0.96,7.0675506283524,0.019999999999996,"Student-t",74,3
"SPI",0.987,10.3673779243616,0.039999999999992,"Student-t",74,3
"Synthetic-only",0.996,13.4626402528783,0,"Student-t",74,3
"SCP",0.937,8.10918513449104,0,"LogNormal",75,0.25
"RSA-CP (OT) (Ours)",0.909,6.97634449456161,0.0200000000000102,"LogNormal",75,0.25
"SPI",0.88,6.2736447314121,0.0499999999999972,"LogNormal",75,0.25
"Synthetic-only",0.726,4.25544223856077,0,"LogNormal",75,0.25
"SCP",0.937,8.10918513449104,0,"LogNormal",75,0.5
"RSA-CP (OT) (Ours)",0.9135,7.19986986622548,0.0100000000000051,"LogNormal",75,0.5
"SPI",0.88,6.2736447314121,0.0300000000000011,"LogNormal",75,0.5
"Synthetic-only",0.8055,5.03910076301563,0,"LogNormal",75,0.5
"SCP",0.937,8.10918513449104,0,"LogNormal",75,1
"RSA-CP (OT) (Ours)",0.909,6.98108733975385,0,"LogNormal",75,1
"SPI",0.902,6.71984804236219,0.0699999999999932,"LogNormal",75,1
"Synthetic-only",0.902,6.7186860041105,0.019999999999996,"LogNormal",75,1
"SCP",0.937,8.10918513449104,0,"LogNormal",75,1.5
"RSA-CP (OT) (Ours)",0.91,7.05843923526903,0.0100000000000051,"LogNormal",75,1.5
"SPI",0.939,8.21175684081546,0.0499999999999972,"LogNormal",75,1.5
"Synthetic-only",0.9385,8.18485827069456,0,"LogNormal",75,1.5
"SCP",0.937,8.10918513449104,0,"LogNormal",75,2
"RSA-CP (OT) (Ours)",0.909,6.97813763624543,0,"LogNormal",75,2
"SPI",0.9635,9.40375160087619,0.039999999999992,"LogNormal",75,2
"Synthetic-only",0.968,9.84500996886808,0,"LogNormal",75,2
"SCP",0.937,8.10918513449104,0,"LogNormal",75,3
"RSA-CP (OT) (Ours)",0.9125,7.1357723672013,0,"LogNormal",75,3
"SPI",0.9635,9.40375160087619,0.0499999999999972,"LogNormal",75,3
"Synthetic-only",0.9895,13.4370470794143,0,"LogNormal",75,3
"SCP",0.927,5.62812571201925,0,"Student-t",75,0.25
"RSA-CP (OT) (Ours)",0.923,5.47319317977601,0.0100000000000051,"Student-t",75,0.25
"SPI",0.938,5.91774751379483,0.0499999999999972,"Student-t",75,0.25
"Synthetic-only",0.944,6.19913756777988,0,"Student-t",75,0.25
"SCP",0.927,5.62812571201925,0,"Student-t",75,0.5
"RSA-CP (OT) (Ours)",0.9225,5.46756206435428,0,"Student-t",75,0.5
"SPI",0.938,5.91774751379483,0.0499999999999972,"Student-t",75,0.5
"Synthetic-only",0.949,6.47122692709384,0,"Student-t",75,0.5
"SCP",0.927,5.62812571201925,0,"Student-t",75,1
"RSA-CP (OT) (Ours)",0.9225,5.46838223794934,0.0100000000000051,"Student-t",75,1
"SPI",0.938,5.91774751379483,0.0499999999999972,"Student-t",75,1
"Synthetic-only",0.9625,7.20223359255996,0,"Student-t",75,1
"SCP",0.927,5.62812571201925,0,"Student-t",75,1.5
"RSA-CP (OT) (Ours)",0.9225,5.4688009651794,0,"Student-t",75,1.5
"SPI",0.938,5.91774751379483,0.0499999999999972,"Student-t",75,1.5
"Synthetic-only",0.976,8.51122933944032,0,"Student-t",75,1.5
"SCP",0.927,5.62812571201925,0,"Student-t",75,2
"RSA-CP (OT) (Ours)",0.9215,5.43525339799576,0.0100000000000051,"Student-t",75,2
"SPI",0.938,5.91774751379483,0.0499999999999972,"Student-t",75,2
"Synthetic-only",0.986,10.1906306384425,0,"Student-t",75,2
"SCP",0.927,5.62812571201925,0,"Student-t",75,3
"RSA-CP (OT) (Ours)",0.922,5.46274313077247,0,"Student-t",75,3
"SPI",0.938,5.91774751379483,0.0499999999999972,"Student-t",75,3
"Synthetic-only",0.996,13.6631308397576,0,"Student-t",75,3
"SCP",0.952,8.6652638715904,0,"LogNormal",76,0.25
"RSA-CP (OT) (Ours)",0.9325,7.92923870679196,0,"LogNormal",76,0.25
"SPI",0.91,7.06420411350069,0.0499999999999972,"LogNormal",76,0.25
"Synthetic-only",0.7295,4.31241075764618,0,"LogNormal",76,0.25
"SCP",0.952,8.6652638715904,0,"LogNormal",76,0.5
"RSA-CP (OT) (Ours)",0.927,7.73788452985581,0.00999999999999091,"LogNormal",76,0.5
"SPI",0.91,7.06420411350069,0.0500000000000114,"LogNormal",76,0.5
"Synthetic-only",0.809,5.08109257791449,0,"LogNormal",76,0.5
"SCP",0.952,8.6652638715904,0,"LogNormal",76,1
"RSA-CP (OT) (Ours)",0.9245,7.66458681418256,0.019999999999996,"LogNormal",76,1
"SPI",0.91,7.06420411350069,0.0400000000000063,"LogNormal",76,1
"Synthetic-only",0.9005,6.65715349908109,0,"LogNormal",76,1
"SCP",0.952,8.6652638715904,0,"LogNormal",76,1.5
"RSA-CP (OT) (Ours)",0.9295,7.82923880009135,0,"LogNormal",76,1.5
"SPI",0.9435,8.39356418936076,0.0499999999999972,"LogNormal",76,1.5
"Synthetic-only",0.943,8.37580023309875,0,"LogNormal",76,1.5
"SCP",0.952,8.6652638715904,0,"LogNormal",76,2
"RSA-CP (OT) (Ours)",0.9285,7.80544967157141,0,"LogNormal",76,2
"SPI",0.965,9.55973575610212,0.0400000000000063,"LogNormal",76,2
"Synthetic-only",0.969,9.89812297259107,0,"LogNormal",76,2
"SCP",0.952,8.6652638715904,0,"LogNormal",76,3
"RSA-CP (OT) (Ours)",0.925,7.70434127009614,0.019999999999996,"LogNormal",76,3
"SPI",0.965,9.55973575610212,0.039999999999992,"LogNormal",76,3
"Synthetic-only",0.99,13.4569981326925,0,"LogNormal",76,3
"SCP",0.9395,5.98295133409751,0,"Student-t",76,0.25
"RSA-CP (OT) (Ours)",0.8955,4.8714002291606,0,"Student-t",76,0.25
"SPI",0.953,6.61279574613989,0.0500000000000114,"Student-t",76,0.25
"Synthetic-only",0.954,6.74357316253773,0,"Student-t",76,0.25
"SCP",0.9395,5.98295133409751,0,"Student-t",76,0.5
"RSA-CP (OT) (Ours)",0.9,4.93833617958299,0.019999999999996,"Student-t",76,0.5
"SPI",0.9505,6.4967187876618,0.039999999999992,"Student-t",76,0.5
"Synthetic-only",0.949,6.47137870887584,0,"Student-t",76,0.5
"SCP",0.9395,5.98295133409751,0,"Student-t",76,1
"RSA-CP (OT) (Ours)",0.9015,4.97332931320665,0,"Student-t",76,1
"SPI",0.953,6.61279574613989,0.0500000000000114,"Student-t",76,1
"Synthetic-only",0.957,6.94632750765956,0,"Student-t",76,1
"SCP",0.9395,5.98295133409751,0,"Student-t",76,1.5
"RSA-CP (OT) (Ours)",0.902,4.98405850459534,0.019999999999996,"Student-t",76,1.5
"SPI",0.953,6.61279574613989,0.0300000000000011,"Student-t",76,1.5
"Synthetic-only",0.975,8.404102892519,0,"Student-t",76,1.5
"SCP",0.9395,5.98295133409751,0,"Student-t",76,2
"RSA-CP (OT) (Ours)",0.9025,5.01588519679722,0,"Student-t",76,2
"SPI",0.953,6.61279574613989,0.0600000000000023,"Student-t",76,2
"Synthetic-only",0.985,9.99357076963779,0.00999999999999091,"Student-t",76,2
"SCP",0.9395,5.98295133409751,0,"Student-t",76,3
"RSA-CP (OT) (Ours)",0.9,4.93860777243501,0.019999999999996,"Student-t",76,3
"SPI",0.953,6.61279574613989,0.0300000000000011,"Student-t",76,3
"Synthetic-only",0.9955,12.8726632765108,0,"Student-t",76,3
"SCP",0.9375,8.13101693415536,0,"LogNormal",77,0.25
"RSA-CP (OT) (Ours)",0.9315,7.90807329241823,0.019999999999996,"LogNormal",77,0.25
"SPI",0.9245,7.6666456901658,0.0300000000000011,"LogNormal",77,0.25
"Synthetic-only",0.7345,4.36716643261313,0,"LogNormal",77,0.25
"SCP",0.9375,8.13101693415536,0,"LogNormal",77,0.5
"RSA-CP (OT) (Ours)",0.9295,7.85248051004622,0,"LogNormal",77,0.5
"SPI",0.9245,7.6666456901658,0.0400000000000063,"LogNormal",77,0.5
"Synthetic-only",0.8055,5.04380303152272,0,"LogNormal",77,0.5
"SCP",0.9375,8.13101693415536,0,"LogNormal",77,1
"RSA-CP (OT) (Ours)",0.9295,7.83858231445322,0.019999999999996,"LogNormal",77,1
"SPI",0.9245,7.6666456901658,0.039999999999992,"LogNormal",77,1
"Synthetic-only",0.8955,6.50700627184205,0,"LogNormal",77,1
"SCP",0.9375,8.13101693415536,0,"LogNormal",77,1.5
"RSA-CP (OT) (Ours)",0.9295,7.83703552389044,0,"LogNormal",77,1.5
"SPI",0.9385,8.17424068823556,0.0500000000000114,"LogNormal",77,1.5
"Synthetic-only",0.9385,8.16971034195216,0,"LogNormal",77,1.5
"SCP",0.9375,8.13101693415536,0,"LogNormal",77,2
"RSA-CP (OT) (Ours)",0.9295,7.84860543254208,0,"LogNormal",77,2
"SPI",0.97,9.9372185057392,0.039999999999992,"LogNormal",77,2
"Synthetic-only",0.97,9.93492557842218,0,"LogNormal",77,2
"SCP",0.9375,8.13101693415536,0,"LogNormal",77,3
"RSA-CP (OT) (Ours)",0.9295,7.82709072799283,0.0200000000000102,"LogNormal",77,3
"SPI",0.9775,11.1092910106731,0.0499999999999972,"LogNormal",77,3
"Synthetic-only",0.9895,13.4340309045322,0,"LogNormal",77,3
"SCP",0.996,14.6817542683385,0,"Student-t",77,0.25
"RSA-CP (OT) (Ours)",0.985,10.0265836878157,0,"Student-t",77,0.25
"SPI",0.957,6.95594374265942,0.039999999999992,"Student-t",77,0.25
"Synthetic-only",0.954,6.69905121235153,0,"Student-t",77,0.25
"SCP",0.996,14.6817542683385,0,"Student-t",77,0.5
"RSA-CP (OT) (Ours)",0.9855,10.1219088395516,0.0200000000000102,"Student-t",77,0.5
"SPI",0.957,6.95594374265942,0.0499999999999972,"Student-t",77,0.5
"Synthetic-only",0.9525,6.55299310564021,0,"Student-t",77,0.5
"SCP",0.996,14.6817542683385,0,"Student-t",77,1
"RSA-CP (OT) (Ours)",0.985,9.8549111472462,0,"Student-t",77,1
"SPI",0.9625,7.21131987117417,0.0400000000000063,"Student-t",77,1
"Synthetic-only",0.9625,7.20029944737453,0,"Student-t",77,1
"SCP",0.996,14.6817542683385,0,"Student-t",77,1.5
"RSA-CP (OT) (Ours)",0.985,9.86495559903077,0,"Student-t",77,1.5
"SPI",0.9765,8.57753505034957,0.0499999999999972,"Student-t",77,1.5
"Synthetic-only",0.976,8.48332248413491,0,"Student-t",77,1.5
"SCP",0.996,14.6817542683385,0,"Student-t",77,2
"RSA-CP (OT) (Ours)",0.985,9.9011633716177,0.0100000000000051,"Student-t",77,2
"SPI",0.9845,9.79843178201943,0.0499999999999972,"Student-t",77,2
"Synthetic-only",0.9845,9.79800157243679,0,"Student-t",77,2
"SCP",0.996,14.6817542683385,0,"Student-t",77,3
"RSA-CP (OT) (Ours)",0.986,10.1671432722243,0,"Student-t",77,3
"SPI",0.996,13.4403238557069,0.039999999999992,"Student-t",77,3
"Synthetic-only",0.9955,13.3782440289341,0,"Student-t",77,3
"SCP",0.9835,12.1611380718475,0,"LogNormal",78,0.25
"RSA-CP (OT) (Ours)",0.981,11.657971764335,0,"LogNormal",78,0.25
"SPI",0.979,11.2938705097939,0.0499999999999972,"LogNormal",78,0.25
"Synthetic-only",0.726,4.25587963193537,0,"LogNormal",78,0.25
"SCP",0.9835,12.1611380718475,0,"LogNormal",78,0.5
"RSA-CP (OT) (Ours)",0.981,11.6910910023019,0.0100000000000051,"LogNormal",78,0.5
"SPI",0.979,11.2938705097939,0.0499999999999972,"LogNormal",78,0.5
"Synthetic-only",0.809,5.07337269380288,0,"LogNormal",78,0.5
"SCP",0.9835,12.1611380718475,0,"LogNormal",78,1
"RSA-CP (OT) (Ours)",0.981,11.6745313833185,0,"LogNormal",78,1
"SPI",0.979,11.2938705097939,0.0499999999999972,"LogNormal",78,1
"Synthetic-only",0.902,6.71486699908237,0,"LogNormal",78,1
"SCP",0.9835,12.1611380718475,0,"LogNormal",78,1.5
"RSA-CP (OT) (Ours)",0.981,11.6628489352425,0,"LogNormal",78,1.5
"SPI",0.979,11.2938705097939,0.0600000000000023,"LogNormal",78,1.5
"Synthetic-only",0.9435,8.40460392599818,0.0100000000000051,"LogNormal",78,1.5
"SCP",0.9835,12.1611380718475,0,"LogNormal",78,2
"RSA-CP (OT) (Ours)",0.981,11.6496116815322,0.00999999999999091,"LogNormal",78,2
"SPI",0.979,11.2938705097939,0.0500000000000114,"LogNormal",78,2
"Synthetic-only",0.969,9.9140955529669,0,"LogNormal",78,2
"SCP",0.9835,12.1611380718475,0,"LogNormal",78,3
"RSA-CP (OT) (Ours)",0.981,11.6656833133161,0,"LogNormal",78,3
"SPI",0.9885,13.2366554407554,0.0499999999999972,"LogNormal",78,3
"Synthetic-only",0.99,13.5080975406462,0,"LogNormal",78,3
"SCP",0.94,6.02023689913925,0,"Student-t",78,0.25
"RSA-CP (OT) (Ours)",0.9325,5.76667816174384,0,"Student-t",78,0.25
"SPI",0.9535,6.62916768979624,0.0500000000000114,"Student-t",78,0.25
"Synthetic-only",0.953,6.59950857258851,0,"Student-t",78,0.25
"SCP",0.94,6.02023689913925,0,"Student-t",78,0.5
"RSA-CP (OT) (Ours)",0.931,5.73224041010999,0,"Student-t",78,0.5
"SPI",0.956,6.83701554610007,0.0499999999999972,"Student-t",78,0.5
"Synthetic-only",0.9555,6.79848493578079,0,"Student-t",78,0.5
"SCP",0.94,6.02023689913925,0,"Student-t",78,1
"RSA-CP (OT) (Ours)",0.9305,5.72908637131516,0,"Student-t",78,1
"SPI",0.9615,7.18104847836033,0.0600000000000023,"Student-t",78,1
"Synthetic-only",0.961,7.14445102257879,0.00999999999999091,"Student-t",78,1
"SCP",0.94,6.02023689913925,0,"Student-t",78,1.5
"RSA-CP (OT) (Ours)",0.9315,5.74209004069784,0,"Student-t",78,1.5
"SPI",0.976,8.53536213091081,0.0499999999999972,"Student-t",78,1.5
"Synthetic-only",0.976,8.52210519156414,0,"Student-t",78,1.5
"SCP",0.94,6.02023689913925,0,"Student-t",78,2
"RSA-CP (OT) (Ours)",0.932,5.757423555911,0.0100000000000051,"Student-t",78,2
"SPI",0.9765,8.56768619934058,0.0499999999999972,"Student-t",78,2
"Synthetic-only",0.986,10.2033078295044,0,"Student-t",78,2
"SCP",0.94,6.02023689913925,0,"Student-t",78,3
"RSA-CP (OT) (Ours)",0.9295,5.71417232624224,0,"Student-t",78,3
"SPI",0.9765,8.56768619934058,0.0499999999999972,"Student-t",78,3
"Synthetic-only",0.996,13.6031934612624,0,"Student-t",78,3
"SCP",0.9435,8.39745297598405,0,"LogNormal",79,0.25
"RSA-CP (OT) (Ours)",0.921,7.47462910411865,0,"LogNormal",79,0.25
"SPI",0.907,6.90866618371655,0.0499999999999972,"LogNormal",79,0.25
"Synthetic-only",0.726,4.26168482368383,0,"LogNormal",79,0.25
"SCP",0.9435,8.39745297598405,0,"LogNormal",79,0.5
"RSA-CP (OT) (Ours)",0.9215,7.52850030486905,0.00999999999999091,"LogNormal",79,0.5
"SPI",0.907,6.90866618371655,0.0400000000000063,"LogNormal",79,0.5
"Synthetic-only",0.802,5.00269757234227,0,"LogNormal",79,0.5
"SCP",0.9435,8.39745297598405,0,"LogNormal",79,1
"RSA-CP (OT) (Ours)",0.921,7.47462910411865,0,"LogNormal",79,1
"SPI",0.907,6.90866618371655,0.0499999999999972,"LogNormal",79,1
"Synthetic-only",0.897,6.54537771366843,0,"LogNormal",79,1
"SCP",0.9435,8.39745297598405,0,"LogNormal",79,1.5
"RSA-CP (OT) (Ours)",0.921,7.48062115744805,0.00999999999999091,"LogNormal",79,1.5
"SPI",0.943,8.37654492853734,0.0500000000000114,"LogNormal",79,1.5
"Synthetic-only",0.943,8.36650826989896,0,"LogNormal",79,1.5
"SCP",0.9435,8.39745297598405,0,"LogNormal",79,2
"RSA-CP (OT) (Ours)",0.9215,7.50802015421901,0,"LogNormal",79,2
"SPI",0.969,9.88801784113018,0.0499999999999972,"LogNormal",79,2
"Synthetic-only",0.969,9.88739859898556,0,"LogNormal",79,2
"SCP",0.9435,8.39745297598405,0,"LogNormal",79,3
"RSA-CP (OT) (Ours)",0.9215,7.51875414129196,0,"LogNormal",79,3
"SPI",0.976,10.7652616166225,0.0500000000000114,"LogNormal",79,3
"Synthetic-only",0.988,13.0505440473147,0,"LogNormal",79,3
"SCP",0.8925,4.80158517788314,0,"Student-t",79,0.25
"RSA-CP (OT) (Ours)",0.869,4.21961898758574,0,"Student-t",79,0.25
"SPI",0.9025,5.00256255474368,0.0499999999999972,"Student-t",79,0.25
"Synthetic-only",0.954,6.66172940184478,0,"Student-t",79,0.25
"SCP",0.8925,4.80158517788314,0,"Student-t",79,0.5
"RSA-CP (OT) (Ours)",0.869,4.18251106054555,0.0100000000000051,"Student-t",79,0.5
"SPI",0.9025,5.00256255474368,0.0499999999999972,"Student-t",79,0.5
"Synthetic-only",0.9475,6.32287808832342,0,"Student-t",79,0.5
"SCP",0.8925,4.80158517788314,0,"Student-t",79,1
"RSA-CP (OT) (Ours)",0.8735,4.31539311685722,0,"Student-t",79,1
"SPI",0.9025,5.00256255474368,0.0499999999999972,"Student-t",79,1
"Synthetic-only",0.9625,7.20252508610304,0,"Student-t",79,1
"SCP",0.8925,4.80158517788314,0,"Student-t",79,1.5
"RSA-CP (OT) (Ours)",0.869,4.20446385480869,0.0100000000000051,"Student-t",79,1.5
"SPI",0.9025,5.00256255474368,0.0299999999999869,"Student-t",79,1.5
"Synthetic-only",0.9755,8.43940899858454,0,"Student-t",79,1.5
"SCP",0.8925,4.80158517788314,0,"Student-t",79,2
"RSA-CP (OT) (Ours)",0.8735,4.32159917257025,0,"Student-t",79,2
"SPI",0.9025,5.00256255474368,0.0499999999999972,"Student-t",79,2
"Synthetic-only",0.986,10.2260662977591,0,"Student-t",79,2
"SCP",0.8925,4.80158517788314,0,"Student-t",79,3
"RSA-CP (OT) (Ours)",0.8735,4.31517367877788,0,"Student-t",79,3
"SPI",0.9025,5.00256255474368,0.0400000000000063,"Student-t",79,3
"Synthetic-only",0.996,13.6368027510041,0,"Student-t",79,3
"SCP",0.909,6.97689095090183,0,"LogNormal",80,0.25
"RSA-CP (OT) (Ours)",0.888,6.39134857403852,0,"LogNormal",80,0.25
"SPI",0.8645,5.95766355951939,0.0499999999999972,"LogNormal",80,0.25
"Synthetic-only",0.7275,4.27537668516833,0,"LogNormal",80,0.25
"SCP",0.909,6.97689095090183,0,"LogNormal",80,0.5
"RSA-CP (OT) (Ours)",0.888,6.40250276003161,0.0100000000000051,"LogNormal",80,0.5
"SPI",0.8645,5.95766355951939,0.0300000000000011,"LogNormal",80,0.5
"Synthetic-only",0.8115,5.11354419285542,0.019999999999996,"LogNormal",80,0.5
"SCP",0.909,6.97689095090183,0,"LogNormal",80,1
"RSA-CP (OT) (Ours)",0.888,6.38127543391925,0,"LogNormal",80,1
"SPI",0.903,6.76112210316412,0.039999999999992,"LogNormal",80,1
"Synthetic-only",0.903,6.75993912067544,0,"LogNormal",80,1
"SCP",0.909,6.97689095090183,0,"LogNormal",80,1.5
"RSA-CP (OT) (Ours)",0.8935,6.47190446105444,0.0200000000000102,"LogNormal",80,1.5
"SPI",0.94,8.27955428182403,0.0300000000000011,"LogNormal",80,1.5
"Synthetic-only",0.94,8.27785024683032,0,"LogNormal",80,1.5
"SCP",0.909,6.97689095090183,0,"LogNormal",80,2
"RSA-CP (OT) (Ours)",0.885,6.33582546770074,0,"LogNormal",80,2
"SPI",0.9555,8.91591267047375,0.0599999999999881,"LogNormal",80,2
"Synthetic-only",0.968,9.84893274041558,0.019999999999996,"LogNormal",80,2
"SCP",0.909,6.97689095090183,0,"LogNormal",80,3
"RSA-CP (OT) (Ours)",0.8875,6.37720202947973,0,"LogNormal",80,3
"SPI",0.9555,8.91591267047375,0.0500000000000114,"LogNormal",80,3
"Synthetic-only",0.9875,12.9580502759608,0,"LogNormal",80,3
"SCP",0.9765,8.55839946276975,0,"Student-t",80,0.25
"RSA-CP (OT) (Ours)",0.961,7.14415122541657,0.019999999999996,"Student-t",80,0.25
"SPI",0.949,6.45683176773846,0.039999999999992,"Student-t",80,0.25
"Synthetic-only",0.949,6.42403026511189,0,"Student-t",80,0.25
"SCP",0.9765,8.55839946276975,0,"Student-t",80,0.5
"RSA-CP (OT) (Ours)",0.9625,7.27343895214306,0,"Student-t",80,0.5
"SPI",0.954,6.7403914106948,0.0500000000000114,"Student-t",80,0.5
"Synthetic-only",0.954,6.71828790442455,0,"Student-t",80,0.5
"SCP",0.9765,8.55839946276975,0,"Student-t",80,1
"RSA-CP (OT) (Ours)",0.9625,7.20745608006933,0,"Student-t",80,1
"SPI",0.9625,7.38945314742701,0.0499999999999972,"Student-t",80,1
"Synthetic-only",0.9625,7.33503056963511,0,"Student-t",80,1
"SCP",0.9765,8.55839946276975,0,"Student-t",80,1.5
"RSA-CP (OT) (Ours)",0.9615,7.15866741411572,0.0100000000000051,"Student-t",80,1.5
"SPI",0.978,8.82963528791796,0.0499999999999972,"Student-t",80,1.5
"Synthetic-only",0.978,8.82733752492254,0,"Student-t",80,1.5
"SCP",0.9765,8.55839946276975,0,"Student-t",80,2
"RSA-CP (OT) (Ours)",0.9625,7.23191828853559,0,"Student-t",80,2
"SPI",0.985,10.01788692586,0.0499999999999972,"Student-t",80,2
"Synthetic-only",0.985,10.0072983012916,0,"Student-t",80,2
"SCP",0.9765,8.55839946276975,0,"Student-t",80,3
"RSA-CP (OT) (Ours)",0.9625,7.37879316153103,0.0100000000000051,"Student-t",80,3
"SPI",0.996,13.5101155336607,0.0299999999999869,"Student-t",80,3
"Synthetic-only",0.996,13.4885240354772,0,"Student-t",80,3
"SCP",0.9795,11.4623571863171,0,"LogNormal",81,0.25
"RSA-CP (OT) (Ours)",0.975,10.5452156243384,0,"LogNormal",81,0.25
"SPI",0.9705,9.95388733033458,0.0499999999999972,"LogNormal",81,0.25
"Synthetic-only",0.7275,4.28608401990139,0,"LogNormal",81,0.25
"SCP",0.9795,11.4623571863171,0,"LogNormal",81,0.5
"RSA-CP (OT) (Ours)",0.975,10.5452156243384,0,"LogNormal",81,0.5
"SPI",0.9705,9.95388733033458,0.0600000000000023,"LogNormal",81,0.5
"Synthetic-only",0.808,5.05848344941679,0.0100000000000051,"LogNormal",81,0.5
"SCP",0.9795,11.4623571863171,0,"LogNormal",81,1
"RSA-CP (OT) (Ours)",0.975,10.5222412983595,0,"LogNormal",81,1
"SPI",0.9705,9.95388733033458,0.0499999999999972,"LogNormal",81,1
"Synthetic-only",0.9015,6.66819172905127,0,"LogNormal",81,1
"SCP",0.9795,11.4623571863171,0,"LogNormal",81,1.5
"RSA-CP (OT) (Ours)",0.9755,10.7290102321701,0,"LogNormal",81,1.5
"SPI",0.9705,9.95388733033458,0.0600000000000023,"LogNormal",81,1.5
"Synthetic-only",0.946,8.44034162696577,0.0100000000000051,"LogNormal",81,1.5
"SCP",0.9795,11.4623571863171,0,"LogNormal",81,2
"RSA-CP (OT) (Ours)",0.9745,10.5106274876829,0,"LogNormal",81,2
"SPI",0.9705,10.0126317448899,0.0500000000000114,"LogNormal",81,2
"Synthetic-only",0.9705,10.0121299115604,0,"LogNormal",81,2
"SCP",0.9795,11.4623571863171,0,"LogNormal",81,3
"RSA-CP (OT) (Ours)",0.9755,10.7128998838351,0,"LogNormal",81,3
"SPI",0.991,13.8660677344745,0.0499999999999972,"LogNormal",81,3
"Synthetic-only",0.991,13.8578976427668,0,"LogNormal",81,3
"SCP",0.894,4.82687256569975,0,"Student-t",81,0.25
"RSA-CP (OT) (Ours)",0.89,4.75408425419344,0.0100000000000051,"Student-t",81,0.25
"SPI",0.9455,6.2970134735681,0.0499999999999972,"Student-t",81,0.25
"Synthetic-only",0.9455,6.25789595185562,0,"Student-t",81,0.25
"SCP",0.894,4.82687256569975,0,"Student-t",81,0.5
"RSA-CP (OT) (Ours)",0.891,4.7614735329341,0,"Student-t",81,0.5
"SPI",0.9505,6.49082337281401,0.0499999999999972,"Student-t",81,0.5
"Synthetic-only",0.9505,6.48769117569447,0,"Student-t",81,0.5
"SCP",0.894,4.82687256569975,0,"Student-t",81,1
"RSA-CP (OT) (Ours)",0.89,4.72885485134704,0,"Student-t",81,1
"SPI",0.964,7.51443155876853,0.0600000000000023,"Student-t",81,1
"Synthetic-only",0.964,7.50478851160634,0,"Student-t",81,1
"SCP",0.894,4.82687256569975,0,"Student-t",81,1.5
"RSA-CP (OT) (Ours)",0.888,4.68933050733573,0,"Student-t",81,1.5
"SPI",0.977,8.6779835988858,0.0499999999999972,"Student-t",81,1.5
"Synthetic-only",0.977,8.67280294267258,0,"Student-t",81,1.5
"SCP",0.894,4.82687256569975,0,"Student-t",81,2
"RSA-CP (OT) (Ours)",0.89,4.73418238452924,0,"Student-t",81,2
"SPI",0.9875,10.460484343323,0.109999999999999,"Student-t",81,2
"Synthetic-only",0.9875,10.425930561155,0,"Student-t",81,2
"SCP",0.894,4.82687256569975,0,"Student-t",81,3
"RSA-CP (OT) (Ours)",0.89,4.7292198693586,0,"Student-t",81,3
"SPI",0.9875,10.5193563089707,0.0400000000000063,"Student-t",81,3
"Synthetic-only",0.996,13.6576505879389,0,"Student-t",81,3
"SCP",0.939,8.25141671290797,0,"LogNormal",82,0.25
"RSA-CP (OT) (Ours)",0.937,8.10915566099672,0,"LogNormal",82,0.25
"SPI",0.9325,7.98236328793975,0.0599999999999881,"LogNormal",82,0.25
"Synthetic-only",0.7275,4.29831298074424,0.019999999999996,"LogNormal",82,0.25
"SCP",0.939,8.25141671290797,0,"LogNormal",82,0.5
"RSA-CP (OT) (Ours)",0.9355,8.08672369512951,0.0200000000000102,"LogNormal",82,0.5
"SPI",0.9325,7.98236328793975,0.0300000000000011,"LogNormal",82,0.5
"Synthetic-only",0.802,5.00398240399853,0,"LogNormal",82,0.5
"SCP",0.939,8.25141671290797,0,"LogNormal",82,1
"RSA-CP (OT) (Ours)",0.9355,8.08920904947059,0,"LogNormal",82,1
"SPI",0.9325,7.98236328793975,0.0599999999999881,"LogNormal",82,1
"Synthetic-only",0.9,6.62262878838802,0.019999999999996,"LogNormal",82,1
"SCP",0.939,8.25141671290797,0,"LogNormal",82,1.5
"RSA-CP (OT) (Ours)",0.937,8.11047857939336,0,"LogNormal",82,1.5
"SPI",0.9385,8.19049285284623,0.0500000000000114,"LogNormal",82,1.5
"Synthetic-only",0.9385,8.1896384273601,0,"LogNormal",82,1.5
"SCP",0.939,8.25141671290797,0,"LogNormal",82,2
"RSA-CP (OT) (Ours)",0.9355,8.08234518419733,0,"LogNormal",82,2
"SPI",0.956,8.9653090249286,0.039999999999992,"LogNormal",82,2
"Synthetic-only",0.9705,10.0702639511996,0,"LogNormal",82,2
"SCP",0.939,8.25141671290797,0,"LogNormal",82,3
"RSA-CP (OT) (Ours)",0.935,8.07455674855476,0.0200000000000102,"LogNormal",82,3
"SPI",0.956,8.9653090249286,0.0499999999999972,"LogNormal",82,3
"Synthetic-only",0.9885,13.1132676087958,0,"LogNormal",82,3
"SCP",0.982,9.59516335450293,0,"Student-t",82,0.25
"RSA-CP (OT) (Ours)",0.973,8.24474414053944,0,"Student-t",82,0.25
"SPI",0.9625,7.20350077441446,0.0400000000000063,"Student-t",82,0.25
"Synthetic-only",0.953,6.58730243436363,0,"Student-t",82,0.25
"SCP",0.982,9.59516335450293,0,"Student-t",82,0.5
"RSA-CP (OT) (Ours)",0.973,8.21286597378844,0,"Student-t",82,0.5
"SPI",0.9625,7.20350077441446,0.0499999999999972,"Student-t",82,0.5
"Synthetic-only",0.954,6.68685170519683,0.019999999999996,"Student-t",82,0.5
"SCP",0.982,9.59516335450293,0,"Student-t",82,1
"RSA-CP (OT) (Ours)",0.9715,8.0742438638891,0,"Student-t",82,1
"SPI",0.9625,7.33075680621043,0.0400000000000063,"Student-t",82,1
"Synthetic-only",0.9625,7.3233064375956,0,"Student-t",82,1
"SCP",0.982,9.59516335450293,0,"Student-t",82,1.5
"RSA-CP (OT) (Ours)",0.972,8.10990622960992,0,"Student-t",82,1.5
"SPI",0.9745,8.38261005450932,0.0499999999999972,"Student-t",82,1.5
"Synthetic-only",0.9745,8.37112774183368,0,"Student-t",82,1.5
"SCP",0.982,9.59516335450293,0,"Student-t",82,2
"RSA-CP (OT) (Ours)",0.9745,8.3312448225121,0.00999999999999091,"Student-t",82,2
"SPI",0.987,10.36290317462,0.0400000000000063,"Student-t",82,2
"Synthetic-only",0.987,10.3580479936354,0,"Student-t",82,2
"SCP",0.982,9.59516335450293,0,"Student-t",82,3
"RSA-CP (OT) (Ours)",0.971,8.01128165162053,0,"Student-t",82,3
"SPI",0.9875,10.4811365712883,0.0499999999999972,"Student-t",82,3
"Synthetic-only",0.9955,13.2314604998906,0,"Student-t",82,3
"SCP",0.9885,13.1885810737112,0,"LogNormal",83,0.25
"RSA-CP (OT) (Ours)",0.9795,11.4434798545146,0.00999999999999091,"LogNormal",83,0.25
"SPI",0.972,10.2124415308713,0.0500000000000114,"LogNormal",83,0.25
"Synthetic-only",0.728,4.30172041340688,0,"LogNormal",83,0.25
"SCP",0.9885,13.1885810737112,0,"LogNormal",83,0.5
"RSA-CP (OT) (Ours)",0.9805,11.4989409846658,0,"LogNormal",83,0.5
"SPI",0.972,10.2124415308713,0.0499999999999972,"LogNormal",83,0.5
"Synthetic-only",0.802,5.00678775359324,0,"LogNormal",83,0.5
"SCP",0.9885,13.1885810737112,0,"LogNormal",83,1
"RSA-CP (OT) (Ours)",0.979,11.3510446375961,0,"LogNormal",83,1
"SPI",0.972,10.2124415308713,0.0600000000000023,"LogNormal",83,1
"Synthetic-only",0.897,6.53557789863354,0.00999999999999091,"LogNormal",83,1
"SCP",0.9885,13.1885810737112,0,"LogNormal",83,1.5
"RSA-CP (OT) (Ours)",0.981,11.609863244968,0,"LogNormal",83,1.5
"SPI",0.972,10.2124415308713,0.0499999999999972,"LogNormal",83,1.5
"Synthetic-only",0.942,8.34298169106137,0,"LogNormal",83,1.5
"SCP",0.9885,13.1885810737112,0,"LogNormal",83,2
"RSA-CP (OT) (Ours)",0.98,11.4956782095183,0.0100000000000051,"LogNormal",83,2
"SPI",0.972,10.2124415308713,0.0499999999999972,"LogNormal",83,2
"Synthetic-only",0.9705,10.0522528560694,0,"LogNormal",83,2
"SCP",0.9885,13.1885810737112,0,"LogNormal",83,3
"RSA-CP (OT) (Ours)",0.981,11.6544141025842,0,"LogNormal",83,3
"SPI",0.9905,13.5554693536197,0.0499999999999972,"LogNormal",83,3
"Synthetic-only",0.9905,13.5451292532385,0,"LogNormal",83,3
"SCP",0.9765,8.55860209398103,0,"Student-t",83,0.25
"RSA-CP (OT) (Ours)",0.9415,6.11210184918282,0.0100000000000051,"Student-t",83,0.25
"SPI",0.9485,6.36506854749604,0.0299999999999869,"Student-t",83,0.25
"Synthetic-only",0.9485,6.35599269538667,0,"Student-t",83,0.25
"SCP",0.9765,8.55860209398103,0,"Student-t",83,0.5
"RSA-CP (OT) (Ours)",0.9485,6.38654686207542,0,"Student-t",83,0.5
"SPI",0.946,6.29984427994,0.0499999999999972,"Student-t",83,0.5
"Synthetic-only",0.9455,6.29682525402126,0,"Student-t",83,0.5
"SCP",0.9765,8.55860209398103,0,"Student-t",83,1
"RSA-CP (OT) (Ours)",0.944,6.24303312190446,0,"Student-t",83,1
"SPI",0.9625,7.39189547858106,0.0400000000000063,"Student-t",83,1
"Synthetic-only",0.9625,7.37088980452531,0,"Student-t",83,1
"SCP",0.9765,8.55860209398103,0,"Student-t",83,1.5
"RSA-CP (OT) (Ours)",0.948,6.33345507476944,0.019999999999996,"Student-t",83,1.5
"SPI",0.9765,8.60006836819577,0.0300000000000011,"Student-t",83,1.5
"Synthetic-only",0.9765,8.56574056759411,0,"Student-t",83,1.5
"SCP",0.9765,8.55860209398103,0,"Student-t",83,2
"RSA-CP (OT) (Ours)",0.942,6.14776093376009,0,"Student-t",83,2
"SPI",0.9865,10.2993884128183,0.0400000000000063,"Student-t",83,2
"Synthetic-only",0.9865,10.2898396660168,0,"Student-t",83,2
"SCP",0.9765,8.55860209398103,0,"Student-t",83,3
"RSA-CP (OT) (Ours)",0.944,6.24849487572153,0,"Student-t",83,3
"SPI",0.9925,12.0968329956169,0.0499999999999972,"Student-t",83,3
"Synthetic-only",0.9955,12.8213087861801,0,"Student-t",83,3
"SCP",0.979,11.3606139577792,0,"LogNormal",84,0.25
"RSA-CP (OT) (Ours)",0.968,9.84655655278621,0,"LogNormal",84,0.25
"SPI",0.9475,8.51942760748357,0.0500000000000114,"LogNormal",84,0.25
"Synthetic-only",0.7295,4.3053831562465,0,"LogNormal",84,0.25
"SCP",0.979,11.3606139577792,0,"LogNormal",84,0.5
"RSA-CP (OT) (Ours)",0.969,9.91577663400087,0,"LogNormal",84,0.5
"SPI",0.9475,8.51942760748357,0.0599999999999881,"LogNormal",84,0.5
"Synthetic-only",0.8065,5.0537891051706,0.019999999999996,"LogNormal",84,0.5
"SCP",0.979,11.3606139577792,0,"LogNormal",84,1
"RSA-CP (OT) (Ours)",0.966,9.62159128883854,0,"LogNormal",84,1
"SPI",0.9475,8.51942760748357,0.0500000000000114,"LogNormal",84,1
"Synthetic-only",0.8985,6.59194006479646,0,"LogNormal",84,1
"SCP",0.979,11.3606139577792,0,"LogNormal",84,1.5
"RSA-CP (OT) (Ours)",0.968,9.81194651217887,0.019999999999996,"LogNormal",84,1.5
"SPI",0.9475,8.51942760748357,0.039999999999992,"LogNormal",84,1.5
"Synthetic-only",0.9405,8.28509506286994,0,"LogNormal",84,1.5
"SCP",0.979,11.3606139577792,0,"LogNormal",84,2
"RSA-CP (OT) (Ours)",0.968,9.81816077903292,0,"LogNormal",84,2
"SPI",0.9705,10.0023377714073,0.0500000000000114,"LogNormal",84,2
"Synthetic-only",0.9705,9.97935539079587,0,"LogNormal",84,2
"SCP",0.979,11.3606139577792,0,"LogNormal",84,3
"RSA-CP (OT) (Ours)",0.969,9.88492822095115,0.019999999999996,"LogNormal",84,3
"SPI",0.9905,13.7074500066654,0.0300000000000011,"LogNormal",84,3
"Synthetic-only",0.9905,13.6939982252338,0,"LogNormal",84,3
"SCP",0.9965,14.9969891661086,0,"Student-t",84,0.25
"RSA-CP (OT) (Ours)",0.982,9.41359760022187,0,"Student-t",84,0.25
"SPI",0.954,6.66834426516688,0.0499999999999972,"Student-t",84,0.25
"Synthetic-only",0.9485,6.3795666967564,0,"Student-t",84,0.25
"SCP",0.9965,14.9969891661086,0,"Student-t",84,0.5
"RSA-CP (OT) (Ours)",0.981,9.2627040729651,0,"Student-t",84,0.5
"SPI",0.954,6.68342585533417,0.0499999999999972,"Student-t",84,0.5
"Synthetic-only",0.954,6.66523858365759,0,"Student-t",84,0.5
"SCP",0.9965,14.9969891661086,0,"Student-t",84,1
"RSA-CP (OT) (Ours)",0.985,9.83743334525265,0.0100000000000051,"Student-t",84,1
"SPI",0.9625,7.40255216390571,0.0499999999999972,"Student-t",84,1
"Synthetic-only",0.9625,7.39265047555811,0,"Student-t",84,1
"SCP",0.9965,14.9969891661086,0,"Student-t",84,1.5
"RSA-CP (OT) (Ours)",0.985,9.96281722465927,0,"Student-t",84,1.5
"SPI",0.973,8.26645902469751,0.0499999999999972,"Student-t",84,1.5
"Synthetic-only",0.973,8.26347867494255,0,"Student-t",84,1.5
"SCP",0.9965,14.9969891661086,0,"Student-t",84,2
"RSA-CP (OT) (Ours)",0.988,10.7573961314021,0,"Student-t",84,2
"SPI",0.985,9.91486500385263,0.0400000000000063,"Student-t",84,2
"Synthetic-only",0.985,9.91172327948991,0,"Student-t",84,2
"SCP",0.9965,14.9969891661086,0,"Student-t",84,3
"RSA-CP (OT) (Ours)",0.989,10.9416856599904,0.019999999999996,"Student-t",84,3
"SPI",0.9955,13.1207858857499,0.0499999999999972,"Student-t",84,3
"Synthetic-only",0.9955,13.1197964762287,0,"Student-t",84,3
"SCP",0.9205,7.45761914047007,0,"LogNormal",85,0.25
"RSA-CP (OT) (Ours)",0.897,6.5602495856433,0.0100000000000051,"LogNormal",85,0.25
"SPI",0.8685,6.01051718834897,0.0499999999999972,"LogNormal",85,0.25
"Synthetic-only",0.7275,4.28394960807909,0,"LogNormal",85,0.25
"SCP",0.9205,7.45761914047007,0,"LogNormal",85,0.5
"RSA-CP (OT) (Ours)",0.9015,6.67534168363705,0,"LogNormal",85,0.5
"SPI",0.8685,6.01051718834897,0.039999999999992,"LogNormal",85,0.5
"Synthetic-only",0.809,5.07025212255103,0,"LogNormal",85,0.5
"SCP",0.9205,7.45761914047007,0,"LogNormal",85,1
"RSA-CP (OT) (Ours)",0.8995,6.6062864248408,0.0200000000000102,"LogNormal",85,1
"SPI",0.8955,6.51812868540603,0.0499999999999972,"LogNormal",85,1
"Synthetic-only",0.895,6.50247178417688,0,"LogNormal",85,1
"SCP",0.9205,7.45761914047007,0,"LogNormal",85,1.5
"RSA-CP (OT) (Ours)",0.9015,6.67534168363705,0,"LogNormal",85,1.5
"SPI",0.942,8.3408585471095,0.039999999999992,"LogNormal",85,1.5
"Synthetic-only",0.942,8.34077451116416,0,"LogNormal",85,1.5
"SCP",0.9205,7.45761914047007,0,"LogNormal",85,2
"RSA-CP (OT) (Ours)",0.9005,6.6523232640383,0.0200000000000102,"LogNormal",85,2
"SPI",0.969,9.92134726160707,0.0300000000000011,"LogNormal",85,2
"Synthetic-only",0.969,9.91569583910633,0,"LogNormal",85,2
"SCP",0.9205,7.45761914047007,0,"LogNormal",85,3
"RSA-CP (OT) (Ours)",0.9015,6.70325491764281,0,"LogNormal",85,3
"SPI",0.9905,13.5774953198919,0.039999999999992,"LogNormal",85,3
"Synthetic-only",0.9905,13.5447316037156,0,"LogNormal",85,3
"SCP",0.9505,6.49039927461951,0,"Student-t",85,0.25
"RSA-CP (OT) (Ours)",0.934,5.81575940743487,0.0200000000000102,"Student-t",85,0.25
"SPI",0.953,6.57050099929757,0.0300000000000011,"Student-t",85,0.25
"Synthetic-only",0.953,6.56286245508665,0,"Student-t",85,0.25
"SCP",0.9505,6.49039927461951,0,"Student-t",85,0.5
"RSA-CP (OT) (Ours)",0.934,5.81386537969595,0.019999999999996,"Student-t",85,0.5
"SPI",0.954,6.74200807553266,0.0400000000000063,"Student-t",85,0.5
"Synthetic-only",0.954,6.71118306375751,0,"Student-t",85,0.5
"SCP",0.9505,6.49039927461951,0,"Student-t",85,1
"RSA-CP (OT) (Ours)",0.9365,5.86480250525993,0,"Student-t",85,1
"SPI",0.9655,7.69008614476998,0.0499999999999972,"Student-t",85,1
"Synthetic-only",0.9655,7.67310641057168,0,"Student-t",85,1
"SCP",0.9505,6.49039927461951,0,"Student-t",85,1.5
"RSA-CP (OT) (Ours)",0.93,5.72027716827725,0.019999999999996,"Student-t",85,1.5
"SPI",0.9745,8.32494569440968,0.0300000000000011,"Student-t",85,1.5
"Synthetic-only",0.973,8.30148584483372,0,"Student-t",85,1.5
"SCP",0.9505,6.49039927461951,0,"Student-t",85,2
"RSA-CP (OT) (Ours)",0.9315,5.73992646059371,0,"Student-t",85,2
"SPI",0.9775,8.72445131499629,0.0499999999999972,"Student-t",85,2
"Synthetic-only",0.985,9.9455398161913,0,"Student-t",85,2
"SCP",0.9505,6.49039927461951,0,"Student-t",85,3
"RSA-CP (OT) (Ours)",0.937,5.87646769058835,0,"Student-t",85,3
"SPI",0.9775,8.72445131499629,0.0499999999999972,"Student-t",85,3
"Synthetic-only",0.9955,13.0976699841825,0,"Student-t",85,3
"SCP",0.973,10.363824505309,0,"LogNormal",86,0.25
"RSA-CP (OT) (Ours)",0.964,9.47687342511056,0,"LogNormal",86,0.25
"SPI",0.9565,8.99761727388206,0.0499999999999972,"LogNormal",86,0.25
"Synthetic-only",0.7275,4.28719402632394,0,"LogNormal",86,0.25
"SCP",0.973,10.363824505309,0,"LogNormal",86,0.5
"RSA-CP (OT) (Ours)",0.965,9.52378864008636,0.00999999999999091,"LogNormal",86,0.5
"SPI",0.9565,8.99761727388206,0.0500000000000114,"LogNormal",86,0.5
"Synthetic-only",0.802,5.00695948650525,0,"LogNormal",86,0.5
"SCP",0.973,10.363824505309,0,"LogNormal",86,1
"RSA-CP (OT) (Ours)",0.9655,9.57070385506215,0,"LogNormal",86,1
"SPI",0.9565,8.99761727388206,0.0499999999999972,"LogNormal",86,1
"Synthetic-only",0.905,6.79782024746582,0,"LogNormal",86,1
"SCP",0.973,10.363824505309,0,"LogNormal",86,1.5
"RSA-CP (OT) (Ours)",0.966,9.64107667752585,0.00999999999999091,"LogNormal",86,1.5
"SPI",0.9565,8.99761727388206,0.0500000000000114,"LogNormal",86,1.5
"Synthetic-only",0.941,8.31762983434232,0,"LogNormal",86,1.5
"SCP",0.973,10.363824505309,0,"LogNormal",86,2
"RSA-CP (OT) (Ours)",0.964,9.4498482373234,0,"LogNormal",86,2
"SPI",0.97,9.93753409001918,0.0499999999999972,"LogNormal",86,2
"Synthetic-only",0.969,9.91735550541983,0,"LogNormal",86,2
"SCP",0.973,10.363824505309,0,"LogNormal",86,3
"RSA-CP (OT) (Ours)",0.9655,9.57796381399898,0.0100000000000051,"LogNormal",86,3
"SPI",0.99,13.4514969576144,0.0299999999999869,"LogNormal",86,3
"Synthetic-only",0.9895,13.3978134465988,0,"LogNormal",86,3
"SCP",0.976,8.44667736094334,0,"Student-t",86,0.25
"RSA-CP (OT) (Ours)",0.973,8.23421608637589,0,"Student-t",86,0.25
"SPI",0.973,8.16981991539215,0.0499999999999972,"Student-t",86,0.25
"Synthetic-only",0.949,6.39398708743486,0,"Student-t",86,0.25
"SCP",0.976,8.44667736094334,0,"Student-t",86,0.5
"RSA-CP (OT) (Ours)",0.973,8.23600781881362,0,"Student-t",86,0.5
"SPI",0.973,8.16981991539215,0.039999999999992,"Student-t",86,0.5
"Synthetic-only",0.9475,6.31010794048202,0,"Student-t",86,0.5
"SCP",0.976,8.44667736094334,0,"Student-t",86,1
"RSA-CP (OT) (Ours)",0.973,8.24241417087392,0.0200000000000102,"Student-t",86,1
"SPI",0.973,8.16981991539215,0.0499999999999972,"Student-t",86,1
"Synthetic-only",0.9615,7.16898805404768,0,"Student-t",86,1
"SCP",0.976,8.44667736094334,0,"Student-t",86,1.5
"RSA-CP (OT) (Ours)",0.973,8.26772222999822,0,"Student-t",86,1.5
"SPI",0.9775,8.70490643085661,0.0400000000000063,"Student-t",86,1.5
"Synthetic-only",0.977,8.66012595476828,0,"Student-t",86,1.5
"SCP",0.976,8.44667736094334,0,"Student-t",86,2
"RSA-CP (OT) (Ours)",0.973,8.29054668595382,0,"Student-t",86,2
"SPI",0.9865,10.3151546786654,0.0499999999999972,"Student-t",86,2
"Synthetic-only",0.9865,10.3023926760425,0,"Student-t",86,2
"SCP",0.976,8.44667736094334,0,"Student-t",86,3
"RSA-CP (OT) (Ours)",0.973,8.19079838889841,0,"Student-t",86,3
"SPI",0.9905,11.2545266244434,0.0600000000000023,"Student-t",86,3
"Synthetic-only",0.9955,13.347478288565,0.019999999999996,"Student-t",86,3
"SCP",0.916,7.29076670853185,0,"LogNormal",87,0.25
"RSA-CP (OT) (Ours)",0.894,6.47363627767253,0.019999999999996,"LogNormal",87,0.25
"SPI",0.861,5.90641875866265,0.039999999999992,"LogNormal",87,0.25
"Synthetic-only",0.7275,4.28496962272052,0,"LogNormal",87,0.25
"SCP",0.916,7.29076670853185,0,"LogNormal",87,0.5
"RSA-CP (OT) (Ours)",0.8955,6.51540167301235,0,"LogNormal",87,0.5
"SPI",0.861,5.90641875866265,0.0500000000000114,"LogNormal",87,0.5
"Synthetic-only",0.809,5.0869226278395,0,"LogNormal",87,0.5
"SCP",0.916,7.29076670853185,0,"LogNormal",87,1
"RSA-CP (OT) (Ours)",0.8965,6.52932347145896,0,"LogNormal",87,1
"SPI",0.903,6.77595447222153,0.0499999999999972,"LogNormal",87,1
"Synthetic-only",0.903,6.77014723208479,0,"LogNormal",87,1
"SCP",0.916,7.29076670853185,0,"LogNormal",87,1.5
"RSA-CP (OT) (Ours)",0.8955,6.50881142995831,0,"LogNormal",87,1.5
"SPI",0.941,8.32837829164443,0.0600000000000023,"LogNormal",87,1.5
"Synthetic-only",0.9405,8.30744629064303,0.00999999999999091,"LogNormal",87,1.5
"SCP",0.916,7.29076670853185,0,"LogNormal",87,2
"RSA-CP (OT) (Ours)",0.8935,6.46514157298147,0,"LogNormal",87,2
"SPI",0.969,9.91972082574431,0.0499999999999972,"LogNormal",87,2
"Synthetic-only",0.969,9.91249129144064,0,"LogNormal",87,2
"SCP",0.916,7.29076670853185,0,"LogNormal",87,3
"RSA-CP (OT) (Ours)",0.8905,6.44180304204299,0,"LogNormal",87,3
"SPI",0.9775,11.1281575583217,0.0600000000000023,"LogNormal",87,3
"Synthetic-only",0.986,12.6969915775854,0.00999999999999091,"LogNormal",87,3
"SCP",0.927,5.64291701995046,0,"Student-t",87,0.25
"RSA-CP (OT) (Ours)",0.916,5.27765799735964,0,"Student-t",87,0.25
"SPI",0.9475,6.32739644937365,0.0499999999999972,"Student-t",87,0.25
"Synthetic-only",0.9475,6.32721841275029,0,"Student-t",87,0.25
"SCP",0.927,5.64291701995046,0,"Student-t",87,0.5
"RSA-CP (OT) (Ours)",0.9145,5.26314615722591,0.0100000000000051,"Student-t",87,0.5
"SPI",0.958,6.9948401593852,0.0299999999999869,"Student-t",87,0.5
"Synthetic-only",0.9575,6.97649273702714,0,"Student-t",87,0.5
"SCP",0.927,5.64291701995046,0,"Student-t",87,1
"RSA-CP (OT) (Ours)",0.9165,5.31428978780533,0,"Student-t",87,1
"SPI",0.9645,7.5507621963562,0.0499999999999972,"Student-t",87,1
"Synthetic-only",0.9645,7.53840331752334,0,"Student-t",87,1
"SCP",0.927,5.64291701995046,0,"Student-t",87,1.5
"RSA-CP (OT) (Ours)",0.9155,5.26679199158996,0,"Student-t",87,1.5
"SPI",0.966,7.7246157351701,0.039999999999992,"Student-t",87,1.5
"Synthetic-only",0.971,8.03471351415214,0,"Student-t",87,1.5
"SCP",0.927,5.64291701995046,0,"Student-t",87,2
"RSA-CP (OT) (Ours)",0.916,5.30566077108181,0.0200000000000102,"Student-t",87,2
"SPI",0.966,7.7246157351701,0.0499999999999972,"Student-t",87,2
"Synthetic-only",0.985,9.95933279711347,0,"Student-t",87,2
"SCP",0.927,5.64291701995046,0,"Student-t",87,3
"RSA-CP (OT) (Ours)",0.916,5.28704048728676,0,"Student-t",87,3
"SPI",0.966,7.7246157351701,0.0400000000000063,"Student-t",87,3
"Synthetic-only",0.9955,13.1830100547645,0,"Student-t",87,3
"SCP",0.968,9.7943960452529,0,"LogNormal",88,0.25
"RSA-CP (OT) (Ours)",0.9295,7.83486285681998,0,"LogNormal",88,0.25
"SPI",0.8875,6.36867048937277,0.0699999999999932,"LogNormal",88,0.25
"Synthetic-only",0.7265,4.26600215043498,0.019999999999996,"LogNormal",88,0.25
"SCP",0.968,9.7943960452529,0,"LogNormal",88,0.5
"RSA-CP (OT) (Ours)",0.9325,7.92829393006997,0,"LogNormal",88,0.5
"SPI",0.8875,6.36867048937277,0.0400000000000063,"LogNormal",88,0.5
"Synthetic-only",0.8085,5.06153349599202,0,"LogNormal",88,0.5
"SCP",0.968,9.7943960452529,0,"LogNormal",88,1
"RSA-CP (OT) (Ours)",0.9265,7.71519428552869,0.019999999999996,"LogNormal",88,1
"SPI",0.897,6.56805769388928,0.039999999999992,"LogNormal",88,1
"Synthetic-only",0.897,6.56447334384338,0,"LogNormal",88,1
"SCP",0.968,9.7943960452529,0,"LogNormal",88,1.5
"RSA-CP (OT) (Ours)",0.9325,7.980745784671,0,"LogNormal",88,1.5
"SPI",0.939,8.2601407411646,0.0500000000000114,"LogNormal",88,1.5
"Synthetic-only",0.939,8.2557620376416,0,"LogNormal",88,1.5
"SCP",0.968,9.7943960452529,0,"LogNormal",88,2
"RSA-CP (OT) (Ours)",0.928,7.77331522795648,0.019999999999996,"LogNormal",88,2
"SPI",0.972,10.1456174782253,0.039999999999992,"LogNormal",88,2
"Synthetic-only",0.972,10.1301133773264,0,"LogNormal",88,2
"SCP",0.968,9.7943960452529,0,"LogNormal",88,3
"RSA-CP (OT) (Ours)",0.9325,7.95828052768053,0,"LogNormal",88,3
"SPI",0.9755,10.6689387454028,0.0500000000000114,"LogNormal",88,3
"Synthetic-only",0.9885,13.2349750628389,0,"LogNormal",88,3
"SCP",0.983,9.63864880031159,0,"Student-t",88,0.25
"RSA-CP (OT) (Ours)",0.9735,8.3222081585834,0.019999999999996,"Student-t",88,0.25
"SPI",0.9625,7.30418003931654,0.039999999999992,"Student-t",88,0.25
"Synthetic-only",0.954,6.75751913714958,0,"Student-t",88,0.25
"SCP",0.983,9.63864880031159,0,"Student-t",88,0.5
"RSA-CP (OT) (Ours)",0.972,8.13484364201423,0,"Student-t",88,0.5
"SPI",0.9625,7.30418003931654,0.0500000000000114,"Student-t",88,0.5
"Synthetic-only",0.953,6.56257301224766,0,"Student-t",88,0.5
"SCP",0.983,9.63864880031159,0,"Student-t",88,1
"RSA-CP (OT) (Ours)",0.9745,8.33802932176525,0.019999999999996,"Student-t",88,1
"SPI",0.965,7.58269679721453,0.0400000000000063,"Student-t",88,1
"Synthetic-only",0.9645,7.54939062722197,0,"Student-t",88,1
"SCP",0.983,9.63864880031159,0,"Student-t",88,1.5
"RSA-CP (OT) (Ours)",0.973,8.18743358706978,0,"Student-t",88,1.5
"SPI",0.9765,8.58977450708892,0.0499999999999972,"Student-t",88,1.5
"Synthetic-only",0.9765,8.56239764021132,0,"Student-t",88,1.5
"SCP",0.983,9.63864880031159,0,"Student-t",88,2
"RSA-CP (OT) (Ours)",0.9745,8.35575252144746,0,"Student-t",88,2
"SPI",0.9845,9.70386274634414,0.0499999999999972,"Student-t",88,2
"Synthetic-only",0.9865,10.3415070001673,0,"Student-t",88,2
"SCP",0.983,9.63864880031159,0,"Student-t",88,3
"RSA-CP (OT) (Ours)",0.973,8.30314409707024,0.0100000000000051,"Student-t",88,3
"SPI",0.9845,9.70386274634414,0.0499999999999972,"Student-t",88,3
"Synthetic-only",0.996,13.593190967313,0,"Student-t",88,3
"SCP",0.979,11.3626182001035,0,"LogNormal",89,0.25
"RSA-CP (OT) (Ours)",0.9755,10.6977410700557,0.00999999999999091,"LogNormal",89,0.25
"SPI",0.973,10.3293150172693,0.0400000000000063,"LogNormal",89,0.25
"Synthetic-only",0.721,4.22728522376267,0,"LogNormal",89,0.25
"SCP",0.979,11.3626182001035,0,"LogNormal",89,0.5
"RSA-CP (OT) (Ours)",0.9765,10.8334008300021,0,"LogNormal",89,0.5
"SPI",0.973,10.3293150172693,0.0499999999999972,"LogNormal",89,0.5
"Synthetic-only",0.812,5.12800622128528,0,"LogNormal",89,0.5
"SCP",0.979,11.3626182001035,0,"LogNormal",89,1
"RSA-CP (OT) (Ours)",0.976,10.7752609328822,0.00999999999999091,"LogNormal",89,1
"SPI",0.973,10.3293150172693,0.0400000000000063,"LogNormal",89,1
"Synthetic-only",0.8995,6.6131295002458,0,"LogNormal",89,1
"SCP",0.979,11.3626182001035,0,"LogNormal",89,1.5
"RSA-CP (OT) (Ours)",0.9765,10.8140208642955,0,"LogNormal",89,1.5
"SPI",0.973,10.3293150172693,0.0600000000000023,"LogNormal",89,1.5
"Synthetic-only",0.947,8.49647427515338,0.0100000000000051,"LogNormal",89,1.5
"SCP",0.979,11.3626182001035,0,"LogNormal",89,2
"RSA-CP (OT) (Ours)",0.9755,10.7323825784974,0,"LogNormal",89,2
"SPI",0.973,10.3293150172693,0.039999999999992,"LogNormal",89,2
"Synthetic-only",0.969,9.88830702219538,0,"LogNormal",89,2
"SCP",0.979,11.3626182001035,0,"LogNormal",89,3
"RSA-CP (OT) (Ours)",0.976,10.7652993683221,0,"LogNormal",89,3
"SPI",0.9885,13.2352114594995,0.0700000000000074,"LogNormal",89,3
"Synthetic-only",0.9885,13.2192736029675,0.0200000000000102,"LogNormal",89,3
"SCP",0.9625,7.24586766005496,0,"Student-t",89,0.25
"RSA-CP (OT) (Ours)",0.954,6.69895010166588,0,"Student-t",89,0.25
"SPI",0.9545,6.76720117709959,0.039999999999992,"Student-t",89,0.25
"Synthetic-only",0.954,6.75482634335,0,"Student-t",89,0.25
"SCP",0.9625,7.24586766005496,0,"Student-t",89,0.5
"RSA-CP (OT) (Ours)",0.953,6.59002408375262,0.0200000000000102,"Student-t",89,0.5
"SPI",0.9485,6.3856220920702,0.0300000000000011,"Student-t",89,0.5
"Synthetic-only",0.9485,6.36989448136508,0,"Student-t",89,0.5
"SCP",0.9625,7.24586766005496,0,"Student-t",89,1
"RSA-CP (OT) (Ours)",0.953,6.59002408375262,0,"Student-t",89,1
"SPI",0.962,7.18607188691686,0.039999999999992,"Student-t",89,1
"Synthetic-only",0.9615,7.16223348421195,0,"Student-t",89,1
"SCP",0.9625,7.24586766005496,0,"Student-t",89,1.5
"RSA-CP (OT) (Ours)",0.953,6.58866240131134,0,"Student-t",89,1.5
"SPI",0.975,8.40593310175596,0.0500000000000114,"Student-t",89,1.5
"Synthetic-only",0.9745,8.38517186212978,0,"Student-t",89,1.5
"SCP",0.9625,7.24586766005496,0,"Student-t",89,2
"RSA-CP (OT) (Ours)",0.9535,6.64448709270925,0.019999999999996,"Student-t",89,2
"SPI",0.986,10.2144385598689,0.0300000000000011,"Student-t",89,2
"Synthetic-only",0.986,10.2028550562375,0,"Student-t",89,2
"SCP",0.9625,7.24586766005496,0,"Student-t",89,3
"RSA-CP (OT) (Ours)",0.954,6.69895010166588,0.0100000000000051,"Student-t",89,3
"SPI",0.9955,13.1155730731784,0.0499999999999972,"Student-t",89,3
"Synthetic-only",0.9955,13.0927656717962,0,"Student-t",89,3
"SCP",0.986,12.673650424868,0,"LogNormal",90,0.25
"RSA-CP (OT) (Ours)",0.975,10.5998950517789,0,"LogNormal",90,0.25
"SPI",0.943,8.36078610518006,0.0600000000000023,"LogNormal",90,0.25
"Synthetic-only",0.7275,4.28695522894055,0.019999999999996,"LogNormal",90,0.25
"SCP",0.986,12.673650424868,0,"LogNormal",90,0.5
"RSA-CP (OT) (Ours)",0.973,10.3319201768744,0,"LogNormal",90,0.5
"SPI",0.943,8.36078610518006,0.0499999999999972,"LogNormal",90,0.5
"Synthetic-only",0.811,5.10742426448875,0,"LogNormal",90,0.5
"SCP",0.986,12.673650424868,0,"LogNormal",90,1
"RSA-CP (OT) (Ours)",0.9745,10.5105700934774,0.00999999999999091,"LogNormal",90,1
"SPI",0.943,8.36078610518006,0.0500000000000114,"LogNormal",90,1
"Synthetic-only",0.903,6.77573636575507,0,"LogNormal",90,1
"SCP",0.986,12.673650424868,0,"LogNormal",90,1.5
"RSA-CP (OT) (Ours)",0.972,10.2128202324724,0,"LogNormal",90,1.5
"SPI",0.943,8.36078610518006,0.0499999999999972,"LogNormal",90,1.5
"Synthetic-only",0.941,8.31746689746773,0,"LogNormal",90,1.5
"SCP",0.986,12.673650424868,0,"LogNormal",90,2
"RSA-CP (OT) (Ours)",0.9705,9.97462034366835,0.00999999999999091,"LogNormal",90,2
"SPI",0.968,9.81305121282641,0.0500000000000114,"LogNormal",90,2
"Synthetic-only",0.968,9.80482235783782,0,"LogNormal",90,2
"SCP",0.986,12.673650424868,0,"LogNormal",90,3
"RSA-CP (OT) (Ours)",0.973,10.306286149199,0,"LogNormal",90,3
"SPI",0.9895,13.4366808654537,0.0499999999999972,"LogNormal",90,3
"Synthetic-only",0.9895,13.3379669199586,0,"LogNormal",90,3
"SCP",0.9625,7.32867527673558,0,"Student-t",90,0.25
"RSA-CP (OT) (Ours)",0.942,6.15991621843507,0.00999999999999091,"Student-t",90,0.25
"SPI",0.949,6.46887634782575,0.0500000000000114,"Student-t",90,0.25
"Synthetic-only",0.949,6.41945918744036,0,"Student-t",90,0.25
"SCP",0.9625,7.32867527673558,0,"Student-t",90,0.5
"RSA-CP (OT) (Ours)",0.944,6.2413792477254,0,"Student-t",90,0.5
"SPI",0.954,6.74970483369117,0.0499999999999972,"Student-t",90,0.5
"Synthetic-only",0.954,6.73288660861732,0,"Student-t",90,0.5
"SCP",0.9625,7.32867527673558,0,"Student-t",90,1
"RSA-CP (OT) (Ours)",0.9415,6.12154872336965,0,"Student-t",90,1
"SPI",0.9625,7.28444011234606,0.039999999999992,"Student-t",90,1
"Synthetic-only",0.9625,7.27827251759418,0,"Student-t",90,1
"SCP",0.9625,7.32867527673558,0,"Student-t",90,1.5
"RSA-CP (OT) (Ours)",0.9455,6.26380023315827,0,"Student-t",90,1.5
"SPI",0.9765,8.59364983007185,0.0700000000000074,"Student-t",90,1.5
"Synthetic-only",0.9765,8.55449467344297,0.0200000000000102,"Student-t",90,1.5
"SCP",0.9625,7.32867527673558,0,"Student-t",90,2
"RSA-CP (OT) (Ours)",0.944,6.21443967263942,0,"Student-t",90,2
"SPI",0.986,10.1366931917131,0.039999999999992,"Student-t",90,2
"Synthetic-only",0.9855,10.1250013574055,0,"Student-t",90,2
"SCP",0.9625,7.32867527673558,0,"Student-t",90,3
"RSA-CP (OT) (Ours)",0.9455,6.27820519272989,0.0200000000000102,"Student-t",90,3
"SPI",0.988,10.792169358738,0.0499999999999972,"Student-t",90,3
"Synthetic-only",0.996,13.5897575262451,0,"Student-t",90,3
"SCP",0.9745,10.4885440053373,0,"LogNormal",91,0.25
"RSA-CP (OT) (Ours)",0.939,8.20640953250775,0.0100000000000051,"LogNormal",91,0.25
"SPI",0.897,6.5632532575014,0.0300000000000011,"LogNormal",91,0.25
"Synthetic-only",0.7275,4.28795949587113,0,"LogNormal",91,0.25
"SCP",0.9745,10.4885440053373,0,"LogNormal",91,0.5
"RSA-CP (OT) (Ours)",0.9405,8.30371873645053,0,"LogNormal",91,0.5
"SPI",0.897,6.5632532575014,0.0499999999999972,"LogNormal",91,0.5
"Synthetic-only",0.809,5.07052333399694,0,"LogNormal",91,0.5
"SCP",0.9745,10.4885440053373,0,"LogNormal",91,1
"RSA-CP (OT) (Ours)",0.933,7.99557292396507,0.0100000000000051,"LogNormal",91,1
"SPI",0.8985,6.59201751465111,0.0300000000000011,"LogNormal",91,1
"Synthetic-only",0.8985,6.58024737751697,0.019999999999996,"LogNormal",91,1
"SCP",0.9745,10.4885440053373,0,"LogNormal",91,1.5
"RSA-CP (OT) (Ours)",0.94,8.27441447592192,0,"LogNormal",91,1.5
"SPI",0.946,8.43310275553784,0.039999999999992,"LogNormal",91,1.5
"Synthetic-only",0.945,8.41649019818858,0,"LogNormal",91,1.5
"SCP",0.9745,10.4885440053373,0,"LogNormal",91,2
"RSA-CP (OT) (Ours)",0.941,8.33024699793792,0.0200000000000102,"LogNormal",91,2
"SPI",0.9705,10.0498569972728,0.0499999999999972,"LogNormal",91,2
"Synthetic-only",0.9705,10.0386279698119,0,"LogNormal",91,2
"SCP",0.9745,10.4885440053373,0,"LogNormal",91,3
"RSA-CP (OT) (Ours)",0.939,8.19641069240089,0,"LogNormal",91,3
"SPI",0.9875,12.9637483919325,0.039999999999992,"LogNormal",91,3
"Synthetic-only",0.9885,13.2126848989822,0,"LogNormal",91,3
"SCP",0.8815,4.45389491418012,0,"Student-t",91,0.25
"RSA-CP (OT) (Ours)",0.876,4.39860495049784,0.0200000000000102,"Student-t",91,0.25
"SPI",0.9315,5.74740091317404,0.0499999999999972,"Student-t",91,0.25
"Synthetic-only",0.944,6.21812716395077,0,"Student-t",91,0.25
"SCP",0.8815,4.45389491418012,0,"Student-t",91,0.5
"RSA-CP (OT) (Ours)",0.876,4.40015973003031,0,"Student-t",91,0.5
"SPI",0.9315,5.74740091317404,0.039999999999992,"Student-t",91,0.5
"Synthetic-only",0.9475,6.31729896296455,0,"Student-t",91,0.5
"SCP",0.8815,4.45389491418012,0,"Student-t",91,1
"RSA-CP (OT) (Ours)",0.88,4.42808278466338,0,"Student-t",91,1
"SPI",0.9315,5.74740091317404,0.0500000000000114,"Student-t",91,1
"Synthetic-only",0.9625,7.30566223911215,0,"Student-t",91,1
"SCP",0.8815,4.45389491418012,0,"Student-t",91,1.5
"RSA-CP (OT) (Ours)",0.8795,4.42025742634103,0,"Student-t",91,1.5
"SPI",0.9315,5.74740091317404,0.0600000000000023,"Student-t",91,1.5
"Synthetic-only",0.976,8.49457195514422,0.019999999999996,"Student-t",91,1.5
"SCP",0.8815,4.45389491418012,0,"Student-t",91,2
"RSA-CP (OT) (Ours)",0.8765,4.40166697526681,0,"Student-t",91,2
"SPI",0.9315,5.74740091317404,0.0499999999999972,"Student-t",91,2
"Synthetic-only",0.985,10.0100740302598,0,"Student-t",91,2
"SCP",0.8815,4.45389491418012,0,"Student-t",91,3
"RSA-CP (OT) (Ours)",0.877,4.40416031322967,0.019999999999996,"Student-t",91,3
"SPI",0.9315,5.74740091317404,0.0300000000000011,"Student-t",91,3
"Synthetic-only",0.996,13.6124905008215,0.0100000000000051,"Student-t",91,3
"SCP",0.908,6.94935287152281,0,"LogNormal",92,0.25
"RSA-CP (OT) (Ours)",0.907,6.90538639729718,0,"LogNormal",92,0.25
"SPI",0.9065,6.89419300958562,0.0499999999999972,"LogNormal",92,0.25
"Synthetic-only",0.7275,4.27545711643254,0,"LogNormal",92,0.25
"SCP",0.908,6.94935287152281,0,"LogNormal",92,0.5
"RSA-CP (OT) (Ours)",0.907,6.90538639729718,0,"LogNormal",92,0.5
"SPI",0.9065,6.89419300958562,0.0600000000000023,"LogNormal",92,0.5
"Synthetic-only",0.8045,5.02209837142463,0.00999999999999091,"LogNormal",92,0.5
"SCP",0.908,6.94935287152281,0,"LogNormal",92,1
"RSA-CP (OT) (Ours)",0.907,6.90538639729718,0.019999999999996,"LogNormal",92,1
"SPI",0.9065,6.89419300958562,0.0300000000000011,"LogNormal",92,1
"Synthetic-only",0.9015,6.69365979390409,0,"LogNormal",92,1
"SCP",0.908,6.94935287152281,0,"LogNormal",92,1.5
"RSA-CP (OT) (Ours)",0.907,6.9085090576512,0,"LogNormal",92,1.5
"SPI",0.939,8.23280398279546,0.0600000000000023,"LogNormal",92,1.5
"Synthetic-only",0.939,8.22042307654267,0.00999999999999091,"LogNormal",92,1.5
"SCP",0.908,6.94935287152281,0,"LogNormal",92,2
"RSA-CP (OT) (Ours)",0.907,6.89657111180916,0,"LogNormal",92,2
"SPI",0.968,9.78581866519952,0.0499999999999972,"LogNormal",92,2
"Synthetic-only",0.968,9.78263748870507,0,"LogNormal",92,2
"SCP",0.908,6.94935287152281,0,"LogNormal",92,3
"RSA-CP (OT) (Ours)",0.9065,6.89342970561919,0,"LogNormal",92,3
"SPI",0.9745,10.434225948783,0.0600000000000023,"LogNormal",92,3
"Synthetic-only",0.988,13.0708317293881,0.00999999999999091,"LogNormal",92,3
"SCP",0.9935,12.4061999894278,0,"Student-t",92,0.25
"RSA-CP (OT) (Ours)",0.9865,10.2608191433228,0,"Student-t",92,0.25
"SPI",0.979,9.05471140113502,0.0499999999999972,"Student-t",92,0.25
"Synthetic-only",0.9455,6.28346787323846,0,"Student-t",92,0.25
"SCP",0.9935,12.4061999894278,0,"Student-t",92,0.5
"RSA-CP (OT) (Ours)",0.9875,10.5244450082261,0.0100000000000051,"Student-t",92,0.5
"SPI",0.979,9.05471140113502,0.0499999999999972,"Student-t",92,0.5
"Synthetic-only",0.954,6.65102205914368,0,"Student-t",92,0.5
"SCP",0.9935,12.4061999894278,0,"Student-t",92,1
"RSA-CP (OT) (Ours)",0.986,10.2433490436149,0,"Student-t",92,1
"SPI",0.979,9.05471140113502,0.0499999999999972,"Student-t",92,1
"Synthetic-only",0.965,7.62330884556747,0,"Student-t",92,1
"SCP",0.9935,12.4061999894278,0,"Student-t",92,1.5
"RSA-CP (OT) (Ours)",0.9865,10.2572485365901,0.0100000000000051,"Student-t",92,1.5
"SPI",0.979,9.05471140113502,0.0299999999999869,"Student-t",92,1.5
"Synthetic-only",0.976,8.53403162044608,0,"Student-t",92,1.5
"SCP",0.9935,12.4061999894278,0,"Student-t",92,2
"RSA-CP (OT) (Ours)",0.9865,10.3135032150946,0,"Student-t",92,2
"SPI",0.986,10.1756568105921,0.0499999999999972,"Student-t",92,2
"Synthetic-only",0.986,10.1683063998701,0,"Student-t",92,2
"SCP",0.9935,12.4061999894278,0,"Student-t",92,3
"RSA-CP (OT) (Ours)",0.9875,10.3924401160316,0,"Student-t",92,3
"SPI",0.9955,13.0836004700441,0.0400000000000063,"Student-t",92,3
"Synthetic-only",0.9955,13.0681921084431,0,"Student-t",92,3
"SCP",0.945,8.4158114462303,0,"LogNormal",93,0.25
"RSA-CP (OT) (Ours)",0.9345,8.01070741728562,0,"LogNormal",93,0.25
"SPI",0.9245,7.67031900905174,0.0499999999999972,"LogNormal",93,0.25
"Synthetic-only",0.7295,4.31200476073727,0,"LogNormal",93,0.25
"SCP",0.945,8.4158114462303,0,"LogNormal",93,0.5
"RSA-CP (OT) (Ours)",0.9345,8.01070741728562,0.0100000000000051,"LogNormal",93,0.5
"SPI",0.9245,7.67031900905174,0.0499999999999972,"LogNormal",93,0.5
"Synthetic-only",0.8015,4.99298980018911,0,"LogNormal",93,0.5
"SCP",0.945,8.4158114462303,0,"LogNormal",93,1
"RSA-CP (OT) (Ours)",0.9325,7.9669331321117,0,"LogNormal",93,1
"SPI",0.9245,7.67031900905174,0.039999999999992,"LogNormal",93,1
"Synthetic-only",0.8995,6.60772469049199,0,"LogNormal",93,1
"SCP",0.945,8.4158114462303,0,"LogNormal",93,1.5
"RSA-CP (OT) (Ours)",0.935,8.0312056936724,0.0200000000000102,"LogNormal",93,1.5
"SPI",0.9495,8.55435852662867,0.0499999999999972,"LogNormal",93,1.5
"Synthetic-only",0.948,8.52930464291582,0,"LogNormal",93,1.5
"SCP",0.945,8.4158114462303,0,"LogNormal",93,2
"RSA-CP (OT) (Ours)",0.9335,8.00120929900066,0,"LogNormal",93,2
"SPI",0.957,9.06972445073226,0.039999999999992,"LogNormal",93,2
"Synthetic-only",0.969,9.91762422301759,0,"LogNormal",93,2
"SCP",0.945,8.4158114462303,0,"LogNormal",93,3
"RSA-CP (OT) (Ours)",0.933,7.99140326910582,0,"LogNormal",93,3
"SPI",0.957,9.06972445073226,0.0700000000000074,"LogNormal",93,3
"Synthetic-only",0.986,12.8769695477171,0.0200000000000102,"LogNormal",93,3
"SCP",0.9625,7.30806923412823,0,"Student-t",93,0.25
"RSA-CP (OT) (Ours)",0.941,6.08015696115476,0,"Student-t",93,0.25
"SPI",0.952,6.54828603132715,0.039999999999992,"Student-t",93,0.25
"Synthetic-only",0.952,6.54819376336587,0,"Student-t",93,0.25
"SCP",0.9625,7.30806923412823,0,"Student-t",93,0.5
"RSA-CP (OT) (Ours)",0.941,6.08238671356396,0.0200000000000102,"Student-t",93,0.5
"SPI",0.954,6.65568163846076,0.0499999999999972,"Student-t",93,0.5
"Synthetic-only",0.953,6.60438523835153,0,"Student-t",93,0.5
"SCP",0.9625,7.30806923412823,0,"Student-t",93,1
"RSA-CP (OT) (Ours)",0.938,5.91363144933508,0,"Student-t",93,1
"SPI",0.9625,7.33743743605271,0.0400000000000063,"Student-t",93,1
"Synthetic-only",0.9625,7.33339737956116,0,"Student-t",93,1
"SCP",0.9625,7.30806923412823,0,"Student-t",93,1.5
"RSA-CP (OT) (Ours)",0.943,6.17916660359224,0.019999999999996,"Student-t",93,1.5
"SPI",0.967,7.78384410782743,0.0300000000000011,"Student-t",93,1.5
"Synthetic-only",0.9765,8.61850689514451,0.019999999999996,"Student-t",93,1.5
"SCP",0.9625,7.30806923412823,0,"Student-t",93,2
"RSA-CP (OT) (Ours)",0.9455,6.25854587042917,0,"Student-t",93,2
"SPI",0.967,7.78384410782743,0.0400000000000063,"Student-t",93,2
"Synthetic-only",0.985,10.0576515664656,0,"Student-t",93,2
"SCP",0.9625,7.30806923412823,0,"Student-t",93,3
"RSA-CP (OT) (Ours)",0.945,6.25449766861372,0,"Student-t",93,3
"SPI",0.967,7.78384410782743,0.0499999999999972,"Student-t",93,3
"Synthetic-only",0.9955,12.9623846739906,0,"Student-t",93,3
"SCP",0.9765,10.8640757636144,0,"LogNormal",94,0.25
"RSA-CP (OT) (Ours)",0.9765,10.8284173827163,0,"LogNormal",94,0.25
"SPI",0.9765,10.8016566813691,0.0500000000000114,"LogNormal",94,0.25
"Synthetic-only",0.7275,4.27898347279423,0,"LogNormal",94,0.25
"SCP",0.9765,10.8640757636144,0,"LogNormal",94,0.5
"RSA-CP (OT) (Ours)",0.9765,10.8284173827163,0.019999999999996,"LogNormal",94,0.5
"SPI",0.9765,10.8016566813691,0.039999999999992,"LogNormal",94,0.5
"Synthetic-only",0.809,5.06623258307281,0,"LogNormal",94,0.5
"SCP",0.9765,10.8640757636144,0,"LogNormal",94,1
"RSA-CP (OT) (Ours)",0.9765,10.8284173827163,0,"LogNormal",94,1
"SPI",0.9765,10.8016566813691,0.0500000000000114,"LogNormal",94,1
"Synthetic-only",0.9005,6.65634179233781,0,"LogNormal",94,1
"SCP",0.9765,10.8640757636144,0,"LogNormal",94,1.5
"RSA-CP (OT) (Ours)",0.9765,10.8101877238228,0.019999999999996,"LogNormal",94,1.5
"SPI",0.9765,10.8016566813691,0.039999999999992,"LogNormal",94,1.5
"Synthetic-only",0.939,8.21306236889305,0,"LogNormal",94,1.5
"SCP",0.9765,10.8640757636144,0,"LogNormal",94,2
"RSA-CP (OT) (Ours)",0.9765,10.8171968878655,0,"LogNormal",94,2
"SPI",0.9765,10.8016566813691,0.0500000000000114,"LogNormal",94,2
"Synthetic-only",0.968,9.74359204313661,0,"LogNormal",94,2
"SCP",0.9765,10.8640757636144,0,"LogNormal",94,3
"RSA-CP (OT) (Ours)",0.9765,10.8036581742733,0.019999999999996,"LogNormal",94,3
"SPI",0.9885,13.1159702330725,0.0300000000000011,"LogNormal",94,3
"Synthetic-only",0.9885,13.1158419388821,0,"LogNormal",94,3
"SCP",0.944,6.20420091580233,0,"Student-t",94,0.25
"RSA-CP (OT) (Ours)",0.927,5.6366324333521,0,"Student-t",94,0.25
"SPI",0.948,6.33283046456982,0.0499999999999972,"Student-t",94,0.25
"Synthetic-only",0.9475,6.32092335758388,0,"Student-t",94,0.25
"SCP",0.944,6.20420091580233,0,"Student-t",94,0.5
"RSA-CP (OT) (Ours)",0.9305,5.73126092703918,0,"Student-t",94,0.5
"SPI",0.954,6.7417624415039,0.0499999999999972,"Student-t",94,0.5
"Synthetic-only",0.954,6.72942449999014,0,"Student-t",94,0.5
"SCP",0.944,6.20420091580233,0,"Student-t",94,1
"RSA-CP (OT) (Ours)",0.9325,5.75926191095195,0.0100000000000051,"Student-t",94,1
"SPI",0.9625,7.3867503218671,0.0499999999999972,"Student-t",94,1
"Synthetic-only",0.9625,7.38184065675424,0,"Student-t",94,1
"SCP",0.944,6.20420091580233,0,"Student-t",94,1.5
"RSA-CP (OT) (Ours)",0.927,5.66039894815973,0,"Student-t",94,1.5
"SPI",0.9765,8.55998924842552,0.0499999999999972,"Student-t",94,1.5
"Synthetic-only",0.976,8.52210555836608,0,"Student-t",94,1.5
"SCP",0.944,6.20420091580233,0,"Student-t",94,2
"RSA-CP (OT) (Ours)",0.9325,5.7695324887054,0.0100000000000051,"Student-t",94,2
"SPI",0.985,10.0697389541613,0.0499999999999972,"Student-t",94,2
"Synthetic-only",0.985,10.0538593645314,0,"Student-t",94,2
"SCP",0.944,6.20420091580233,0,"Student-t",94,3
"RSA-CP (OT) (Ours)",0.9295,5.71625923999684,0,"Student-t",94,3
"SPI",0.9865,10.2616705761063,0.0499999999999972,"Student-t",94,3
"Synthetic-only",0.996,13.9533154604671,0,"Student-t",94,3
"SCP",0.935,8.07863392638123,0,"LogNormal",95,0.25
"RSA-CP (OT) (Ours)",0.9245,7.67471458492836,0,"LogNormal",95,0.25
"SPI",0.918,7.34884929574887,0.0499999999999972,"LogNormal",95,0.25
"Synthetic-only",0.726,4.24770007608557,0,"LogNormal",95,0.25
"SCP",0.935,8.07863392638123,0,"LogNormal",95,0.5
"RSA-CP (OT) (Ours)",0.925,7.69298771489247,0.00999999999999091,"LogNormal",95,0.5
"SPI",0.918,7.34884929574887,0.0300000000000011,"LogNormal",95,0.5
"Synthetic-only",0.8085,5.06450792159939,0,"LogNormal",95,0.5
"SCP",0.935,8.07863392638123,0,"LogNormal",95,1
"RSA-CP (OT) (Ours)",0.925,7.69298771489247,0,"LogNormal",95,1
"SPI",0.918,7.34884929574887,0.0700000000000074,"LogNormal",95,1
"Synthetic-only",0.897,6.55018761883657,0.0200000000000102,"LogNormal",95,1
"SCP",0.935,8.07863392638123,0,"LogNormal",95,1.5
"RSA-CP (OT) (Ours)",0.923,7.63816832500013,0.0100000000000051,"LogNormal",95,1.5
"SPI",0.946,8.4487238158359,0.0299999999999869,"LogNormal",95,1.5
"Synthetic-only",0.946,8.44129651852988,0,"LogNormal",95,1.5
"SCP",0.935,8.07863392638123,0,"LogNormal",95,2
"RSA-CP (OT) (Ours)",0.9225,7.62612025572266,0,"LogNormal",95,2
"SPI",0.9675,9.69973058598059,0.0499999999999972,"LogNormal",95,2
"Synthetic-only",0.967,9.67970735568881,0,"LogNormal",95,2
"SCP",0.935,8.07863392638123,0,"LogNormal",95,3
"RSA-CP (OT) (Ours)",0.9225,7.60915636684234,0.0100000000000051,"LogNormal",95,3
"SPI",0.9885,13.1150661602051,0.0299999999999869,"LogNormal",95,3
"Synthetic-only",0.988,13.0569294658557,0,"LogNormal",95,3
"SCP",0.975,8.4019048940324,0,"Student-t",95,0.25
"RSA-CP (OT) (Ours)",0.9635,7.46391558050738,0,"Student-t",95,0.25
"SPI",0.954,6.76479057491119,0.0499999999999972,"Student-t",95,0.25
"Synthetic-only",0.953,6.57754277243572,0,"Student-t",95,0.25
"SCP",0.975,8.4019048940324,0,"Student-t",95,0.5
"RSA-CP (OT) (Ours)",0.9625,7.38816275803133,0,"Student-t",95,0.5
"SPI",0.954,6.76479057491119,0.0400000000000063,"Student-t",95,0.5
"Synthetic-only",0.9535,6.63231520277396,0,"Student-t",95,0.5
"SCP",0.975,8.4019048940324,0,"Student-t",95,1
"RSA-CP (OT) (Ours)",0.9625,7.39701715718155,0,"Student-t",95,1
"SPI",0.9615,7.1556463878463,0.0699999999999932,"Student-t",95,1
"Synthetic-only",0.9605,7.13568272566793,0.019999999999996,"Student-t",95,1
"SCP",0.975,8.4019048940324,0,"Student-t",95,1.5
"RSA-CP (OT) (Ours)",0.9625,7.42962026086223,0,"Student-t",95,1.5
"SPI",0.976,8.50682614936103,0.0400000000000063,"Student-t",95,1.5
"Synthetic-only",0.976,8.46767986321977,0,"Student-t",95,1.5
"SCP",0.975,8.4019048940324,0,"Student-t",95,2
"RSA-CP (OT) (Ours)",0.9625,7.37504760868995,0.019999999999996,"Student-t",95,2
"SPI",0.9775,8.75198040899138,0.039999999999992,"Student-t",95,2
"Synthetic-only",0.985,9.93065622974064,0,"Student-t",95,2
"SCP",0.975,8.4019048940324,0,"Student-t",95,3
"RSA-CP (OT) (Ours)",0.9635,7.46796927164451,0,"Student-t",95,3
"SPI",0.9775,8.75198040899138,0.0500000000000114,"Student-t",95,3
"Synthetic-only",0.9955,13.3605519094079,0,"Student-t",95,3
"SCP",0.9565,9.00565309004632,0,"LogNormal",96,0.25
"RSA-CP (OT) (Ours)",0.9185,7.39249866531974,0,"LogNormal",96,0.25
"SPI",0.887,6.35407736476963,0.0599999999999881,"LogNormal",96,0.25
"Synthetic-only",0.7265,4.26532582058417,0.019999999999996,"LogNormal",96,0.25
"SCP",0.9565,9.00565309004632,0,"LogNormal",96,0.5
"RSA-CP (OT) (Ours)",0.9225,7.60506252470593,0,"LogNormal",96,0.5
"SPI",0.887,6.35407736476963,0.0500000000000114,"LogNormal",96,0.5
"Synthetic-only",0.8055,5.04788030512848,0,"LogNormal",96,0.5
"SCP",0.9565,9.00565309004632,0,"LogNormal",96,1
"RSA-CP (OT) (Ours)",0.919,7.4161168719182,0.019999999999996,"LogNormal",96,1
"SPI",0.8995,6.60707466092608,0.039999999999992,"LogNormal",96,1
"Synthetic-only",0.8995,6.60670516605826,0,"LogNormal",96,1
"SCP",0.9565,9.00565309004632,0,"LogNormal",96,1.5
"RSA-CP (OT) (Ours)",0.9215,7.53420790491053,0,"LogNormal",96,1.5
"SPI",0.946,8.42401040262913,0.0500000000000114,"LogNormal",96,1.5
"Synthetic-only",0.946,8.41991388996562,0,"LogNormal",96,1.5
"SCP",0.9565,9.00565309004632,0,"LogNormal",96,2
"RSA-CP (OT) (Ours)",0.9205,7.43973507851667,0.019999999999996,"LogNormal",96,2
"SPI",0.968,9.84991491670978,0.0400000000000063,"LogNormal",96,2
"Synthetic-only",0.968,9.84485527430675,0,"LogNormal",96,2
"SCP",0.9565,9.00565309004632,0,"LogNormal",96,3
"RSA-CP (OT) (Ours)",0.9225,7.61061654834029,0.019999999999996,"LogNormal",96,3
"SPI",0.9885,13.1591237195934,0.0499999999999972,"LogNormal",96,3
"Synthetic-only",0.9885,13.1578844720989,0,"LogNormal",96,3
"SCP",0.887,4.64215172955103,0,"Student-t",96,0.25
"RSA-CP (OT) (Ours)",0.8815,4.46653805058563,0,"Student-t",96,0.25
"SPI",0.8885,4.71289412345196,0.0400000000000063,"Student-t",96,0.25
"Synthetic-only",0.949,6.43632061592198,0,"Student-t",96,0.25
"SCP",0.887,4.64215172955103,0,"Student-t",96,0.5
"RSA-CP (OT) (Ours)",0.8815,4.46275399517203,0.019999999999996,"Student-t",96,0.5
"SPI",0.8885,4.71289412345196,0.0300000000000011,"Student-t",96,0.5
"Synthetic-only",0.9485,6.34829354377847,0,"Student-t",96,0.5
"SCP",0.887,4.64215172955103,0,"Student-t",96,1
"RSA-CP (OT) (Ours)",0.8815,4.47476179563515,0,"Student-t",96,1
"SPI",0.8885,4.71289412345196,0.0500000000000114,"Student-t",96,1
"Synthetic-only",0.958,6.99542326470988,0,"Student-t",96,1
"SCP",0.887,4.64215172955103,0,"Student-t",96,1.5
"RSA-CP (OT) (Ours)",0.8825,4.51937053607735,0,"Student-t",96,1.5
"SPI",0.8885,4.71289412345196,0.0499999999999972,"Student-t",96,1.5
"Synthetic-only",0.9775,8.80506317902905,0,"Student-t",96,1.5
"SCP",0.887,4.64215172955103,0,"Student-t",96,2
"RSA-CP (OT) (Ours)",0.8825,4.51084995125399,0.00999999999999091,"Student-t",96,2
"SPI",0.8885,4.71289412345196,0.0500000000000114,"Student-t",96,2
"Synthetic-only",0.985,10.0547616945069,0,"Student-t",96,2
"SCP",0.887,4.64215172955103,0,"Student-t",96,3
"RSA-CP (OT) (Ours)",0.8815,4.45891027351633,0,"Student-t",96,3
"SPI",0.8885,4.71289412345196,0.0499999999999972,"Student-t",96,3
"Synthetic-only",0.9955,13.1708550730986,0,"Student-t",96,3
"SCP",0.939,8.21517646909802,0,"LogNormal",97,0.25
"RSA-CP (OT) (Ours)",0.935,8.04696473858195,0,"LogNormal",97,0.25
"SPI",0.9325,7.94624388668818,0.0600000000000023,"LogNormal",97,0.25
"Synthetic-only",0.7275,4.2910245971753,0.00999999999999091,"LogNormal",97,0.25
"SCP",0.939,8.21517646909802,0,"LogNormal",97,0.5
"RSA-CP (OT) (Ours)",0.935,8.05748364673696,0.019999999999996,"LogNormal",97,0.5
"SPI",0.9325,7.94624388668818,0.0300000000000011,"LogNormal",97,0.5
"Synthetic-only",0.8055,5.04326260801244,0,"LogNormal",97,0.5
"SCP",0.939,8.21517646909802,0,"LogNormal",97,1
"RSA-CP (OT) (Ours)",0.935,8.04358092035547,0,"LogNormal",97,1
"SPI",0.9325,7.94624388668818,0.0600000000000023,"LogNormal",97,1
"Synthetic-only",0.899,6.6050965509266,0.0100000000000051,"LogNormal",97,1
"SCP",0.939,8.21517646909802,0,"LogNormal",97,1.5
"RSA-CP (OT) (Ours)",0.935,8.05731892768751,0.019999999999996,"LogNormal",97,1.5
"SPI",0.942,8.34835170137833,0.0300000000000011,"LogNormal",97,1.5
"Synthetic-only",0.942,8.34463479504239,0,"LogNormal",97,1.5
"SCP",0.939,8.21517646909802,0,"LogNormal",97,2
"RSA-CP (OT) (Ours)",0.935,8.06688662993622,0,"LogNormal",97,2
"SPI",0.944,8.4081139185706,0.0499999999999972,"LogNormal",97,2
"Synthetic-only",0.968,9.85511340619581,0,"LogNormal",97,2
"SCP",0.939,8.21517646909802,0,"LogNormal",97,3
"RSA-CP (OT) (Ours)",0.935,8.04979776457709,0.00999999999999091,"LogNormal",97,3
"SPI",0.944,8.4081139185706,0.0400000000000063,"LogNormal",97,3
"Synthetic-only",0.9885,13.1921171927329,0,"LogNormal",97,3
"SCP",0.925,5.56694530751986,0,"Student-t",97,0.25
"RSA-CP (OT) (Ours)",0.9225,5.46965598916054,0,"Student-t",97,0.25
"SPI",0.9505,6.49499099170402,0.0600000000000023,"Student-t",97,0.25
"Synthetic-only",0.949,6.46913086467483,0.0100000000000051,"Student-t",97,0.25
"SCP",0.925,5.56694530751986,0,"Student-t",97,0.5
"RSA-CP (OT) (Ours)",0.9215,5.44189745931245,0,"Student-t",97,0.5
"SPI",0.953,6.61645878994284,0.0499999999999972,"Student-t",97,0.5
"Synthetic-only",0.953,6.61119873146853,0,"Student-t",97,0.5
"SCP",0.925,5.56694530751986,0,"Student-t",97,1
"RSA-CP (OT) (Ours)",0.922,5.46548620714718,0.0100000000000051,"Student-t",97,1
"SPI",0.9625,7.43223979176469,0.0300000000000011,"Student-t",97,1
"Synthetic-only",0.9625,7.38240270068047,0,"Student-t",97,1
"SCP",0.925,5.56694530751986,0,"Student-t",97,1.5
"RSA-CP (OT) (Ours)",0.923,5.4760363270861,0,"Student-t",97,1.5
"SPI",0.973,8.27180115429287,0.039999999999992,"Student-t",97,1.5
"Synthetic-only",0.973,8.26605028702171,0,"Student-t",97,1.5
"SCP",0.925,5.56694530751986,0,"Student-t",97,2
"RSA-CP (OT) (Ours)",0.9195,5.36881595412733,0.0200000000000102,"Student-t",97,2
"SPI",0.973,8.27180115429287,0.0499999999999972,"Student-t",97,2
"Synthetic-only",0.985,9.93368255500795,0,"Student-t",97,2
"SCP",0.925,5.56694530751986,0,"Student-t",97,3
"RSA-CP (OT) (Ours)",0.922,5.46530704334566,0,"Student-t",97,3
"SPI",0.973,8.27180115429287,0.039999999999992,"Student-t",97,3
"Synthetic-only",0.9955,12.8353478564047,0,"Student-t",97,3
"SCP",0.9475,8.51535877346249,0,"LogNormal",98,0.25
"RSA-CP (OT) (Ours)",0.945,8.4139702889311,0,"LogNormal",98,0.25
"SPI",0.943,8.3631309302671,0.0499999999999972,"LogNormal",98,0.25
"Synthetic-only",0.726,4.2542416374835,0,"LogNormal",98,0.25
"SCP",0.9475,8.51535877346249,0,"LogNormal",98,0.5
"RSA-CP (OT) (Ours)",0.945,8.4139702889311,0.0100000000000051,"LogNormal",98,0.5
"SPI",0.943,8.3631309302671,0.0499999999999972,"LogNormal",98,0.5
"Synthetic-only",0.8095,5.08935314375956,0,"LogNormal",98,0.5
"SCP",0.9475,8.51535877346249,0,"LogNormal",98,1
"RSA-CP (OT) (Ours)",0.945,8.4139702889311,0,"LogNormal",98,1
"SPI",0.943,8.3631309302671,0.0499999999999972,"LogNormal",98,1
"Synthetic-only",0.899,6.59873301898847,0,"LogNormal",98,1
"SCP",0.9475,8.51535877346249,0,"LogNormal",98,1.5
"RSA-CP (OT) (Ours)",0.946,8.43292067246473,0,"LogNormal",98,1.5
"SPI",0.949,8.53907209208221,0.0600000000000023,"LogNormal",98,1.5
"Synthetic-only",0.9485,8.53359026634382,0.0100000000000051,"LogNormal",98,1.5
"SCP",0.9475,8.51535877346249,0,"LogNormal",98,2
"RSA-CP (OT) (Ours)",0.946,8.42482391862529,0,"LogNormal",98,2
"SPI",0.969,9.89254037690295,0.0499999999999972,"LogNormal",98,2
"Synthetic-only",0.969,9.89220078259257,0,"LogNormal",98,2
"SCP",0.9475,8.51535877346249,0,"LogNormal",98,3
"RSA-CP (OT) (Ours)",0.946,8.4265020150196,0,"LogNormal",98,3
"SPI",0.989,13.2712218664115,0.0600000000000023,"LogNormal",98,3
"Synthetic-only",0.9885,13.2461330067698,0.0100000000000051,"LogNormal",98,3
"SCP",0.9625,7.43383031676668,0,"Student-t",98,0.25
"RSA-CP (OT) (Ours)",0.9625,7.41378317252197,0.00999999999999091,"Student-t",98,0.25
"SPI",0.9625,7.40564094260854,0.0300000000000011,"Student-t",98,0.25
"Synthetic-only",0.947,6.30530738955004,0,"Student-t",98,0.25
"SCP",0.9625,7.43383031676668,0,"Student-t",98,0.5
"RSA-CP (OT) (Ours)",0.9625,7.40516864431028,0.0200000000000102,"Student-t",98,0.5
"SPI",0.9625,7.40564094260854,0.0499999999999972,"Student-t",98,0.5
"Synthetic-only",0.953,6.58773333645424,0,"Student-t",98,0.5
"SCP",0.9625,7.43383031676668,0,"Student-t",98,1
"RSA-CP (OT) (Ours)",0.9625,7.40478559035039,0,"Student-t",98,1
"SPI",0.9625,7.40564094260854,0.039999999999992,"Student-t",98,1
"Synthetic-only",0.9625,7.36965567360765,0,"Student-t",98,1
"SCP",0.9625,7.43383031676668,0,"Student-t",98,1.5
"RSA-CP (OT) (Ours)",0.9625,7.39685225647451,0.0200000000000102,"Student-t",98,1.5
"SPI",0.973,8.28087172781583,0.0499999999999972,"Student-t",98,1.5
"Synthetic-only",0.973,8.27816812559326,0,"Student-t",98,1.5
"SCP",0.9625,7.43383031676668,0,"Student-t",98,2
"RSA-CP (OT) (Ours)",0.9625,7.39361979296269,0,"Student-t",98,2
"SPI",0.9855,10.1237234966682,0.039999999999992,"Student-t",98,2
"Synthetic-only",0.985,10.1007354374044,0,"Student-t",98,2
"SCP",0.9625,7.43383031676668,0,"Student-t",98,3
"RSA-CP (OT) (Ours)",0.9625,7.38988481108598,0,"Student-t",98,3
"SPI",0.9925,12.0022837400373,0.0500000000000114,"Student-t",98,3
"Synthetic-only",0.996,13.4202475701247,0,"Student-t",98,3
"SCP",0.9765,10.8404693419094,0,"LogNormal",99,0.25
"RSA-CP (OT) (Ours)",0.9705,10.0903792253443,0,"LogNormal",99,0.25
"SPI",0.966,9.60526700112777,0.0400000000000063,"LogNormal",99,0.25
"Synthetic-only",0.726,4.26378108673474,0,"LogNormal",99,0.25
"SCP",0.9765,10.8404693419094,0,"LogNormal",99,0.5
"RSA-CP (OT) (Ours)",0.9705,10.0903792253443,0,"LogNormal",99,0.5
"SPI",0.966,9.60526700112777,0.0699999999999932,"LogNormal",99,0.5
"Synthetic-only",0.8055,5.03889846511693,0.019999999999996,"LogNormal",99,0.5
"SCP",0.9765,10.8404693419094,0,"LogNormal",99,1
"RSA-CP (OT) (Ours)",0.972,10.1465930371846,0,"LogNormal",99,1
"SPI",0.966,9.60526700112777,0.0400000000000063,"LogNormal",99,1
"Synthetic-only",0.9015,6.70037168427002,0,"LogNormal",99,1
"SCP",0.9765,10.8404693419094,0,"LogNormal",99,1.5
"RSA-CP (OT) (Ours)",0.9705,10.0713147687171,0,"LogNormal",99,1.5
"SPI",0.966,9.60526700112777,0.0599999999999881,"LogNormal",99,1.5
"Synthetic-only",0.946,8.43490371193118,0.019999999999996,"LogNormal",99,1.5
"SCP",0.9765,10.8404693419094,0,"LogNormal",99,2
"RSA-CP (OT) (Ours)",0.972,10.1976694043487,0,"LogNormal",99,2
"SPI",0.9715,10.1143059630524,0.0500000000000114,"LogNormal",99,2
"Synthetic-only",0.971,10.0964079307792,0,"LogNormal",99,2
"SCP",0.9765,10.8404693419094,0,"LogNormal",99,3
"RSA-CP (OT) (Ours)",0.972,10.1507045014187,0,"LogNormal",99,3
"SPI",0.978,11.2333933994315,0.109999999999999,"LogNormal",99,3
"Synthetic-only",0.9885,13.0988008972895,0.019999999999996,"LogNormal",99,3
"SCP",0.9455,6.26240901983925,0,"Student-t",99,0.25
"RSA-CP (OT) (Ours)",0.9245,5.55394348417813,0.019999999999996,"Student-t",99,0.25
"SPI",0.9505,6.51390651546287,0.0300000000000011,"Student-t",99,0.25
"Synthetic-only",0.949,6.44624225331406,0,"Student-t",99,0.25
"SCP",0.9455,6.26240901983925,0,"Student-t",99,0.5
"RSA-CP (OT) (Ours)",0.926,5.5948590669691,0,"Student-t",99,0.5
"SPI",0.9485,6.37161744011431,0.0500000000000114,"Student-t",99,0.5
"Synthetic-only",0.9485,6.36863945119778,0,"Student-t",99,0.5
"SCP",0.9455,6.26240901983925,0,"Student-t",99,1
"RSA-CP (OT) (Ours)",0.9245,5.56205292908223,0.019999999999996,"Student-t",99,1
"SPI",0.952,6.54761169888177,0.0300000000000011,"Student-t",99,1
"Synthetic-only",0.959,7.04211830825044,0.0100000000000051,"Student-t",99,1
"SCP",0.9455,6.26240901983925,0,"Student-t",99,1.5
"RSA-CP (OT) (Ours)",0.928,5.68426622390063,0,"Student-t",99,1.5
"SPI",0.952,6.54761169888177,0.0499999999999972,"Student-t",99,1.5
"Synthetic-only",0.9775,8.75283799037717,0,"Student-t",99,1.5
"SCP",0.9455,6.26240901983925,0,"Student-t",99,2
"RSA-CP (OT) (Ours)",0.927,5.64842905274159,0,"Student-t",99,2
"SPI",0.952,6.54761169888177,0.0499999999999972,"Student-t",99,2
"Synthetic-only",0.986,10.147551701788,0,"Student-t",99,2
"SCP",0.9455,6.26240901983925,0,"Student-t",99,3
"RSA-CP (OT) (Ours)",0.928,5.68399735205598,0,"Student-t",99,3
"SPI",0.952,6.54761169888177,0.0600000000000023,"Student-t",99,3
"Synthetic-only",0.996,13.6070346378518,0.0100000000000051,"Student-t",99,3
"SCP",0.968,9.77691728262582,0,"LogNormal",100,0.25
"RSA-CP (OT) (Ours)",0.9635,9.38644079235154,0.00999999999999091,"LogNormal",100,0.25
"SPI",0.9565,9.04229103994565,0.0500000000000114,"LogNormal",100,0.25
"Synthetic-only",0.7275,4.29198258718856,0,"LogNormal",100,0.25
"SCP",0.968,9.77691728262582,0,"LogNormal",100,0.5
"RSA-CP (OT) (Ours)",0.9625,9.28721837382774,0,"LogNormal",100,0.5
"SPI",0.9565,9.04229103994565,0.0499999999999972,"LogNormal",100,0.5
"Synthetic-only",0.804,5.01884537791664,0,"LogNormal",100,0.5
"SCP",0.968,9.77691728262582,0,"LogNormal",100,1
"RSA-CP (OT) (Ours)",0.963,9.32690734123726,0.00999999999999091,"LogNormal",100,1
"SPI",0.9565,9.04229103994565,0.0400000000000063,"LogNormal",100,1
"Synthetic-only",0.9005,6.6404290850128,0,"LogNormal",100,1
"SCP",0.968,9.77691728262582,0,"LogNormal",100,1.5
"RSA-CP (OT) (Ours)",0.963,9.32690734123726,0,"LogNormal",100,1.5
"SPI",0.9565,9.04229103994565,0.0600000000000023,"LogNormal",100,1.5
"Synthetic-only",0.937,8.10743481095908,0.0100000000000051,"LogNormal",100,1.5
"SCP",0.968,9.77691728262582,0,"LogNormal",100,2
"RSA-CP (OT) (Ours)",0.9635,9.34641968661288,0,"LogNormal",100,2
"SPI",0.968,9.80877456402429,0.039999999999992,"LogNormal",100,2
"Synthetic-only",0.968,9.80616419010158,0,"LogNormal",100,2
"SCP",0.968,9.77691728262582,0,"LogNormal",100,3
"RSA-CP (OT) (Ours)",0.963,9.3093437023633,0.0200000000000102,"LogNormal",100,3
"SPI",0.99,13.4467393585172,0.0499999999999972,"LogNormal",100,3
"Synthetic-only",0.99,13.4440675377194,0,"LogNormal",100,3
"SCP",0.9925,12.1325091929216,0,"Student-t",100,0.25
"RSA-CP (OT) (Ours)",0.991,11.8153895942745,0,"Student-t",100,0.25
"SPI",0.991,11.6178906264973,0.039999999999992,"Student-t",100,0.25
"Synthetic-only",0.949,6.4079764469991,0,"Student-t",100,0.25
"SCP",0.9925,12.1325091929216,0,"Student-t",100,0.5
"RSA-CP (OT) (Ours)",0.991,11.7783281897546,0.0200000000000102,"Student-t",100,0.5
"SPI",0.991,11.6178906264973,0.0499999999999972,"Student-t",100,0.5
"Synthetic-only",0.9555,6.79850958847094,0,"Student-t",100,0.5
"SCP",0.9925,12.1325091929216,0,"Student-t",100,1
"RSA-CP (OT) (Ours)",0.991,11.8120815780973,0,"Student-t",100,1
"SPI",0.991,11.6178906264973,0.039999999999992,"Student-t",100,1
"Synthetic-only",0.9625,7.27937683287066,0,"Student-t",100,1
"SCP",0.9925,12.1325091929216,0,"Student-t",100,1.5
"RSA-CP (OT) (Ours)",0.991,11.7923561440889,0.0200000000000102,"Student-t",100,1.5
"SPI",0.991,11.6178906264973,0.0300000000000011,"Student-t",100,1.5
"Synthetic-only",0.9775,8.7979167538823,0,"Student-t",100,1.5
"SCP",0.9925,12.1325091929216,0,"Student-t",100,2
"RSA-CP (OT) (Ours)",0.991,11.8512192848078,0.019999999999996,"Student-t",100,2
"SPI",0.991,11.6178906264973,0.0400000000000063,"Student-t",100,2
"Synthetic-only",0.9865,10.2511158241863,0,"Student-t",100,2
"SCP",0.9925,12.1325091929216,0,"Student-t",100,3
"RSA-CP (OT) (Ours)",0.991,11.7792719412477,0,"Student-t",100,3
"SPI",0.9955,13.2599842302597,0.0499999999999972,"Student-t",100,3
"Synthetic-only",0.9955,13.2361826201337,0,"Student-t",100,3
