"Method","Cov","Width","Time","Dataset","Trial","N","N_syn"
"SCP",0.9875,13.7344083448487,0,"LogNormal",1,50,50
"RSA-CP (OT) (Ours)",0.9875,13.7233686203256,0.0299999999999999,"LogNormal",1,50,50
"SPI",0.997,21.5864179956909,0.04,"LogNormal",1,50,50
"Synthetic-only",0.996,19.6585599189262,0.03,"LogNormal",1,50,50
"SCP",0.9875,13.7344083448487,0,"LogNormal",1,100,100
"RSA-CP (OT) (Ours)",0.987,13.6067563999147,0.02,"LogNormal",1,100,100
"SPI",0.9925,16.6964170225981,0,"LogNormal",1,100,100
"Synthetic-only",0.9945,17.5005956634759,0,"LogNormal",1,100,100
"SCP",0.9875,13.7344083448487,0,"LogNormal",1,250,250
"RSA-CP (OT) (Ours)",0.981,12.8722014271687,0.01,"LogNormal",1,250,250
"SPI",0.981,12.6477636171195,0,"LogNormal",1,250,250
"Synthetic-only",0.9325,8.29744297899723,0,"LogNormal",1,250,250
"SCP",0.9875,13.7344083448487,0,"LogNormal",1,500,500
"RSA-CP (OT) (Ours)",0.981,12.8722014271687,0.0099999999999999,"LogNormal",1,500,500
"SPI",0.981,12.6477636171195,0,"LogNormal",1,500,500
"Synthetic-only",0.9525,9.0985644668488,0,"LogNormal",1,500,500
"SCP",0.9875,13.7344083448487,0,"LogNormal",1,1000,1000
"RSA-CP (OT) (Ours)",0.981,12.9421590436207,0.03,"LogNormal",1,1000,1000
"SPI",0.981,12.6477636171195,0.02,"LogNormal",1,1000,1000
"Synthetic-only",0.948,8.75674695281262,0,"LogNormal",1,1000,1000
"SCP",0.9875,13.7344083448487,0,"LogNormal",1,2000,2000
"RSA-CP (OT) (Ours)",0.981,13.0121166600727,0.0600000000000001,"LogNormal",1,2000,2000
"SPI",0.981,12.6477636171195,0.0299999999999999,"LogNormal",1,2000,2000
"Synthetic-only",0.935,8.3332960197562,0,"LogNormal",1,2000,2000
"SCP",0.9875,13.7344083448487,0,"LogNormal",1,3000,3000
"RSA-CP (OT) (Ours)",0.981,12.9928808229451,0.0800000000000001,"LogNormal",1,3000,3000
"SPI",0.981,12.6477636171195,0.05,"LogNormal",1,3000,3000
"Synthetic-only",0.957,9.38929183518147,0,"LogNormal",1,3000,3000
"SCP",0.97,7.48269851920981,0,"Student-t",1,50,50
"RSA-CP (OT) (Ours)",0.97,7.47044749113089,0,"Student-t",1,50,50
"SPI",0.9685,7.38331671670975,0.01,"Student-t",1,50,50
"Synthetic-only",0.9635,7.08828561134421,0.01,"Student-t",1,50,50
"SCP",0.97,7.48269851920981,0,"Student-t",1,100,100
"RSA-CP (OT) (Ours)",0.9685,7.38630412707055,0,"Student-t",1,100,100
"SPI",0.99,10.3850046862214,0,"Student-t",1,100,100
"Synthetic-only",0.99,10.4209016959171,0,"Student-t",1,100,100
"SCP",0.97,7.48269851920981,0,"Student-t",1,250,250
"RSA-CP (OT) (Ours)",0.9685,7.35924806799704,0.02,"Student-t",1,250,250
"SPI",0.987,9.54336798833616,0,"Student-t",1,250,250
"Synthetic-only",0.984,9.02360343001416,0,"Student-t",1,250,250
"SCP",0.97,7.48269851920981,0,"Student-t",1,500,500
"RSA-CP (OT) (Ours)",0.9685,7.33219200892352,0,"Student-t",1,500,500
"SPI",0.99,10.3850046862214,0.0199999999999998,"Student-t",1,500,500
"Synthetic-only",0.9885,9.99193659929694,0,"Student-t",1,500,500
"SCP",0.97,7.48269851920981,0,"Student-t",1,1000,1000
"RSA-CP (OT) (Ours)",0.9685,7.31780051540314,0,"Student-t",1,1000,1000
"SPI",0.99,10.3850046862214,0.01,"Student-t",1,1000,1000
"Synthetic-only",0.995,12.9819120161916,0,"Student-t",1,1000,1000
"SCP",0.97,7.48269851920981,0,"Student-t",1,2000,2000
"RSA-CP (OT) (Ours)",0.9685,7.31780051540314,0.02,"Student-t",1,2000,2000
"SPI",0.99,10.3850046862214,0.03,"Student-t",1,2000,2000
"Synthetic-only",0.993,11.2846839226035,0,"Student-t",1,2000,2000
"SCP",0.97,7.48269851920981,0,"Student-t",1,3000,3000
"RSA-CP (OT) (Ours)",0.966,7.26322038106003,0.01,"Student-t",1,3000,3000
"SPI",0.99,10.3850046862214,0.05,"Student-t",1,3000,3000
"Synthetic-only",0.9935,11.8935602301655,0,"Student-t",1,3000,3000
"SCP",0.9715,11.3320730847307,0,"LogNormal",2,50,50
"RSA-CP (OT) (Ours)",0.971,11.3268598508197,0,"LogNormal",2,50,50
"SPI",0.9945,17.4871339579678,0.02,"LogNormal",2,50,50
"Synthetic-only",0.911,7.54173348713005,0.02,"LogNormal",2,50,50
"SCP",0.9715,11.3320730847307,0,"LogNormal",2,100,100
"RSA-CP (OT) (Ours)",0.9695,11.0538794229185,0,"LogNormal",2,100,100
"SPI",0.99,14.3032174419513,0,"LogNormal",2,100,100
"Synthetic-only",0.943,8.59753911736311,0,"LogNormal",2,100,100
"SCP",0.9715,11.3320730847307,0,"LogNormal",2,250,250
"RSA-CP (OT) (Ours)",0.962,9.95980128081291,0,"LogNormal",2,250,250
"SPI",0.99,14.3032174419513,0.01,"LogNormal",2,250,250
"Synthetic-only",0.994,16.9583647983567,0.01,"LogNormal",2,250,250
"SCP",0.9715,11.3320730847307,0,"LogNormal",2,500,500
"RSA-CP (OT) (Ours)",0.9595,9.63643110935794,0,"LogNormal",2,500,500
"SPI",0.953,9.12934580490327,0.02,"LogNormal",2,500,500
"Synthetic-only",0.9485,8.79843014660561,0,"LogNormal",2,500,500
"SCP",0.9715,11.3320730847307,0,"LogNormal",2,1000,1000
"RSA-CP (OT) (Ours)",0.959,9.49917754997183,0,"LogNormal",2,1000,1000
"SPI",0.9515,8.99569605353338,0.01,"LogNormal",2,1000,1000
"Synthetic-only",0.9505,8.86831778637268,0,"LogNormal",2,1000,1000
"SCP",0.9715,11.3320730847307,0,"LogNormal",2,2000,2000
"RSA-CP (OT) (Ours)",0.957,9.39479098348862,0.02,"LogNormal",2,2000,2000
"SPI",0.9505,8.89436095479431,0.03,"LogNormal",2,2000,2000
"Synthetic-only",0.9505,8.8783658532511,0,"LogNormal",2,2000,2000
"SCP",0.9715,11.3320730847307,0,"LogNormal",2,3000,3000
"RSA-CP (OT) (Ours)",0.9575,9.44698426673022,0,"LogNormal",2,3000,3000
"SPI",0.955,9.27273438416451,0.0499999999999998,"LogNormal",2,3000,3000
"Synthetic-only",0.9525,9.10630537945479,0,"LogNormal",2,3000,3000
"SCP",0.9845,9.17660869226456,0,"Student-t",2,50,50
"RSA-CP (OT) (Ours)",0.9845,9.17520718576546,0.01,"Student-t",2,50,50
"SPI",0.999,22.9223259354792,0,"Student-t",2,50,50
"Synthetic-only",0.996,14.1130305797887,0,"Student-t",2,50,50
"SCP",0.9845,9.17660869226456,0,"Student-t",2,100,100
"RSA-CP (OT) (Ours)",0.9835,8.81935803713364,0,"Student-t",2,100,100
"SPI",0.9935,12.0803122251424,0,"Student-t",2,100,100
"Synthetic-only",0.989,10.2153138795129,0,"Student-t",2,100,100
"SCP",0.9845,9.17660869226456,0,"Student-t",2,250,250
"RSA-CP (OT) (Ours)",0.983,8.74461771478505,0.02,"Student-t",2,250,250
"SPI",0.995,13.371551711487,0,"Student-t",2,250,250
"Synthetic-only",0.995,13.3488892377216,0,"Student-t",2,250,250
"SCP",0.9845,9.17660869226456,0,"Student-t",2,500,500
"RSA-CP (OT) (Ours)",0.9825,8.59513707008787,0,"Student-t",2,500,500
"SPI",0.9945,12.5878776221225,0.01,"Student-t",2,500,500
"Synthetic-only",0.9945,12.5549739581497,0,"Student-t",2,500,500
"SCP",0.9845,9.17660869226456,0,"Student-t",2,1000,1000
"RSA-CP (OT) (Ours)",0.9815,8.55776690891357,0,"Student-t",2,1000,1000
"SPI",0.9945,12.7078620262466,0.02,"Student-t",2,1000,1000
"Synthetic-only",0.9945,12.5588809271082,0,"Student-t",2,1000,1000
"SCP",0.9845,9.17660869226456,0,"Student-t",2,2000,2000
"RSA-CP (OT) (Ours)",0.9825,8.66987739243646,0.02,"Student-t",2,2000,2000
"SPI",0.9905,10.4820312414376,0.03,"Student-t",2,2000,2000
"Synthetic-only",0.99,10.4281285184473,0,"Student-t",2,2000,2000
"SCP",0.9845,9.17660869226456,0,"Student-t",2,3000,3000
"RSA-CP (OT) (Ours)",0.9825,8.66987739243646,0,"Student-t",2,3000,3000
"SPI",0.9935,12.0030568789468,0.04,"Student-t",2,3000,3000
"Synthetic-only",0.9935,11.9639067097506,0,"Student-t",2,3000,3000
"SCP",0.9515,9.01433299320358,0,"LogNormal",3,50,50
"RSA-CP (OT) (Ours)",0.9515,8.99252436097944,0,"LogNormal",3,50,50
"SPI",0.996,20.7369522587601,0,"LogNormal",3,50,50
"Synthetic-only",0.995,19.0870567328024,0,"LogNormal",3,50,50
"SCP",0.9515,9.01433299320358,0,"LogNormal",3,100,100
"RSA-CP (OT) (Ours)",0.95,8.86028135567092,0.01,"LogNormal",3,100,100
"SPI",0.995,18.8632018989519,0,"LogNormal",3,100,100
"Synthetic-only",0.9905,15.1650965036469,0,"LogNormal",3,100,100
"SCP",0.9515,9.01433299320358,0,"LogNormal",3,250,250
"RSA-CP (OT) (Ours)",0.951,8.96607575991774,0,"LogNormal",3,250,250
"SPI",0.9495,8.81423024501674,0,"LogNormal",3,250,250
"Synthetic-only",0.9215,7.78016032122385,0,"LogNormal",3,250,250
"SCP",0.9515,9.01433299320358,0,"LogNormal",3,500,500
"RSA-CP (OT) (Ours)",0.9505,8.8850500896185,0,"LogNormal",3,500,500
"SPI",0.9495,8.81423024501674,0,"LogNormal",3,500,500
"Synthetic-only",0.9325,8.29582629703287,0,"LogNormal",3,500,500
"SCP",0.9515,9.01433299320358,0,"LogNormal",3,1000,1000
"RSA-CP (OT) (Ours)",0.9495,8.85354771989131,0.0199999999999998,"LogNormal",3,1000,1000
"SPI",0.959,9.51184226787349,0.01,"LogNormal",3,1000,1000
"Synthetic-only",0.944,8.68277896567076,0,"LogNormal",3,1000,1000
"SCP",0.9515,9.01433299320358,0,"LogNormal",3,2000,2000
"RSA-CP (OT) (Ours)",0.9495,8.82810614649532,0,"LogNormal",3,2000,2000
"SPI",0.981,12.7174433259473,0.03,"LogNormal",3,2000,2000
"Synthetic-only",0.981,12.5839143410042,0,"LogNormal",3,2000,2000
"SCP",0.9515,9.01433299320358,0,"LogNormal",3,3000,3000
"RSA-CP (OT) (Ours)",0.9495,8.82810614649532,0.01,"LogNormal",3,3000,3000
"SPI",0.968,10.7037958738479,0.05,"LogNormal",3,3000,3000
"Synthetic-only",0.9675,10.6206553222826,0,"LogNormal",3,3000,3000
"SCP",0.984,8.99646425450112,0,"Student-t",3,50,50
"RSA-CP (OT) (Ours)",0.984,8.98382292548416,0,"Student-t",3,50,50
"SPI",0.999,19.1866943391415,0,"Student-t",3,50,50
"Synthetic-only",0.999,17.3998010074787,0,"Student-t",3,50,50
"SCP",0.984,8.99646425450112,0,"Student-t",3,100,100
"RSA-CP (OT) (Ours)",0.9805,8.45232562188936,0,"Student-t",3,100,100
"SPI",0.9915,10.5759486378552,0.02,"Student-t",3,100,100
"Synthetic-only",0.999,16.7315706742662,0,"Student-t",3,100,100
"SCP",0.984,8.99646425450112,0,"Student-t",3,250,250
"RSA-CP (OT) (Ours)",0.984,8.90244947157578,0,"Student-t",3,250,250
"SPI",0.9915,10.5759486378552,0,"Student-t",3,250,250
"Synthetic-only",0.984,9.03403167892409,0,"Student-t",3,250,250
"SCP",0.984,8.99646425450112,0,"Student-t",3,500,500
"RSA-CP (OT) (Ours)",0.9815,8.55528900672492,0,"Student-t",3,500,500
"SPI",0.9915,10.5759486378552,0.01,"Student-t",3,500,500
"Synthetic-only",0.991,10.5138243536215,0,"Student-t",3,500,500
"SCP",0.984,8.99646425450112,0,"Student-t",3,1000,1000
"RSA-CP (OT) (Ours)",0.9825,8.59185007085622,0,"Student-t",3,1000,1000
"SPI",0.9915,10.5759486378552,0.03,"Student-t",3,1000,1000
"Synthetic-only",0.995,13.7520934480146,0,"Student-t",3,1000,1000
"SCP",0.984,8.99646425450112,0,"Student-t",3,2000,2000
"RSA-CP (OT) (Ours)",0.9815,8.55528900672492,0,"Student-t",3,2000,2000
"SPI",0.9915,10.5759486378552,0.03,"Student-t",3,2000,2000
"Synthetic-only",0.993,11.3794438849761,0,"Student-t",3,2000,2000
"SCP",0.984,8.99646425450112,0,"Student-t",3,3000,3000
"RSA-CP (OT) (Ours)",0.981,8.55134446733603,0.02,"Student-t",3,3000,3000
"SPI",0.9915,10.5759486378552,0.0499999999999998,"Student-t",3,3000,3000
"Synthetic-only",0.9935,11.8580283516044,0,"Student-t",3,3000,3000
"SCP",0.937,8.38387498245993,0,"LogNormal",4,50,50
"RSA-CP (OT) (Ours)",0.936,8.36997844477627,0,"LogNormal",4,50,50
"SPI",0.938,8.45933533337857,0.01,"LogNormal",4,50,50
"Synthetic-only",0.9375,8.40835214188736,0,"LogNormal",4,50,50
"SCP",0.937,8.38387498245993,0,"LogNormal",4,100,100
"RSA-CP (OT) (Ours)",0.93,8.1216111318749,0,"LogNormal",4,100,100
"SPI",0.947,8.73913498893088,0,"LogNormal",4,100,100
"Synthetic-only",0.938,8.42363479063804,0,"LogNormal",4,100,100
"SCP",0.937,8.38387498245993,0,"LogNormal",4,250,250
"RSA-CP (OT) (Ours)",0.93,8.09962033205155,0,"LogNormal",4,250,250
"SPI",0.9615,9.88266051696176,0.02,"LogNormal",4,250,250
"Synthetic-only",0.9925,16.7069006200733,0,"LogNormal",4,250,250
"SCP",0.937,8.38387498245993,0,"LogNormal",4,500,500
"RSA-CP (OT) (Ours)",0.9265,7.97689881186895,0,"LogNormal",4,500,500
"SPI",0.946,8.70905532245667,0.01,"LogNormal",4,500,500
"Synthetic-only",0.9375,8.39604152334901,0,"LogNormal",4,500,500
"SCP",0.937,8.38387498245993,0,"LogNormal",4,1000,1000
"RSA-CP (OT) (Ours)",0.9265,7.97689881186895,0,"LogNormal",4,1000,1000
"SPI",0.922,7.81968963710625,0.02,"LogNormal",4,1000,1000
"Synthetic-only",0.919,7.73984957090387,0,"LogNormal",4,1000,1000
"SCP",0.937,8.38387498245993,0,"LogNormal",4,2000,2000
"RSA-CP (OT) (Ours)",0.926,7.96668410965448,0.02,"LogNormal",4,2000,2000
"SPI",0.9515,8.99929776548088,0.0299999999999998,"LogNormal",4,2000,2000
"Synthetic-only",0.9505,8.88863877761313,0,"LogNormal",4,2000,2000
"SCP",0.937,8.38387498245993,0,"LogNormal",4,3000,3000
"RSA-CP (OT) (Ours)",0.926,7.96668410965448,0,"LogNormal",4,3000,3000
"SPI",0.9435,8.61690778006267,0.04,"LogNormal",4,3000,3000
"Synthetic-only",0.9435,8.61415161189815,0,"LogNormal",4,3000,3000
"SCP",0.896,4.78077218464965,0,"Student-t",4,50,50
"RSA-CP (OT) (Ours)",0.896,4.78062747317255,0,"Student-t",4,50,50
"SPI",0.993,11.0363712733743,0,"Student-t",4,50,50
"Synthetic-only",0.9355,5.81762779249399,0,"Student-t",4,50,50
"SCP",0.896,4.78077218464965,0,"Student-t",4,100,100
"RSA-CP (OT) (Ours)",0.8875,4.6379221754659,0,"Student-t",4,100,100
"SPI",0.8965,4.78317860891459,0,"Student-t",4,100,100
"Synthetic-only",0.9985,16.386317179952,0,"Student-t",4,100,100
"SCP",0.896,4.78077218464965,0,"Student-t",4,250,250
"RSA-CP (OT) (Ours)",0.8885,4.67718366006826,0.0100000000000002,"Student-t",4,250,250
"SPI",0.8965,4.78317860891459,0,"Student-t",4,250,250
"Synthetic-only",0.997,15.0346026831569,0,"Student-t",4,250,250
"SCP",0.896,4.78077218464965,0,"Student-t",4,500,500
"RSA-CP (OT) (Ours)",0.885,4.60453180438954,0,"Student-t",4,500,500
"SPI",0.8965,4.78317860891459,0.02,"Student-t",4,500,500
"Synthetic-only",0.9935,11.923896420049,0,"Student-t",4,500,500
"SCP",0.896,4.78077218464965,0,"Student-t",4,1000,1000
"RSA-CP (OT) (Ours)",0.8835,4.5220266234772,0,"Student-t",4,1000,1000
"SPI",0.8965,4.78317860891459,0.02,"Student-t",4,1000,1000
"Synthetic-only",0.9945,12.2116467247447,0,"Student-t",4,1000,1000
"SCP",0.896,4.78077218464965,0,"Student-t",4,2000,2000
"RSA-CP (OT) (Ours)",0.8835,4.5220266234772,0.00999999999999979,"Student-t",4,2000,2000
"SPI",0.8965,4.78317860891459,0.0300000000000002,"Student-t",4,2000,2000
"Synthetic-only",0.9865,9.45057950053279,0,"Student-t",4,2000,2000
"SCP",0.896,4.78077218464965,0,"Student-t",4,3000,3000
"RSA-CP (OT) (Ours)",0.8835,4.5220266234772,0,"Student-t",4,3000,3000
"SPI",0.8965,4.78317860891459,0.0499999999999998,"Student-t",4,3000,3000
"Synthetic-only",0.9935,11.5113075960711,0,"Student-t",4,3000,3000
"SCP",0.9685,10.973385873909,0,"LogNormal",5,50,50
"RSA-CP (OT) (Ours)",0.9685,10.964747696183,0,"LogNormal",5,50,50
"SPI",0.999,29.0224596160542,0.00999999999999979,"LogNormal",5,50,50
"Synthetic-only",0.999,27.9164990696695,0,"LogNormal",5,50,50
"SCP",0.9685,10.973385873909,0,"LogNormal",5,100,100
"RSA-CP (OT) (Ours)",0.964,10.2074227802304,0,"LogNormal",5,100,100
"SPI",0.9825,13.1598923801035,0,"LogNormal",5,100,100
"Synthetic-only",0.996,19.8388077911514,0,"LogNormal",5,100,100
"SCP",0.9685,10.973385873909,0,"LogNormal",5,250,250
"RSA-CP (OT) (Ours)",0.963,10.0549637041756,0,"LogNormal",5,250,250
"SPI",0.9485,8.80031993414135,0.02,"LogNormal",5,250,250
"Synthetic-only",0.919,7.74457221570067,0,"LogNormal",5,250,250
"SCP",0.9685,10.973385873909,0,"LogNormal",5,500,500
"RSA-CP (OT) (Ours)",0.963,10.0549637041756,0,"LogNormal",5,500,500
"SPI",0.9825,13.1598923801035,0.0100000000000002,"LogNormal",5,500,500
"Synthetic-only",0.995,18.8925021744363,0,"LogNormal",5,500,500
"SCP",0.9685,10.973385873909,0,"LogNormal",5,1000,1000
"RSA-CP (OT) (Ours)",0.9595,9.64797183105446,0,"LogNormal",5,1000,1000
"SPI",0.9825,13.1598923801035,0.02,"LogNormal",5,1000,1000
"Synthetic-only",0.9825,13.2474720721521,0,"LogNormal",5,1000,1000
"SCP",0.9685,10.973385873909,0,"LogNormal",5,2000,2000
"RSA-CP (OT) (Ours)",0.9605,9.79063644214601,0.00999999999999979,"LogNormal",5,2000,2000
"SPI",0.9735,11.5255765289782,0.0300000000000002,"LogNormal",5,2000,2000
"Synthetic-only",0.9695,11.0870866906241,0,"LogNormal",5,2000,2000
"SCP",0.9685,10.973385873909,0,"LogNormal",5,3000,3000
"RSA-CP (OT) (Ours)",0.96,9.72154259439046,0,"LogNormal",5,3000,3000
"SPI",0.9485,8.80031993414135,0.0499999999999998,"LogNormal",5,3000,3000
"Synthetic-only",0.936,8.35546957210335,0.02,"LogNormal",5,3000,3000
"SCP",0.9945,12.3594715551435,0,"Student-t",5,50,50
"RSA-CP (OT) (Ours)",0.9945,12.338987418687,0,"Student-t",5,50,50
"SPI",0.999,17.2558079620714,0,"Student-t",5,50,50
"Synthetic-only",0.9985,16.5146583547319,0,"Student-t",5,50,50
"SCP",0.9945,12.3594715551435,0,"Student-t",5,100,100
"RSA-CP (OT) (Ours)",0.97,7.5230050843525,0,"Student-t",5,100,100
"SPI",0.995,13.5221878043481,0,"Student-t",5,100,100
"Synthetic-only",0.995,13.0745747421348,0,"Student-t",5,100,100
"SCP",0.9945,12.3594715551435,0,"Student-t",5,250,250
"RSA-CP (OT) (Ours)",0.987,9.60048765994776,0.0100000000000002,"Student-t",5,250,250
"SPI",0.9965,14.7587969283625,0,"Student-t",5,250,250
"Synthetic-only",0.995,13.6893681740727,0,"Student-t",5,250,250
"SCP",0.9945,12.3594715551435,0,"Student-t",5,500,500
"RSA-CP (OT) (Ours)",0.9835,8.75060842447697,0,"Student-t",5,500,500
"SPI",0.9915,10.6046137691932,0.02,"Student-t",5,500,500
"Synthetic-only",0.989,10.2459421787308,0,"Student-t",5,500,500
"SCP",0.9945,12.3594715551435,0,"Student-t",5,1000,1000
"RSA-CP (OT) (Ours)",0.9845,9.16305945763023,0,"Student-t",5,1000,1000
"SPI",0.9935,11.482039507499,0.00999999999999979,"Student-t",5,1000,1000
"Synthetic-only",0.993,11.1243919059554,0,"Student-t",5,1000,1000
"SCP",0.9945,12.3594715551435,0,"Student-t",5,2000,2000
"RSA-CP (OT) (Ours)",0.984,9.03460535308401,0.02,"Student-t",5,2000,2000
"SPI",0.9935,11.8289401675805,0.0299999999999998,"Student-t",5,2000,2000
"Synthetic-only",0.9935,11.7505227336334,0,"Student-t",5,2000,2000
"SCP",0.9945,12.3594715551435,0,"Student-t",5,3000,3000
"RSA-CP (OT) (Ours)",0.9845,9.12024142278149,0,"Student-t",5,3000,3000
"SPI",0.995,12.8178992348246,0.0500000000000003,"Student-t",5,3000,3000
"Synthetic-only",0.9945,12.7640431950044,0,"Student-t",5,3000,3000
"SCP",0.9705,11.188580393768,0,"LogNormal",6,50,50
"RSA-CP (OT) (Ours)",0.9705,11.1747609599578,0,"LogNormal",6,50,50
"SPI",0.999,28.4519362135008,0,"LogNormal",6,50,50
"Synthetic-only",0.9375,8.41094399042585,0,"LogNormal",6,50,50
"SCP",0.9705,11.188580393768,0,"LogNormal",6,100,100
"RSA-CP (OT) (Ours)",0.9615,9.87359016325037,0,"LogNormal",6,100,100
"SPI",0.9765,12.0302093076092,0.02,"LogNormal",6,100,100
"Synthetic-only",0.9775,12.0880812756847,0.02,"LogNormal",6,100,100
"SCP",0.9705,11.188580393768,0,"LogNormal",6,250,250
"RSA-CP (OT) (Ours)",0.9605,9.83532043393545,0,"LogNormal",6,250,250
"SPI",0.9765,12.0302093076092,0,"LogNormal",6,250,250
"Synthetic-only",0.9955,19.3341049628422,0,"LogNormal",6,250,250
"SCP",0.9705,11.188580393768,0,"LogNormal",6,500,500
"RSA-CP (OT) (Ours)",0.9605,9.83532043393545,0.0100000000000002,"LogNormal",6,500,500
"SPI",0.9615,9.91676141597076,0,"LogNormal",6,500,500
"Synthetic-only",0.9375,8.41168470469911,0,"LogNormal",6,500,500
"SCP",0.9705,11.188580393768,0,"LogNormal",6,1000,1000
"RSA-CP (OT) (Ours)",0.96,9.72051124599068,0.02,"LogNormal",6,1000,1000
"SPI",0.9765,12.0302093076092,0.02,"LogNormal",6,1000,1000
"Synthetic-only",0.9895,14.0124308180916,0,"LogNormal",6,1000,1000
"SCP",0.9705,11.188580393768,0,"LogNormal",6,2000,2000
"RSA-CP (OT) (Ours)",0.96,9.72051124599068,0,"LogNormal",6,2000,2000
"SPI",0.953,9.16059012810082,0.0299999999999998,"LogNormal",6,2000,2000
"Synthetic-only",0.948,8.76919225723501,0,"LogNormal",6,2000,2000
"SCP",0.9705,11.188580393768,0,"LogNormal",6,3000,3000
"RSA-CP (OT) (Ours)",0.9615,9.93295519396163,0,"LogNormal",6,3000,3000
"SPI",0.9595,9.67715306076649,0.0499999999999998,"LogNormal",6,3000,3000
"Synthetic-only",0.955,9.29434667340132,0,"LogNormal",6,3000,3000
"SCP",0.901,4.84861058555221,0,"Student-t",6,50,50
"RSA-CP (OT) (Ours)",0.9005,4.84482550231544,0,"Student-t",6,50,50
"SPI",0.999,17.0145524711028,0,"Student-t",6,50,50
"Synthetic-only",0.9935,11.859152896855,0,"Student-t",6,50,50
"SCP",0.901,4.84861058555221,0,"Student-t",6,100,100
"RSA-CP (OT) (Ours)",0.8775,4.41003347005637,0,"Student-t",6,100,100
"SPI",0.9985,16.1597123853831,0,"Student-t",6,100,100
"Synthetic-only",0.9965,14.5933523053536,0,"Student-t",6,100,100
"SCP",0.901,4.84861058555221,0,"Student-t",6,250,250
"RSA-CP (OT) (Ours)",0.8795,4.47214661752195,0,"Student-t",6,250,250
"SPI",0.993,11.0633992135914,0.00999999999999979,"Student-t",6,250,250
"Synthetic-only",0.988,9.73282662744175,0,"Student-t",6,250,250
"SCP",0.901,4.84861058555221,0,"Student-t",6,500,500
"RSA-CP (OT) (Ours)",0.8675,4.2858071751252,0,"Student-t",6,500,500
"SPI",0.998,15.5525837975259,0,"Student-t",6,500,500
"Synthetic-only",0.997,15.0388448178609,0,"Student-t",6,500,500
"SCP",0.901,4.84861058555221,0,"Student-t",6,1000,1000
"RSA-CP (OT) (Ours)",0.8665,4.25475060139241,0,"Student-t",6,1000,1000
"SPI",0.9935,11.9188214493293,0.0100000000000002,"Student-t",6,1000,1000
"Synthetic-only",0.9935,11.9106182788289,0,"Student-t",6,1000,1000
"SCP",0.901,4.84861058555221,0,"Student-t",6,2000,2000
"RSA-CP (OT) (Ours)",0.8665,4.24142136752729,0,"Student-t",6,2000,2000
"SPI",0.9935,11.6163819394132,0.0299999999999998,"Student-t",6,2000,2000
"Synthetic-only",0.9935,11.6096034847645,0,"Student-t",6,2000,2000
"SCP",0.901,4.84861058555221,0,"Student-t",6,3000,3000
"RSA-CP (OT) (Ours)",0.867,4.27260828934734,0,"Student-t",6,3000,3000
"SPI",0.993,11.2534731129667,0.0500000000000003,"Student-t",6,3000,3000
"Synthetic-only",0.993,11.2317279192309,0,"Student-t",6,3000,3000
"SCP",0.962,9.95304620269546,0,"LogNormal",7,50,50
"RSA-CP (OT) (Ours)",0.9615,9.93941673879477,0,"LogNormal",7,50,50
"SPI",0.995,19.2145942944435,0,"LogNormal",7,50,50
"Synthetic-only",0.9945,17.9616119773324,0,"LogNormal",7,50,50
"SCP",0.962,9.95304620269546,0,"LogNormal",7,100,100
"RSA-CP (OT) (Ours)",0.9615,9.89738960670684,0,"LogNormal",7,100,100
"SPI",0.975,11.7429618759263,0,"LogNormal",7,100,100
"Synthetic-only",0.996,19.9728671885715,0,"LogNormal",7,100,100
"SCP",0.962,9.95304620269546,0,"LogNormal",7,250,250
"RSA-CP (OT) (Ours)",0.9605,9.85987937362172,0,"LogNormal",7,250,250
"SPI",0.9615,9.88096098880472,0,"LogNormal",7,250,250
"Synthetic-only",0.9105,7.51852650640238,0,"LogNormal",7,250,250
"SCP",0.962,9.95304620269546,0,"LogNormal",7,500,500
"RSA-CP (OT) (Ours)",0.9605,9.85987937362172,0,"LogNormal",7,500,500
"SPI",0.975,11.7429618759263,0.0100000000000002,"LogNormal",7,500,500
"Synthetic-only",0.99,14.4404057447639,0.0100000000000002,"LogNormal",7,500,500
"SCP",0.962,9.95304620269546,0,"LogNormal",7,1000,1000
"RSA-CP (OT) (Ours)",0.9605,9.85987937362172,0,"LogNormal",7,1000,1000
"SPI",0.9615,9.88096098880472,0.0299999999999998,"LogNormal",7,1000,1000
"Synthetic-only",0.931,8.24499937044285,0.02,"LogNormal",7,1000,1000
"SCP",0.962,9.95304620269546,0,"LogNormal",7,2000,2000
"RSA-CP (OT) (Ours)",0.9605,9.85987937362172,0,"LogNormal",7,2000,2000
"SPI",0.9745,11.6990364884146,0.04,"LogNormal",7,2000,2000
"Synthetic-only",0.9705,11.1604051480074,0,"LogNormal",7,2000,2000
"SCP",0.962,9.95304620269546,0,"LogNormal",7,3000,3000
"RSA-CP (OT) (Ours)",0.9605,9.85987937362172,0.00999999999999979,"LogNormal",7,3000,3000
"SPI",0.975,11.7429618759263,0.0500000000000003,"LogNormal",7,3000,3000
"Synthetic-only",0.9735,11.5792942380854,0,"LogNormal",7,3000,3000
"SCP",0.921,5.3814886010663,0,"Student-t",7,50,50
"RSA-CP (OT) (Ours)",0.9205,5.37166471215431,0,"Student-t",7,50,50
"SPI",0.999,21.3123872568744,0,"Student-t",7,50,50
"Synthetic-only",0.999,19.37481265944,0,"Student-t",7,50,50
"SCP",0.921,5.3814886010663,0,"Student-t",7,100,100
"RSA-CP (OT) (Ours)",0.9155,5.21372228439766,0,"Student-t",7,100,100
"SPI",0.9715,7.72197448167588,0.00999999999999979,"Student-t",7,100,100
"Synthetic-only",0.993,11.1341948325825,0,"Student-t",7,100,100
"SCP",0.921,5.3814886010663,0,"Student-t",7,250,250
"RSA-CP (OT) (Ours)",0.917,5.26311713324049,0,"Student-t",7,250,250
"SPI",0.9715,7.72197448167588,0,"Student-t",7,250,250
"Synthetic-only",0.9965,14.1664255062063,0,"Student-t",7,250,250
"SCP",0.921,5.3814886010663,0,"Student-t",7,500,500
"RSA-CP (OT) (Ours)",0.917,5.26311713324049,0.02,"Student-t",7,500,500
"SPI",0.9715,7.72197448167588,0,"Student-t",7,500,500
"Synthetic-only",0.9935,12.1096698015935,0,"Student-t",7,500,500
"SCP",0.921,5.3814886010663,0,"Student-t",7,1000,1000
"RSA-CP (OT) (Ours)",0.917,5.26311713324049,0.0100000000000002,"Student-t",7,1000,1000
"SPI",0.9715,7.72197448167588,0.02,"Student-t",7,1000,1000
"Synthetic-only",0.9935,11.5872636992655,0,"Student-t",7,1000,1000
"SCP",0.921,5.3814886010663,0,"Student-t",7,2000,2000
"RSA-CP (OT) (Ours)",0.917,5.26311713324049,0,"Student-t",7,2000,2000
"SPI",0.9715,7.72197448167588,0.0299999999999998,"Student-t",7,2000,2000
"Synthetic-only",0.9935,12.1061185455699,0,"Student-t",7,2000,2000
"SCP",0.921,5.3814886010663,0,"Student-t",7,3000,3000
"RSA-CP (OT) (Ours)",0.917,5.26311713324049,0.02,"Student-t",7,3000,3000
"SPI",0.9715,7.72197448167588,0.04,"Student-t",7,3000,3000
"Synthetic-only",0.993,11.1415278404329,0,"Student-t",7,3000,3000
"SCP",0.9595,9.5577607948654,0,"LogNormal",8,50,50
"RSA-CP (OT) (Ours)",0.959,9.54718729851066,0.02,"LogNormal",8,50,50
"SPI",0.998,24.8614448655313,0,"LogNormal",8,50,50
"Synthetic-only",0.9925,16.6194825375835,0,"LogNormal",8,50,50
"SCP",0.9595,9.5577607948654,0,"LogNormal",8,100,100
"RSA-CP (OT) (Ours)",0.9575,9.44149887823194,0,"LogNormal",8,100,100
"SPI",0.9825,13.1304792882838,0,"LogNormal",8,100,100
"Synthetic-only",0.994,17.2361191150297,0,"LogNormal",8,100,100
"SCP",0.9595,9.5577607948654,0,"LogNormal",8,250,250
"RSA-CP (OT) (Ours)",0.9515,9.01874519711708,0.02,"LogNormal",8,250,250
"SPI",0.9825,13.1304792882838,0,"LogNormal",8,250,250
"Synthetic-only",0.991,15.2802061594395,0,"LogNormal",8,250,250
"SCP",0.9595,9.5577607948654,0,"LogNormal",8,500,500
"RSA-CP (OT) (Ours)",0.951,8.98351572369084,0,"LogNormal",8,500,500
"SPI",0.9825,13.1304792882838,0.00999999999999979,"LogNormal",8,500,500
"Synthetic-only",0.991,15.3017951021899,0,"LogNormal",8,500,500
"SCP",0.9595,9.5577607948654,0,"LogNormal",8,1000,1000
"RSA-CP (OT) (Ours)",0.953,9.15966309082203,0,"LogNormal",8,1000,1000
"SPI",0.9515,9.04758524937768,0.0300000000000002,"LogNormal",8,1000,1000
"Synthetic-only",0.9485,8.79864899920472,0.02,"LogNormal",8,1000,1000
"SCP",0.9595,9.5577607948654,0,"LogNormal",8,2000,2000
"RSA-CP (OT) (Ours)",0.9515,9.05397467054332,0,"LogNormal",8,2000,2000
"SPI",0.9825,13.1304792882838,0.0299999999999998,"LogNormal",8,2000,2000
"Synthetic-only",0.9885,13.9009132427307,0,"LogNormal",8,2000,2000
"SCP",0.9595,9.5577607948654,0,"LogNormal",8,3000,3000
"RSA-CP (OT) (Ours)",0.9515,9.05835090772118,0.02,"LogNormal",8,3000,3000
"SPI",0.969,10.9839383089785,0.0500000000000003,"LogNormal",8,3000,3000
"Synthetic-only",0.963,10.0929634110603,0,"LogNormal",8,3000,3000
"SCP",0.921,5.38389142420749,0,"Student-t",8,50,50
"RSA-CP (OT) (Ours)",0.9205,5.37087872874617,0,"Student-t",8,50,50
"SPI",0.999,18.507426580804,0,"Student-t",8,50,50
"Synthetic-only",0.999,17.5203786085415,0,"Student-t",8,50,50
"SCP",0.921,5.38389142420749,0,"Student-t",8,100,100
"RSA-CP (OT) (Ours)",0.9135,5.16189512062375,0.00999999999999979,"Student-t",8,100,100
"SPI",0.9595,6.84154514123359,0,"Student-t",8,100,100
"Synthetic-only",0.995,12.9331897405261,0,"Student-t",8,100,100
"SCP",0.921,5.38389142420749,0,"Student-t",8,250,250
"RSA-CP (OT) (Ours)",0.9155,5.22672405489879,0,"Student-t",8,250,250
"SPI",0.9595,6.84154514123359,0,"Student-t",8,250,250
"Synthetic-only",0.995,13.2765721094525,0,"Student-t",8,250,250
"SCP",0.921,5.38389142420749,0,"Student-t",8,500,500
"RSA-CP (OT) (Ours)",0.9135,5.17471685037243,0.02,"Student-t",8,500,500
"SPI",0.9595,6.84154514123359,0,"Student-t",8,500,500
"Synthetic-only",0.993,11.1903012666472,0,"Student-t",8,500,500
"SCP",0.921,5.38389142420749,0,"Student-t",8,1000,1000
"RSA-CP (OT) (Ours)",0.915,5.20072045263561,0.0100000000000002,"Student-t",8,1000,1000
"SPI",0.9595,6.84154514123359,0.02,"Student-t",8,1000,1000
"Synthetic-only",0.993,11.3117555884405,0,"Student-t",8,1000,1000
"SCP",0.921,5.38389142420749,0,"Student-t",8,2000,2000
"RSA-CP (OT) (Ours)",0.915,5.20072045263561,0,"Student-t",8,2000,2000
"SPI",0.9595,6.84154514123359,0.0299999999999998,"Student-t",8,2000,2000
"Synthetic-only",0.9935,12.0382355177326,0,"Student-t",8,2000,2000
"SCP",0.921,5.38389142420749,0,"Student-t",8,3000,3000
"RSA-CP (OT) (Ours)",0.9135,5.17079913181835,0.02,"Student-t",8,3000,3000
"SPI",0.9595,6.84154514123359,0.04,"Student-t",8,3000,3000
"Synthetic-only",0.993,10.9310535057259,0,"Student-t",8,3000,3000
"SCP",0.99,14.4602776447389,0,"LogNormal",9,50,50
"RSA-CP (OT) (Ours)",0.99,14.4550506146808,0,"LogNormal",9,50,50
"SPI",0.996,20.4318912363686,0.02,"LogNormal",9,50,50
"Synthetic-only",0.9905,15.1695477643334,0.02,"LogNormal",9,50,50
"SCP",0.99,14.4602776447389,0,"LogNormal",9,100,100
"RSA-CP (OT) (Ours)",0.9875,13.6498550824146,0,"LogNormal",9,100,100
"SPI",0.9745,11.7049321687376,0,"LogNormal",9,100,100
"Synthetic-only",0.904,7.28036861880587,0,"LogNormal",9,100,100
"SCP",0.99,14.4602776447389,0,"LogNormal",9,250,250
"RSA-CP (OT) (Ours)",0.981,12.7197442639031,0,"LogNormal",9,250,250
"SPI",0.9945,18.1560019826904,0.00999999999999979,"LogNormal",9,250,250
"Synthetic-only",0.994,17.3086794526586,0.00999999999999979,"LogNormal",9,250,250
"SCP",0.99,14.4602776447389,0,"LogNormal",9,500,500
"RSA-CP (OT) (Ours)",0.981,12.49179185774,0,"LogNormal",9,500,500
"SPI",0.9915,16.1272721373359,0.02,"LogNormal",9,500,500
"Synthetic-only",0.991,15.2859884343651,0,"LogNormal",9,500,500
"SCP",0.99,14.4602776447389,0,"LogNormal",9,1000,1000
"RSA-CP (OT) (Ours)",0.981,12.6741537826705,0,"LogNormal",9,1000,1000
"SPI",0.9745,11.7049321687376,0.0100000000000002,"LogNormal",9,1000,1000
"Synthetic-only",0.927,8.01486796083809,0,"LogNormal",9,1000,1000
"SCP",0.99,14.4602776447389,0,"LogNormal",9,2000,2000
"RSA-CP (OT) (Ours)",0.981,12.6023700554128,0.02,"LogNormal",9,2000,2000
"SPI",0.981,12.4697597804756,0.0299999999999998,"LogNormal",9,2000,2000
"Synthetic-only",0.978,12.1775019046332,0,"LogNormal",9,2000,2000
"SCP",0.99,14.4602776447389,0,"LogNormal",9,3000,3000
"RSA-CP (OT) (Ours)",0.981,12.6974822822461,0,"LogNormal",9,3000,3000
"SPI",0.9785,12.3544752690323,0.0600000000000001,"LogNormal",9,3000,3000
"Synthetic-only",0.9785,12.3462494214649,0.02,"LogNormal",9,3000,3000
"SCP",0.964,7.14332053622205,0,"Student-t",9,50,50
"RSA-CP (OT) (Ours)",0.964,7.13976432775873,0,"Student-t",9,50,50
"SPI",0.999,16.8447801942676,0,"Student-t",9,50,50
"Synthetic-only",0.998,15.5988965025401,0,"Student-t",9,50,50
"SCP",0.964,7.14332053622205,0,"Student-t",9,100,100
"RSA-CP (OT) (Ours)",0.96,6.90177218350011,0,"Student-t",9,100,100
"SPI",0.971,7.60940215909575,0.02,"Student-t",9,100,100
"Synthetic-only",0.9885,9.94717096945233,0,"Student-t",9,100,100
"SCP",0.964,7.14332053622205,0,"Student-t",9,250,250
"RSA-CP (OT) (Ours)",0.958,6.72648892821153,0,"Student-t",9,250,250
"SPI",0.971,7.60940215909575,0,"Student-t",9,250,250
"Synthetic-only",0.9935,11.9492845046284,0,"Student-t",9,250,250
"SCP",0.964,7.14332053622205,0,"Student-t",9,500,500
"RSA-CP (OT) (Ours)",0.954,6.56164246875157,0.02,"Student-t",9,500,500
"SPI",0.971,7.60940215909575,0,"Student-t",9,500,500
"Synthetic-only",0.9935,12.0009776350976,0,"Student-t",9,500,500
"SCP",0.964,7.14332053622205,0,"Student-t",9,1000,1000
"RSA-CP (OT) (Ours)",0.9515,6.34650665010397,0,"Student-t",9,1000,1000
"SPI",0.971,7.60940215909575,0.0299999999999998,"Student-t",9,1000,1000
"Synthetic-only",0.9935,11.9114658684943,0.00999999999999979,"Student-t",9,1000,1000
"SCP",0.964,7.14332053622205,0,"Student-t",9,2000,2000
"RSA-CP (OT) (Ours)",0.949,6.27479471055478,0,"Student-t",9,2000,2000
"SPI",0.971,7.60940215909575,0.0300000000000002,"Student-t",9,2000,2000
"Synthetic-only",0.995,13.2002684773738,0,"Student-t",9,2000,2000
"SCP",0.964,7.14332053622205,0,"Student-t",9,3000,3000
"RSA-CP (OT) (Ours)",0.949,6.27264158612854,0,"Student-t",9,3000,3000
"SPI",0.971,7.60940215909575,0.0600000000000001,"Student-t",9,3000,3000
"Synthetic-only",0.9935,11.8968088882859,0,"Student-t",9,3000,3000
"SCP",0.9095,7.48298984938489,0,"LogNormal",10,50,50
"RSA-CP (OT) (Ours)",0.9095,7.48293418596732,0,"LogNormal",10,50,50
"SPI",0.9515,9.03626608073613,0.02,"LogNormal",10,50,50
"Synthetic-only",0.9175,7.72103228431697,0,"LogNormal",10,50,50
"SCP",0.9095,7.48298984938489,0,"LogNormal",10,100,100
"RSA-CP (OT) (Ours)",0.9005,7.22190159808474,0,"LogNormal",10,100,100
"SPI",0.9665,10.494284635966,0,"LogNormal",10,100,100
"Synthetic-only",0.9945,17.8753684082388,0,"LogNormal",10,100,100
"SCP",0.9095,7.48298984938489,0,"LogNormal",10,250,250
"RSA-CP (OT) (Ours)",0.9045,7.28715974505538,0,"LogNormal",10,250,250
"SPI",0.9665,10.494284635966,0.00999999999999979,"LogNormal",10,250,250
"Synthetic-only",0.9745,11.6692885948755,0,"LogNormal",10,250,250
"SCP",0.9095,7.48298984938489,0,"LogNormal",10,500,500
"RSA-CP (OT) (Ours)",0.9015,7.24697135507542,0,"LogNormal",10,500,500
"SPI",0.9665,10.494284635966,0.02,"LogNormal",10,500,500
"Synthetic-only",0.991,15.3401771846442,0,"LogNormal",10,500,500
"SCP",0.9095,7.48298984938489,0,"LogNormal",10,1000,1000
"RSA-CP (OT) (Ours)",0.9015,7.24697135507542,0,"LogNormal",10,1000,1000
"SPI",0.9665,10.494284635966,0.0100000000000002,"LogNormal",10,1000,1000
"Synthetic-only",0.9615,9.93804415622188,0,"LogNormal",10,1000,1000
"SCP",0.9095,7.48298984938489,0,"LogNormal",10,2000,2000
"RSA-CP (OT) (Ours)",0.9015,7.24697135507542,0,"LogNormal",10,2000,2000
"SPI",0.9615,9.90100812697861,0.0499999999999998,"LogNormal",10,2000,2000
"Synthetic-only",0.9605,9.79752554961544,0.02,"LogNormal",10,2000,2000
"SCP",0.9095,7.48298984938489,0,"LogNormal",10,3000,3000
"RSA-CP (OT) (Ours)",0.9015,7.24697135507542,0,"LogNormal",10,3000,3000
"SPI",0.951,8.98573981201518,0.0500000000000003,"LogNormal",10,3000,3000
"Synthetic-only",0.948,8.76305203192824,0,"LogNormal",10,3000,3000
"SCP",0.947,6.20758014936492,0,"Student-t",10,50,50
"RSA-CP (OT) (Ours)",0.947,6.19891384496758,0.00999999999999979,"Student-t",10,50,50
"SPI",0.999,19.3509099651106,0,"Student-t",10,50,50
"Synthetic-only",0.993,11.3652151279915,0,"Student-t",10,50,50
"SCP",0.947,6.20758014936492,0,"Student-t",10,100,100
"RSA-CP (OT) (Ours)",0.947,6.19320283411483,0,"Student-t",10,100,100
"SPI",0.9635,7.08869594670113,0,"Student-t",10,100,100
"Synthetic-only",0.998,15.6130501588391,0,"Student-t",10,100,100
"SCP",0.947,6.20758014936492,0,"Student-t",10,250,250
"RSA-CP (OT) (Ours)",0.947,6.16786753905867,0,"Student-t",10,250,250
"SPI",0.9635,7.08869594670113,0.0199999999999996,"Student-t",10,250,250
"Synthetic-only",0.995,13.2782988386444,0,"Student-t",10,250,250
"SCP",0.947,6.20758014936492,0,"Student-t",10,500,500
"RSA-CP (OT) (Ours)",0.947,6.16722680123098,0,"Student-t",10,500,500
"SPI",0.9635,7.08869594670113,0.0100000000000007,"Student-t",10,500,500
"Synthetic-only",0.9935,11.5878984025959,0,"Student-t",10,500,500
"SCP",0.947,6.20758014936492,0,"Student-t",10,1000,1000
"RSA-CP (OT) (Ours)",0.947,6.17687606572963,0,"Student-t",10,1000,1000
"SPI",0.9635,7.08869594670113,0.0199999999999996,"Student-t",10,1000,1000
"Synthetic-only",0.9945,12.6864212466741,0,"Student-t",10,1000,1000
"SCP",0.947,6.20758014936492,0,"Student-t",10,2000,2000
"RSA-CP (OT) (Ours)",0.947,6.17687606572963,0.00999999999999979,"Student-t",10,2000,2000
"SPI",0.9635,7.08869594670113,0.04,"Student-t",10,2000,2000
"Synthetic-only",0.9935,12.1783082343624,0,"Student-t",10,2000,2000
"SCP",0.947,6.20758014936492,0,"Student-t",10,3000,3000
"RSA-CP (OT) (Ours)",0.947,6.17687606572963,0,"Student-t",10,3000,3000
"SPI",0.9635,7.08869594670113,0.0600000000000005,"Student-t",10,3000,3000
"Synthetic-only",0.993,11.16662201833,0.0100000000000007,"Student-t",10,3000,3000
"SCP",0.975,11.7643676165316,0,"LogNormal",11,50,50
"RSA-CP (OT) (Ours)",0.975,11.7504446252936,0.00999999999999979,"LogNormal",11,50,50
"SPI",0.998,24.6550833216581,0,"LogNormal",11,50,50
"Synthetic-only",0.994,17.1790830687269,0,"LogNormal",11,50,50
"SCP",0.975,11.7643676165316,0,"LogNormal",11,100,100
"RSA-CP (OT) (Ours)",0.9605,9.85625207074451,0,"LogNormal",11,100,100
"SPI",0.9825,13.2342710286802,0,"LogNormal",11,100,100
"Synthetic-only",0.9945,17.5389294766018,0,"LogNormal",11,100,100
"SCP",0.975,11.7643676165316,0,"LogNormal",11,250,250
"RSA-CP (OT) (Ours)",0.968,10.7155242081787,0.0200000000000005,"LogNormal",11,250,250
"SPI",0.9595,9.66709312202057,0,"LogNormal",11,250,250
"Synthetic-only",0.9435,8.61992397814157,0,"LogNormal",11,250,250
"SCP",0.975,11.7643676165316,0,"LogNormal",11,500,500
"RSA-CP (OT) (Ours)",0.9625,9.98839935119514,0,"LogNormal",11,500,500
"SPI",0.959,9.53484212672726,0.0199999999999996,"LogNormal",11,500,500
"Synthetic-only",0.9585,9.46983618365544,0,"LogNormal",11,500,500
"SCP",0.975,11.7643676165316,0,"LogNormal",11,1000,1000
"RSA-CP (OT) (Ours)",0.963,10.064938809825,0,"LogNormal",11,1000,1000
"SPI",0.944,8.66876095005386,0.00999999999999979,"LogNormal",11,1000,1000
"Synthetic-only",0.935,8.33355744916216,0,"LogNormal",11,1000,1000
"SCP",0.975,11.7643676165316,0,"LogNormal",11,2000,2000
"RSA-CP (OT) (Ours)",0.9605,9.79705070462052,0,"LogNormal",11,2000,2000
"SPI",0.9825,13.2342710286802,0.0299999999999994,"LogNormal",11,2000,2000
"Synthetic-only",0.99,14.6968215520124,0,"LogNormal",11,2000,2000
"SCP",0.975,11.7643676165316,0,"LogNormal",11,3000,3000
"RSA-CP (OT) (Ours)",0.9595,9.6362907879074,0.0100000000000007,"LogNormal",11,3000,3000
"SPI",0.944,8.67177294591636,0.0499999999999998,"LogNormal",11,3000,3000
"Synthetic-only",0.944,8.65897646123266,0,"LogNormal",11,3000,3000
"SCP",0.934,5.75150151697426,0,"Student-t",11,50,50
"RSA-CP (OT) (Ours)",0.934,5.7436108048073,0,"Student-t",11,50,50
"SPI",0.9965,14.1740251412561,0.0199999999999996,"Student-t",11,50,50
"Synthetic-only",0.9945,12.7841951181593,0,"Student-t",11,50,50
"SCP",0.934,5.75150151697426,0,"Student-t",11,100,100
"RSA-CP (OT) (Ours)",0.9225,5.50638831809893,0,"Student-t",11,100,100
"SPI",0.9835,8.83739899962122,0,"Student-t",11,100,100
"Synthetic-only",0.995,12.8861364930318,0,"Student-t",11,100,100
"SCP",0.934,5.75150151697426,0,"Student-t",11,250,250
"RSA-CP (OT) (Ours)",0.925,5.57860324686088,0,"Student-t",11,250,250
"SPI",0.9805,8.47846883244038,0.0100000000000007,"Student-t",11,250,250
"Synthetic-only",0.972,7.75613732755342,0,"Student-t",11,250,250
"SCP",0.934,5.75150151697426,0,"Student-t",11,500,500
"RSA-CP (OT) (Ours)",0.9225,5.47916468470162,0,"Student-t",11,500,500
"SPI",0.9835,8.83739899962122,0.0199999999999996,"Student-t",11,500,500
"Synthetic-only",0.984,9.07601224094876,0,"Student-t",11,500,500
"SCP",0.934,5.75150151697426,0,"Student-t",11,1000,1000
"RSA-CP (OT) (Ours)",0.923,5.51367256194783,0,"Student-t",11,1000,1000
"SPI",0.9835,8.83739899962122,0.00999999999999979,"Student-t",11,1000,1000
"Synthetic-only",0.9935,11.9549509384797,0,"Student-t",11,1000,1000
"SCP",0.934,5.75150151697426,0,"Student-t",11,2000,2000
"RSA-CP (OT) (Ours)",0.9225,5.47803891499376,0.0200000000000005,"Student-t",11,2000,2000
"SPI",0.9835,8.83739899962122,0.0300000000000002,"Student-t",11,2000,2000
"Synthetic-only",0.9925,10.7886837032247,0,"Student-t",11,2000,2000
"SCP",0.934,5.75150151697426,0,"Student-t",11,3000,3000
"RSA-CP (OT) (Ours)",0.922,5.45863466273781,0,"Student-t",11,3000,3000
"SPI",0.9835,8.83739899962122,0.0499999999999998,"Student-t",11,3000,3000
"Synthetic-only",0.9935,11.9339905251366,0,"Student-t",11,3000,3000
"SCP",0.8715,6.36398997942925,0,"LogNormal",12,50,50
"RSA-CP (OT) (Ours)",0.8705,6.35644784195484,0,"LogNormal",12,50,50
"SPI",0.9965,21.0684714266239,0,"LogNormal",12,50,50
"Synthetic-only",0.996,19.5677757131263,0,"LogNormal",12,50,50
"SCP",0.8715,6.36398997942925,0,"LogNormal",12,100,100
"RSA-CP (OT) (Ours)",0.8525,6.05020155292193,0,"LogNormal",12,100,100
"SPI",0.943,8.60793274974143,0.0199999999999996,"LogNormal",12,100,100
"Synthetic-only",0.994,17.2981486934297,0,"LogNormal",12,100,100
"SCP",0.8715,6.36398997942925,0,"LogNormal",12,250,250
"RSA-CP (OT) (Ours)",0.859,6.17244359609831,0,"LogNormal",12,250,250
"SPI",0.943,8.60793274974143,0,"LogNormal",12,250,250
"Synthetic-only",0.996,19.6707434934877,0,"LogNormal",12,250,250
"SCP",0.8715,6.36398997942925,0,"LogNormal",12,500,500
"RSA-CP (OT) (Ours)",0.8525,6.04317776162505,0.0100000000000007,"LogNormal",12,500,500
"SPI",0.943,8.60793274974143,0,"LogNormal",12,500,500
"Synthetic-only",0.9895,14.2278585864082,0,"LogNormal",12,500,500
"SCP",0.8715,6.36398997942925,0,"LogNormal",12,1000,1000
"RSA-CP (OT) (Ours)",0.853,6.07549422024336,0.0199999999999996,"LogNormal",12,1000,1000
"SPI",0.943,8.60793274974143,0.00999999999999979,"LogNormal",12,1000,1000
"Synthetic-only",0.9595,9.57311449417932,0,"LogNormal",12,1000,1000
"SCP",0.8715,6.36398997942925,0,"LogNormal",12,2000,2000
"RSA-CP (OT) (Ours)",0.853,6.06921271718185,0,"LogNormal",12,2000,2000
"SPI",0.943,8.60793274974143,0.04,"LogNormal",12,2000,2000
"Synthetic-only",0.981,12.6690970774342,0,"LogNormal",12,2000,2000
"SCP",0.8715,6.36398997942925,0,"LogNormal",12,3000,3000
"RSA-CP (OT) (Ours)",0.853,6.06557947930931,0.0100000000000007,"LogNormal",12,3000,3000
"SPI",0.943,8.60793274974143,0.0499999999999998,"LogNormal",12,3000,3000
"Synthetic-only",0.9695,11.0625751763639,0,"LogNormal",12,3000,3000
"SCP",0.999,17.4023208442373,0,"Student-t",12,50,50
"RSA-CP (OT) (Ours)",0.999,17.3797819740033,0,"Student-t",12,50,50
"SPI",0.999,18.9902210742914,0,"Student-t",12,50,50
"Synthetic-only",0.995,13.1501111079318,0,"Student-t",12,50,50
"SCP",0.999,17.4023208442373,0,"Student-t",12,100,100
"RSA-CP (OT) (Ours)",0.9965,14.353949428889,0.00999999999999979,"Student-t",12,100,100
"SPI",0.9965,14.1581564022941,0,"Student-t",12,100,100
"Synthetic-only",0.995,13.8592820723007,0,"Student-t",12,100,100
"SCP",0.999,17.4023208442373,0,"Student-t",12,250,250
"RSA-CP (OT) (Ours)",0.995,13.0157198460646,0,"Student-t",12,250,250
"SPI",0.984,9.09594697050845,0.0200000000000005,"Student-t",12,250,250
"Synthetic-only",0.984,9.06336021621141,0,"Student-t",12,250,250
"SCP",0.999,17.4023208442373,0,"Student-t",12,500,500
"RSA-CP (OT) (Ours)",0.9935,12.0169888677775,0,"Student-t",12,500,500
"SPI",0.9925,10.775864016072,0,"Student-t",12,500,500
"Synthetic-only",0.991,10.5276792496322,0,"Student-t",12,500,500
"SCP",0.999,17.4023208442373,0,"Student-t",12,1000,1000
"RSA-CP (OT) (Ours)",0.9945,12.3713772794278,0,"Student-t",12,1000,1000
"SPI",0.9955,13.8945727472532,0.00999999999999979,"Student-t",12,1000,1000
"Synthetic-only",0.995,13.8619237569614,0,"Student-t",12,1000,1000
"SCP",0.999,17.4023208442373,0,"Student-t",12,2000,2000
"RSA-CP (OT) (Ours)",0.99,10.4061324511853,0,"Student-t",12,2000,2000
"SPI",0.9925,10.7563807094372,0.0300000000000002,"Student-t",12,2000,2000
"Synthetic-only",0.9915,10.6797295833482,0,"Student-t",12,2000,2000
"SCP",0.999,17.4023208442373,0,"Student-t",12,3000,3000
"RSA-CP (OT) (Ours)",0.992,10.6960866061719,0.0199999999999996,"Student-t",12,3000,3000
"SPI",0.9935,11.7979577527384,0.04,"Student-t",12,3000,3000
"Synthetic-only",0.9935,11.793032516232,0,"Student-t",12,3000,3000
"SCP",0.973,11.4647562075193,0,"LogNormal",13,50,50
"RSA-CP (OT) (Ours)",0.973,11.452647066328,0,"LogNormal",13,50,50
"SPI",0.997,23.6922441532112,0,"LogNormal",13,50,50
"Synthetic-only",0.997,22.0425930859184,0,"LogNormal",13,50,50
"SCP",0.973,11.4647562075193,0,"LogNormal",13,100,100
"RSA-CP (OT) (Ours)",0.959,9.54044567105245,0,"LogNormal",13,100,100
"SPI",0.9385,8.46664251899689,0,"LogNormal",13,100,100
"Synthetic-only",0.9005,7.22378928324141,0,"LogNormal",13,100,100
"SCP",0.973,11.4647562075193,0,"LogNormal",13,250,250
"RSA-CP (OT) (Ours)",0.9595,9.66488874487447,0.0199999999999996,"LogNormal",13,250,250
"SPI",0.99,14.3961833548553,0,"LogNormal",13,250,250
"Synthetic-only",0.9945,17.4423140696185,0,"LogNormal",13,250,250
"SCP",0.973,11.4647562075193,0,"LogNormal",13,500,500
"RSA-CP (OT) (Ours)",0.9545,9.2357080270468,0,"LogNormal",13,500,500
"SPI",0.99,14.3961833548553,0.0100000000000007,"LogNormal",13,500,500
"Synthetic-only",0.991,15.3893799586524,0,"LogNormal",13,500,500
"SCP",0.973,11.4647562075193,0,"LogNormal",13,1000,1000
"RSA-CP (OT) (Ours)",0.9515,9.07367806166002,0,"LogNormal",13,1000,1000
"SPI",0.99,14.3961833548553,0.0199999999999996,"LogNormal",13,1000,1000
"Synthetic-only",0.9905,14.9765684699993,0,"LogNormal",13,1000,1000
"SCP",0.973,11.4647562075193,0,"LogNormal",13,2000,2000
"RSA-CP (OT) (Ours)",0.943,8.60290309671844,0,"LogNormal",13,2000,2000
"SPI",0.978,12.189857865088,0.0300000000000002,"LogNormal",13,2000,2000
"Synthetic-only",0.9735,11.5192622156117,0,"LogNormal",13,2000,2000
"SCP",0.973,11.4647562075193,0,"LogNormal",13,3000,3000
"RSA-CP (OT) (Ours)",0.944,8.65350840905208,0.0200000000000005,"LogNormal",13,3000,3000
"SPI",0.953,9.16912715232729,0.0499999999999998,"LogNormal",13,3000,3000
"Synthetic-only",0.953,9.13809607675554,0,"LogNormal",13,3000,3000
"SCP",0.9885,9.84764573780169,0,"Student-t",13,50,50
"RSA-CP (OT) (Ours)",0.9885,9.841645498126,0,"Student-t",13,50,50
"SPI",0.9985,16.1352471560638,0,"Student-t",13,50,50
"Synthetic-only",0.9945,12.2079181278917,0,"Student-t",13,50,50
"SCP",0.9885,9.84764573780169,0,"Student-t",13,100,100
"RSA-CP (OT) (Ours)",0.9875,9.62442751599419,0.00999999999999979,"Student-t",13,100,100
"SPI",0.995,13.3561210551818,0,"Student-t",13,100,100
"Synthetic-only",0.9965,14.9485574093048,0,"Student-t",13,100,100
"SCP",0.9885,9.84764573780169,0,"Student-t",13,250,250
"RSA-CP (OT) (Ours)",0.9855,9.29278137929915,0,"Student-t",13,250,250
"SPI",0.983,8.71096508616835,0,"Student-t",13,250,250
"Synthetic-only",0.9765,8.18507928099939,0,"Student-t",13,250,250
"SCP",0.9885,9.84764573780169,0,"Student-t",13,500,500
"RSA-CP (OT) (Ours)",0.984,9.00872255984459,0.0199999999999996,"Student-t",13,500,500
"SPI",0.9945,12.3973313184626,0,"Student-t",13,500,500
"Synthetic-only",0.9945,12.3266039029997,0,"Student-t",13,500,500
"SCP",0.9885,9.84764573780169,0,"Student-t",13,1000,1000
"RSA-CP (OT) (Ours)",0.9845,9.14723340490056,0,"Student-t",13,1000,1000
"SPI",0.9945,12.5387300927836,0.0300000000000002,"Student-t",13,1000,1000
"Synthetic-only",0.9945,12.4182278002471,0.0100000000000007,"Student-t",13,1000,1000
"SCP",0.9885,9.84764573780169,0,"Student-t",13,2000,2000
"RSA-CP (OT) (Ours)",0.984,9.03111559929124,0,"Student-t",13,2000,2000
"SPI",0.9935,12.1013413413861,0.0300000000000002,"Student-t",13,2000,2000
"Synthetic-only",0.9935,12.0677353572853,0,"Student-t",13,2000,2000
"SCP",0.9885,9.84764573780169,0,"Student-t",13,3000,3000
"RSA-CP (OT) (Ours)",0.9845,9.14125115538016,0.0199999999999996,"Student-t",13,3000,3000
"SPI",0.9935,11.7555293274292,0.04,"Student-t",13,3000,3000
"Synthetic-only",0.9935,11.7329784463558,0,"Student-t",13,3000,3000
"SCP",0.96,9.70370772904352,0,"LogNormal",14,50,50
"RSA-CP (OT) (Ours)",0.9595,9.69713908440172,0.0200000000000005,"LogNormal",14,50,50
"SPI",0.9975,24.0076334066383,0,"LogNormal",14,50,50
"Synthetic-only",0.954,9.2110339755108,0,"LogNormal",14,50,50
"SCP",0.96,9.70370772904352,0,"LogNormal",14,100,100
"RSA-CP (OT) (Ours)",0.9595,9.67591996167874,0,"LogNormal",14,100,100
"SPI",0.959,9.52391247346499,0,"LogNormal",14,100,100
"Synthetic-only",0.9495,8.85950631079134,0,"LogNormal",14,100,100
"SCP",0.96,9.70370772904352,0,"LogNormal",14,250,250
"RSA-CP (OT) (Ours)",0.9595,9.64073292363399,0.00999999999999979,"LogNormal",14,250,250
"SPI",0.963,10.0578921158759,0,"LogNormal",14,250,250
"Synthetic-only",0.9925,16.6802549013639,0,"LogNormal",14,250,250
"SCP",0.96,9.70370772904352,0,"LogNormal",14,500,500
"RSA-CP (OT) (Ours)",0.9595,9.56777729670105,0,"LogNormal",14,500,500
"SPI",0.959,9.52391247346499,0.0200000000000005,"LogNormal",14,500,500
"Synthetic-only",0.938,8.45989694779525,0,"LogNormal",14,500,500
"SCP",0.96,9.70370772904352,0,"LogNormal",14,1000,1000
"RSA-CP (OT) (Ours)",0.9595,9.56777729670105,0,"LogNormal",14,1000,1000
"SPI",0.963,10.0578921158759,0.0299999999999994,"LogNormal",14,1000,1000
"Synthetic-only",0.9615,9.91066451516286,0.0199999999999996,"LogNormal",14,1000,1000
"SCP",0.96,9.70370772904352,0,"LogNormal",14,2000,2000
"RSA-CP (OT) (Ours)",0.9595,9.56765543159901,0,"LogNormal",14,2000,2000
"SPI",0.959,9.52391247346499,0.0300000000000002,"LogNormal",14,2000,2000
"Synthetic-only",0.953,9.10830070036067,0,"LogNormal",14,2000,2000
"SCP",0.96,9.70370772904352,0,"LogNormal",14,3000,3000
"RSA-CP (OT) (Ours)",0.9595,9.56765543159901,0.0199999999999996,"LogNormal",14,3000,3000
"SPI",0.963,10.0578921158759,0.04,"LogNormal",14,3000,3000
"Synthetic-only",0.9785,12.3172237425155,0,"LogNormal",14,3000,3000
"SCP",0.995,12.9598885471859,0,"Student-t",14,50,50
"RSA-CP (OT) (Ours)",0.995,12.9395322380886,0,"Student-t",14,50,50
"SPI",0.993,11.0629453321195,0,"Student-t",14,50,50
"Synthetic-only",0.993,10.9117331182936,0,"Student-t",14,50,50
"SCP",0.995,12.9598885471859,0,"Student-t",14,100,100
"RSA-CP (OT) (Ours)",0.989,10.2347805160801,0.0200000000000005,"Student-t",14,100,100
"SPI",0.9935,11.8554107132083,0,"Student-t",14,100,100
"Synthetic-only",0.9935,11.6095646485767,0,"Student-t",14,100,100
"SCP",0.995,12.9598885471859,0,"Student-t",14,250,250
"RSA-CP (OT) (Ours)",0.993,10.9704729844664,0,"Student-t",14,250,250
"SPI",0.995,13.8499616242611,0,"Student-t",14,250,250
"Synthetic-only",0.995,12.8960337517096,0,"Student-t",14,250,250
"SCP",0.995,12.9598885471859,0,"Student-t",14,500,500
"RSA-CP (OT) (Ours)",0.99,10.4341625738427,0,"Student-t",14,500,500
"SPI",0.9945,12.4662721938966,0,"Student-t",14,500,500
"Synthetic-only",0.9935,11.8417387389527,0,"Student-t",14,500,500
"SCP",0.995,12.9598885471859,0,"Student-t",14,1000,1000
"RSA-CP (OT) (Ours)",0.9885,9.92297881662272,0.0100000000000007,"Student-t",14,1000,1000
"SPI",0.9935,11.5297646639884,0.0199999999999996,"Student-t",14,1000,1000
"Synthetic-only",0.993,11.1096276433074,0,"Student-t",14,1000,1000
"SCP",0.995,12.9598885471859,0,"Student-t",14,2000,2000
"RSA-CP (OT) (Ours)",0.9885,9.94093658189823,0,"Student-t",14,2000,2000
"SPI",0.9935,11.9868814056575,0.0300000000000002,"Student-t",14,2000,2000
"Synthetic-only",0.9935,11.9514146360328,0,"Student-t",14,2000,2000
"SCP",0.995,12.9598885471859,0,"Student-t",14,3000,3000
"RSA-CP (OT) (Ours)",0.9885,9.8074741631029,0.00999999999999979,"Student-t",14,3000,3000
"SPI",0.9935,11.9941584613729,0.0499999999999998,"Student-t",14,3000,3000
"Synthetic-only",0.9935,11.9050152893391,0,"Student-t",14,3000,3000
"SCP",0.957,9.39526574101901,0,"LogNormal",15,50,50
"RSA-CP (OT) (Ours)",0.957,9.38925337690501,0.0200000000000005,"LogNormal",15,50,50
"SPI",0.998,24.6819762680998,0,"LogNormal",15,50,50
"Synthetic-only",0.995,19.0295671988208,0,"LogNormal",15,50,50
"SCP",0.957,9.39526574101901,0,"LogNormal",15,100,100
"RSA-CP (OT) (Ours)",0.953,9.12476736628796,0,"LogNormal",15,100,100
"SPI",0.9595,9.63664596883397,0,"LogNormal",15,100,100
"Synthetic-only",0.99,14.7071042249232,0,"LogNormal",15,100,100
"SCP",0.957,9.39526574101901,0,"LogNormal",15,250,250
"RSA-CP (OT) (Ours)",0.951,8.93962715885603,0,"LogNormal",15,250,250
"SPI",0.959,9.52407149774551,0.00999999999999979,"LogNormal",15,250,250
"Synthetic-only",0.9505,8.90904725902113,0,"LogNormal",15,250,250
"SCP",0.957,9.39526574101901,0,"LogNormal",15,500,500
"RSA-CP (OT) (Ours)",0.951,8.96607575991774,0,"LogNormal",15,500,500
"SPI",0.9595,9.63664596883397,0.0199999999999996,"LogNormal",15,500,500
"Synthetic-only",0.9645,10.2730903308763,0,"LogNormal",15,500,500
"SCP",0.957,9.39526574101901,0,"LogNormal",15,1000,1000
"RSA-CP (OT) (Ours)",0.951,8.98351572369084,0,"LogNormal",15,1000,1000
"SPI",0.9475,8.74367026317569,0.0100000000000007,"LogNormal",15,1000,1000
"Synthetic-only",0.938,8.45747420657213,0,"LogNormal",15,1000,1000
"SCP",0.957,9.39526574101901,0,"LogNormal",15,2000,2000
"RSA-CP (OT) (Ours)",0.951,8.98351572369084,0.0199999999999996,"LogNormal",15,2000,2000
"SPI",0.9475,8.74367026317569,0.00999999999999979,"LogNormal",15,2000,2000
"Synthetic-only",0.944,8.66820976137179,0,"LogNormal",15,2000,2000
"SCP",0.957,9.39526574101901,0,"LogNormal",15,3000,3000
"RSA-CP (OT) (Ours)",0.951,8.97340394737014,0,"LogNormal",15,3000,3000
"SPI",0.948,8.76977940976431,0.0499999999999998,"LogNormal",15,3000,3000
"Synthetic-only",0.948,8.76757618401583,0,"LogNormal",15,3000,3000
"SCP",0.975,8.13748089055258,0,"Student-t",15,50,50
"RSA-CP (OT) (Ours)",0.975,8.13469034711867,0.00999999999999979,"Student-t",15,50,50
"SPI",0.9995,23.9307839261291,0,"Student-t",15,50,50
"Synthetic-only",0.999,18.6118492583234,0,"Student-t",15,50,50
"SCP",0.975,8.13748089055258,0,"Student-t",15,100,100
"RSA-CP (OT) (Ours)",0.9715,7.70547301724558,0,"Student-t",15,100,100
"SPI",0.986,9.36218358505101,0,"Student-t",15,100,100
"Synthetic-only",0.987,9.55692745221634,0,"Student-t",15,100,100
"SCP",0.975,8.13748089055258,0,"Student-t",15,250,250
"RSA-CP (OT) (Ours)",0.9685,7.32209665955923,0,"Student-t",15,250,250
"SPI",0.986,9.36218358505101,0.0200000000000005,"Student-t",15,250,250
"Synthetic-only",0.993,11.4368442969506,0,"Student-t",15,250,250
"SCP",0.975,8.13748089055258,0,"Student-t",15,500,500
"RSA-CP (OT) (Ours)",0.971,7.63919533379211,0,"Student-t",15,500,500
"SPI",0.986,9.36218358505101,0.00999999999999979,"Student-t",15,500,500
"Synthetic-only",0.995,13.1850059042266,0,"Student-t",15,500,500
"SCP",0.975,8.13748089055258,0,"Student-t",15,1000,1000
"RSA-CP (OT) (Ours)",0.97,7.55271387718314,0,"Student-t",15,1000,1000
"SPI",0.986,9.36218358505101,0.0200000000000005,"Student-t",15,1000,1000
"Synthetic-only",0.9915,10.6290318392963,0,"Student-t",15,1000,1000
"SCP",0.975,8.13748089055258,0,"Student-t",15,2000,2000
"RSA-CP (OT) (Ours)",0.97,7.52388672498015,0.0199999999999996,"Student-t",15,2000,2000
"SPI",0.986,9.36218358505101,0.0300000000000002,"Student-t",15,2000,2000
"Synthetic-only",0.99,10.4111912143963,0,"Student-t",15,2000,2000
"SCP",0.975,8.13748089055258,0,"Student-t",15,3000,3000
"RSA-CP (OT) (Ours)",0.97,7.47134281373179,0,"Student-t",15,3000,3000
"SPI",0.986,9.36218358505101,0.04,"Student-t",15,3000,3000
"Synthetic-only",0.9925,10.7541108622988,0,"Student-t",15,3000,3000
"SCP",0.9685,10.9466227974064,0,"LogNormal",16,50,50
"RSA-CP (OT) (Ours)",0.9685,10.934559292724,0,"LogNormal",16,50,50
"SPI",0.999,27.3344669454986,0,"LogNormal",16,50,50
"Synthetic-only",0.9955,19.4164954936802,0,"LogNormal",16,50,50
"SCP",0.9685,10.9466227974064,0,"LogNormal",16,100,100
"RSA-CP (OT) (Ours)",0.9665,10.4870481287456,0,"LogNormal",16,100,100
"SPI",0.9595,9.66928701348044,0.00999999999999979,"LogNormal",16,100,100
"Synthetic-only",0.93,8.16367203356264,0.00999999999999979,"LogNormal",16,100,100
"SCP",0.9685,10.9466227974064,0,"LogNormal",16,250,250
"RSA-CP (OT) (Ours)",0.9665,10.5075306446221,0,"LogNormal",16,250,250
"SPI",0.978,12.1393857333112,0,"LogNormal",16,250,250
"Synthetic-only",0.991,15.6742734763526,0,"LogNormal",16,250,250
"SCP",0.9685,10.9466227974064,0,"LogNormal",16,500,500
"RSA-CP (OT) (Ours)",0.9645,10.3061558113022,0.0200000000000005,"LogNormal",16,500,500
"SPI",0.978,12.1393857333112,0,"LogNormal",16,500,500
"Synthetic-only",0.971,11.2626030092131,0,"LogNormal",16,500,500
"SCP",0.9685,10.9466227974064,0,"LogNormal",16,1000,1000
"RSA-CP (OT) (Ours)",0.9645,10.3061558113022,0.0199999999999996,"LogNormal",16,1000,1000
"SPI",0.978,12.1393857333112,0.0100000000000007,"LogNormal",16,1000,1000
"Synthetic-only",0.9915,15.8258292930734,0,"LogNormal",16,1000,1000
"SCP",0.9685,10.9466227974064,0,"LogNormal",16,2000,2000
"RSA-CP (OT) (Ours)",0.963,10.1408164132599,0,"LogNormal",16,2000,2000
"SPI",0.978,12.1393857333112,0.0299999999999994,"LogNormal",16,2000,2000
"Synthetic-only",0.9825,13.2339725254557,0,"LogNormal",16,2000,2000
"SCP",0.9685,10.9466227974064,0,"LogNormal",16,3000,3000
"RSA-CP (OT) (Ours)",0.9635,10.1845812717275,0.0200000000000005,"LogNormal",16,3000,3000
"SPI",0.9595,9.66928701348044,0.0499999999999998,"LogNormal",16,3000,3000
"Synthetic-only",0.9545,9.27002975778086,0,"LogNormal",16,3000,3000
"SCP",0.8855,4.6243297383092,0,"Student-t",16,50,50
"RSA-CP (OT) (Ours)",0.885,4.61952698197274,0,"Student-t",16,50,50
"SPI",0.998,15.4372998696802,0,"Student-t",16,50,50
"Synthetic-only",0.9935,11.7051068231408,0,"Student-t",16,50,50
"SCP",0.8855,4.6243297383092,0,"Student-t",16,100,100
"RSA-CP (OT) (Ours)",0.874,4.37774055192454,0.00999999999999979,"Student-t",16,100,100
"SPI",0.9615,6.9939633794647,0,"Student-t",16,100,100
"Synthetic-only",0.9375,5.86797794487341,0,"Student-t",16,100,100
"SCP",0.8855,4.6243297383092,0,"Student-t",16,250,250
"RSA-CP (OT) (Ours)",0.8655,4.22502867220625,0,"Student-t",16,250,250
"SPI",0.9615,6.9939633794647,0.0200000000000005,"Student-t",16,250,250
"Synthetic-only",0.9935,12.0481645727294,0,"Student-t",16,250,250
"SCP",0.8855,4.6243297383092,0,"Student-t",16,500,500
"RSA-CP (OT) (Ours)",0.8635,4.19301806523977,0,"Student-t",16,500,500
"SPI",0.9615,6.9939633794647,0,"Student-t",16,500,500
"Synthetic-only",0.9915,10.5757062230917,0,"Student-t",16,500,500
"SCP",0.8855,4.6243297383092,0,"Student-t",16,1000,1000
"RSA-CP (OT) (Ours)",0.8665,4.25961228765988,0.00999999999999979,"Student-t",16,1000,1000
"SPI",0.9615,6.9939633794647,0.0199999999999996,"Student-t",16,1000,1000
"Synthetic-only",0.993,11.2783735549019,0,"Student-t",16,1000,1000
"SCP",0.8855,4.6243297383092,0,"Student-t",16,2000,2000
"RSA-CP (OT) (Ours)",0.8655,4.22129815188785,0,"Student-t",16,2000,2000
"SPI",0.9615,6.9939633794647,0.0300000000000002,"Student-t",16,2000,2000
"Synthetic-only",0.995,12.9468078447921,0,"Student-t",16,2000,2000
"SCP",0.8855,4.6243297383092,0,"Student-t",16,3000,3000
"RSA-CP (OT) (Ours)",0.8655,4.22129815188785,0.00999999999999979,"Student-t",16,3000,3000
"SPI",0.9615,6.9939633794647,0.0500000000000007,"Student-t",16,3000,3000
"Synthetic-only",0.993,11.3717819801425,0,"Student-t",16,3000,3000
"SCP",0.949,8.8076960081549,0,"LogNormal",17,50,50
"RSA-CP (OT) (Ours)",0.9485,8.80645392744922,0,"LogNormal",17,50,50
"SPI",0.997,21.4152878694991,0,"LogNormal",17,50,50
"Synthetic-only",0.996,20.3486230140687,0,"LogNormal",17,50,50
"SCP",0.949,8.8076960081549,0,"LogNormal",17,100,100
"RSA-CP (OT) (Ours)",0.908,7.45139923873482,0,"LogNormal",17,100,100
"SPI",0.93,8.16601069061275,0,"LogNormal",17,100,100
"Synthetic-only",0.9235,7.86935060597388,0,"LogNormal",17,100,100
"SCP",0.949,8.8076960081549,0,"LogNormal",17,250,250
"RSA-CP (OT) (Ours)",0.897,7.12980069153084,0,"LogNormal",17,250,250
"SPI",0.953,9.13128906801435,0,"LogNormal",17,250,250
"Synthetic-only",0.948,8.77347708091326,0,"LogNormal",17,250,250
"SCP",0.949,8.8076960081549,0,"LogNormal",17,500,500
"RSA-CP (OT) (Ours)",0.8975,7.17530742373004,0,"LogNormal",17,500,500
"SPI",0.981,12.5184224530549,0.0200000000000005,"LogNormal",17,500,500
"Synthetic-only",0.979,12.3735270570527,0,"LogNormal",17,500,500
"SCP",0.949,8.8076960081549,0,"LogNormal",17,1000,1000
"RSA-CP (OT) (Ours)",0.9,7.21327201327359,0,"LogNormal",17,1000,1000
"SPI",0.983,13.306790496549,0.00999999999999979,"LogNormal",17,1000,1000
"Synthetic-only",0.99,14.3771849873218,0,"LogNormal",17,1000,1000
"SCP",0.949,8.8076960081549,0,"LogNormal",17,2000,2000
"RSA-CP (OT) (Ours)",0.905,7.3416492402404,0,"LogNormal",17,2000,2000
"SPI",0.9825,13.1564378817357,0.0299999999999994,"LogNormal",17,2000,2000
"Synthetic-only",0.9785,12.3346517663252,0,"LogNormal",17,2000,2000
"SCP",0.949,8.8076960081549,0,"LogNormal",17,3000,3000
"RSA-CP (OT) (Ours)",0.915,7.63828153277537,0.0200000000000005,"LogNormal",17,3000,3000
"SPI",0.983,13.306790496549,0.04,"LogNormal",17,3000,3000
"Synthetic-only",0.9895,14.1927299499286,0,"LogNormal",17,3000,3000
"SCP",0.8885,4.67830185346156,0,"Student-t",17,50,50
"RSA-CP (OT) (Ours)",0.888,4.66986911362151,0,"Student-t",17,50,50
"SPI",0.999,22.3669299861861,0,"Student-t",17,50,50
"Synthetic-only",0.999,17.8308595286418,0,"Student-t",17,50,50
"SCP",0.8885,4.67830185346156,0,"Student-t",17,100,100
"RSA-CP (OT) (Ours)",0.8875,4.6450336205491,0.0199999999999996,"Student-t",17,100,100
"SPI",0.9135,5.16496475100865,0,"Student-t",17,100,100
"Synthetic-only",0.993,11.2082913578166,0,"Student-t",17,100,100
"SCP",0.8885,4.67830185346156,0,"Student-t",17,250,250
"RSA-CP (OT) (Ours)",0.867,4.28485822096204,0,"Student-t",17,250,250
"SPI",0.9135,5.16496475100865,0,"Student-t",17,250,250
"Synthetic-only",0.995,13.0661165653785,0,"Student-t",17,250,250
"SCP",0.8885,4.67830185346156,0,"Student-t",17,500,500
"RSA-CP (OT) (Ours)",0.878,4.41963701721963,0.00999999999999979,"Student-t",17,500,500
"SPI",0.9135,5.16496475100865,0,"Student-t",17,500,500
"Synthetic-only",0.993,11.2315201998069,0,"Student-t",17,500,500
"SCP",0.8885,4.67830185346156,0,"Student-t",17,1000,1000
"RSA-CP (OT) (Ours)",0.8675,4.28704790670304,0.0200000000000005,"Student-t",17,1000,1000
"SPI",0.9135,5.16496475100865,0.0199999999999996,"Student-t",17,1000,1000
"Synthetic-only",0.9935,11.5297777487841,0,"Student-t",17,1000,1000
"SCP",0.8885,4.67830185346156,0,"Student-t",17,2000,2000
"RSA-CP (OT) (Ours)",0.8715,4.33124427687524,0,"Student-t",17,2000,2000
"SPI",0.9135,5.16496475100865,0.0300000000000002,"Student-t",17,2000,2000
"Synthetic-only",0.9935,11.7785806681559,0,"Student-t",17,2000,2000
"SCP",0.8885,4.67830185346156,0,"Student-t",17,3000,3000
"RSA-CP (OT) (Ours)",0.8715,4.33124427687524,0.00999999999999979,"Student-t",17,3000,3000
"SPI",0.9135,5.16496475100865,0.0500000000000007,"Student-t",17,3000,3000
"Synthetic-only",0.9935,11.9119309215173,0,"Student-t",17,3000,3000
"SCP",0.957,9.42668868974412,0,"LogNormal",18,50,50
"RSA-CP (OT) (Ours)",0.957,9.41936525053901,0.0199999999999996,"LogNormal",18,50,50
"SPI",0.9975,24.2088662336544,0,"LogNormal",18,50,50
"Synthetic-only",0.9905,15.0319658192899,0,"LogNormal",18,50,50
"SCP",0.957,9.42668868974412,0,"LogNormal",18,100,100
"RSA-CP (OT) (Ours)",0.9285,8.04641336908738,0,"LogNormal",18,100,100
"SPI",0.93,8.0836362800874,0,"LogNormal",18,100,100
"Synthetic-only",0.9235,7.87391559028607,0,"LogNormal",18,100,100
"SCP",0.957,9.42668868974412,0,"LogNormal",18,250,250
"RSA-CP (OT) (Ours)",0.938,8.4629500263667,0.00999999999999979,"LogNormal",18,250,250
"SPI",0.959,9.54517916307217,0,"LogNormal",18,250,250
"Synthetic-only",0.959,9.54392558944176,0,"LogNormal",18,250,250
"SCP",0.957,9.42668868974412,0,"LogNormal",18,500,500
"RSA-CP (OT) (Ours)",0.941,8.54974951381661,0,"LogNormal",18,500,500
"SPI",0.9675,10.6474484962752,0.0200000000000005,"LogNormal",18,500,500
"Synthetic-only",0.994,17.3509066003665,0,"LogNormal",18,500,500
"SCP",0.957,9.42668868974412,0,"LogNormal",18,1000,1000
"RSA-CP (OT) (Ours)",0.9365,8.37615053891678,0,"LogNormal",18,1000,1000
"SPI",0.9675,10.6474484962752,0.00999999999999979,"LogNormal",18,1000,1000
"Synthetic-only",0.9635,10.1963637566231,0,"LogNormal",18,1000,1000
"SCP",0.957,9.42668868974412,0,"LogNormal",18,2000,2000
"RSA-CP (OT) (Ours)",0.93,8.15915182029199,0.0199999999999996,"LogNormal",18,2000,2000
"SPI",0.9675,10.6474484962752,0.0300000000000002,"LogNormal",18,2000,2000
"Synthetic-only",0.99,14.6977342177658,0,"LogNormal",18,2000,2000
"SCP",0.957,9.42668868974412,0,"LogNormal",18,3000,3000
"RSA-CP (OT) (Ours)",0.931,8.24595130774191,0.00999999999999979,"LogNormal",18,3000,3000
"SPI",0.9465,8.70976246816183,0.0500000000000007,"LogNormal",18,3000,3000
"Synthetic-only",0.9455,8.70345013227941,0,"LogNormal",18,3000,3000
"SCP",0.995,12.8927958675198,0,"Student-t",18,50,50
"RSA-CP (OT) (Ours)",0.995,12.8824324152295,0,"Student-t",18,50,50
"SPI",0.999,20.4003146136579,0,"Student-t",18,50,50
"Synthetic-only",0.998,15.519715989056,0,"Student-t",18,50,50
"SCP",0.995,12.8927958675198,0,"Student-t",18,100,100
"RSA-CP (OT) (Ours)",0.9925,10.70779855932,0,"Student-t",18,100,100
"SPI",0.993,11.2363904280725,0.0199999999999996,"Student-t",18,100,100
"Synthetic-only",0.9885,9.83187254875799,0,"Student-t",18,100,100
"SCP",0.995,12.8927958675198,0,"Student-t",18,250,250
"RSA-CP (OT) (Ours)",0.9935,11.5503794295616,0,"Student-t",18,250,250
"SPI",0.9955,13.8957714514919,0,"Student-t",18,250,250
"Synthetic-only",0.995,13.427183484453,0,"Student-t",18,250,250
"SCP",0.995,12.8927958675198,0,"Student-t",18,500,500
"RSA-CP (OT) (Ours)",0.9935,11.5152718933016,0,"Student-t",18,500,500
"SPI",0.993,11.1017028689958,0.00999999999999979,"Student-t",18,500,500
"Synthetic-only",0.993,11.041090897596,0,"Student-t",18,500,500
"SCP",0.995,12.8927958675198,0,"Student-t",18,1000,1000
"RSA-CP (OT) (Ours)",0.993,11.0956956112125,0,"Student-t",18,1000,1000
"SPI",0.9935,11.4783309827934,0.0200000000000005,"Student-t",18,1000,1000
"Synthetic-only",0.993,11.3224859746431,0,"Student-t",18,1000,1000
"SCP",0.995,12.8927958675198,0,"Student-t",18,2000,2000
"RSA-CP (OT) (Ours)",0.993,11.2354376371083,0.00999999999999979,"Student-t",18,2000,2000
"SPI",0.99,10.4426308774973,0.04,"Student-t",18,2000,2000
"Synthetic-only",0.989,10.3167627954299,0,"Student-t",18,2000,2000
"SCP",0.995,12.8927958675198,0,"Student-t",18,3000,3000
"RSA-CP (OT) (Ours)",0.993,10.9006067141481,0,"Student-t",18,3000,3000
"SPI",0.9945,12.6607070691531,0.04,"Student-t",18,3000,3000
"Synthetic-only",0.9945,12.5816730892283,0.00999999999999979,"Student-t",18,3000,3000
"SCP",0.922,7.83198772470107,0,"LogNormal",19,50,50
"RSA-CP (OT) (Ours)",0.922,7.81872664989989,0,"LogNormal",19,50,50
"SPI",0.998,24.5722986722904,0,"LogNormal",19,50,50
"Synthetic-only",0.962,9.94807947713121,0,"LogNormal",19,50,50
"SCP",0.922,7.83198772470107,0,"LogNormal",19,100,100
"RSA-CP (OT) (Ours)",0.9195,7.75246625456175,0.0100000000000007,"LogNormal",19,100,100
"SPI",0.9825,13.2410356684039,0,"LogNormal",19,100,100
"Synthetic-only",0.995,18.9529013488577,0,"LogNormal",19,100,100
"SCP",0.922,7.83198772470107,0,"LogNormal",19,250,250
"RSA-CP (OT) (Ours)",0.9195,7.74966827749301,0,"LogNormal",19,250,250
"SPI",0.9825,13.2410356684039,0.0199999999999996,"LogNormal",19,250,250
"Synthetic-only",0.9675,10.6712090519652,0,"LogNormal",19,250,250
"SCP",0.922,7.83198772470107,0,"LogNormal",19,500,500
"RSA-CP (OT) (Ours)",0.919,7.74236893952677,0,"LogNormal",19,500,500
"SPI",0.944,8.65485529844737,0.00999999999999979,"LogNormal",19,500,500
"Synthetic-only",0.938,8.44865547354234,0,"LogNormal",19,500,500
"SCP",0.922,7.83198772470107,0,"LogNormal",19,1000,1000
"RSA-CP (OT) (Ours)",0.9175,7.71892975388259,0,"LogNormal",19,1000,1000
"SPI",0.971,11.3252163381298,0.0200000000000005,"LogNormal",19,1000,1000
"Synthetic-only",0.9645,10.2421353186071,0,"LogNormal",19,1000,1000
"SCP",0.922,7.83198772470107,0,"LogNormal",19,2000,2000
"RSA-CP (OT) (Ours)",0.9175,7.71892975388259,0.0199999999999996,"LogNormal",19,2000,2000
"SPI",0.981,12.4836433551112,0.0300000000000002,"LogNormal",19,2000,2000
"Synthetic-only",0.9645,10.2979057428789,0,"LogNormal",19,2000,2000
"SCP",0.922,7.83198772470107,0,"LogNormal",19,3000,3000
"RSA-CP (OT) (Ours)",0.9175,7.71892975388259,0,"LogNormal",19,3000,3000
"SPI",0.957,9.4283639763257,0.04,"LogNormal",19,3000,3000
"Synthetic-only",0.954,9.22511027496012,0,"LogNormal",19,3000,3000
"SCP",0.8715,4.33011088975386,0,"Student-t",19,50,50
"RSA-CP (OT) (Ours)",0.8715,4.31933067695201,0.0200000000000005,"Student-t",19,50,50
"SPI",0.998,15.5702909382855,0,"Student-t",19,50,50
"Synthetic-only",0.995,13.5284838007772,0,"Student-t",19,50,50
"SCP",0.8715,4.33011088975386,0,"Student-t",19,100,100
"RSA-CP (OT) (Ours)",0.8715,4.31933067695201,0,"Student-t",19,100,100
"SPI",0.97,7.5442447575987,0,"Student-t",19,100,100
"Synthetic-only",0.957,6.70360701389526,0,"Student-t",19,100,100
"SCP",0.8715,4.33011088975386,0,"Student-t",19,250,250
"RSA-CP (OT) (Ours)",0.8705,4.31586582574572,0.0199999999999996,"Student-t",19,250,250
"SPI",0.9835,8.78520353123912,0,"Student-t",19,250,250
"Synthetic-only",0.995,13.2922384414675,0,"Student-t",19,250,250
"SCP",0.8715,4.33011088975386,0,"Student-t",19,500,500
"RSA-CP (OT) (Ours)",0.8705,4.31586582574572,0,"Student-t",19,500,500
"SPI",0.9835,8.78520353123912,0.00999999999999979,"Student-t",19,500,500
"Synthetic-only",0.9945,12.5547981486435,0,"Student-t",19,500,500
"SCP",0.8715,4.33011088975386,0,"Student-t",19,1000,1000
"RSA-CP (OT) (Ours)",0.8705,4.31586582574572,0,"Student-t",19,1000,1000
"SPI",0.9835,8.78520353123912,0.0200000000000005,"Student-t",19,1000,1000
"Synthetic-only",0.99,10.4015473213943,0,"Student-t",19,1000,1000
"SCP",0.8715,4.33011088975386,0,"Student-t",19,2000,2000
"RSA-CP (OT) (Ours)",0.8705,4.31586582574572,0,"Student-t",19,2000,2000
"SPI",0.9835,8.78520353123912,0.04,"Student-t",19,2000,2000
"Synthetic-only",0.9935,12.0909040097104,0.00999999999999979,"Student-t",19,2000,2000
"SCP",0.8715,4.33011088975386,0,"Student-t",19,3000,3000
"RSA-CP (OT) (Ours)",0.8705,4.31586582574572,0,"Student-t",19,3000,3000
"SPI",0.9835,8.78520353123912,0.0699999999999994,"Student-t",19,3000,3000
"Synthetic-only",0.9935,11.7374136361698,0,"Student-t",19,3000,3000
"SCP",0.957,9.3900868528515,0,"LogNormal",20,50,50
"RSA-CP (OT) (Ours)",0.957,9.37385050935738,0,"LogNormal",20,50,50
"SPI",0.998,24.4428445266076,0.0100000000000007,"LogNormal",20,50,50
"Synthetic-only",0.996,19.649006080877,0,"LogNormal",20,50,50
"SCP",0.957,9.3900868528515,0,"LogNormal",20,100,100
"RSA-CP (OT) (Ours)",0.9385,8.46670368587118,0,"LogNormal",20,100,100
"SPI",0.99,14.3440952445696,0,"LogNormal",20,100,100
"Synthetic-only",0.968,10.7209148558505,0,"LogNormal",20,100,100
"SCP",0.957,9.3900868528515,0,"LogNormal",20,250,250
"RSA-CP (OT) (Ours)",0.954,9.20927720899079,0,"LogNormal",20,250,250
"SPI",0.99,14.2788884652961,0.0199999999999996,"LogNormal",20,250,250
"Synthetic-only",0.981,13.0182289036213,0,"LogNormal",20,250,250
"SCP",0.957,9.3900868528515,0,"LogNormal",20,500,500
"RSA-CP (OT) (Ours)",0.9495,8.84455335912977,0,"LogNormal",20,500,500
"SPI",0.99,14.3440952445696,0.00999999999999979,"LogNormal",20,500,500
"Synthetic-only",0.9935,16.913788945771,0,"LogNormal",20,500,500
"SCP",0.957,9.3900868528515,0,"LogNormal",20,1000,1000
"RSA-CP (OT) (Ours)",0.9495,8.84455335912977,0,"LogNormal",20,1000,1000
"SPI",0.9605,9.82935543671909,0.0200000000000005,"LogNormal",20,1000,1000
"Synthetic-only",0.9595,9.63266407400269,0,"LogNormal",20,1000,1000
"SCP",0.957,9.3900868528515,0,"LogNormal",20,2000,2000
"RSA-CP (OT) (Ours)",0.945,8.69298527911081,0.00999999999999979,"LogNormal",20,2000,2000
"SPI",0.99,14.3440952445696,0.04,"LogNormal",20,2000,2000
"Synthetic-only",0.9905,14.9896914849531,0,"LogNormal",20,2000,2000
"SCP",0.957,9.3900868528515,0,"LogNormal",20,3000,3000
"RSA-CP (OT) (Ours)",0.941,8.56120054225062,0.00999999999999979,"LogNormal",20,3000,3000
"SPI",0.971,11.2828295531103,0.0499999999999998,"LogNormal",20,3000,3000
"Synthetic-only",0.9665,10.5043610842323,0,"LogNormal",20,3000,3000
"SCP",0.872,4.352484873026,0,"Student-t",20,50,50
"RSA-CP (OT) (Ours)",0.8715,4.33124427687524,0,"Student-t",20,50,50
"SPI",0.998,15.2932073067642,0,"Student-t",20,50,50
"Synthetic-only",0.972,7.80476787754236,0,"Student-t",20,50,50
"SCP",0.872,4.352484873026,0,"Student-t",20,100,100
"RSA-CP (OT) (Ours)",0.8675,4.28704790670304,0,"Student-t",20,100,100
"SPI",0.983,8.71548256837871,0.0100000000000007,"Student-t",20,100,100
"Synthetic-only",0.999,17.5035276561755,0,"Student-t",20,100,100
"SCP",0.872,4.352484873026,0,"Student-t",20,250,250
"RSA-CP (OT) (Ours)",0.8595,4.11026242601426,0,"Student-t",20,250,250
"SPI",0.983,8.71548256837871,0,"Student-t",20,250,250
"Synthetic-only",0.9915,10.5897464379017,0,"Student-t",20,250,250
"SCP",0.872,4.352484873026,0,"Student-t",20,500,500
"RSA-CP (OT) (Ours)",0.8595,4.11026242601426,0.0199999999999996,"Student-t",20,500,500
"SPI",0.983,8.71548256837871,0,"Student-t",20,500,500
"Synthetic-only",0.9935,12.153729871164,0,"Student-t",20,500,500
"SCP",0.872,4.352484873026,0,"Student-t",20,1000,1000
"RSA-CP (OT) (Ours)",0.8565,4.06606605584206,0.00999999999999979,"Student-t",20,1000,1000
"SPI",0.983,8.71548256837871,0.0200000000000005,"Student-t",20,1000,1000
"Synthetic-only",0.9935,11.6271372757636,0,"Student-t",20,1000,1000
"SCP",0.872,4.352484873026,0,"Student-t",20,2000,2000
"RSA-CP (OT) (Ours)",0.8565,4.06606605584206,0,"Student-t",20,2000,2000
"SPI",0.983,8.71548256837871,0.0300000000000002,"Student-t",20,2000,2000
"Synthetic-only",0.9945,12.2435841952712,0,"Student-t",20,2000,2000
"SCP",0.872,4.352484873026,0,"Student-t",20,3000,3000
"RSA-CP (OT) (Ours)",0.8595,4.11026242601426,0.0199999999999996,"Student-t",20,3000,3000
"SPI",0.983,8.71548256837871,0.0300000000000002,"Student-t",20,3000,3000
"Synthetic-only",0.9925,10.7883062247434,0.00999999999999979,"Student-t",20,3000,3000
"SCP",0.9545,9.26995629048896,0,"LogNormal",21,50,50
"RSA-CP (OT) (Ours)",0.9545,9.26321129967461,0,"LogNormal",21,50,50
"SPI",0.997,23.1164201073306,0.0200000000000005,"LogNormal",21,50,50
"Synthetic-only",0.9945,18.6384579771352,0.0200000000000005,"LogNormal",21,50,50
"SCP",0.9545,9.26995629048896,0,"LogNormal",21,100,100
"RSA-CP (OT) (Ours)",0.9515,9.07206566968133,0,"LogNormal",21,100,100
"SPI",0.975,11.7530056595872,0,"LogNormal",21,100,100
"Synthetic-only",0.916,7.67759873429295,0,"LogNormal",21,100,100
"SCP",0.9545,9.26995629048896,0,"LogNormal",21,250,250
"RSA-CP (OT) (Ours)",0.953,9.14582166927551,0,"LogNormal",21,250,250
"SPI",0.975,11.7530056595872,0.0199999999999996,"LogNormal",21,250,250
"Synthetic-only",0.994,17.2431533722176,0.0199999999999996,"LogNormal",21,250,250
"SCP",0.9545,9.26995629048896,0,"LogNormal",21,500,500
"RSA-CP (OT) (Ours)",0.9515,8.99774972954559,0,"LogNormal",21,500,500
"SPI",0.975,11.7530056595872,0.00999999999999979,"LogNormal",21,500,500
"Synthetic-only",0.99,14.8360864950508,0,"LogNormal",21,500,500
"SCP",0.9545,9.26995629048896,0,"LogNormal",21,1000,1000
"RSA-CP (OT) (Ours)",0.951,8.94193312429632,0,"LogNormal",21,1000,1000
"SPI",0.957,9.37065529746267,0.0200000000000005,"LogNormal",21,1000,1000
"Synthetic-only",0.9545,9.23555840843472,0,"LogNormal",21,1000,1000
"SCP",0.9545,9.26995629048896,0,"LogNormal",21,2000,2000
"RSA-CP (OT) (Ours)",0.9505,8.91486261438948,0.00999999999999979,"LogNormal",21,2000,2000
"SPI",0.975,11.7530056595872,0.0300000000000002,"LogNormal",21,2000,2000
"Synthetic-only",0.9825,13.1888694859751,0,"LogNormal",21,2000,2000
"SCP",0.9545,9.26995629048896,0,"LogNormal",21,3000,3000
"RSA-CP (OT) (Ours)",0.951,8.95632709166571,0.0199999999999996,"LogNormal",21,3000,3000
"SPI",0.9615,9.88404428315426,0.0499999999999998,"LogNormal",21,3000,3000
"Synthetic-only",0.96,9.73415788836563,0,"LogNormal",21,3000,3000
"SCP",0.895,4.76438970662507,0,"Student-t",21,50,50
"RSA-CP (OT) (Ours)",0.8935,4.75809576166326,0,"Student-t",21,50,50
"SPI",1,33.4959073080952,0,"Student-t",21,50,50
"Synthetic-only",0.993,11.0947231123179,0,"Student-t",21,50,50
"SCP",0.895,4.76438970662507,0,"Student-t",21,100,100
"RSA-CP (OT) (Ours)",0.8895,4.70341332498801,0,"Student-t",21,100,100
"SPI",0.917,5.26467755333136,0,"Student-t",21,100,100
"Synthetic-only",0.9785,8.33057605927918,0,"Student-t",21,100,100
"SCP",0.895,4.76438970662507,0,"Student-t",21,250,250
"RSA-CP (OT) (Ours)",0.885,4.60235206794838,0,"Student-t",21,250,250
"SPI",0.917,5.26467755333136,0,"Student-t",21,250,250
"Synthetic-only",0.993,10.9887618594958,0,"Student-t",21,250,250
"SCP",0.895,4.76438970662507,0,"Student-t",21,500,500
"RSA-CP (OT) (Ours)",0.887,4.6325659935734,0,"Student-t",21,500,500
"SPI",0.917,5.26467755333136,0.0199999999999996,"Student-t",21,500,500
"Synthetic-only",0.99,10.4380063686827,0,"Student-t",21,500,500
"SCP",0.895,4.76438970662507,0,"Student-t",21,1000,1000
"RSA-CP (OT) (Ours)",0.887,4.63113708321362,0,"Student-t",21,1000,1000
"SPI",0.917,5.26467755333136,0.00999999999999979,"Student-t",21,1000,1000
"Synthetic-only",0.989,10.3076904265889,0,"Student-t",21,1000,1000
"SCP",0.895,4.76438970662507,0,"Student-t",21,2000,2000
"RSA-CP (OT) (Ours)",0.885,4.59674497914763,0.0200000000000005,"Student-t",21,2000,2000
"SPI",0.917,5.26467755333136,0.0300000000000002,"Student-t",21,2000,2000
"Synthetic-only",0.993,11.1597398524391,0,"Student-t",21,2000,2000
"SCP",0.895,4.76438970662507,0,"Student-t",21,3000,3000
"RSA-CP (OT) (Ours)",0.8845,4.58970465760973,0.0199999999999996,"Student-t",21,3000,3000
"SPI",0.917,5.26467755333136,0.04,"Student-t",21,3000,3000
"Synthetic-only",0.993,11.1396249914369,0,"Student-t",21,3000,3000
"SCP",0.9835,13.3862381444408,0,"LogNormal",22,50,50
"RSA-CP (OT) (Ours)",0.9835,13.3831349373254,0,"LogNormal",22,50,50
"SPI",0.981,12.8407189821342,0,"LogNormal",22,50,50
"Synthetic-only",0.9035,7.27262752858146,0,"LogNormal",22,50,50
"SCP",0.9835,13.3862381444408,0,"LogNormal",22,100,100
"RSA-CP (OT) (Ours)",0.981,12.7039907763268,0,"LogNormal",22,100,100
"SPI",0.9915,15.9665460595554,0,"LogNormal",22,100,100
"Synthetic-only",0.9945,17.5802327850103,0,"LogNormal",22,100,100
"SCP",0.9835,13.3862381444408,0,"LogNormal",22,250,250
"RSA-CP (OT) (Ours)",0.981,13.0235880285614,0,"LogNormal",22,250,250
"SPI",0.9915,15.9665460595554,0.0100000000000007,"LogNormal",22,250,250
"Synthetic-only",0.99,14.7461251995213,0,"LogNormal",22,250,250
"SCP",0.9835,13.3862381444408,0,"LogNormal",22,500,500
"RSA-CP (OT) (Ours)",0.9785,12.3079131783126,0,"LogNormal",22,500,500
"SPI",0.981,12.78132655978,0.0199999999999996,"LogNormal",22,500,500
"Synthetic-only",0.962,9.9588755969064,0,"LogNormal",22,500,500
"SCP",0.9835,13.3862381444408,0,"LogNormal",22,1000,1000
"RSA-CP (OT) (Ours)",0.978,12.1189388586261,0,"LogNormal",22,1000,1000
"SPI",0.9705,11.2223815565679,0.00999999999999979,"LogNormal",22,1000,1000
"Synthetic-only",0.9615,9.92282750021587,0,"LogNormal",22,1000,1000
"SCP",0.9835,13.3862381444408,0,"LogNormal",22,2000,2000
"RSA-CP (OT) (Ours)",0.9765,11.9299107187178,0.0200000000000005,"LogNormal",22,2000,2000
"SPI",0.9705,11.2223815565679,0.0300000000000002,"LogNormal",22,2000,2000
"Synthetic-only",0.931,8.22968254761006,0,"LogNormal",22,2000,2000
"SCP",0.9835,13.3862381444408,0,"LogNormal",22,3000,3000
"RSA-CP (OT) (Ours)",0.9765,11.9299107187178,0,"LogNormal",22,3000,3000
"SPI",0.9895,14.1695443846897,0.0499999999999998,"LogNormal",22,3000,3000
"Synthetic-only",0.9895,14.0259657231254,0,"LogNormal",22,3000,3000
"SCP",0.933,5.70372924819797,0,"Student-t",22,50,50
"RSA-CP (OT) (Ours)",0.9325,5.69692353839996,0.00999999999999979,"Student-t",22,50,50
"SPI",0.999,22.0474616763811,0,"Student-t",22,50,50
"Synthetic-only",0.999,19.4647788206224,0,"Student-t",22,50,50
"SCP",0.933,5.70372924819797,0,"Student-t",22,100,100
"RSA-CP (OT) (Ours)",0.925,5.59767399940344,0,"Student-t",22,100,100
"SPI",0.998,15.4686045317138,0,"Student-t",22,100,100
"Synthetic-only",0.997,15.0381728522691,0,"Student-t",22,100,100
"SCP",0.933,5.70372924819797,0,"Student-t",22,250,250
"RSA-CP (OT) (Ours)",0.9245,5.54919062256636,0.0200000000000005,"Student-t",22,250,250
"SPI",0.996,14.1260636840333,0,"Student-t",22,250,250
"Synthetic-only",0.9955,13.9064797624395,0,"Student-t",22,250,250
"SCP",0.933,5.70372924819797,0,"Student-t",22,500,500
"RSA-CP (OT) (Ours)",0.925,5.58431208220285,0,"Student-t",22,500,500
"SPI",0.995,13.4280905372622,0.0199999999999996,"Student-t",22,500,500
"Synthetic-only",0.9945,12.7126665806035,0,"Student-t",22,500,500
"SCP",0.933,5.70372924819797,0,"Student-t",22,1000,1000
"RSA-CP (OT) (Ours)",0.9245,5.54919062256636,0,"Student-t",22,1000,1000
"SPI",0.995,12.9065050579589,0.00999999999999979,"Student-t",22,1000,1000
"Synthetic-only",0.995,12.8719249195382,0,"Student-t",22,1000,1000
"SCP",0.933,5.70372924819797,0,"Student-t",22,2000,2000
"RSA-CP (OT) (Ours)",0.9245,5.54573899575968,0.0199999999999996,"Student-t",22,2000,2000
"SPI",0.995,12.9228653520264,0.0300000000000011,"Student-t",22,2000,2000
"Synthetic-only",0.995,12.9134534515848,0,"Student-t",22,2000,2000
"SCP",0.933,5.70372924819797,0,"Student-t",22,3000,3000
"RSA-CP (OT) (Ours)",0.9225,5.50651742293727,0,"Student-t",22,3000,3000
"SPI",0.9935,11.5982024630346,0.0399999999999991,"Student-t",22,3000,3000
"Synthetic-only",0.9935,11.5005843713907,0,"Student-t",22,3000,3000
"SCP",0.963,10.0202636873332,0,"LogNormal",23,50,50
"RSA-CP (OT) (Ours)",0.963,10.0086806823439,0,"LogNormal",23,50,50
"SPI",0.9965,21.0472899884843,0,"LogNormal",23,50,50
"Synthetic-only",0.99,14.3416368303666,0,"LogNormal",23,50,50
"SCP",0.963,10.0202636873332,0,"LogNormal",23,100,100
"RSA-CP (OT) (Ours)",0.955,9.31210583631999,0.0200000000000014,"LogNormal",23,100,100
"SPI",0.99,14.6525129891702,0,"LogNormal",23,100,100
"Synthetic-only",0.9945,17.8619989022149,0,"LogNormal",23,100,100
"SCP",0.963,10.0202636873332,0,"LogNormal",23,250,250
"RSA-CP (OT) (Ours)",0.9595,9.60019096978343,0,"LogNormal",23,250,250
"SPI",0.99,14.6525129891702,0.00999999999999979,"LogNormal",23,250,250
"Synthetic-only",0.9915,16.1497892085831,0,"LogNormal",23,250,250
"SCP",0.963,10.0202636873332,0,"LogNormal",23,500,500
"RSA-CP (OT) (Ours)",0.955,9.28386699116096,0,"LogNormal",23,500,500
"SPI",0.93,8.07690883270983,0.0199999999999996,"LogNormal",23,500,500
"Synthetic-only",0.927,7.99205763217259,0,"LogNormal",23,500,500
"SCP",0.963,10.0202636873332,0,"LogNormal",23,1000,1000
"RSA-CP (OT) (Ours)",0.9515,9.06480057414771,0,"LogNormal",23,1000,1000
"SPI",0.9345,8.31799808370349,0.00999999999999979,"LogNormal",23,1000,1000
"Synthetic-only",0.9315,8.25059515342784,0,"LogNormal",23,1000,1000
"SCP",0.963,10.0202636873332,0,"LogNormal",23,2000,2000
"RSA-CP (OT) (Ours)",0.948,8.76264055500945,0.0199999999999996,"LogNormal",23,2000,2000
"SPI",0.974,11.6615524705518,0.0300000000000011,"LogNormal",23,2000,2000
"Synthetic-only",0.9675,10.6415905006223,0,"LogNormal",23,2000,2000
"SCP",0.963,10.0202636873332,0,"LogNormal",23,3000,3000
"RSA-CP (OT) (Ours)",0.944,8.66192054863004,0,"LogNormal",23,3000,3000
"SPI",0.9825,13.2219959846735,0.0499999999999989,"LogNormal",23,3000,3000
"Synthetic-only",0.981,13.0364983547872,0,"LogNormal",23,3000,3000
"SCP",0.9765,8.19101968964803,0,"Student-t",23,50,50
"RSA-CP (OT) (Ours)",0.9755,8.17856955824663,0,"Student-t",23,50,50
"SPI",0.9985,16.0930087284246,0,"Student-t",23,50,50
"Synthetic-only",0.9985,16.0539282178773,0,"Student-t",23,50,50
"SCP",0.9765,8.19101968964803,0,"Student-t",23,100,100
"RSA-CP (OT) (Ours)",0.974,7.92404975871613,0,"Student-t",23,100,100
"SPI",0.9935,11.7204864488106,0,"Student-t",23,100,100
"Synthetic-only",0.993,10.9990742449637,0,"Student-t",23,100,100
"SCP",0.9765,8.19101968964803,0,"Student-t",23,250,250
"RSA-CP (OT) (Ours)",0.974,7.93220619772733,0.0200000000000014,"Student-t",23,250,250
"SPI",0.984,9.05143482104474,0,"Student-t",23,250,250
"Synthetic-only",0.972,7.75069609515884,0,"Student-t",23,250,250
"SCP",0.9765,8.19101968964803,0,"Student-t",23,500,500
"RSA-CP (OT) (Ours)",0.972,7.77482115412162,0,"Student-t",23,500,500
"SPI",0.9925,10.7359959231445,0.00999999999999979,"Student-t",23,500,500
"Synthetic-only",0.9915,10.5467886535461,0,"Student-t",23,500,500
"SCP",0.9765,8.19101968964803,0,"Student-t",23,1000,1000
"RSA-CP (OT) (Ours)",0.972,7.80483077890252,0,"Student-t",23,1000,1000
"SPI",0.993,10.912900144633,0.0199999999999996,"Student-t",23,1000,1000
"Synthetic-only",0.993,10.912646425737,0,"Student-t",23,1000,1000
"SCP",0.9765,8.19101968964803,0,"Student-t",23,2000,2000
"RSA-CP (OT) (Ours)",0.9735,7.8930209571952,0.00999999999999979,"Student-t",23,2000,2000
"SPI",0.995,12.8679850193694,0.0400000000000009,"Student-t",23,2000,2000
"Synthetic-only",0.9945,12.7809632936438,0,"Student-t",23,2000,2000
"SCP",0.9765,8.19101968964803,0,"Student-t",23,3000,3000
"RSA-CP (OT) (Ours)",0.973,7.86695389065094,0,"Student-t",23,3000,3000
"SPI",0.993,10.9553850413032,0.0399999999999991,"Student-t",23,3000,3000
"Synthetic-only",0.9925,10.7853503981218,0.00999999999999979,"Student-t",23,3000,3000
"SCP",0.981,12.4884728731618,0,"LogNormal",24,50,50
"RSA-CP (OT) (Ours)",0.981,12.4872591163432,0,"LogNormal",24,50,50
"SPI",0.999,28.2832094081203,0,"LogNormal",24,50,50
"Synthetic-only",0.995,18.8818074089811,0,"LogNormal",24,50,50
"SCP",0.981,12.4884728731618,0,"LogNormal",24,100,100
"RSA-CP (OT) (Ours)",0.9805,12.4186478025171,0.0100000000000016,"LogNormal",24,100,100
"SPI",0.981,12.9681075093562,0,"LogNormal",24,100,100
"Synthetic-only",0.981,12.4640185974471,0,"LogNormal",24,100,100
"SCP",0.981,12.4884728731618,0,"LogNormal",24,250,250
"RSA-CP (OT) (Ours)",0.98,12.4020943854491,0,"LogNormal",24,250,250
"SPI",0.981,12.9681075093562,0.0199999999999996,"LogNormal",24,250,250
"Synthetic-only",0.9915,16.2317086858156,0,"LogNormal",24,250,250
"SCP",0.981,12.4884728731618,0,"LogNormal",24,500,500
"RSA-CP (OT) (Ours)",0.9785,12.2683995259568,0,"LogNormal",24,500,500
"SPI",0.981,12.9681075093562,0,"LogNormal",24,500,500
"Synthetic-only",0.9875,13.6759648767632,0,"LogNormal",24,500,500
"SCP",0.981,12.4884728731618,0,"LogNormal",24,1000,1000
"RSA-CP (OT) (Ours)",0.9785,12.2683995259568,0,"LogNormal",24,1000,1000
"SPI",0.9775,12.0889055403362,0.00999999999999979,"LogNormal",24,1000,1000
"Synthetic-only",0.9595,9.61238319095204,0,"LogNormal",24,1000,1000
"SCP",0.981,12.4884728731618,0,"LogNormal",24,2000,2000
"RSA-CP (OT) (Ours)",0.9785,12.2683995259568,0.0199999999999996,"LogNormal",24,2000,2000
"SPI",0.981,12.5544681660715,0.0300000000000011,"LogNormal",24,2000,2000
"Synthetic-only",0.978,12.1654242530499,0,"LogNormal",24,2000,2000
"SCP",0.981,12.4884728731618,0,"LogNormal",24,3000,3000
"RSA-CP (OT) (Ours)",0.9785,12.2683995259568,0,"LogNormal",24,3000,3000
"SPI",0.9775,12.0889055403362,0.0399999999999991,"LogNormal",24,3000,3000
"Synthetic-only",0.954,9.19655945409842,0,"LogNormal",24,3000,3000
"SCP",0.922,5.44216287622191,0,"Student-t",24,50,50
"RSA-CP (OT) (Ours)",0.922,5.43686285389624,0,"Student-t",24,50,50
"SPI",0.999,21.6733629083641,0,"Student-t",24,50,50
"Synthetic-only",0.993,11.1977275140322,0,"Student-t",24,50,50
"SCP",0.922,5.44216287622191,0,"Student-t",24,100,100
"RSA-CP (OT) (Ours)",0.902,4.86042438263977,0,"Student-t",24,100,100
"SPI",0.99,10.4719655611592,0,"Student-t",24,100,100
"Synthetic-only",0.993,11.2207065481883,0,"Student-t",24,100,100
"SCP",0.922,5.44216287622191,0,"Student-t",24,250,250
"RSA-CP (OT) (Ours)",0.89,4.70504237731499,0.0200000000000014,"Student-t",24,250,250
"SPI",0.99,10.4719655611592,0,"Student-t",24,250,250
"Synthetic-only",0.9945,12.755729967855,0,"Student-t",24,250,250
"SCP",0.922,5.44216287622191,0,"Student-t",24,500,500
"RSA-CP (OT) (Ours)",0.879,4.46580293440067,0,"Student-t",24,500,500
"SPI",0.9845,9.17551269003458,0.00999999999999979,"Student-t",24,500,500
"Synthetic-only",0.981,8.54504631259736,0,"Student-t",24,500,500
"SCP",0.922,5.44216287622191,0,"Student-t",24,1000,1000
"RSA-CP (OT) (Ours)",0.885,4.6081265848687,0,"Student-t",24,1000,1000
"SPI",0.99,10.4719655611592,0.0199999999999996,"Student-t",24,1000,1000
"Synthetic-only",0.9935,11.7368903871039,0,"Student-t",24,1000,1000
"SCP",0.922,5.44216287622191,0,"Student-t",24,2000,2000
"RSA-CP (OT) (Ours)",0.883,4.52007321063554,0.00999999999999979,"Student-t",24,2000,2000
"SPI",0.99,10.4719655611592,0.0300000000000011,"Student-t",24,2000,2000
"Synthetic-only",0.9935,11.9485251026733,0,"Student-t",24,2000,2000
"SCP",0.922,5.44216287622191,0,"Student-t",24,3000,3000
"RSA-CP (OT) (Ours)",0.884,4.54942433537992,0,"Student-t",24,3000,3000
"SPI",0.99,10.4719655611592,0.0499999999999989,"Student-t",24,3000,3000
"Synthetic-only",0.9935,11.6245511315608,0,"Student-t",24,3000,3000
"SCP",0.9605,9.77059892937713,0,"LogNormal",25,50,50
"RSA-CP (OT) (Ours)",0.9605,9.76374306956385,0,"LogNormal",25,50,50
"SPI",0.947,8.73340657039536,0,"LogNormal",25,50,50
"Synthetic-only",0.9005,7.21944003539025,0,"LogNormal",25,50,50
"SCP",0.9605,9.77059892937713,0,"LogNormal",25,100,100
"RSA-CP (OT) (Ours)",0.957,9.42263871491051,0.00999999999999979,"LogNormal",25,100,100
"SPI",0.981,12.7524269503345,0,"LogNormal",25,100,100
"Synthetic-only",0.9945,18.3676562606816,0,"LogNormal",25,100,100
"SCP",0.9605,9.77059892937713,0,"LogNormal",25,250,250
"RSA-CP (OT) (Ours)",0.9585,9.47071340223149,0,"LogNormal",25,250,250
"SPI",0.981,12.7524269503345,0,"LogNormal",25,250,250
"Synthetic-only",0.995,18.9550657150233,0,"LogNormal",25,250,250
"SCP",0.9605,9.77059892937713,0,"LogNormal",25,500,500
"RSA-CP (OT) (Ours)",0.957,9.40661381913686,0,"LogNormal",25,500,500
"SPI",0.947,8.73340657039536,0.00999999999999979,"LogNormal",25,500,500
"Synthetic-only",0.941,8.53452454935467,0,"LogNormal",25,500,500
"SCP",0.9605,9.77059892937713,0,"LogNormal",25,1000,1000
"RSA-CP (OT) (Ours)",0.9565,9.35320360133724,0,"LogNormal",25,1000,1000
"SPI",0.947,8.73340657039536,0.0199999999999996,"LogNormal",25,1000,1000
"Synthetic-only",0.936,8.35436376831263,0,"LogNormal",25,1000,1000
"SCP",0.9605,9.77059892937713,0,"LogNormal",25,2000,2000
"RSA-CP (OT) (Ours)",0.953,9.13804452602228,0,"LogNormal",25,2000,2000
"SPI",0.9595,9.68364658393725,0.0299999999999994,"LogNormal",25,2000,2000
"Synthetic-only",0.9595,9.5964137024556,0.00999999999999979,"LogNormal",25,2000,2000
"SCP",0.9605,9.77059892937713,0,"LogNormal",25,3000,3000
"RSA-CP (OT) (Ours)",0.9525,9.10721682601701,0,"LogNormal",25,3000,3000
"SPI",0.963,10.0811911810924,0.0399999999999991,"LogNormal",25,3000,3000
"Synthetic-only",0.9615,9.91849597733557,0,"LogNormal",25,3000,3000
"SCP",0.978,8.28995366120202,0,"Student-t",25,50,50
"RSA-CP (OT) (Ours)",0.978,8.28079851558267,0.0199999999999996,"Student-t",25,50,50
"SPI",0.971,7.65621886019649,0,"Student-t",25,50,50
"Synthetic-only",0.9215,5.3925162512043,0,"Student-t",25,50,50
"SCP",0.978,8.28995366120202,0,"Student-t",25,100,100
"RSA-CP (OT) (Ours)",0.966,7.24569870113483,0,"Student-t",25,100,100
"SPI",0.9695,7.46240491711451,0,"Student-t",25,100,100
"Synthetic-only",0.9625,7.05543304456873,0,"Student-t",25,100,100
"SCP",0.978,8.28995366120202,0,"Student-t",25,250,250
"RSA-CP (OT) (Ours)",0.9725,7.82773058529117,0,"Student-t",25,250,250
"SPI",0.989,10.2146887038926,0.0100000000000016,"Student-t",25,250,250
"Synthetic-only",0.9955,13.894814623513,0,"Student-t",25,250,250
"SCP",0.978,8.28995366120202,0,"Student-t",25,500,500
"RSA-CP (OT) (Ours)",0.97,7.53948551156061,0,"Student-t",25,500,500
"SPI",0.989,10.2146887038926,0.0199999999999996,"Student-t",25,500,500
"Synthetic-only",0.9945,12.5758572143459,0,"Student-t",25,500,500
"SCP",0.978,8.28995366120202,0,"Student-t",25,1000,1000
"RSA-CP (OT) (Ours)",0.971,7.61438106299996,0,"Student-t",25,1000,1000
"SPI",0.989,10.2146887038926,0.0199999999999996,"Student-t",25,1000,1000
"Synthetic-only",0.993,11.4464087360677,0,"Student-t",25,1000,1000
"SCP",0.978,8.28995366120202,0,"Student-t",25,2000,2000
"RSA-CP (OT) (Ours)",0.971,7.64597203978996,0,"Student-t",25,2000,2000
"SPI",0.989,10.2146887038926,0.0399999999999991,"Student-t",25,2000,2000
"Synthetic-only",0.9935,11.8769675844224,0,"Student-t",25,2000,2000
"SCP",0.978,8.28995366120202,0,"Student-t",25,3000,3000
"RSA-CP (OT) (Ours)",0.971,7.64597203978996,0,"Student-t",25,3000,3000
"SPI",0.989,10.2146887038926,0.0500000000000007,"Student-t",25,3000,3000
"Synthetic-only",0.993,11.2822287317254,0,"Student-t",25,3000,3000
"SCP",0.968,10.8151236794123,0,"LogNormal",26,50,50
"RSA-CP (OT) (Ours)",0.968,10.814297086214,0,"LogNormal",26,50,50
"SPI",0.996,20.6768430947071,0,"LogNormal",26,50,50
"Synthetic-only",0.9045,7.31379428800611,0,"LogNormal",26,50,50
"SCP",0.968,10.8151236794123,0,"LogNormal",26,100,100
"RSA-CP (OT) (Ours)",0.959,9.49548036838304,0,"LogNormal",26,100,100
"SPI",0.9885,13.7885282174812,0.0199999999999996,"LogNormal",26,100,100
"Synthetic-only",0.997,21.358462142221,0.0199999999999996,"LogNormal",26,100,100
"SCP",0.968,10.8151236794123,0,"LogNormal",26,250,250
"RSA-CP (OT) (Ours)",0.9545,9.23171702481685,0,"LogNormal",26,250,250
"SPI",0.9885,13.7885282174812,0,"LogNormal",26,250,250
"Synthetic-only",0.9655,10.3474278100379,0,"LogNormal",26,250,250
"SCP",0.968,10.8151236794123,0,"LogNormal",26,500,500
"RSA-CP (OT) (Ours)",0.955,9.28424072932877,0.0200000000000014,"LogNormal",26,500,500
"SPI",0.9405,8.51724907352402,0,"LogNormal",26,500,500
"Synthetic-only",0.93,8.13914546138808,0,"LogNormal",26,500,500
"SCP",0.968,10.8151236794123,0,"LogNormal",26,1000,1000
"RSA-CP (OT) (Ours)",0.9515,9.05835090772118,0,"LogNormal",26,1000,1000
"SPI",0.9825,13.243226396595,0.0299999999999994,"LogNormal",26,1000,1000
"Synthetic-only",0.9825,13.1402323154732,0.00999999999999979,"LogNormal",26,1000,1000
"SCP",0.968,10.8151236794123,0,"LogNormal",26,2000,2000
"RSA-CP (OT) (Ours)",0.9515,9.00774559538754,0,"LogNormal",26,2000,2000
"SPI",0.981,13.0399988175129,0.0299999999999994,"LogNormal",26,2000,2000
"Synthetic-only",0.981,12.6568665683663,0,"LogNormal",26,2000,2000
"SCP",0.968,10.8151236794123,0,"LogNormal",26,3000,3000
"RSA-CP (OT) (Ours)",0.9495,8.85592965838663,0,"LogNormal",26,3000,3000
"SPI",0.9785,12.3259445258453,0.0499999999999989,"LogNormal",26,3000,3000
"Synthetic-only",0.9785,12.3249867259452,0,"LogNormal",26,3000,3000
"SCP",0.933,5.71731812643807,0,"Student-t",26,50,50
"RSA-CP (OT) (Ours)",0.933,5.70767865507816,0.0199999999999996,"Student-t",26,50,50
"SPI",0.989,10.2770510281695,0,"Student-t",26,50,50
"Synthetic-only",0.9885,9.99994726226136,0,"Student-t",26,50,50
"SCP",0.933,5.71731812643807,0,"Student-t",26,100,100
"RSA-CP (OT) (Ours)",0.9245,5.56681821895908,0,"Student-t",26,100,100
"SPI",0.941,5.93610412866467,0,"Student-t",26,100,100
"Synthetic-only",0.995,12.8722448103275,0,"Student-t",26,100,100
"SCP",0.933,5.71731812643807,0,"Student-t",26,250,250
"RSA-CP (OT) (Ours)",0.9235,5.52973945997154,0,"Student-t",26,250,250
"SPI",0.941,5.93610412866467,0.00999999999999979,"Student-t",26,250,250
"Synthetic-only",0.995,13.8304241287242,0.00999999999999979,"Student-t",26,250,250
"SCP",0.933,5.71731812643807,0,"Student-t",26,500,500
"RSA-CP (OT) (Ours)",0.919,5.32865802506349,0,"Student-t",26,500,500
"SPI",0.941,5.93610412866467,0.0200000000000014,"Student-t",26,500,500
"Synthetic-only",0.9925,10.7263930407002,0,"Student-t",26,500,500
"SCP",0.933,5.71731812643807,0,"Student-t",26,1000,1000
"RSA-CP (OT) (Ours)",0.9165,5.25792427617128,0,"Student-t",26,1000,1000
"SPI",0.941,5.93610412866467,0.00999999999999979,"Student-t",26,1000,1000
"Synthetic-only",0.9935,12.0251621214634,0,"Student-t",26,1000,1000
"SCP",0.933,5.71731812643807,0,"Student-t",26,2000,2000
"RSA-CP (OT) (Ours)",0.9165,5.26123173156119,0,"Student-t",26,2000,2000
"SPI",0.941,5.93610412866467,0.0499999999999989,"Student-t",26,2000,2000
"Synthetic-only",0.9945,12.6988630207322,0.0199999999999996,"Student-t",26,2000,2000
"SCP",0.933,5.71731812643807,0,"Student-t",26,3000,3000
"RSA-CP (OT) (Ours)",0.919,5.31182049821081,0,"Student-t",26,3000,3000
"SPI",0.941,5.93610412866467,0.0900000000000016,"Student-t",26,3000,3000
"Synthetic-only",0.9945,12.5808398477669,0,"Student-t",26,3000,3000
"SCP",0.9695,11.0627621382703,0,"LogNormal",27,50,50
"RSA-CP (OT) (Ours)",0.9695,11.0594486354161,0,"LogNormal",27,50,50
"SPI",0.996,19.9881621356324,0.0199999999999996,"LogNormal",27,50,50
"Synthetic-only",0.9945,17.9188375961303,0.0199999999999996,"LogNormal",27,50,50
"SCP",0.9695,11.0627621382703,0,"LogNormal",27,100,100
"RSA-CP (OT) (Ours)",0.968,10.806327451859,0,"LogNormal",27,100,100
"SPI",0.991,15.5637076453801,0,"LogNormal",27,100,100
"Synthetic-only",0.99,14.4268629503073,0,"LogNormal",27,100,100
"SCP",0.9695,11.0627621382703,0,"LogNormal",27,250,250
"RSA-CP (OT) (Ours)",0.951,8.95500773353893,0,"LogNormal",27,250,250
"SPI",0.9875,13.6880481311647,0.0199999999999996,"LogNormal",27,250,250
"Synthetic-only",0.968,10.8779284127644,0.0199999999999996,"LogNormal",27,250,250
"SCP",0.9695,11.0627621382703,0,"LogNormal",27,500,500
"RSA-CP (OT) (Ours)",0.959,9.50386304623971,0,"LogNormal",27,500,500
"SPI",0.991,15.5637076453801,0.00999999999999979,"LogNormal",27,500,500
"Synthetic-only",0.992,16.4972944537935,0,"LogNormal",27,500,500
"SCP",0.9695,11.0627621382703,0,"LogNormal",27,1000,1000
"RSA-CP (OT) (Ours)",0.955,9.27276607247096,0,"LogNormal",27,1000,1000
"SPI",0.936,8.35936314722639,0.0199999999999996,"LogNormal",27,1000,1000
"Synthetic-only",0.932,8.27767707630093,0,"LogNormal",27,1000,1000
"SCP",0.9695,11.0627621382703,0,"LogNormal",27,2000,2000
"RSA-CP (OT) (Ours)",0.944,8.65156034242781,0.00999999999999979,"LogNormal",27,2000,2000
"SPI",0.954,9.21945876608374,0.0300000000000011,"LogNormal",27,2000,2000
"Synthetic-only",0.953,9.11994396259843,0,"LogNormal",27,2000,2000
"SCP",0.9695,11.0627621382703,0,"LogNormal",27,3000,3000
"RSA-CP (OT) (Ours)",0.941,8.58122245346499,0,"LogNormal",27,3000,3000
"SPI",0.9535,9.17981714230575,0.0499999999999989,"LogNormal",27,3000,3000
"Synthetic-only",0.953,9.1143598902111,0.0199999999999996,"LogNormal",27,3000,3000
"SCP",0.9245,5.54962869726051,0,"Student-t",27,50,50
"RSA-CP (OT) (Ours)",0.9245,5.54334057559917,0,"Student-t",27,50,50
"SPI",0.9965,14.4318397558397,0,"Student-t",27,50,50
"Synthetic-only",0.9865,9.45491816977684,0,"Student-t",27,50,50
"SCP",0.9245,5.54962869726051,0,"Student-t",27,100,100
"RSA-CP (OT) (Ours)",0.917,5.28272693612721,0,"Student-t",27,100,100
"SPI",0.9935,11.5821115085124,0,"Student-t",27,100,100
"Synthetic-only",0.993,11.2908028578167,0,"Student-t",27,100,100
"SCP",0.9245,5.54962869726051,0,"Student-t",27,250,250
"RSA-CP (OT) (Ours)",0.9195,5.36494836703969,0.00999999999999979,"Student-t",27,250,250
"SPI",0.9945,12.5237093455176,0,"Student-t",27,250,250
"Synthetic-only",0.9945,12.2174584496494,0,"Student-t",27,250,250
"SCP",0.9245,5.54962869726051,0,"Student-t",27,500,500
"RSA-CP (OT) (Ours)",0.915,5.20050550521472,0,"Student-t",27,500,500
"SPI",0.9935,11.9347661083239,0.0199999999999996,"Student-t",27,500,500
"Synthetic-only",0.9935,11.7995176599947,0,"Student-t",27,500,500
"SCP",0.9245,5.54962869726051,0,"Student-t",27,1000,1000
"RSA-CP (OT) (Ours)",0.915,5.20298212824595,0,"Student-t",27,1000,1000
"SPI",0.9875,9.67551712568621,0.00999999999999979,"Student-t",27,1000,1000
"Synthetic-only",0.9875,9.63431018542405,0,"Student-t",27,1000,1000
"SCP",0.9245,5.54962869726051,0,"Student-t",27,2000,2000
"RSA-CP (OT) (Ours)",0.9145,5.18344203174389,0.0199999999999996,"Student-t",27,2000,2000
"SPI",0.993,11.0509988268799,0.0300000000000011,"Student-t",27,2000,2000
"Synthetic-only",0.993,11.0469421846814,0,"Student-t",27,2000,2000
"SCP",0.9245,5.54962869726051,0,"Student-t",27,3000,3000
"RSA-CP (OT) (Ours)",0.9155,5.22655311007738,0,"Student-t",27,3000,3000
"SPI",0.993,10.8787005157508,0.0499999999999989,"Student-t",27,3000,3000
"Synthetic-only",0.993,10.8537232873018,0,"Student-t",27,3000,3000
"SCP",0.931,8.24089075600167,0,"LogNormal",28,50,50
"RSA-CP (OT) (Ours)",0.9305,8.20385574763903,0,"LogNormal",28,50,50
"SPI",0.999,27.5540754552977,0,"LogNormal",28,50,50
"Synthetic-only",0.997,23.7300114649384,0,"LogNormal",28,50,50
"SCP",0.931,8.24089075600167,0,"LogNormal",28,100,100
"RSA-CP (OT) (Ours)",0.93,8.07259405567681,0.0200000000000014,"LogNormal",28,100,100
"SPI",0.971,11.2767550066402,0,"LogNormal",28,100,100
"Synthetic-only",0.925,7.93488295127819,0,"LogNormal",28,100,100
"SCP",0.931,8.24089075600167,0,"LogNormal",28,250,250
"RSA-CP (OT) (Ours)",0.927,8.0069632096957,0,"LogNormal",28,250,250
"SPI",0.971,11.2767550066402,0,"LogNormal",28,250,250
"Synthetic-only",0.9705,11.1840647972566,0,"LogNormal",28,250,250
"SCP",0.931,8.24089075600167,0,"LogNormal",28,500,500
"RSA-CP (OT) (Ours)",0.927,8.0069632096957,0.00999999999999979,"LogNormal",28,500,500
"SPI",0.971,11.2767550066402,0,"LogNormal",28,500,500
"Synthetic-only",0.99,14.4221931232552,0,"LogNormal",28,500,500
"SCP",0.931,8.24089075600167,0,"LogNormal",28,1000,1000
"RSA-CP (OT) (Ours)",0.924,7.894793857975,0.0199999999999996,"LogNormal",28,1000,1000
"SPI",0.938,8.43921911718115,0.00999999999999979,"LogNormal",28,1000,1000
"Synthetic-only",0.9305,8.20564993433561,0,"LogNormal",28,1000,1000
"SCP",0.931,8.24089075600167,0,"LogNormal",28,2000,2000
"RSA-CP (OT) (Ours)",0.924,7.894793857975,0,"LogNormal",28,2000,2000
"SPI",0.971,11.2767550066402,0.0400000000000009,"LogNormal",28,2000,2000
"Synthetic-only",0.974,11.6421141573641,0,"LogNormal",28,2000,2000
"SCP",0.931,8.24089075600167,0,"LogNormal",28,3000,3000
"RSA-CP (OT) (Ours)",0.924,7.894793857975,0.00999999999999979,"LogNormal",28,3000,3000
"SPI",0.971,11.2767550066402,0.0499999999999989,"LogNormal",28,3000,3000
"Synthetic-only",0.99,14.489405040046,0,"LogNormal",28,3000,3000
"SCP",0.951,6.31130588861685,0,"Student-t",28,50,50
"RSA-CP (OT) (Ours)",0.9505,6.29991773277031,0,"Student-t",28,50,50
"SPI",0.999,20.1970932592445,0,"Student-t",28,50,50
"Synthetic-only",0.9945,12.4974865200071,0,"Student-t",28,50,50
"SCP",0.951,6.31130588861685,0,"Student-t",28,100,100
"RSA-CP (OT) (Ours)",0.9465,6.10797752446577,0.0100000000000016,"Student-t",28,100,100
"SPI",0.9915,10.6463726026661,0,"Student-t",28,100,100
"Synthetic-only",0.9985,16.3665489448741,0,"Student-t",28,100,100
"SCP",0.951,6.31130588861685,0,"Student-t",28,250,250
"RSA-CP (OT) (Ours)",0.947,6.18388831936142,0,"Student-t",28,250,250
"SPI",0.9785,8.33049380335507,0,"Student-t",28,250,250
"Synthetic-only",0.9765,8.20943793154436,0,"Student-t",28,250,250
"SCP",0.951,6.31130588861685,0,"Student-t",28,500,500
"RSA-CP (OT) (Ours)",0.943,5.99832985290986,0.0199999999999996,"Student-t",28,500,500
"SPI",0.9915,10.6463726026661,0,"Student-t",28,500,500
"Synthetic-only",0.996,14.0846534841771,0,"Student-t",28,500,500
"SCP",0.951,6.31130588861685,0,"Student-t",28,1000,1000
"RSA-CP (OT) (Ours)",0.945,6.06473202840332,0.0199999999999996,"Student-t",28,1000,1000
"SPI",0.99,10.4640445445985,0.00999999999999979,"Student-t",28,1000,1000
"Synthetic-only",0.989,10.1981249315641,0,"Student-t",28,1000,1000
"SCP",0.951,6.31130588861685,0,"Student-t",28,2000,2000
"RSA-CP (OT) (Ours)",0.9425,5.98752981260726,0,"Student-t",28,2000,2000
"SPI",0.9915,10.6463726026661,0.0299999999999994,"Student-t",28,2000,2000
"Synthetic-only",0.993,11.0395670160371,0,"Student-t",28,2000,2000
"SCP",0.951,6.31130588861685,0,"Student-t",28,3000,3000
"RSA-CP (OT) (Ours)",0.9425,5.98752981260726,0.0200000000000014,"Student-t",28,3000,3000
"SPI",0.9915,10.6226509217468,0.0399999999999991,"Student-t",28,3000,3000
"Synthetic-only",0.9915,10.6003676526238,0,"Student-t",28,3000,3000
"SCP",0.981,12.9869030115318,0,"LogNormal",29,50,50
"RSA-CP (OT) (Ours)",0.981,12.9751751957006,0,"LogNormal",29,50,50
"SPI",0.996,19.7052232867068,0.0199999999999996,"LogNormal",29,50,50
"Synthetic-only",0.914,7.61426224465216,0.0199999999999996,"LogNormal",29,50,50
"SCP",0.981,12.9869030115318,0,"LogNormal",29,100,100
"RSA-CP (OT) (Ours)",0.975,11.770337498957,0,"LogNormal",29,100,100
"SPI",0.9545,9.25880856330452,0,"LogNormal",29,100,100
"Synthetic-only",0.923,7.83963615489071,0,"LogNormal",29,100,100
"SCP",0.981,12.9869030115318,0,"LogNormal",29,250,250
"RSA-CP (OT) (Ours)",0.9765,12.0252070117297,0,"LogNormal",29,250,250
"SPI",0.9545,9.25880856330452,0.0200000000000014,"LogNormal",29,250,250
"Synthetic-only",0.904,7.27850064497603,0.0200000000000014,"LogNormal",29,250,250
"SCP",0.981,12.9869030115318,0,"LogNormal",29,500,500
"RSA-CP (OT) (Ours)",0.968,10.9002730865041,0,"LogNormal",29,500,500
"SPI",0.9945,18.4612888946572,0.00999999999999979,"LogNormal",29,500,500
"Synthetic-only",0.9945,18.2829748337254,0,"LogNormal",29,500,500
"SCP",0.981,12.9869030115318,0,"LogNormal",29,1000,1000
"RSA-CP (OT) (Ours)",0.967,10.6067134739979,0,"LogNormal",29,1000,1000
"SPI",0.975,11.827684078327,0.0199999999999996,"LogNormal",29,1000,1000
"Synthetic-only",0.969,11.0138566643079,0,"LogNormal",29,1000,1000
"SCP",0.981,12.9869030115318,0,"LogNormal",29,2000,2000
"RSA-CP (OT) (Ours)",0.968,10.7001255187467,0.00999999999999979,"LogNormal",29,2000,2000
"SPI",0.9545,9.25880856330452,0.0300000000000011,"LogNormal",29,2000,2000
"Synthetic-only",0.952,9.08759222879212,0,"LogNormal",29,2000,2000
"SCP",0.981,12.9869030115318,0,"LogNormal",29,3000,3000
"RSA-CP (OT) (Ours)",0.9665,10.5574571784967,0.0199999999999996,"LogNormal",29,3000,3000
"SPI",0.981,12.6135722144211,0.0499999999999989,"LogNormal",29,3000,3000
"Synthetic-only",0.9785,12.3193737453697,0,"LogNormal",29,3000,3000
"SCP",0.999,17.6932515166968,0,"Student-t",29,50,50
"RSA-CP (OT) (Ours)",0.999,17.6753501396851,0,"Student-t",29,50,50
"SPI",0.999,17.0388017431699,0,"Student-t",29,50,50
"Synthetic-only",0.9685,7.39910800573981,0,"Student-t",29,50,50
"SCP",0.999,17.6932515166968,0,"Student-t",29,100,100
"RSA-CP (OT) (Ours)",0.9945,12.632383009436,0,"Student-t",29,100,100
"SPI",0.9985,16.4395862994825,0.00999999999999979,"Student-t",29,100,100
"Synthetic-only",0.997,15.2080127078056,0.00999999999999979,"Student-t",29,100,100
"SCP",0.999,17.6932515166968,0,"Student-t",29,250,250
"RSA-CP (OT) (Ours)",0.9965,14.2800851411016,0,"Student-t",29,250,250
"SPI",0.9855,9.29752074483973,0,"Student-t",29,250,250
"Synthetic-only",0.984,9.03936377064029,0,"Student-t",29,250,250
"SCP",0.999,17.6932515166968,0,"Student-t",29,500,500
"RSA-CP (OT) (Ours)",0.995,13.2065822371376,0,"Student-t",29,500,500
"SPI",0.9965,14.5218737316971,0,"Student-t",29,500,500
"Synthetic-only",0.9965,14.4188950712818,0,"Student-t",29,500,500
"SCP",0.999,17.6932515166968,0,"Student-t",29,1000,1000
"RSA-CP (OT) (Ours)",0.9935,11.533914921659,0.00999999999999979,"Student-t",29,1000,1000
"SPI",0.9935,12.0613123844601,0.0199999999999996,"Student-t",29,1000,1000
"Synthetic-only",0.9935,11.7389688508693,0,"Student-t",29,1000,1000
"SCP",0.999,17.6932515166968,0,"Student-t",29,2000,2000
"RSA-CP (OT) (Ours)",0.993,11.109506796836,0,"Student-t",29,2000,2000
"SPI",0.9935,11.786911777646,0.0299999999999994,"Student-t",29,2000,2000
"Synthetic-only",0.9935,11.6803988413135,0,"Student-t",29,2000,2000
"SCP",0.999,17.6932515166968,0,"Student-t",29,3000,3000
"RSA-CP (OT) (Ours)",0.993,11.1590050924987,0.0200000000000014,"Student-t",29,3000,3000
"SPI",0.993,11.1388534913522,0.0399999999999991,"Student-t",29,3000,3000
"Synthetic-only",0.993,11.1173043321733,0,"Student-t",29,3000,3000
"SCP",0.905,7.32230468051584,0,"LogNormal",30,50,50
"RSA-CP (OT) (Ours)",0.9045,7.30882658632585,0.0199999999999996,"LogNormal",30,50,50
"SPI",0.997,23.11548697726,0,"LogNormal",30,50,50
"Synthetic-only",0.9955,19.2543073277324,0,"LogNormal",30,50,50
"SCP",0.905,7.32230468051584,0,"LogNormal",30,100,100
"RSA-CP (OT) (Ours)",0.888,6.94616196204756,0,"LogNormal",30,100,100
"SPI",0.9065,7.41407047176734,0,"LogNormal",30,100,100
"Synthetic-only",0.93,8.14089434509249,0,"LogNormal",30,100,100
"SCP",0.905,7.32230468051584,0,"LogNormal",30,250,250
"RSA-CP (OT) (Ours)",0.8985,7.19637103386046,0.0100000000000016,"LogNormal",30,250,250
"SPI",0.9065,7.41407047176734,0,"LogNormal",30,250,250
"Synthetic-only",0.9925,16.6126408641663,0,"LogNormal",30,250,250
"SCP",0.905,7.32230468051584,0,"LogNormal",30,500,500
"RSA-CP (OT) (Ours)",0.886,6.90593453473604,0,"LogNormal",30,500,500
"SPI",0.9065,7.41407047176734,0.0199999999999996,"LogNormal",30,500,500
"Synthetic-only",0.987,13.5778995213386,0,"LogNormal",30,500,500
"SCP",0.905,7.32230468051584,0,"LogNormal",30,1000,1000
"RSA-CP (OT) (Ours)",0.8875,6.93820525686098,0,"LogNormal",30,1000,1000
"SPI",0.9065,7.41407047176734,0.0199999999999996,"LogNormal",30,1000,1000
"Synthetic-only",0.9885,13.8611399098871,0,"LogNormal",30,1000,1000
"SCP",0.905,7.32230468051584,0,"LogNormal",30,2000,2000
"RSA-CP (OT) (Ours)",0.8875,6.92951309195544,0,"LogNormal",30,2000,2000
"SPI",0.9065,7.41407047176734,0.0299999999999994,"LogNormal",30,2000,2000
"Synthetic-only",0.939,8.47677965165936,0,"LogNormal",30,2000,2000
"SCP",0.905,7.32230468051584,0,"LogNormal",30,3000,3000
"RSA-CP (OT) (Ours)",0.886,6.89515129576583,0.0200000000000014,"LogNormal",30,3000,3000
"SPI",0.9065,7.41407047176734,0.0399999999999991,"LogNormal",30,3000,3000
"Synthetic-only",0.9595,9.63919446368257,0,"LogNormal",30,3000,3000
"SCP",0.9765,8.19360400990729,0,"Student-t",30,50,50
"RSA-CP (OT) (Ours)",0.9765,8.19297651232051,0,"Student-t",30,50,50
"SPI",0.998,15.7627435251969,0,"Student-t",30,50,50
"Synthetic-only",0.995,13.4030462874658,0,"Student-t",30,50,50
"SCP",0.9765,8.19360400990729,0,"Student-t",30,100,100
"RSA-CP (OT) (Ours)",0.9595,6.7835987001822,0.0199999999999996,"Student-t",30,100,100
"SPI",0.9945,12.3798095000281,0,"Student-t",30,100,100
"Synthetic-only",0.9965,14.7015884907497,0,"Student-t",30,100,100
"SCP",0.9765,8.19360400990729,0,"Student-t",30,250,250
"RSA-CP (OT) (Ours)",0.966,7.21725341160937,0,"Student-t",30,250,250
"SPI",0.9945,12.3798095000281,0,"Student-t",30,250,250
"Synthetic-only",0.998,15.7273146340483,0,"Student-t",30,250,250
"SCP",0.9765,8.19360400990729,0,"Student-t",30,500,500
"RSA-CP (OT) (Ours)",0.964,7.13981507028309,0.0200000000000014,"Student-t",30,500,500
"SPI",0.9945,12.3798095000281,0,"Student-t",30,500,500
"Synthetic-only",0.996,14.0427663121549,0,"Student-t",30,500,500
"SCP",0.9765,8.19360400990729,0,"Student-t",30,1000,1000
"RSA-CP (OT) (Ours)",0.966,7.2290014291635,0.00999999999999979,"Student-t",30,1000,1000
"SPI",0.9945,12.3798095000281,0.0199999999999996,"Student-t",30,1000,1000
"Synthetic-only",0.995,12.9546964896519,0,"Student-t",30,1000,1000
"SCP",0.9765,8.19360400990729,0,"Student-t",30,2000,2000
"RSA-CP (OT) (Ours)",0.9615,7.04770997377793,0,"Student-t",30,2000,2000
"SPI",0.9945,12.2440509272028,0.0299999999999994,"Student-t",30,2000,2000
"Synthetic-only",0.9945,12.1924921477781,0,"Student-t",30,2000,2000
"SCP",0.9765,8.19360400990729,0,"Student-t",30,3000,3000
"RSA-CP (OT) (Ours)",0.9615,7.04770997377793,0.0100000000000016,"Student-t",30,3000,3000
"SPI",0.9935,11.9685556471772,0.0499999999999989,"Student-t",30,3000,3000
"Synthetic-only",0.9935,11.9323269753984,0,"Student-t",30,3000,3000
"SCP",0.93,8.09230572973597,0,"LogNormal",31,50,50
"RSA-CP (OT) (Ours)",0.93,8.0821029832884,0,"LogNormal",31,50,50
"SPI",0.9985,27.1628323537252,0.0199999999999996,"LogNormal",31,50,50
"Synthetic-only",0.938,8.43851784486662,0,"LogNormal",31,50,50
"SCP",0.93,8.09230572973597,0,"LogNormal",31,100,100
"RSA-CP (OT) (Ours)",0.9285,8.0426178811621,0,"LogNormal",31,100,100
"SPI",0.938,8.41376506249072,0,"LogNormal",31,100,100
"Synthetic-only",0.994,17.0832871111261,0,"LogNormal",31,100,100
"SCP",0.93,8.09230572973597,0,"LogNormal",31,250,250
"RSA-CP (OT) (Ours)",0.9235,7.85983111113569,0,"LogNormal",31,250,250
"SPI",0.938,8.41376506249072,0.00999999999999979,"LogNormal",31,250,250
"Synthetic-only",0.994,17.2703946443128,0,"LogNormal",31,250,250
"SCP",0.93,8.09230572973597,0,"LogNormal",31,500,500
"RSA-CP (OT) (Ours)",0.9265,7.9788805909118,0,"LogNormal",31,500,500
"SPI",0.938,8.41376506249072,0.0200000000000014,"LogNormal",31,500,500
"Synthetic-only",0.99,14.4423841425577,0,"LogNormal",31,500,500
"SCP",0.93,8.09230572973597,0,"LogNormal",31,1000,1000
"RSA-CP (OT) (Ours)",0.925,7.92575279240821,0,"LogNormal",31,1000,1000
"SPI",0.938,8.41376506249072,0.00999999999999979,"LogNormal",31,1000,1000
"Synthetic-only",0.981,12.8155917905114,0,"LogNormal",31,1000,1000
"SCP",0.93,8.09230572973597,0,"LogNormal",31,2000,2000
"RSA-CP (OT) (Ours)",0.9245,7.9095128335073,0.0199999999999996,"LogNormal",31,2000,2000
"SPI",0.938,8.41376506249072,0.0299999999999994,"LogNormal",31,2000,2000
"Synthetic-only",0.951,8.98473314909134,0,"LogNormal",31,2000,2000
"SCP",0.93,8.09230572973597,0,"LogNormal",31,3000,3000
"RSA-CP (OT) (Ours)",0.9235,7.87092984407555,0,"LogNormal",31,3000,3000
"SPI",0.927,8.01209540808706,0.0500000000000007,"LogNormal",31,3000,3000
"Synthetic-only",0.927,7.99923011628451,0,"LogNormal",31,3000,3000
"SCP",0.9035,4.88339706268691,0,"Student-t",31,50,50
"RSA-CP (OT) (Ours)",0.903,4.8797113875124,0.00999999999999979,"Student-t",31,50,50
"SPI",0.999,21.6076955519252,0,"Student-t",31,50,50
"Synthetic-only",0.999,18.1693151484248,0,"Student-t",31,50,50
"SCP",0.9035,4.88339706268691,0,"Student-t",31,100,100
"RSA-CP (OT) (Ours)",0.901,4.85089516409416,0,"Student-t",31,100,100
"SPI",0.919,5.31977899511308,0,"Student-t",31,100,100
"Synthetic-only",0.9935,11.8468535064931,0,"Student-t",31,100,100
"SCP",0.9035,4.88339706268691,0,"Student-t",31,250,250
"RSA-CP (OT) (Ours)",0.901,4.84645816171085,0.0199999999999996,"Student-t",31,250,250
"SPI",0.919,5.31977899511308,0,"Student-t",31,250,250
"Synthetic-only",0.9855,9.30632729008069,0,"Student-t",31,250,250
"SCP",0.9035,4.88339706268691,0,"Student-t",31,500,500
"RSA-CP (OT) (Ours)",0.901,4.84645816171085,0,"Student-t",31,500,500
"SPI",0.919,5.31977899511308,0.0100000000000016,"Student-t",31,500,500
"Synthetic-only",0.989,10.1007531148294,0,"Student-t",31,500,500
"SCP",0.9035,4.88339706268691,0,"Student-t",31,1000,1000
"RSA-CP (OT) (Ours)",0.901,4.84645816171085,0,"Student-t",31,1000,1000
"SPI",0.919,5.31977899511308,0.0199999999999996,"Student-t",31,1000,1000
"Synthetic-only",0.989,10.1813339927971,0,"Student-t",31,1000,1000
"SCP",0.9035,4.88339706268691,0,"Student-t",31,2000,2000
"RSA-CP (OT) (Ours)",0.9015,4.85541087644017,0.0199999999999996,"Student-t",31,2000,2000
"SPI",0.919,5.31977899511308,0.0299999999999994,"Student-t",31,2000,2000
"Synthetic-only",0.9915,10.6457168994465,0,"Student-t",31,2000,2000
"SCP",0.9035,4.88339706268691,0,"Student-t",31,3000,3000
"RSA-CP (OT) (Ours)",0.899,4.82075079148406,0,"Student-t",31,3000,3000
"SPI",0.919,5.31977899511308,0.0400000000000009,"Student-t",31,3000,3000
"Synthetic-only",0.9945,12.2297459270638,0,"Student-t",31,3000,3000
"SCP",0.963,10.120987396312,0,"LogNormal",32,50,50
"RSA-CP (OT) (Ours)",0.963,10.112676227196,0,"LogNormal",32,50,50
"SPI",0.997,23.2709606448593,0,"LogNormal",32,50,50
"Synthetic-only",0.996,19.9345470561156,0,"LogNormal",32,50,50
"SCP",0.963,10.120987396312,0,"LogNormal",32,100,100
"RSA-CP (OT) (Ours)",0.963,10.0533643431655,0.00999999999999979,"LogNormal",32,100,100
"SPI",0.9935,16.8558038653151,0,"LogNormal",32,100,100
"Synthetic-only",0.9605,9.81896160149502,0,"LogNormal",32,100,100
"SCP",0.963,10.120987396312,0,"LogNormal",32,250,250
"RSA-CP (OT) (Ours)",0.9595,9.57886927092174,0,"LogNormal",32,250,250
"SPI",0.994,17.2645879580945,0,"LogNormal",32,250,250
"Synthetic-only",0.996,19.6839687428044,0,"LogNormal",32,250,250
"SCP",0.963,10.120987396312,0,"LogNormal",32,500,500
"RSA-CP (OT) (Ours)",0.9585,9.48354809981936,0.0199999999999996,"LogNormal",32,500,500
"SPI",0.984,13.4047648081827,0,"LogNormal",32,500,500
"Synthetic-only",0.983,13.3460137651101,0,"LogNormal",32,500,500
"SCP",0.963,10.120987396312,0,"LogNormal",32,1000,1000
"RSA-CP (OT) (Ours)",0.9545,9.25774933553795,0.0200000000000014,"LogNormal",32,1000,1000
"SPI",0.9605,9.80937951858448,0.00999999999999979,"LogNormal",32,1000,1000
"Synthetic-only",0.953,9.16350149971131,0,"LogNormal",32,1000,1000
"SCP",0.963,10.120987396312,0,"LogNormal",32,2000,2000
"RSA-CP (OT) (Ours)",0.9545,9.25774933553795,0,"LogNormal",32,2000,2000
"SPI",0.9465,8.7122546649175,0.0299999999999994,"LogNormal",32,2000,2000
"Synthetic-only",0.941,8.56749569870647,0,"LogNormal",32,2000,2000
"SCP",0.963,10.120987396312,0,"LogNormal",32,3000,3000
"RSA-CP (OT) (Ours)",0.955,9.33301559029842,0.0199999999999996,"LogNormal",32,3000,3000
"SPI",0.9615,9.87367569140778,0.0500000000000007,"LogNormal",32,3000,3000
"Synthetic-only",0.9605,9.80826342575273,0,"LogNormal",32,3000,3000
"SCP",0.9135,5.16588488463266,0,"Student-t",32,50,50
"RSA-CP (OT) (Ours)",0.9135,5.15675696757298,0.00999999999999979,"Student-t",32,50,50
"SPI",0.998,15.7675293692914,0,"Student-t",32,50,50
"Synthetic-only",0.964,7.14678530210562,0,"Student-t",32,50,50
"SCP",0.9135,5.16588488463266,0,"Student-t",32,100,100
"RSA-CP (OT) (Ours)",0.879,4.45208615334841,0,"Student-t",32,100,100
"SPI",0.951,6.31891313033376,0,"Student-t",32,100,100
"Synthetic-only",0.9945,12.527759860405,0,"Student-t",32,100,100
"SCP",0.9135,5.16588488463266,0,"Student-t",32,250,250
"RSA-CP (OT) (Ours)",0.899,4.82539772521303,0,"Student-t",32,250,250
"SPI",0.951,6.31891313033376,0.0199999999999996,"Student-t",32,250,250
"Synthetic-only",0.9945,12.4619890706189,0,"Student-t",32,250,250
"SCP",0.9135,5.16588488463266,0,"Student-t",32,500,500
"RSA-CP (OT) (Ours)",0.89,4.71201505621752,0,"Student-t",32,500,500
"SPI",0.951,6.31891313033376,0.00999999999999979,"Student-t",32,500,500
"Synthetic-only",0.993,11.096906389507,0,"Student-t",32,500,500
"SCP",0.9135,5.16588488463266,0,"Student-t",32,1000,1000
"RSA-CP (OT) (Ours)",0.89,4.70864030796118,0,"Student-t",32,1000,1000
"SPI",0.951,6.31891313033376,0.0200000000000014,"Student-t",32,1000,1000
"Synthetic-only",0.9935,11.6519136487012,0,"Student-t",32,1000,1000
"SCP",0.9135,5.16588488463266,0,"Student-t",32,2000,2000
"RSA-CP (OT) (Ours)",0.887,4.63389998561259,0,"Student-t",32,2000,2000
"SPI",0.951,6.31891313033376,0.0299999999999994,"Student-t",32,2000,2000
"Synthetic-only",0.993,11.0777766112145,0.00999999999999979,"Student-t",32,2000,2000
"SCP",0.9135,5.16588488463266,0,"Student-t",32,3000,3000
"RSA-CP (OT) (Ours)",0.8855,4.62569335573454,0,"Student-t",32,3000,3000
"SPI",0.951,6.31891313033376,0.0500000000000007,"Student-t",32,3000,3000
"Synthetic-only",0.9935,12.0915119318392,0,"Student-t",32,3000,3000
"SCP",0.887,6.92299161966737,0,"LogNormal",33,50,50
"RSA-CP (OT) (Ours)",0.886,6.90744067316798,0.0199999999999996,"LogNormal",33,50,50
"SPI",0.999,29.9711911155994,0,"LogNormal",33,50,50
"Synthetic-only",0.9945,18.6308788780126,0,"LogNormal",33,50,50
"SCP",0.887,6.92299161966737,0,"LogNormal",33,100,100
"RSA-CP (OT) (Ours)",0.886,6.87239707210941,0,"LogNormal",33,100,100
"SPI",0.9105,7.52491046903655,0,"LogNormal",33,100,100
"Synthetic-only",0.8955,7.10550653004254,0,"LogNormal",33,100,100
"SCP",0.887,6.92299161966737,0,"LogNormal",33,250,250
"RSA-CP (OT) (Ours)",0.886,6.87239707210941,0.00999999999999979,"LogNormal",33,250,250
"SPI",0.9305,8.19887095613363,0,"LogNormal",33,250,250
"Synthetic-only",0.981,13.0114018639533,0,"LogNormal",33,250,250
"SCP",0.887,6.92299161966737,0,"LogNormal",33,500,500
"RSA-CP (OT) (Ours)",0.8855,6.84100870725197,0,"LogNormal",33,500,500
"SPI",0.9305,8.19887095613363,0.0199999999999996,"LogNormal",33,500,500
"Synthetic-only",0.93,8.15104867421793,0,"LogNormal",33,500,500
"SCP",0.887,6.92299161966737,0,"LogNormal",33,1000,1000
"RSA-CP (OT) (Ours)",0.8855,6.84100870725197,0,"LogNormal",33,1000,1000
"SPI",0.9305,8.19887095613363,0.0100000000000016,"LogNormal",33,1000,1000
"Synthetic-only",0.9485,8.78312274053224,0,"LogNormal",33,1000,1000
"SCP",0.887,6.92299161966737,0,"LogNormal",33,2000,2000
"RSA-CP (OT) (Ours)",0.886,6.85353339451671,0,"LogNormal",33,2000,2000
"SPI",0.9305,8.19887095613363,0.0299999999999994,"LogNormal",33,2000,2000
"Synthetic-only",0.9305,8.20209798529775,0,"LogNormal",33,2000,2000
"SCP",0.887,6.92299161966737,0,"LogNormal",33,3000,3000
"RSA-CP (OT) (Ours)",0.886,6.85353339451671,0,"LogNormal",33,3000,3000
"SPI",0.9305,8.19887095613363,0.0600000000000005,"LogNormal",33,3000,3000
"Synthetic-only",0.9895,14.190083647311,0.0199999999999996,"LogNormal",33,3000,3000
"SCP",0.97,7.49469917472284,0,"Student-t",33,50,50
"RSA-CP (OT) (Ours)",0.97,7.48726349169134,0,"Student-t",33,50,50
"SPI",0.9945,12.2562303017413,0,"Student-t",33,50,50
"Synthetic-only",0.9845,9.14706928151375,0,"Student-t",33,50,50
"SCP",0.97,7.49469917472284,0,"Student-t",33,100,100
"RSA-CP (OT) (Ours)",0.964,7.18131792655119,0,"Student-t",33,100,100
"SPI",0.9855,9.34371438862322,0.0199999999999996,"Student-t",33,100,100
"Synthetic-only",0.995,13.0180476109434,0,"Student-t",33,100,100
"SCP",0.97,7.49469917472284,0,"Student-t",33,250,250
"RSA-CP (OT) (Ours)",0.9685,7.3288792538091,0,"Student-t",33,250,250
"SPI",0.9855,9.34371438862322,0,"Student-t",33,250,250
"Synthetic-only",0.9945,12.1937852997995,0,"Student-t",33,250,250
"SCP",0.97,7.49469917472284,0,"Student-t",33,500,500
"RSA-CP (OT) (Ours)",0.9655,7.2138789238241,0,"Student-t",33,500,500
"SPI",0.9855,9.34371438862322,0.00999999999999979,"Student-t",33,500,500
"Synthetic-only",0.995,13.4682379952936,0,"Student-t",33,500,500
"SCP",0.97,7.49469917472284,0,"Student-t",33,1000,1000
"RSA-CP (OT) (Ours)",0.964,7.15881114577964,0,"Student-t",33,1000,1000
"SPI",0.9855,9.34371438862322,0.0199999999999996,"Student-t",33,1000,1000
"Synthetic-only",0.9935,12.0913108232134,0,"Student-t",33,1000,1000
"SCP",0.97,7.49469917472284,0,"Student-t",33,2000,2000
"RSA-CP (OT) (Ours)",0.964,7.15881114577964,0,"Student-t",33,2000,2000
"SPI",0.9855,9.34371438862322,0.0299999999999994,"Student-t",33,2000,2000
"Synthetic-only",0.9945,12.7731280746956,0,"Student-t",33,2000,2000
"SCP",0.97,7.49469917472284,0,"Student-t",33,3000,3000
"RSA-CP (OT) (Ours)",0.964,7.15881114577964,0,"Student-t",33,3000,3000
"SPI",0.9855,9.34371438862322,0.0600000000000005,"Student-t",33,3000,3000
"Synthetic-only",0.9945,12.2562353826192,0.00999999999999979,"Student-t",33,3000,3000
"SCP",0.951,8.97163185424669,0,"LogNormal",34,50,50
"RSA-CP (OT) (Ours)",0.951,8.96771504395309,0,"LogNormal",34,50,50
"SPI",0.99,14.4442352829581,0,"LogNormal",34,50,50
"Synthetic-only",0.966,10.4204162495232,0,"LogNormal",34,50,50
"SCP",0.951,8.97163185424669,0,"LogNormal",34,100,100
"RSA-CP (OT) (Ours)",0.938,8.45875336435095,0.0199999999999996,"LogNormal",34,100,100
"SPI",0.901,7.23875338700045,0,"LogNormal",34,100,100
"Synthetic-only",0.887,6.91778476282771,0,"LogNormal",34,100,100
"SCP",0.951,8.97163185424669,0,"LogNormal",34,250,250
"RSA-CP (OT) (Ours)",0.8975,7.17335456878782,0,"LogNormal",34,250,250
"SPI",0.9515,9.06506464881293,0.00999999999999979,"LogNormal",34,250,250
"Synthetic-only",0.9945,17.7267070242127,0,"LogNormal",34,250,250
"SCP",0.951,8.97163185424669,0,"LogNormal",34,500,500
"RSA-CP (OT) (Ours)",0.92,7.75385725065504,0,"LogNormal",34,500,500
"SPI",0.9515,9.06506464881293,0,"LogNormal",34,500,500
"Synthetic-only",0.99,14.411025583758,0.0199999999999996,"LogNormal",34,500,500
"SCP",0.951,8.97163185424669,0,"LogNormal",34,1000,1000
"RSA-CP (OT) (Ours)",0.922,7.80944692327972,0,"LogNormal",34,1000,1000
"SPI",0.9515,9.06506464881293,0.00999999999999979,"LogNormal",34,1000,1000
"Synthetic-only",0.9905,15.0293518951636,0,"LogNormal",34,1000,1000
"SCP",0.951,8.97163185424669,0,"LogNormal",34,2000,2000
"RSA-CP (OT) (Ours)",0.9235,7.86185931873797,0,"LogNormal",34,2000,2000
"SPI",0.9515,9.06506464881293,0.0300000000000011,"LogNormal",34,2000,2000
"Synthetic-only",0.9515,8.99793979105209,0,"LogNormal",34,2000,2000
"SCP",0.951,8.97163185424669,0,"LogNormal",34,3000,3000
"RSA-CP (OT) (Ours)",0.9245,7.91427171419622,0.0199999999999996,"LogNormal",34,3000,3000
"SPI",0.9515,9.06506464881293,0.0500000000000007,"LogNormal",34,3000,3000
"Synthetic-only",0.978,12.1893546808438,0,"LogNormal",34,3000,3000
"SCP",0.979,8.36892196106764,0,"Student-t",34,50,50
"RSA-CP (OT) (Ours)",0.979,8.35031997363503,0,"Student-t",34,50,50
"SPI",0.999,17.9573527183728,0.00999999999999979,"Student-t",34,50,50
"Synthetic-only",0.997,14.9586598777909,0,"Student-t",34,50,50
"SCP",0.979,8.36892196106764,0,"Student-t",34,100,100
"RSA-CP (OT) (Ours)",0.974,7.9151916375399,0,"Student-t",34,100,100
"SPI",0.9875,9.68935167582599,0,"Student-t",34,100,100
"Synthetic-only",0.9945,12.3650515300776,0,"Student-t",34,100,100
"SCP",0.979,8.36892196106764,0,"Student-t",34,250,250
"RSA-CP (OT) (Ours)",0.973,7.85303044666917,0,"Student-t",34,250,250
"SPI",0.9875,9.68935167582599,0.0199999999999996,"Student-t",34,250,250
"Synthetic-only",0.993,10.8296986811223,0,"Student-t",34,250,250
"SCP",0.979,8.36892196106764,0,"Student-t",34,500,500
"RSA-CP (OT) (Ours)",0.964,7.1492512059516,0,"Student-t",34,500,500
"SPI",0.9875,9.68935167582599,0,"Student-t",34,500,500
"Synthetic-only",0.9925,10.7154679149239,0,"Student-t",34,500,500
"SCP",0.979,8.36892196106764,0,"Student-t",34,1000,1000
"RSA-CP (OT) (Ours)",0.962,7.05144616417829,0.00999999999999979,"Student-t",34,1000,1000
"SPI",0.9875,9.68935167582599,0.0199999999999996,"Student-t",34,1000,1000
"Synthetic-only",0.993,10.9109065173578,0,"Student-t",34,1000,1000
"SCP",0.979,8.36892196106764,0,"Student-t",34,2000,2000
"RSA-CP (OT) (Ours)",0.964,7.14716715283229,0,"Student-t",34,2000,2000
"SPI",0.9875,9.68935167582599,0.0300000000000011,"Student-t",34,2000,2000
"Synthetic-only",0.993,11.132700630342,0,"Student-t",34,2000,2000
"SCP",0.979,8.36892196106764,0,"Student-t",34,3000,3000
"RSA-CP (OT) (Ours)",0.964,7.18283667599223,0.0199999999999996,"Student-t",34,3000,3000
"SPI",0.9875,9.68935167582599,0.0399999999999991,"Student-t",34,3000,3000
"Synthetic-only",0.993,11.2102396402748,0,"Student-t",34,3000,3000
"SCP",0.983,13.3148652158194,0,"LogNormal",35,50,50
"RSA-CP (OT) (Ours)",0.983,13.3011915615748,0.0200000000000014,"LogNormal",35,50,50
"SPI",0.997,23.2399062200327,0,"LogNormal",35,50,50
"Synthetic-only",0.996,19.7476001662568,0,"LogNormal",35,50,50
"SCP",0.983,13.3148652158194,0,"LogNormal",35,100,100
"RSA-CP (OT) (Ours)",0.974,11.6423765893504,0,"LogNormal",35,100,100
"SPI",0.991,15.6354202767924,0,"LogNormal",35,100,100
"Synthetic-only",0.9945,17.4696143280637,0,"LogNormal",35,100,100
"SCP",0.983,13.3148652158194,0,"LogNormal",35,250,250
"RSA-CP (OT) (Ours)",0.978,12.2039939053151,0.00999999999999979,"LogNormal",35,250,250
"SPI",0.991,15.6354202767924,0,"LogNormal",35,250,250
"Synthetic-only",0.9945,17.8301575344593,0,"LogNormal",35,250,250
"SCP",0.983,13.3148652158194,0,"LogNormal",35,500,500
"RSA-CP (OT) (Ours)",0.9715,11.3381004793208,0,"LogNormal",35,500,500
"SPI",0.991,15.6354202767924,0.0199999999999996,"LogNormal",35,500,500
"Synthetic-only",0.99,14.7966959598635,0,"LogNormal",35,500,500
"SCP",0.983,13.3148652158194,0,"LogNormal",35,1000,1000
"RSA-CP (OT) (Ours)",0.978,12.1328706435273,0,"LogNormal",35,1000,1000
"SPI",0.9905,15.11325747173,0.00999999999999979,"LogNormal",35,1000,1000
"Synthetic-only",0.9905,15.0312163143053,0,"LogNormal",35,1000,1000
"SCP",0.983,13.3148652158194,0,"LogNormal",35,2000,2000
"RSA-CP (OT) (Ours)",0.976,11.8849607527714,0.0199999999999996,"LogNormal",35,2000,2000
"SPI",0.9785,12.3512711652736,0.0300000000000011,"LogNormal",35,2000,2000
"Synthetic-only",0.974,11.6624189936812,0,"LogNormal",35,2000,2000
"SCP",0.983,13.3148652158194,0,"LogNormal",35,3000,3000
"RSA-CP (OT) (Ours)",0.975,11.784240746392,0.0199999999999996,"LogNormal",35,3000,3000
"SPI",0.968,10.7556311593363,0.0400000000000009,"LogNormal",35,3000,3000
"Synthetic-only",0.951,8.91910175649508,0,"LogNormal",35,3000,3000
"SCP",0.969,7.45032249425943,0,"Student-t",35,50,50
"RSA-CP (OT) (Ours)",0.969,7.42554480075563,0,"Student-t",35,50,50
"SPI",0.999,17.5123175216391,0,"Student-t",35,50,50
"Synthetic-only",0.9985,16.0982006603703,0,"Student-t",35,50,50
"SCP",0.969,7.45032249425943,0,"Student-t",35,100,100
"RSA-CP (OT) (Ours)",0.969,7.42554480075563,0,"Student-t",35,100,100
"SPI",0.988,9.75820319775361,0.0199999999999996,"Student-t",35,100,100
"Synthetic-only",0.995,13.4062565161155,0,"Student-t",35,100,100
"SCP",0.969,7.45032249425943,0,"Student-t",35,250,250
"RSA-CP (OT) (Ours)",0.969,7.42554480075563,0,"Student-t",35,250,250
"SPI",0.9865,9.45480717164095,0,"Student-t",35,250,250
"Synthetic-only",0.9825,8.67871085125589,0,"Student-t",35,250,250
"SCP",0.969,7.45032249425943,0,"Student-t",35,500,500
"RSA-CP (OT) (Ours)",0.9685,7.39921308160402,0.0199999999999996,"Student-t",35,500,500
"SPI",0.988,9.75820319775361,0,"Student-t",35,500,500
"Synthetic-only",0.9885,9.7636547594467,0,"Student-t",35,500,500
"SCP",0.969,7.45032249425943,0,"Student-t",35,1000,1000
"RSA-CP (OT) (Ours)",0.9685,7.39921308160402,0.00999999999999979,"Student-t",35,1000,1000
"SPI",0.988,9.75820319775361,0.0199999999999996,"Student-t",35,1000,1000
"Synthetic-only",0.9935,11.7758228804552,0,"Student-t",35,1000,1000
"SCP",0.969,7.45032249425943,0,"Student-t",35,2000,2000
"RSA-CP (OT) (Ours)",0.9685,7.36940386238164,0,"Student-t",35,2000,2000
"SPI",0.988,9.75820319775361,0.0400000000000009,"Student-t",35,2000,2000
"Synthetic-only",0.9935,11.5885726501246,0,"Student-t",35,2000,2000
"SCP",0.969,7.45032249425943,0,"Student-t",35,3000,3000
"RSA-CP (OT) (Ours)",0.969,7.41604565897899,0,"Student-t",35,3000,3000
"SPI",0.988,9.75820319775361,0.0499999999999989,"Student-t",35,3000,3000
"Synthetic-only",0.9945,12.7756567902481,0,"Student-t",35,3000,3000
"SCP",0.9535,9.19131644904531,0,"LogNormal",36,50,50
"RSA-CP (OT) (Ours)",0.9535,9.18226527830565,0,"LogNormal",36,50,50
"SPI",0.996,19.7612333740638,0,"LogNormal",36,50,50
"Synthetic-only",0.9155,7.65732446521657,0,"LogNormal",36,50,50
"SCP",0.9535,9.19131644904531,0,"LogNormal",36,100,100
"RSA-CP (OT) (Ours)",0.9515,9.03001793742423,0,"LogNormal",36,100,100
"SPI",0.943,8.59655219700695,0,"LogNormal",36,100,100
"Synthetic-only",0.9105,7.52960005266549,0,"LogNormal",36,100,100
"SCP",0.9535,9.19131644904531,0,"LogNormal",36,250,250
"RSA-CP (OT) (Ours)",0.951,8.92505143431419,0,"LogNormal",36,250,250
"SPI",0.981,12.8092333550768,0,"LogNormal",36,250,250
"Synthetic-only",0.9805,12.4422538843356,0,"LogNormal",36,250,250
"SCP",0.9535,9.19131644904531,0,"LogNormal",36,500,500
"RSA-CP (OT) (Ours)",0.9505,8.87285815107259,0,"LogNormal",36,500,500
"SPI",0.981,12.8092333550768,0.0199999999999996,"LogNormal",36,500,500
"Synthetic-only",0.983,13.2834534316612,0.0199999999999996,"LogNormal",36,500,500
"SCP",0.9535,9.19131644904531,0,"LogNormal",36,1000,1000
"RSA-CP (OT) (Ours)",0.9505,8.87285815107259,0.00999999999999979,"LogNormal",36,1000,1000
"SPI",0.9605,9.81889540764476,0.0199999999999996,"LogNormal",36,1000,1000
"Synthetic-only",0.96,9.7611600054055,0,"LogNormal",36,1000,1000
"SCP",0.9535,9.19131644904531,0,"LogNormal",36,2000,2000
"RSA-CP (OT) (Ours)",0.9495,8.84820203748205,0,"LogNormal",36,2000,2000
"SPI",0.981,12.8092333550768,0.0300000000000011,"LogNormal",36,2000,2000
"Synthetic-only",0.99,14.2909707399669,0,"LogNormal",36,2000,2000
"SCP",0.9535,9.19131644904531,0,"LogNormal",36,3000,3000
"RSA-CP (OT) (Ours)",0.9495,8.84820203748205,0.0199999999999996,"LogNormal",36,3000,3000
"SPI",0.957,9.41621226218901,0.0399999999999991,"LogNormal",36,3000,3000
"Synthetic-only",0.955,9.33768282244267,0,"LogNormal",36,3000,3000
"SCP",0.9785,8.3330722668019,0,"Student-t",36,50,50
"RSA-CP (OT) (Ours)",0.9785,8.30947708646465,0,"Student-t",36,50,50
"SPI",1,38.5032565664077,0,"Student-t",36,50,50
"Synthetic-only",0.9985,16.3068518648322,0,"Student-t",36,50,50
"SCP",0.9785,8.3330722668019,0,"Student-t",36,100,100
"RSA-CP (OT) (Ours)",0.9585,6.74320588535376,0.0200000000000014,"Student-t",36,100,100
"SPI",0.9945,12.4107780515045,0,"Student-t",36,100,100
"Synthetic-only",0.993,11.2065937605544,0,"Student-t",36,100,100
"SCP",0.9785,8.3330722668019,0,"Student-t",36,250,250
"RSA-CP (OT) (Ours)",0.9715,7.68060221919217,0,"Student-t",36,250,250
"SPI",0.9945,12.6143708211181,0,"Student-t",36,250,250
"Synthetic-only",0.9945,12.5710094777047,0,"Student-t",36,250,250
"SCP",0.9785,8.3330722668019,0,"Student-t",36,500,500
"RSA-CP (OT) (Ours)",0.9565,6.68272870252547,0,"Student-t",36,500,500
"SPI",0.9935,11.9184073915965,0,"Student-t",36,500,500
"Synthetic-only",0.9935,11.7061923729914,0,"Student-t",36,500,500
"SCP",0.9785,8.3330722668019,0,"Student-t",36,1000,1000
"RSA-CP (OT) (Ours)",0.9585,6.74320588535376,0.0199999999999996,"Student-t",36,1000,1000
"SPI",0.995,12.9847211148832,0.00999999999999979,"Student-t",36,1000,1000
"Synthetic-only",0.995,12.9302506876255,0,"Student-t",36,1000,1000
"SCP",0.9785,8.3330722668019,0,"Student-t",36,2000,2000
"RSA-CP (OT) (Ours)",0.9595,6.80368306818204,0,"Student-t",36,2000,2000
"SPI",0.9935,11.6058142027959,0.0400000000000009,"Student-t",36,2000,2000
"Synthetic-only",0.9935,11.5545989355955,0,"Student-t",36,2000,2000
"SCP",0.9785,8.3330722668019,0,"Student-t",36,3000,3000
"RSA-CP (OT) (Ours)",0.956,6.6614883778406,0.00999999999999979,"Student-t",36,3000,3000
"SPI",0.9945,12.3323925069173,0.0499999999999989,"Student-t",36,3000,3000
"Synthetic-only",0.9945,12.3034011658438,0,"Student-t",36,3000,3000
"SCP",0.961,9.86369257204675,0,"LogNormal",37,50,50
"RSA-CP (OT) (Ours)",0.9605,9.85063594463525,0,"LogNormal",37,50,50
"SPI",0.997,23.5231524168367,0.0100000000000016,"LogNormal",37,50,50
"Synthetic-only",0.997,23.4158359971852,0.0100000000000016,"LogNormal",37,50,50
"SCP",0.961,9.86369257204675,0,"LogNormal",37,100,100
"RSA-CP (OT) (Ours)",0.9595,9.6477343592235,0,"LogNormal",37,100,100
"SPI",0.9825,13.2335154034932,0,"LogNormal",37,100,100
"Synthetic-only",0.9945,18.2757582085634,0,"LogNormal",37,100,100
"SCP",0.961,9.86369257204675,0,"LogNormal",37,250,250
"RSA-CP (OT) (Ours)",0.959,9.51647266726128,0,"LogNormal",37,250,250
"SPI",0.9825,13.2335154034932,0.0199999999999996,"LogNormal",37,250,250
"Synthetic-only",0.991,15.6983593762151,0.0199999999999996,"LogNormal",37,250,250
"SCP",0.961,9.86369257204675,0,"LogNormal",37,500,500
"RSA-CP (OT) (Ours)",0.959,9.51647266726128,0,"LogNormal",37,500,500
"SPI",0.953,9.12421261270499,0.0199999999999996,"LogNormal",37,500,500
"Synthetic-only",0.922,7.83164684732366,0,"LogNormal",37,500,500
"SCP",0.961,9.86369257204675,0,"LogNormal",37,1000,1000
"RSA-CP (OT) (Ours)",0.957,9.38521097529905,0,"LogNormal",37,1000,1000
"SPI",0.957,9.40932769236975,0.00999999999999979,"LogNormal",37,1000,1000
"Synthetic-only",0.953,9.13030911888824,0,"LogNormal",37,1000,1000
"SCP",0.961,9.86369257204675,0,"LogNormal",37,2000,2000
"RSA-CP (OT) (Ours)",0.957,9.38521097529905,0.0199999999999996,"LogNormal",37,2000,2000
"SPI",0.968,10.6964813883292,0.0300000000000011,"LogNormal",37,2000,2000
"Synthetic-only",0.963,10.0427648233363,0,"LogNormal",37,2000,2000
"SCP",0.961,9.86369257204675,0,"LogNormal",37,3000,3000
"RSA-CP (OT) (Ours)",0.957,9.38521097529905,0,"LogNormal",37,3000,3000
"SPI",0.953,9.12421261270499,0.0399999999999991,"LogNormal",37,3000,3000
"Synthetic-only",0.936,8.36275210704943,0.00999999999999979,"LogNormal",37,3000,3000
"SCP",0.9055,4.98719532179005,0,"Student-t",37,50,50
"RSA-CP (OT) (Ours)",0.9055,4.97449275398796,0,"Student-t",37,50,50
"SPI",0.999,22.5474263855391,0,"Student-t",37,50,50
"Synthetic-only",0.999,17.3176374676122,0,"Student-t",37,50,50
"SCP",0.9055,4.98719532179005,0,"Student-t",37,100,100
"RSA-CP (OT) (Ours)",0.8595,4.10661555397908,0,"Student-t",37,100,100
"SPI",0.913,5.14167383736913,0,"Student-t",37,100,100
"Synthetic-only",0.995,13.8295623479283,0,"Student-t",37,100,100
"SCP",0.9055,4.98719532179005,0,"Student-t",37,250,250
"RSA-CP (OT) (Ours)",0.882,4.51105496459823,0.0200000000000014,"Student-t",37,250,250
"SPI",0.913,5.14167383736913,0,"Student-t",37,250,250
"Synthetic-only",0.993,11.2972367833842,0,"Student-t",37,250,250
"SCP",0.9055,4.98719532179005,0,"Student-t",37,500,500
"RSA-CP (OT) (Ours)",0.855,4.04439410619152,0,"Student-t",37,500,500
"SPI",0.913,5.14167383736913,0.00999999999999979,"Student-t",37,500,500
"Synthetic-only",0.993,11.4150875359974,0,"Student-t",37,500,500
"SCP",0.9055,4.98719532179005,0,"Student-t",37,1000,1000
"RSA-CP (OT) (Ours)",0.864,4.19994772566042,0,"Student-t",37,1000,1000
"SPI",0.913,5.14167383736913,0.0199999999999996,"Student-t",37,1000,1000
"Synthetic-only",0.9915,10.6662754596286,0,"Student-t",37,1000,1000
"SCP",0.9055,4.98719532179005,0,"Student-t",37,2000,2000
"RSA-CP (OT) (Ours)",0.8665,4.23632839953865,0.00999999999999979,"Student-t",37,2000,2000
"SPI",0.913,5.14167383736913,0.0300000000000011,"Student-t",37,2000,2000
"Synthetic-only",0.9935,11.9248734799614,0,"Student-t",37,2000,2000
"SCP",0.9055,4.98719532179005,0,"Student-t",37,3000,3000
"RSA-CP (OT) (Ours)",0.8665,4.23632839953865,0,"Student-t",37,3000,3000
"SPI",0.913,5.14167383736913,0.0499999999999989,"Student-t",37,3000,3000
"Synthetic-only",0.9915,10.550844786615,0,"Student-t",37,3000,3000
"SCP",0.9695,11.0701780225882,0,"LogNormal",38,50,50
"RSA-CP (OT) (Ours)",0.9695,11.0619822651427,0,"LogNormal",38,50,50
"SPI",0.996,20.407122151697,0,"LogNormal",38,50,50
"Synthetic-only",0.996,20.1369438987452,0,"LogNormal",38,50,50
"SCP",0.9695,11.0701780225882,0,"LogNormal",38,100,100
"RSA-CP (OT) (Ours)",0.9695,11.0361131963504,0.00999999999999979,"LogNormal",38,100,100
"SPI",0.99,14.8394078979212,0,"LogNormal",38,100,100
"Synthetic-only",0.9955,19.2570154249453,0,"LogNormal",38,100,100
"SCP",0.9695,11.0701780225882,0,"LogNormal",38,250,250
"RSA-CP (OT) (Ours)",0.9695,11.0361131963504,0,"LogNormal",38,250,250
"SPI",0.983,13.3391220084724,0.0200000000000014,"LogNormal",38,250,250
"Synthetic-only",0.9705,11.2269672983939,0,"LogNormal",38,250,250
"SCP",0.9695,11.0701780225882,0,"LogNormal",38,500,500
"RSA-CP (OT) (Ours)",0.9695,11.0418038022769,0,"LogNormal",38,500,500
"SPI",0.99,14.8394078979212,0,"LogNormal",38,500,500
"Synthetic-only",0.9875,13.7108885373127,0,"LogNormal",38,500,500
"SCP",0.9695,11.0701780225882,0,"LogNormal",38,1000,1000
"RSA-CP (OT) (Ours)",0.9695,11.0418038022769,0,"LogNormal",38,1000,1000
"SPI",0.9695,11.0363336026256,0.0199999999999996,"LogNormal",38,1000,1000
"Synthetic-only",0.957,9.37994734976425,0,"LogNormal",38,1000,1000
"SCP",0.9695,11.0701780225882,0,"LogNormal",38,2000,2000
"RSA-CP (OT) (Ours)",0.9695,11.0418038022769,0,"LogNormal",38,2000,2000
"SPI",0.9695,11.0363336026256,0.0299999999999994,"LogNormal",38,2000,2000
"Synthetic-only",0.9615,9.93498109362933,0.00999999999999979,"LogNormal",38,2000,2000
"SCP",0.9695,11.0701780225882,0,"LogNormal",38,3000,3000
"RSA-CP (OT) (Ours)",0.9695,11.0418038022769,0,"LogNormal",38,3000,3000
"SPI",0.981,12.5475155259105,0.0399999999999991,"LogNormal",38,3000,3000
"Synthetic-only",0.98,12.404711999039,0,"LogNormal",38,3000,3000
"SCP",0.943,5.99817080598372,0,"Student-t",38,50,50
"RSA-CP (OT) (Ours)",0.9425,5.98676220402662,0.0199999999999996,"Student-t",38,50,50
"SPI",0.999,16.7588872648864,0,"Student-t",38,50,50
"Synthetic-only",0.998,15.6140801514783,0,"Student-t",38,50,50
"SCP",0.943,5.99817080598372,0,"Student-t",38,100,100
"RSA-CP (OT) (Ours)",0.934,5.74496668658254,0,"Student-t",38,100,100
"SPI",0.989,10.2596196563681,0,"Student-t",38,100,100
"Synthetic-only",0.995,13.4264234324294,0,"Student-t",38,100,100
"SCP",0.943,5.99817080598372,0,"Student-t",38,250,250
"RSA-CP (OT) (Ours)",0.919,5.32231246168409,0,"Student-t",38,250,250
"SPI",0.989,10.2596196563681,0.0100000000000016,"Student-t",38,250,250
"Synthetic-only",0.9945,12.2946302306521,0,"Student-t",38,250,250
"SCP",0.943,5.99817080598372,0,"Student-t",38,500,500
"RSA-CP (OT) (Ours)",0.919,5.32231246168409,0,"Student-t",38,500,500
"SPI",0.989,10.2596196563681,0.0199999999999996,"Student-t",38,500,500
"Synthetic-only",0.9945,12.7877334346049,0,"Student-t",38,500,500
"SCP",0.943,5.99817080598372,0,"Student-t",38,1000,1000
"RSA-CP (OT) (Ours)",0.9195,5.3550231626341,0,"Student-t",38,1000,1000
"SPI",0.989,10.2596196563681,0.0199999999999996,"Student-t",38,1000,1000
"Synthetic-only",0.9935,11.7901780915531,0,"Student-t",38,1000,1000
"SCP",0.943,5.99817080598372,0,"Student-t",38,2000,2000
"RSA-CP (OT) (Ours)",0.922,5.43615353118015,0,"Student-t",38,2000,2000
"SPI",0.989,10.2596196563681,0.0399999999999991,"Student-t",38,2000,2000
"Synthetic-only",0.9945,12.2866696532153,0.00999999999999979,"Student-t",38,2000,2000
"SCP",0.943,5.99817080598372,0,"Student-t",38,3000,3000
"RSA-CP (OT) (Ours)",0.9195,5.34776079083575,0,"Student-t",38,3000,3000
"SPI",0.989,10.2596196563681,0.0500000000000007,"Student-t",38,3000,3000
"Synthetic-only",0.9915,10.6267367530611,0,"Student-t",38,3000,3000
"SCP",0.974,11.6281447924723,0,"LogNormal",39,50,50
"RSA-CP (OT) (Ours)",0.9735,11.6177806322725,0,"LogNormal",39,50,50
"SPI",0.996,20.8913598371093,0,"LogNormal",39,50,50
"Synthetic-only",0.9945,18.7646485949902,0,"LogNormal",39,50,50
"SCP",0.974,11.6281447924723,0,"LogNormal",39,100,100
"RSA-CP (OT) (Ours)",0.9665,10.570788948125,0.0199999999999996,"LogNormal",39,100,100
"SPI",0.983,13.3497260557267,0,"LogNormal",39,100,100
"Synthetic-only",0.9645,10.3210000710585,0,"LogNormal",39,100,100
"SCP",0.974,11.6281447924723,0,"LogNormal",39,250,250
"RSA-CP (OT) (Ours)",0.968,10.8292889130482,0,"LogNormal",39,250,250
"SPI",0.9875,13.6565872334262,0,"LogNormal",39,250,250
"Synthetic-only",0.99,14.8181426873147,0,"LogNormal",39,250,250
"SCP",0.974,11.6281447924723,0,"LogNormal",39,500,500
"RSA-CP (OT) (Ours)",0.9675,10.6441787743938,0,"LogNormal",39,500,500
"SPI",0.9875,13.6565872334262,0,"LogNormal",39,500,500
"Synthetic-only",0.9915,15.9387840718301,0,"LogNormal",39,500,500
"SCP",0.974,11.6281447924723,0,"LogNormal",39,1000,1000
"RSA-CP (OT) (Ours)",0.968,10.821581753967,0.00999999999999979,"LogNormal",39,1000,1000
"SPI",0.968,10.914927342136,0.0199999999999996,"LogNormal",39,1000,1000
"Synthetic-only",0.9615,9.88126788108333,0,"LogNormal",39,1000,1000
"SCP",0.974,11.6281447924723,0,"LogNormal",39,2000,2000
"RSA-CP (OT) (Ours)",0.968,10.7132210281989,0,"LogNormal",39,2000,2000
"SPI",0.975,11.8045832022911,0.0299999999999994,"LogNormal",39,2000,2000
"Synthetic-only",0.969,11.0015490066684,0,"LogNormal",39,2000,2000
"SCP",0.974,11.6281447924723,0,"LogNormal",39,3000,3000
"RSA-CP (OT) (Ours)",0.967,10.5882053443029,0,"LogNormal",39,3000,3000
"SPI",0.9625,9.99053182342528,0.0499999999999989,"LogNormal",39,3000,3000
"Synthetic-only",0.9505,8.87977341576929,0,"LogNormal",39,3000,3000
"SCP",0.9935,11.5609735555731,0,"Student-t",39,50,50
"RSA-CP (OT) (Ours)",0.9935,11.5540303614564,0,"Student-t",39,50,50
"SPI",0.984,8.91127931599037,0,"Student-t",39,50,50
"Synthetic-only",0.938,5.88831165281496,0,"Student-t",39,50,50
"SCP",0.9935,11.5609735555731,0,"Student-t",39,100,100
"RSA-CP (OT) (Ours)",0.993,11.3324379106099,0,"Student-t",39,100,100
"SPI",0.995,13.2422426997549,0,"Student-t",39,100,100
"Synthetic-only",0.993,11.2790059970485,0,"Student-t",39,100,100
"SCP",0.9935,11.5609735555731,0,"Student-t",39,250,250
"RSA-CP (OT) (Ours)",0.9885,9.87729996878059,0,"Student-t",39,250,250
"SPI",0.9885,9.77272748580158,0.00999999999999979,"Student-t",39,250,250
"Synthetic-only",0.987,9.56180226288638,0,"Student-t",39,250,250
"SCP",0.9935,11.5609735555731,0,"Student-t",39,500,500
"RSA-CP (OT) (Ours)",0.9885,9.92139505792693,0,"Student-t",39,500,500
"SPI",0.995,13.5496156788796,0.0200000000000014,"Student-t",39,500,500
"Synthetic-only",0.995,13.0230561396595,0,"Student-t",39,500,500
"SCP",0.9935,11.5609735555731,0,"Student-t",39,1000,1000
"RSA-CP (OT) (Ours)",0.987,9.61272943390254,0,"Student-t",39,1000,1000
"SPI",0.995,13.1805992544792,0.00999999999999979,"Student-t",39,1000,1000
"Synthetic-only",0.995,13.1305698903122,0,"Student-t",39,1000,1000
"SCP",0.9935,11.5609735555731,0,"Student-t",39,2000,2000
"RSA-CP (OT) (Ours)",0.9885,9.78910979048791,0,"Student-t",39,2000,2000
"SPI",0.993,11.3940454124613,0.0299999999999994,"Student-t",39,2000,2000
"Synthetic-only",0.993,11.3695772106177,0.0199999999999996,"Student-t",39,2000,2000
"SCP",0.9935,11.5609735555731,0,"Student-t",39,3000,3000
"RSA-CP (OT) (Ours)",0.9885,9.92139505792693,0,"Student-t",39,3000,3000
"SPI",0.9935,11.9440493137821,0.0500000000000007,"Student-t",39,3000,3000
"Synthetic-only",0.9935,11.8451947054826,0,"Student-t",39,3000,3000
"SCP",0.944,8.67907050218354,0,"LogNormal",40,50,50
"RSA-CP (OT) (Ours)",0.944,8.66343128856905,0,"LogNormal",40,50,50
"SPI",0.9945,18.279177387067,0,"LogNormal",40,50,50
"Synthetic-only",0.9875,13.7043628686457,0,"LogNormal",40,50,50
"SCP",0.944,8.67907050218354,0,"LogNormal",40,100,100
"RSA-CP (OT) (Ours)",0.925,7.94959050823752,0,"LogNormal",40,100,100
"SPI",0.9605,9.85582621744765,0.0199999999999996,"LogNormal",40,100,100
"Synthetic-only",0.9955,19.2706574844552,0.0199999999999996,"LogNormal",40,100,100
"SCP",0.944,8.67907050218354,0,"LogNormal",40,250,250
"RSA-CP (OT) (Ours)",0.9265,7.97993192132521,0,"LogNormal",40,250,250
"SPI",0.922,7.81633422053217,0,"LogNormal",40,250,250
"Synthetic-only",0.8845,6.79352004992602,0,"LogNormal",40,250,250
"SCP",0.944,8.67907050218354,0,"LogNormal",40,500,500
"RSA-CP (OT) (Ours)",0.925,7.94018946730243,0.0100000000000016,"LogNormal",40,500,500
"SPI",0.9485,8.7834822237538,0,"LogNormal",40,500,500
"Synthetic-only",0.938,8.41548485757043,0,"LogNormal",40,500,500
"SCP",0.944,8.67907050218354,0,"LogNormal",40,1000,1000
"RSA-CP (OT) (Ours)",0.9305,8.20255156401695,0.0199999999999996,"LogNormal",40,1000,1000
"SPI",0.939,8.47018380481339,0.0199999999999996,"LogNormal",40,1000,1000
"Synthetic-only",0.9375,8.40659982053995,0,"LogNormal",40,1000,1000
"SCP",0.944,8.67907050218354,0,"LogNormal",40,2000,2000
"RSA-CP (OT) (Ours)",0.932,8.29242033631622,0,"LogNormal",40,2000,2000
"SPI",0.9485,8.78108306448655,0.0299999999999994,"LogNormal",40,2000,2000
"Synthetic-only",0.948,8.76214565871214,0,"LogNormal",40,2000,2000
"SCP",0.944,8.67907050218354,0,"LogNormal",40,3000,3000
"RSA-CP (OT) (Ours)",0.93,8.15832051673294,0.00999999999999979,"LogNormal",40,3000,3000
"SPI",0.9605,9.85582621744765,0.0500000000000007,"LogNormal",40,3000,3000
"Synthetic-only",0.9765,11.9868256316333,0,"LogNormal",40,3000,3000
"SCP",0.9275,5.62705662914857,0,"Student-t",40,50,50
"RSA-CP (OT) (Ours)",0.9275,5.62156405810817,0,"Student-t",40,50,50
"SPI",0.9595,6.7564203965932,0,"Student-t",40,50,50
"Synthetic-only",0.938,5.88415278450143,0,"Student-t",40,50,50
"SCP",0.9275,5.62705662914857,0,"Student-t",40,100,100
"RSA-CP (OT) (Ours)",0.919,5.31947066246217,0,"Student-t",40,100,100
"SPI",0.9425,5.98248018749392,0.00999999999999979,"Student-t",40,100,100
"Synthetic-only",0.974,7.97084139295854,0,"Student-t",40,100,100
"SCP",0.9275,5.62705662914857,0,"Student-t",40,250,250
"RSA-CP (OT) (Ours)",0.9195,5.35536992152486,0,"Student-t",40,250,250
"SPI",0.9425,5.98248018749392,0,"Student-t",40,250,250
"Synthetic-only",0.9935,12.0439762612366,0,"Student-t",40,250,250
"SCP",0.9275,5.62705662914857,0,"Student-t",40,500,500
"RSA-CP (OT) (Ours)",0.9215,5.38786543024091,0.0199999999999996,"Student-t",40,500,500
"SPI",0.9425,5.98248018749392,0,"Student-t",40,500,500
"Synthetic-only",0.9885,9.83411216210159,0,"Student-t",40,500,500
"SCP",0.9275,5.62705662914857,0,"Student-t",40,1000,1000
"RSA-CP (OT) (Ours)",0.919,5.30996136044023,0.0200000000000014,"Student-t",40,1000,1000
"SPI",0.9425,5.98248018749392,0.00999999999999979,"Student-t",40,1000,1000
"Synthetic-only",0.9935,11.5687796659926,0,"Student-t",40,1000,1000
"SCP",0.9275,5.62705662914857,0,"Student-t",40,2000,2000
"RSA-CP (OT) (Ours)",0.9195,5.34533840803368,0,"Student-t",40,2000,2000
"SPI",0.9425,5.98248018749392,0.0299999999999994,"Student-t",40,2000,2000
"Synthetic-only",0.9885,9.9265140594501,0,"Student-t",40,2000,2000
"SCP",0.9275,5.62705662914857,0,"Student-t",40,3000,3000
"RSA-CP (OT) (Ours)",0.919,5.30574330871492,0.0199999999999996,"Student-t",40,3000,3000
"SPI",0.9425,5.98248018749392,0.0500000000000007,"Student-t",40,3000,3000
"Synthetic-only",0.9935,11.4788967655662,0,"Student-t",40,3000,3000
"SCP",0.994,17.2284637700148,0,"LogNormal",41,50,50
"RSA-CP (OT) (Ours)",0.994,17.2118547840652,0,"LogNormal",41,50,50
"SPI",0.9985,26.8755759696075,0.00999999999999979,"LogNormal",41,50,50
"Synthetic-only",0.9985,26.3961688011528,0.00999999999999979,"LogNormal",41,50,50
"SCP",0.994,17.2284637700148,0,"LogNormal",41,100,100
"RSA-CP (OT) (Ours)",0.99,14.6482301359652,0,"LogNormal",41,100,100
"SPI",0.9945,18.4970325258193,0,"LogNormal",41,100,100
"Synthetic-only",0.9915,15.942173686641,0,"LogNormal",41,100,100
"SCP",0.994,17.2284637700148,0,"LogNormal",41,250,250
"RSA-CP (OT) (Ours)",0.99,14.6560145052177,0,"LogNormal",41,250,250
"SPI",0.975,11.7913251953207,0.0199999999999996,"LogNormal",41,250,250
"Synthetic-only",0.9515,9.05104543430021,0.0199999999999996,"LogNormal",41,250,250
"SCP",0.994,17.2284637700148,0,"LogNormal",41,500,500
"RSA-CP (OT) (Ours)",0.99,14.9235685225543,0,"LogNormal",41,500,500
"SPI",0.9795,12.3864199593851,0.00999999999999979,"LogNormal",41,500,500
"Synthetic-only",0.959,9.50590922646584,0,"LogNormal",41,500,500
"SCP",0.994,17.2284637700148,0,"LogNormal",41,1000,1000
"RSA-CP (OT) (Ours)",0.9895,14.0019935739504,0,"LogNormal",41,1000,1000
"SPI",0.975,11.7913251953207,0.0200000000000014,"LogNormal",41,1000,1000
"Synthetic-only",0.957,9.38779851723471,0,"LogNormal",41,1000,1000
"SCP",0.994,17.2284637700148,0,"LogNormal",41,2000,2000
"RSA-CP (OT) (Ours)",0.9895,14.072267766385,0.00999999999999979,"LogNormal",41,2000,2000
"SPI",0.975,11.7913251953207,0.0299999999999994,"LogNormal",41,2000,2000
"Synthetic-only",0.951,8.96158838618069,0,"LogNormal",41,2000,2000
"SCP",0.994,17.2284637700148,0,"LogNormal",41,3000,3000
"RSA-CP (OT) (Ours)",0.9845,13.5088694903128,0,"LogNormal",41,3000,3000
"SPI",0.981,12.850484963332,0.0700000000000003,"LogNormal",41,3000,3000
"Synthetic-only",0.9785,12.3479109327592,0.0199999999999996,"LogNormal",41,3000,3000
"SCP",0.9805,8.47440454583652,0,"Student-t",41,50,50
"RSA-CP (OT) (Ours)",0.9805,8.47140350027835,0,"Student-t",41,50,50
"SPI",0.999,16.7514286984022,0,"Student-t",41,50,50
"Synthetic-only",0.9945,12.4070981756729,0,"Student-t",41,50,50
"SCP",0.9805,8.47440454583652,0,"Student-t",41,100,100
"RSA-CP (OT) (Ours)",0.978,8.2757757351924,0,"Student-t",41,100,100
"SPI",0.9935,11.53573287545,0.00999999999999979,"Student-t",41,100,100
"Synthetic-only",0.995,13.3716348169762,0,"Student-t",41,100,100
"SCP",0.9805,8.47440454583652,0,"Student-t",41,250,250
"RSA-CP (OT) (Ours)",0.971,7.62226705403362,0,"Student-t",41,250,250
"SPI",0.99,10.4506473813452,0,"Student-t",41,250,250
"Synthetic-only",0.9895,10.3476872409274,0,"Student-t",41,250,250
"SCP",0.9805,8.47440454583652,0,"Student-t",41,500,500
"RSA-CP (OT) (Ours)",0.969,7.40845489646489,0,"Student-t",41,500,500
"SPI",0.993,11.1651048136755,0.0199999999999996,"Student-t",41,500,500
"Synthetic-only",0.99,10.4340026357384,0,"Student-t",41,500,500
"SCP",0.9805,8.47440454583652,0,"Student-t",41,1000,1000
"RSA-CP (OT) (Ours)",0.967,7.28750053080832,0,"Student-t",41,1000,1000
"SPI",0.993,11.0695200674846,0.0100000000000016,"Student-t",41,1000,1000
"Synthetic-only",0.993,10.8158504525229,0,"Student-t",41,1000,1000
"SCP",0.9805,8.47440454583652,0,"Student-t",41,2000,2000
"RSA-CP (OT) (Ours)",0.969,7.43290212316244,0,"Student-t",41,2000,2000
"SPI",0.9935,11.53573287545,0.0299999999999994,"Student-t",41,2000,2000
"Synthetic-only",0.9935,12.1313228832205,0,"Student-t",41,2000,2000
"SCP",0.9805,8.47440454583652,0,"Student-t",41,3000,3000
"RSA-CP (OT) (Ours)",0.969,7.43290212316244,0.0199999999999996,"Student-t",41,3000,3000
"SPI",0.993,11.2376974912785,0.0400000000000009,"Student-t",41,3000,3000
"Synthetic-only",0.993,11.1773094623139,0,"Student-t",41,3000,3000
"SCP",0.957,9.38483813059633,0,"LogNormal",42,50,50
"RSA-CP (OT) (Ours)",0.957,9.37084244751978,0,"LogNormal",42,50,50
"SPI",0.999,27.6544746614463,0,"LogNormal",42,50,50
"Synthetic-only",0.997,22.6957071974683,0,"LogNormal",42,50,50
"SCP",0.957,9.38483813059633,0,"LogNormal",42,100,100
"RSA-CP (OT) (Ours)",0.9515,9.07669044244069,0,"LogNormal",42,100,100
"SPI",0.932,8.28332207835764,0.00999999999999979,"LogNormal",42,100,100
"Synthetic-only",0.927,8.01860922322738,0,"LogNormal",42,100,100
"SCP",0.957,9.38483813059633,0,"LogNormal",42,250,250
"RSA-CP (OT) (Ours)",0.9515,8.99264701241809,0,"LogNormal",42,250,250
"SPI",0.9915,16.2143581290107,0,"LogNormal",42,250,250
"Synthetic-only",0.9885,13.8515689006199,0,"LogNormal",42,250,250
"SCP",0.957,9.38483813059633,0,"LogNormal",42,500,500
"RSA-CP (OT) (Ours)",0.938,8.41554957871366,0,"LogNormal",42,500,500
"SPI",0.9935,16.9091145163931,0.0199999999999996,"LogNormal",42,500,500
"Synthetic-only",0.9915,16.4608067556866,0.0199999999999996,"LogNormal",42,500,500
"SCP",0.957,9.38483813059633,0,"LogNormal",42,1000,1000
"RSA-CP (OT) (Ours)",0.938,8.46178886211318,0,"LogNormal",42,1000,1000
"SPI",0.957,9.40165327922497,0.0300000000000011,"LogNormal",42,1000,1000
"Synthetic-only",0.955,9.32139092177712,0,"LogNormal",42,1000,1000
"SCP",0.957,9.38483813059633,0,"LogNormal",42,2000,2000
"RSA-CP (OT) (Ours)",0.944,8.66638282128366,0,"LogNormal",42,2000,2000
"SPI",0.981,12.578903125592,0.0299999999999994,"LogNormal",42,2000,2000
"Synthetic-only",0.981,12.5457412986589,0,"LogNormal",42,2000,2000
"SCP",0.957,9.38483813059633,0,"LogNormal",42,3000,3000
"RSA-CP (OT) (Ours)",0.943,8.60312455251517,0,"LogNormal",42,3000,3000
"SPI",0.955,9.30811166371605,0.0700000000000003,"LogNormal",42,3000,3000
"Synthetic-only",0.954,9.22012292960751,0.0199999999999996,"LogNormal",42,3000,3000
"SCP",0.964,7.11139778948419,0,"Student-t",42,50,50
"RSA-CP (OT) (Ours)",0.964,7.10898359894468,0,"Student-t",42,50,50
"SPI",0.995,13.3651505181214,0,"Student-t",42,50,50
"Synthetic-only",0.9825,8.58391832614721,0,"Student-t",42,50,50
"SCP",0.964,7.11139778948419,0,"Student-t",42,100,100
"RSA-CP (OT) (Ours)",0.9615,7.02415724575349,0,"Student-t",42,100,100
"SPI",0.9835,8.83739899962122,0.00999999999999979,"Student-t",42,100,100
"Synthetic-only",0.999,17.6888923044459,0,"Student-t",42,100,100
"SCP",0.964,7.11139778948419,0,"Student-t",42,250,250
"RSA-CP (OT) (Ours)",0.9605,6.96896540653172,0,"Student-t",42,250,250
"SPI",0.9835,8.83739899962122,0,"Student-t",42,250,250
"Synthetic-only",0.993,10.9101192845744,0,"Student-t",42,250,250
"SCP",0.964,7.11139778948419,0,"Student-t",42,500,500
"RSA-CP (OT) (Ours)",0.961,6.98511461666689,0,"Student-t",42,500,500
"SPI",0.9835,8.83739899962122,0.0199999999999996,"Student-t",42,500,500
"Synthetic-only",0.9935,11.8073948071123,0,"Student-t",42,500,500
"SCP",0.964,7.11139778948419,0,"Student-t",42,1000,1000
"RSA-CP (OT) (Ours)",0.9605,6.95487602525275,0,"Student-t",42,1000,1000
"SPI",0.9835,8.83739899962122,0.00999999999999979,"Student-t",42,1000,1000
"Synthetic-only",0.993,10.9585635893438,0,"Student-t",42,1000,1000
"SCP",0.964,7.11139778948419,0,"Student-t",42,2000,2000
"RSA-CP (OT) (Ours)",0.9605,6.95487602525275,0,"Student-t",42,2000,2000
"SPI",0.9835,8.83739899962122,0.0299999999999994,"Student-t",42,2000,2000
"Synthetic-only",0.9935,11.8241220619558,0,"Student-t",42,2000,2000
"SCP",0.964,7.11139778948419,0,"Student-t",42,3000,3000
"RSA-CP (OT) (Ours)",0.9605,6.95702600732422,0,"Student-t",42,3000,3000
"SPI",0.9835,8.83739899962122,0.0600000000000005,"Student-t",42,3000,3000
"Synthetic-only",0.9945,12.2887887002552,0.00999999999999979,"Student-t",42,3000,3000
"SCP",0.977,12.0647679786717,0,"LogNormal",43,50,50
"RSA-CP (OT) (Ours)",0.9765,12.0529964439041,0,"LogNormal",43,50,50
"SPI",0.997,23.0184515637548,0.0199999999999996,"LogNormal",43,50,50
"Synthetic-only",0.991,15.2961303652793,0,"LogNormal",43,50,50
"SCP",0.977,12.0647679786717,0,"LogNormal",43,100,100
"RSA-CP (OT) (Ours)",0.955,9.32343745279099,0,"LogNormal",43,100,100
"SPI",0.9745,11.6974127225659,0,"LogNormal",43,100,100
"Synthetic-only",0.8845,6.80469566381187,0,"LogNormal",43,100,100
"SCP",0.977,12.0647679786717,0,"LogNormal",43,250,250
"RSA-CP (OT) (Ours)",0.9705,11.2063413638656,0,"LogNormal",43,250,250
"SPI",0.932,8.29185028629097,0.00999999999999979,"LogNormal",43,250,250
"Synthetic-only",0.93,8.11443477609616,0,"LogNormal",43,250,250
"SCP",0.977,12.0647679786717,0,"LogNormal",43,500,500
"RSA-CP (OT) (Ours)",0.966,10.3996316800813,0,"LogNormal",43,500,500
"SPI",0.9655,10.3633246916395,0.0199999999999996,"LogNormal",43,500,500
"Synthetic-only",0.96,9.70364414021877,0,"LogNormal",43,500,500
"SCP",0.977,12.0647679786717,0,"LogNormal",43,1000,1000
"RSA-CP (OT) (Ours)",0.963,10.0211103823879,0,"LogNormal",43,1000,1000
"SPI",0.9785,12.2574577915531,0.0100000000000016,"LogNormal",43,1000,1000
"Synthetic-only",0.9915,15.8938389037109,0,"LogNormal",43,1000,1000
"SCP",0.977,12.0647679786717,0,"LogNormal",43,2000,2000
"RSA-CP (OT) (Ours)",0.963,10.1254969488711,0.0199999999999996,"LogNormal",43,2000,2000
"SPI",0.951,8.94698879296236,0.0299999999999994,"LogNormal",43,2000,2000
"Synthetic-only",0.951,8.94580068902351,0,"LogNormal",43,2000,2000
"SCP",0.977,12.0647679786717,0,"LogNormal",43,3000,3000
"RSA-CP (OT) (Ours)",0.9625,9.96891709914626,0,"LogNormal",43,3000,3000
"SPI",0.963,10.034978600323,0.0500000000000007,"LogNormal",43,3000,3000
"Synthetic-only",0.9585,9.47598100412556,0,"LogNormal",43,3000,3000
"SCP",0.9155,5.22237411959962,0,"Student-t",43,50,50
"RSA-CP (OT) (Ours)",0.9155,5.21199525933766,0.00999999999999979,"Student-t",43,50,50
"SPI",0.995,13.0637763798539,0,"Student-t",43,50,50
"Synthetic-only",0.995,12.9864967599976,0,"Student-t",43,50,50
"SCP",0.9155,5.22237411959962,0,"Student-t",43,100,100
"RSA-CP (OT) (Ours)",0.9145,5.18648916448897,0,"Student-t",43,100,100
"SPI",0.963,7.05728012524764,0,"Student-t",43,100,100
"Synthetic-only",0.9835,8.78747642099191,0,"Student-t",43,100,100
"SCP",0.9155,5.22237411959962,0,"Student-t",43,250,250
"RSA-CP (OT) (Ours)",0.9155,5.21118673193891,0.0199999999999996,"Student-t",43,250,250
"SPI",0.963,7.05728012524764,0,"Student-t",43,250,250
"Synthetic-only",0.998,15.5242822941585,0,"Student-t",43,250,250
"SCP",0.9155,5.22237411959962,0,"Student-t",43,500,500
"RSA-CP (OT) (Ours)",0.9145,5.18322711717052,0,"Student-t",43,500,500
"SPI",0.963,7.05728012524764,0.00999999999999979,"Student-t",43,500,500
"Synthetic-only",0.9935,11.4799104673453,0,"Student-t",43,500,500
"SCP",0.9155,5.22237411959962,0,"Student-t",43,1000,1000
"RSA-CP (OT) (Ours)",0.9145,5.18322711717052,0,"Student-t",43,1000,1000
"SPI",0.963,7.05728012524764,0.0199999999999996,"Student-t",43,1000,1000
"Synthetic-only",0.995,13.5275571083746,0,"Student-t",43,1000,1000
"SCP",0.9155,5.22237411959962,0,"Student-t",43,2000,2000
"RSA-CP (OT) (Ours)",0.9145,5.19818713546453,0,"Student-t",43,2000,2000
"SPI",0.963,7.05728012524764,0.0299999999999994,"Student-t",43,2000,2000
"Synthetic-only",0.993,10.9165286208051,0,"Student-t",43,2000,2000
"SCP",0.9155,5.22237411959962,0,"Student-t",43,3000,3000
"RSA-CP (OT) (Ours)",0.9145,5.19818713546453,0,"Student-t",43,3000,3000
"SPI",0.963,7.05728012524764,0.0400000000000009,"Student-t",43,3000,3000
"Synthetic-only",0.9935,11.8670783801045,0,"Student-t",43,3000,3000
"SCP",0.9665,10.4606713975839,0,"LogNormal",44,50,50
"RSA-CP (OT) (Ours)",0.966,10.4451658463695,0,"LogNormal",44,50,50
"SPI",0.9965,21.154047292314,0,"LogNormal",44,50,50
"Synthetic-only",0.996,20.2499832561331,0,"LogNormal",44,50,50
"SCP",0.9665,10.4606713975839,0,"LogNormal",44,100,100
"RSA-CP (OT) (Ours)",0.9635,10.201353806599,0.0199999999999996,"LogNormal",44,100,100
"SPI",0.9695,11.1270117965741,0,"LogNormal",44,100,100
"Synthetic-only",0.9945,18.6303260383804,0,"LogNormal",44,100,100
"SCP",0.9665,10.4606713975839,0,"LogNormal",44,250,250
"RSA-CP (OT) (Ours)",0.9605,9.79655936383031,0,"LogNormal",44,250,250
"SPI",0.9695,11.1270117965741,0.00999999999999979,"LogNormal",44,250,250
"Synthetic-only",0.99,14.2901353388071,0,"LogNormal",44,250,250
"SCP",0.9665,10.4606713975839,0,"LogNormal",44,500,500
"RSA-CP (OT) (Ours)",0.9615,9.89167159066362,0,"LogNormal",44,500,500
"SPI",0.9695,11.1270117965741,0.0199999999999996,"LogNormal",44,500,500
"Synthetic-only",0.981,12.994483337207,0,"LogNormal",44,500,500
"SCP",0.9665,10.4606713975839,0,"LogNormal",44,1000,1000
"RSA-CP (OT) (Ours)",0.9615,9.92036388253686,0,"LogNormal",44,1000,1000
"SPI",0.968,10.7583022980462,0.00999999999999979,"LogNormal",44,1000,1000
"Synthetic-only",0.963,10.0714280734503,0,"LogNormal",44,1000,1000
"SCP",0.9665,10.4606713975839,0,"LogNormal",44,2000,2000
"RSA-CP (OT) (Ours)",0.9615,9.93154819665354,0,"LogNormal",44,2000,2000
"SPI",0.959,9.49042540764475,0.0500000000000007,"LogNormal",44,2000,2000
"Synthetic-only",0.939,8.47453005906278,0.0200000000000014,"LogNormal",44,2000,2000
"SCP",0.9665,10.4606713975839,0,"LogNormal",44,3000,3000
"RSA-CP (OT) (Ours)",0.9615,9.86828992788504,0,"LogNormal",44,3000,3000
"SPI",0.9695,11.1270117965741,0.0500000000000007,"LogNormal",44,3000,3000
"Synthetic-only",0.973,11.4096420290123,0,"LogNormal",44,3000,3000
"SCP",0.9985,16.072744933223,0,"Student-t",44,50,50
"RSA-CP (OT) (Ours)",0.9985,16.0637353485206,0.00999999999999979,"Student-t",44,50,50
"SPI",0.9715,7.69077286759488,0,"Student-t",44,50,50
"Synthetic-only",0.8705,4.31625367344917,0,"Student-t",44,50,50
"SCP",0.9985,16.072744933223,0,"Student-t",44,100,100
"RSA-CP (OT) (Ours)",0.993,10.9478960655523,0,"Student-t",44,100,100
"SPI",0.9985,16.1527088749744,0,"Student-t",44,100,100
"Synthetic-only",0.9985,15.9495740473394,0,"Student-t",44,100,100
"SCP",0.9985,16.072744933223,0,"Student-t",44,250,250
"RSA-CP (OT) (Ours)",0.9935,11.8892104936184,0,"Student-t",44,250,250
"SPI",0.9935,11.8709525115846,0,"Student-t",44,250,250
"Synthetic-only",0.993,11.3129905722154,0,"Student-t",44,250,250
"SCP",0.9985,16.072744933223,0,"Student-t",44,500,500
"RSA-CP (OT) (Ours)",0.9935,11.6641135651678,0,"Student-t",44,500,500
"SPI",0.995,13.435865143894,0.00999999999999979,"Student-t",44,500,500
"Synthetic-only",0.995,13.2215332580675,0,"Student-t",44,500,500
"SCP",0.9985,16.072744933223,0,"Student-t",44,1000,1000
"RSA-CP (OT) (Ours)",0.9875,9.66653116622,0,"Student-t",44,1000,1000
"SPI",0.989,10.3000912675996,0.0199999999999996,"Student-t",44,1000,1000
"Synthetic-only",0.989,10.2502148561699,0,"Student-t",44,1000,1000
"SCP",0.9985,16.072744933223,0,"Student-t",44,2000,2000
"RSA-CP (OT) (Ours)",0.99,10.3982606170494,0.0100000000000016,"Student-t",44,2000,2000
"SPI",0.9945,12.4140825693504,0.0399999999999991,"Student-t",44,2000,2000
"Synthetic-only",0.9945,12.3003290296085,0,"Student-t",44,2000,2000
"SCP",0.9985,16.072744933223,0,"Student-t",44,3000,3000
"RSA-CP (OT) (Ours)",0.993,10.8218934570033,0,"Student-t",44,3000,3000
"SPI",0.9945,12.2808068034468,0.0399999999999991,"Student-t",44,3000,3000
"Synthetic-only",0.9945,12.2190646115663,0,"Student-t",44,3000,3000
"SCP",0.9565,9.35453141843579,0,"LogNormal",45,50,50
"RSA-CP (OT) (Ours)",0.9565,9.34603124379189,0,"LogNormal",45,50,50
"SPI",0.997,21.3586910875447,0,"LogNormal",45,50,50
"Synthetic-only",0.9925,16.66820471637,0,"LogNormal",45,50,50
"SCP",0.9565,9.35453141843579,0,"LogNormal",45,100,100
"RSA-CP (OT) (Ours)",0.9515,9.05620543315593,0,"LogNormal",45,100,100
"SPI",0.9635,10.1499252033668,0.00999999999999979,"LogNormal",45,100,100
"Synthetic-only",0.9935,16.8507927907176,0.00999999999999979,"LogNormal",45,100,100
"SCP",0.9565,9.35453141843579,0,"LogNormal",45,250,250
"RSA-CP (OT) (Ours)",0.954,9.19342066699162,0,"LogNormal",45,250,250
"SPI",0.9515,9.01110799470675,0,"LogNormal",45,250,250
"Synthetic-only",0.935,8.32538995144888,0,"LogNormal",45,250,250
"SCP",0.9565,9.35453141843579,0,"LogNormal",45,500,500
"RSA-CP (OT) (Ours)",0.953,9.1110915266902,0.0199999999999996,"LogNormal",45,500,500
"SPI",0.963,10.1021724177884,0,"LogNormal",45,500,500
"Synthetic-only",0.952,9.08328317940899,0,"LogNormal",45,500,500
"SCP",0.9565,9.35453141843579,0,"LogNormal",45,1000,1000
"RSA-CP (OT) (Ours)",0.9515,9.07576937901647,0.00999999999999979,"LogNormal",45,1000,1000
"SPI",0.9515,9.05883912792055,0.0199999999999996,"LogNormal",45,1000,1000
"Synthetic-only",0.9495,8.85113137848972,0,"LogNormal",45,1000,1000
"SCP",0.9565,9.35453141843579,0,"LogNormal",45,2000,2000
"RSA-CP (OT) (Ours)",0.953,9.10919070266312,0,"LogNormal",45,2000,2000
"SPI",0.9515,9.01110799470675,0.0300000000000011,"LogNormal",45,2000,2000
"Synthetic-only",0.9475,8.74571167312588,0,"LogNormal",45,2000,2000
"SCP",0.9565,9.35453141843579,0,"LogNormal",45,3000,3000
"RSA-CP (OT) (Ours)",0.953,9.10919070266312,0.0199999999999996,"LogNormal",45,3000,3000
"SPI",0.9635,10.1499252033668,0.0400000000000009,"LogNormal",45,3000,3000
"Synthetic-only",0.9715,11.3746998232187,0,"LogNormal",45,3000,3000
"SCP",0.993,11.0199868827631,0,"Student-t",45,50,50
"RSA-CP (OT) (Ours)",0.993,11.0174337144043,0,"Student-t",45,50,50
"SPI",0.9995,25.188550539656,0,"Student-t",45,50,50
"Synthetic-only",0.999,17.262106546706,0,"Student-t",45,50,50
"SCP",0.993,11.0199868827631,0.0199999999999996,"Student-t",45,100,100
"RSA-CP (OT) (Ours)",0.9905,10.4755927120566,0,"Student-t",45,100,100
"SPI",0.9965,14.4370524847768,0,"Student-t",45,100,100
"Synthetic-only",0.9965,14.1444513275744,0,"Student-t",45,100,100
"SCP",0.993,11.0199868827631,0,"Student-t",45,250,250
"RSA-CP (OT) (Ours)",0.9875,9.71701530876972,0,"Student-t",45,250,250
"SPI",0.996,14.0884410323628,0,"Student-t",45,250,250
"Synthetic-only",0.996,14.0305137028253,0,"Student-t",45,250,250
"SCP",0.993,11.0199868827631,0,"Student-t",45,500,500
"RSA-CP (OT) (Ours)",0.984,9.03068337246256,0,"Student-t",45,500,500
"SPI",0.9935,12.0252430104258,0,"Student-t",45,500,500
"Synthetic-only",0.9935,11.6685868933213,0,"Student-t",45,500,500
"SCP",0.993,11.0199868827631,0,"Student-t",45,1000,1000
"RSA-CP (OT) (Ours)",0.9875,9.71304319672834,0.00999999999999979,"Student-t",45,1000,1000
"SPI",0.993,11.1866327512465,0.0199999999999996,"Student-t",45,1000,1000
"Synthetic-only",0.993,11.1577263538835,0,"Student-t",45,1000,1000
"SCP",0.993,11.0199868827631,0,"Student-t",45,2000,2000
"RSA-CP (OT) (Ours)",0.987,9.51068813012984,0,"Student-t",45,2000,2000
"SPI",0.993,11.3752130038759,0.0300000000000011,"Student-t",45,2000,2000
"Synthetic-only",0.993,11.3293056274638,0,"Student-t",45,2000,2000
"SCP",0.993,11.0199868827631,0,"Student-t",45,3000,3000
"RSA-CP (OT) (Ours)",0.986,9.35892183018096,0.00999999999999979,"Student-t",45,3000,3000
"SPI",0.9935,11.7582821795675,0.0499999999999989,"Student-t",45,3000,3000
"Synthetic-only",0.9935,11.5948435710284,0,"Student-t",45,3000,3000
"SCP",0.9605,9.78820513963047,0,"LogNormal",46,50,50
"RSA-CP (OT) (Ours)",0.9605,9.77629343323738,0.0200000000000014,"LogNormal",46,50,50
"SPI",0.999,28.9355490235533,0,"LogNormal",46,50,50
"Synthetic-only",0.9935,16.8479209043174,0,"LogNormal",46,50,50
"SCP",0.9605,9.78820513963047,0,"LogNormal",46,100,100
"RSA-CP (OT) (Ours)",0.9595,9.68415601057677,0,"LogNormal",46,100,100
"SPI",0.968,10.7026330278138,0,"LogNormal",46,100,100
"Synthetic-only",0.99,14.9021523353834,0,"LogNormal",46,100,100
"SCP",0.9605,9.78820513963047,0,"LogNormal",46,250,250
"RSA-CP (OT) (Ours)",0.96,9.72580829449323,0,"LogNormal",46,250,250
"SPI",0.968,10.7026330278138,0.00999999999999979,"LogNormal",46,250,250
"Synthetic-only",0.9945,17.9570376700602,0.00999999999999979,"LogNormal",46,250,250
"SCP",0.9605,9.78820513963047,0,"LogNormal",46,500,500
"RSA-CP (OT) (Ours)",0.9595,9.68061455630341,0,"LogNormal",46,500,500
"SPI",0.9595,9.62081015382973,0.0199999999999996,"LogNormal",46,500,500
"Synthetic-only",0.93,8.19704796785826,0,"LogNormal",46,500,500
"SCP",0.9605,9.78820513963047,0,"LogNormal",46,1000,1000
"RSA-CP (OT) (Ours)",0.96,9.71949252640904,0,"LogNormal",46,1000,1000
"SPI",0.968,10.7026330278138,0.00999999999999979,"LogNormal",46,1000,1000
"Synthetic-only",0.979,12.3675429007369,0,"LogNormal",46,1000,1000
"SCP",0.9605,9.78820513963047,0,"LogNormal",46,2000,2000
"RSA-CP (OT) (Ours)",0.9595,9.68061455630341,0.0199999999999996,"LogNormal",46,2000,2000
"SPI",0.9595,9.62081015382973,0.0300000000000011,"LogNormal",46,2000,2000
"Synthetic-only",0.9505,8.89316889671187,0,"LogNormal",46,2000,2000
"SCP",0.9605,9.78820513963047,0,"LogNormal",46,3000,3000
"RSA-CP (OT) (Ours)",0.9595,9.68061455630341,0,"LogNormal",46,3000,3000
"SPI",0.9595,9.62081015382973,0.0499999999999989,"LogNormal",46,3000,3000
"Synthetic-only",0.9475,8.74677516805969,0.0199999999999996,"LogNormal",46,3000,3000
"SCP",0.9865,9.41375687598715,0,"Student-t",46,50,50
"RSA-CP (OT) (Ours)",0.986,9.40264470403868,0,"Student-t",46,50,50
"SPI",0.999,19.6129908207804,0,"Student-t",46,50,50
"Synthetic-only",0.9935,11.8657586485486,0,"Student-t",46,50,50
"SCP",0.9865,9.41375687598715,0,"Student-t",46,100,100
"RSA-CP (OT) (Ours)",0.9855,9.34898867675639,0,"Student-t",46,100,100
"SPI",0.989,10.3239661173465,0,"Student-t",46,100,100
"Synthetic-only",0.9935,11.8716765469428,0,"Student-t",46,100,100
"SCP",0.9865,9.41375687598715,0,"Student-t",46,250,250
"RSA-CP (OT) (Ours)",0.9855,9.35032086019887,0,"Student-t",46,250,250
"SPI",0.989,10.3239661173465,0,"Student-t",46,250,250
"Synthetic-only",0.9935,11.8818341745142,0,"Student-t",46,250,250
"SCP",0.9865,9.41375687598715,0,"Student-t",46,500,500
"RSA-CP (OT) (Ours)",0.9855,9.33029875985583,0,"Student-t",46,500,500
"SPI",0.989,10.3239661173465,0.00999999999999979,"Student-t",46,500,500
"Synthetic-only",0.9955,13.9161903544493,0,"Student-t",46,500,500
"SCP",0.9865,9.41375687598715,0,"Student-t",46,1000,1000
"RSA-CP (OT) (Ours)",0.9855,9.29402656773708,0,"Student-t",46,1000,1000
"SPI",0.989,10.3239661173465,0.0299999999999994,"Student-t",46,1000,1000
"Synthetic-only",0.9925,10.7730193115918,0.0199999999999996,"Student-t",46,1000,1000
"SCP",0.9865,9.41375687598715,0,"Student-t",46,2000,2000
"RSA-CP (OT) (Ours)",0.9855,9.28688303273744,0,"Student-t",46,2000,2000
"SPI",0.989,10.3239661173465,0.0400000000000009,"Student-t",46,2000,2000
"Synthetic-only",0.9935,11.6281362232916,0,"Student-t",46,2000,2000
"SCP",0.9865,9.41375687598715,0,"Student-t",46,3000,3000
"RSA-CP (OT) (Ours)",0.9855,9.28688303273744,0.00999999999999979,"Student-t",46,3000,3000
"SPI",0.989,10.3239661173465,0.0499999999999989,"Student-t",46,3000,3000
"Synthetic-only",0.9945,12.216056360626,0,"Student-t",46,3000,3000
"SCP",0.9705,11.2344850686461,0,"LogNormal",47,50,50
"RSA-CP (OT) (Ours)",0.9705,11.2266084257147,0,"LogNormal",47,50,50
"SPI",0.9985,26.9491065326504,0.0100000000000016,"LogNormal",47,50,50
"Synthetic-only",0.991,15.4883754111981,0,"LogNormal",47,50,50
"SCP",0.9705,11.2344850686461,0,"LogNormal",47,100,100
"RSA-CP (OT) (Ours)",0.964,10.2166021313598,0,"LogNormal",47,100,100
"SPI",0.9785,12.2885280471653,0,"LogNormal",47,100,100
"Synthetic-only",0.93,8.06172200985117,0,"LogNormal",47,100,100
"SCP",0.9705,11.2344850686461,0,"LogNormal",47,250,250
"RSA-CP (OT) (Ours)",0.9645,10.2237871520264,0,"LogNormal",47,250,250
"SPI",0.9785,12.2885280471653,0.0199999999999996,"LogNormal",47,250,250
"Synthetic-only",0.9625,10.0039507958244,0,"LogNormal",47,250,250
"SCP",0.9705,11.2344850686461,0,"LogNormal",47,500,500
"RSA-CP (OT) (Ours)",0.966,10.3948965604285,0,"LogNormal",47,500,500
"SPI",0.9785,12.2885280471653,0.0199999999999996,"LogNormal",47,500,500
"Synthetic-only",0.9825,13.159228740785,0,"LogNormal",47,500,500
"SCP",0.9705,11.2344850686461,0,"LogNormal",47,1000,1000
"RSA-CP (OT) (Ours)",0.9625,9.97750187163516,0,"LogNormal",47,1000,1000
"SPI",0.9785,12.2885280471653,0.0100000000000016,"LogNormal",47,1000,1000
"Synthetic-only",0.9895,14.0614841760296,0,"LogNormal",47,1000,1000
"SCP",0.9705,11.2344850686461,0,"LogNormal",47,2000,2000
"RSA-CP (OT) (Ours)",0.9615,9.8652507498561,0.0199999999999996,"LogNormal",47,2000,2000
"SPI",0.959,9.50351131083894,0.0299999999999976,"LogNormal",47,2000,2000
"Synthetic-only",0.955,9.31297475879975,0,"LogNormal",47,2000,2000
"SCP",0.9705,11.2344850686461,0,"LogNormal",47,3000,3000
"RSA-CP (OT) (Ours)",0.9615,9.8652507498561,0,"LogNormal",47,3000,3000
"SPI",0.963,10.0395554763383,0.0600000000000023,"LogNormal",47,3000,3000
"Synthetic-only",0.96,9.74034981024994,0,"LogNormal",47,3000,3000
"SCP",0.972,7.79508727615339,0,"Student-t",47,50,50
"RSA-CP (OT) (Ours)",0.972,7.78475192562096,0,"Student-t",47,50,50
"SPI",0.999,18.9397990462699,0,"Student-t",47,50,50
"Synthetic-only",0.995,12.9045421705553,0,"Student-t",47,50,50
"SCP",0.972,7.79508727615339,0,"Student-t",47,100,100
"RSA-CP (OT) (Ours)",0.957,6.6874946067278,0,"Student-t",47,100,100
"SPI",0.9855,9.23236158142387,0,"Student-t",47,100,100
"Synthetic-only",0.9805,8.47585943119368,0,"Student-t",47,100,100
"SCP",0.972,7.79508727615339,0,"Student-t",47,250,250
"RSA-CP (OT) (Ours)",0.9615,7.03580365033626,0,"Student-t",47,250,250
"SPI",0.9855,9.23236158142387,0,"Student-t",47,250,250
"Synthetic-only",0.995,13.542561735293,0,"Student-t",47,250,250
"SCP",0.972,7.79508727615339,0,"Student-t",47,500,500
"RSA-CP (OT) (Ours)",0.9525,6.53519620013794,0,"Student-t",47,500,500
"SPI",0.9855,9.23236158142387,0.00999999999999801,"Student-t",47,500,500
"Synthetic-only",0.995,13.1260786530231,0,"Student-t",47,500,500
"SCP",0.972,7.79508727615339,0,"Student-t",47,1000,1000
"RSA-CP (OT) (Ours)",0.947,6.22189777422675,0,"Student-t",47,1000,1000
"SPI",0.9855,9.23236158142387,0.0200000000000031,"Student-t",47,1000,1000
"Synthetic-only",0.993,10.9200236654703,0,"Student-t",47,1000,1000
"SCP",0.972,7.79508727615339,0,"Student-t",47,2000,2000
"RSA-CP (OT) (Ours)",0.951,6.3233417596761,0.00999999999999801,"Student-t",47,2000,2000
"SPI",0.9855,9.23236158142387,0.0300000000000011,"Student-t",47,2000,2000
"Synthetic-only",0.9945,12.5405544729323,0,"Student-t",47,2000,2000
"SCP",0.972,7.79508727615339,0,"Student-t",47,3000,3000
"RSA-CP (OT) (Ours)",0.952,6.47130835124064,0,"Student-t",47,3000,3000
"SPI",0.9855,9.23236158142387,0.0500000000000007,"Student-t",47,3000,3000
"Synthetic-only",0.9945,12.4641449801814,0.0199999999999996,"Student-t",47,3000,3000
"SCP",0.879,6.57258013981933,0,"LogNormal",48,50,50
"RSA-CP (OT) (Ours)",0.878,6.56112202922274,0,"LogNormal",48,50,50
"SPI",0.9965,21.0744339179295,0,"LogNormal",48,50,50
"Synthetic-only",0.9905,14.9740923299146,0,"LogNormal",48,50,50
"SCP",0.879,6.57258013981933,0,"LogNormal",48,100,100
"RSA-CP (OT) (Ours)",0.8625,6.22927814323428,0.00999999999999801,"LogNormal",48,100,100
"SPI",0.8825,6.73729432083376,0,"LogNormal",48,100,100
"Synthetic-only",0.9915,15.8144336376793,0,"LogNormal",48,100,100
"SCP",0.879,6.57258013981933,0,"LogNormal",48,250,250
"RSA-CP (OT) (Ours)",0.853,6.0809619969668,0,"LogNormal",48,250,250
"SPI",0.8825,6.73729432083376,0.0199999999999996,"LogNormal",48,250,250
"Synthetic-only",0.9095,7.48433714582738,0,"LogNormal",48,250,250
"SCP",0.879,6.57258013981933,0,"LogNormal",48,500,500
"RSA-CP (OT) (Ours)",0.858,6.15512007010054,0,"LogNormal",48,500,500
"SPI",0.8825,6.73729432083376,0,"LogNormal",48,500,500
"Synthetic-only",0.9605,9.84647285946935,0,"LogNormal",48,500,500
"SCP",0.879,6.57258013981933,0,"LogNormal",48,1000,1000
"RSA-CP (OT) (Ours)",0.853,6.0809619969668,0,"LogNormal",48,1000,1000
"SPI",0.8825,6.73729432083376,0.0199999999999996,"LogNormal",48,1000,1000
"Synthetic-only",0.952,9.08106545409297,0,"LogNormal",48,1000,1000
"SCP",0.879,6.57258013981933,0,"LogNormal",48,2000,2000
"RSA-CP (OT) (Ours)",0.858,6.15512007010054,0,"LogNormal",48,2000,2000
"SPI",0.8825,6.73729432083376,0.0500000000000007,"LogNormal",48,2000,2000
"Synthetic-only",0.963,10.0880564523787,0.0100000000000016,"LogNormal",48,2000,2000
"SCP",0.879,6.57258013981933,0,"LogNormal",48,3000,3000
"RSA-CP (OT) (Ours)",0.853,6.0809619969668,0,"LogNormal",48,3000,3000
"SPI",0.8825,6.73729432083376,0.0399999999999991,"LogNormal",48,3000,3000
"Synthetic-only",0.9595,9.65359551102842,0,"LogNormal",48,3000,3000
"SCP",0.8995,4.83308396583819,0,"Student-t",48,50,50
"RSA-CP (OT) (Ours)",0.899,4.82382547973673,0.0199999999999996,"Student-t",48,50,50
"SPI",0.999,18.3326261694253,0,"Student-t",48,50,50
"Synthetic-only",0.999,17.6545468926104,0,"Student-t",48,50,50
"SCP",0.8995,4.83308396583819,0,"Student-t",48,100,100
"RSA-CP (OT) (Ours)",0.8885,4.68740826111383,0,"Student-t",48,100,100
"SPI",0.952,6.38431436783414,0,"Student-t",48,100,100
"Synthetic-only",0.96,6.91325517888881,0,"Student-t",48,100,100
"SCP",0.8995,4.83308396583819,0,"Student-t",48,250,250
"RSA-CP (OT) (Ours)",0.8885,4.68740826111383,0,"Student-t",48,250,250
"SPI",0.952,6.38431436783414,0.0100000000000016,"Student-t",48,250,250
"Synthetic-only",0.9965,14.4022138342924,0.0100000000000016,"Student-t",48,250,250
"SCP",0.8995,4.83308396583819,0,"Student-t",48,500,500
"RSA-CP (OT) (Ours)",0.8825,4.51539327905461,0,"Student-t",48,500,500
"SPI",0.952,6.38431436783414,0.0199999999999996,"Student-t",48,500,500
"Synthetic-only",0.998,15.4305382670359,0,"Student-t",48,500,500
"SCP",0.8995,4.83308396583819,0,"Student-t",48,1000,1000
"RSA-CP (OT) (Ours)",0.8825,4.51539327905461,0,"Student-t",48,1000,1000
"SPI",0.952,6.38431436783414,0.0199999999999996,"Student-t",48,1000,1000
"Synthetic-only",0.9935,12.1511734424293,0,"Student-t",48,1000,1000
"SCP",0.8995,4.83308396583819,0,"Student-t",48,2000,2000
"RSA-CP (OT) (Ours)",0.881,4.50240023181679,0.0100000000000016,"Student-t",48,2000,2000
"SPI",0.952,6.38431436783414,0.0299999999999976,"Student-t",48,2000,2000
"Synthetic-only",0.9935,11.6969676012742,0,"Student-t",48,2000,2000
"SCP",0.8995,4.83308396583819,0,"Student-t",48,3000,3000
"RSA-CP (OT) (Ours)",0.884,4.55298899846641,0,"Student-t",48,3000,3000
"SPI",0.952,6.38431436783414,0.0500000000000007,"Student-t",48,3000,3000
"Synthetic-only",0.9945,12.3795017164758,0,"Student-t",48,3000,3000
"SCP",0.99,14.2444608507553,0,"LogNormal",49,50,50
"RSA-CP (OT) (Ours)",0.9895,14.2261672239945,0,"LogNormal",49,50,50
"SPI",0.995,18.9084328815398,0,"LogNormal",49,50,50
"Synthetic-only",0.931,8.21262453130281,0,"LogNormal",49,50,50
"SCP",0.99,14.2444608507553,0,"LogNormal",49,100,100
"RSA-CP (OT) (Ours)",0.981,13.0565205879873,0,"LogNormal",49,100,100
"SPI",0.996,20.0175860163922,0.0199999999999996,"LogNormal",49,100,100
"Synthetic-only",0.995,19.0900191063643,0,"LogNormal",49,100,100
"SCP",0.99,14.2444608507553,0,"LogNormal",49,250,250
"RSA-CP (OT) (Ours)",0.981,12.947716249754,0,"LogNormal",49,250,250
"SPI",0.9915,15.7903812593717,0,"LogNormal",49,250,250
"Synthetic-only",0.9895,14.0298304975829,0,"LogNormal",49,250,250
"SCP",0.99,14.2444608507553,0,"LogNormal",49,500,500
"RSA-CP (OT) (Ours)",0.9785,12.2404880512381,0.0199999999999996,"LogNormal",49,500,500
"SPI",0.981,12.6834134752381,0,"LogNormal",49,500,500
"Synthetic-only",0.9765,11.9292477779456,0,"LogNormal",49,500,500
"SCP",0.99,14.2444608507553,0,"LogNormal",49,1000,1000
"RSA-CP (OT) (Ours)",0.9785,12.3170333749129,0.00999999999999801,"LogNormal",49,1000,1000
"SPI",0.981,12.492873247082,0.0200000000000031,"LogNormal",49,1000,1000
"Synthetic-only",0.96,9.76121181723391,0,"LogNormal",49,1000,1000
"SCP",0.99,14.2444608507553,0,"LogNormal",49,2000,2000
"RSA-CP (OT) (Ours)",0.9785,12.3593486050934,0,"LogNormal",49,2000,2000
"SPI",0.981,12.9503611350067,0.0299999999999976,"LogNormal",49,2000,2000
"Synthetic-only",0.981,12.7340783571182,0,"LogNormal",49,2000,2000
"SCP",0.99,14.2444608507553,0,"LogNormal",49,3000,3000
"RSA-CP (OT) (Ours)",0.9785,12.2825824646891,0.0100000000000016,"LogNormal",49,3000,3000
"SPI",0.9915,15.9772014365816,0.0500000000000007,"LogNormal",49,3000,3000
"Synthetic-only",0.9915,15.7942669842311,0,"LogNormal",49,3000,3000
"SCP",0.9835,8.78458417421412,0,"Student-t",49,50,50
"RSA-CP (OT) (Ours)",0.9835,8.77066757006601,0,"Student-t",49,50,50
"SPI",0.9955,13.963957675631,0.0199999999999996,"Student-t",49,50,50
"Synthetic-only",0.984,8.95827626100935,0,"Student-t",49,50,50
"SCP",0.9835,8.78458417421412,0,"Student-t",49,100,100
"RSA-CP (OT) (Ours)",0.975,8.07563353621172,0,"Student-t",49,100,100
"SPI",0.975,8.15187796223513,0,"Student-t",49,100,100
"Synthetic-only",0.9745,8.07167062774903,0,"Student-t",49,100,100
"SCP",0.9835,8.78458417421412,0,"Student-t",49,250,250
"RSA-CP (OT) (Ours)",0.9755,8.17515019908208,0,"Student-t",49,250,250
"SPI",0.995,13.2277112157348,0.00999999999999801,"Student-t",49,250,250
"Synthetic-only",0.995,13.1337504095618,0,"Student-t",49,250,250
"SCP",0.9835,8.78458417421412,0,"Student-t",49,500,500
"RSA-CP (OT) (Ours)",0.969,7.41490959677049,0,"Student-t",49,500,500
"SPI",0.9935,11.7344110305962,0,"Student-t",49,500,500
"Synthetic-only",0.9935,11.5465509832374,0,"Student-t",49,500,500
"SCP",0.9835,8.78458417421412,0,"Student-t",49,1000,1000
"RSA-CP (OT) (Ours)",0.9695,7.45367431499281,0,"Student-t",49,1000,1000
"SPI",0.993,10.8832814382145,0.0100000000000016,"Student-t",49,1000,1000
"Synthetic-only",0.9915,10.6446508103962,0,"Student-t",49,1000,1000
"SCP",0.9835,8.78458417421412,0,"Student-t",49,2000,2000
"RSA-CP (OT) (Ours)",0.971,7.61626363048697,0,"Student-t",49,2000,2000
"SPI",0.993,11.3040348246972,0.0300000000000011,"Student-t",49,2000,2000
"Synthetic-only",0.993,11.2717123375743,0,"Student-t",49,2000,2000
"SCP",0.9835,8.78458417421412,0,"Student-t",49,3000,3000
"RSA-CP (OT) (Ours)",0.97,7.51922348559982,0,"Student-t",49,3000,3000
"SPI",0.9935,11.6708183244891,0.0500000000000007,"Student-t",49,3000,3000
"Synthetic-only",0.9935,11.636209819557,0,"Student-t",49,3000,3000
"SCP",0.9495,8.8225054034373,0,"LogNormal",50,50,50
"RSA-CP (OT) (Ours)",0.9495,8.81677314595608,0,"LogNormal",50,50,50
"SPI",0.9985,25.7414223481669,0,"LogNormal",50,50,50
"Synthetic-only",0.996,20.751720333086,0,"LogNormal",50,50,50
"SCP",0.9495,8.8225054034373,0,"LogNormal",50,100,100
"RSA-CP (OT) (Ours)",0.9485,8.79905547001491,0,"LogNormal",50,100,100
"SPI",0.9765,11.9090239177936,0,"LogNormal",50,100,100
"Synthetic-only",0.9945,18.4963802942432,0,"LogNormal",50,100,100
"SCP",0.9495,8.8225054034373,0,"LogNormal",50,250,250
"RSA-CP (OT) (Ours)",0.9485,8.79905547001491,0,"LogNormal",50,250,250
"SPI",0.9765,11.9090239177936,0,"LogNormal",50,250,250
"Synthetic-only",0.983,13.28308220174,0,"LogNormal",50,250,250
"SCP",0.9495,8.8225054034373,0,"LogNormal",50,500,500
"RSA-CP (OT) (Ours)",0.9485,8.79905547001491,0.0100000000000016,"LogNormal",50,500,500
"SPI",0.957,9.4031974421907,0,"LogNormal",50,500,500
"Synthetic-only",0.9495,8.81378594341567,0,"LogNormal",50,500,500
"SCP",0.9495,8.8225054034373,0,"LogNormal",50,1000,1000
"RSA-CP (OT) (Ours)",0.9485,8.79905547001491,0.0199999999999996,"LogNormal",50,1000,1000
"SPI",0.9765,11.9090239177936,0.0199999999999996,"LogNormal",50,1000,1000
"Synthetic-only",0.9915,15.9562306012015,0,"LogNormal",50,1000,1000
"SCP",0.9495,8.8225054034373,0,"LogNormal",50,2000,2000
"RSA-CP (OT) (Ours)",0.9485,8.79905547001491,0,"LogNormal",50,2000,2000
"SPI",0.9615,9.89232624493411,0.0300000000000011,"LogNormal",50,2000,2000
"Synthetic-only",0.9615,9.88460412931018,0,"LogNormal",50,2000,2000
"SCP",0.9495,8.8225054034373,0,"LogNormal",50,3000,3000
"RSA-CP (OT) (Ours)",0.948,8.77270351883683,0.00999999999999801,"LogNormal",50,3000,3000
"SPI",0.9495,8.85009254229488,0.0500000000000007,"LogNormal",50,3000,3000
"Synthetic-only",0.9495,8.82726941663406,0,"LogNormal",50,3000,3000
"SCP",0.964,7.12888435183271,0,"Student-t",50,50,50
"RSA-CP (OT) (Ours)",0.964,7.10993110459316,0,"Student-t",50,50,50
"SPI",0.999,18.5994172651329,0,"Student-t",50,50,50
"Synthetic-only",0.995,13.133328521869,0,"Student-t",50,50,50
"SCP",0.964,7.12888435183271,0,"Student-t",50,100,100
"RSA-CP (OT) (Ours)",0.9595,6.79854726059638,0.0100000000000016,"Student-t",50,100,100
"SPI",0.9965,14.8076200205145,0,"Student-t",50,100,100
"Synthetic-only",0.993,10.8422776301935,0,"Student-t",50,100,100
"SCP",0.964,7.12888435183271,0,"Student-t",50,250,250
"RSA-CP (OT) (Ours)",0.96,6.87639322159557,0,"Student-t",50,250,250
"SPI",0.9715,7.66568943651524,0,"Student-t",50,250,250
"Synthetic-only",0.97,7.53800768310888,0,"Student-t",50,250,250
"SCP",0.964,7.12888435183271,0,"Student-t",50,500,500
"RSA-CP (OT) (Ours)",0.9545,6.61690668493159,0,"Student-t",50,500,500
"SPI",0.9945,12.3332592800988,0,"Student-t",50,500,500
"Synthetic-only",0.9945,12.255661224488,0,"Student-t",50,500,500
"SCP",0.964,7.12888435183271,0,"Student-t",50,1000,1000
"RSA-CP (OT) (Ours)",0.9555,6.63090590413378,0.0199999999999996,"Student-t",50,1000,1000
"SPI",0.993,10.9835193244245,0.00999999999999801,"Student-t",50,1000,1000
"Synthetic-only",0.991,10.4994975545679,0,"Student-t",50,1000,1000
"SCP",0.964,7.12888435183271,0,"Student-t",50,2000,2000
"RSA-CP (OT) (Ours)",0.9555,6.62234799449591,0,"Student-t",50,2000,2000
"SPI",0.993,11.1386441891481,0.0300000000000011,"Student-t",50,2000,2000
"Synthetic-only",0.993,11.1307740028523,0,"Student-t",50,2000,2000
"SCP",0.964,7.12888435183271,0,"Student-t",50,3000,3000
"RSA-CP (OT) (Ours)",0.9555,6.62234799449591,0.0199999999999996,"Student-t",50,3000,3000
"SPI",0.9935,11.6339470814863,0.0500000000000007,"Student-t",50,3000,3000
"Synthetic-only",0.9935,11.5467352190776,0,"Student-t",50,3000,3000
"SCP",0.9515,9.07799191882605,0,"LogNormal",51,50,50
"RSA-CP (OT) (Ours)",0.9515,9.06913640787407,0.0100000000000016,"LogNormal",51,50,50
"SPI",0.9975,23.9392937189557,0,"LogNormal",51,50,50
"Synthetic-only",0.997,21.81161540555,0,"LogNormal",51,50,50
"SCP",0.9515,9.07799191882605,0,"LogNormal",51,100,100
"RSA-CP (OT) (Ours)",0.951,8.95097176412327,0,"LogNormal",51,100,100
"SPI",0.971,11.2767550066402,0,"LogNormal",51,100,100
"Synthetic-only",0.9945,17.5335186250782,0,"LogNormal",51,100,100
"SCP",0.9515,9.07799191882605,0,"LogNormal",51,250,250
"RSA-CP (OT) (Ours)",0.95,8.86234828131017,0.0199999999999996,"LogNormal",51,250,250
"SPI",0.971,11.2767550066402,0,"LogNormal",51,250,250
"Synthetic-only",0.9595,9.69202999851819,0,"LogNormal",51,250,250
"SCP",0.9515,9.07799191882605,0,"LogNormal",51,500,500
"RSA-CP (OT) (Ours)",0.944,8.65156034242781,0,"LogNormal",51,500,500
"SPI",0.9665,10.5047648093844,0.00999999999999801,"LogNormal",51,500,500
"Synthetic-only",0.9655,10.3408861770823,0,"LogNormal",51,500,500
"SCP",0.9515,9.07799191882605,0,"LogNormal",51,1000,1000
"RSA-CP (OT) (Ours)",0.941,8.58122245346499,0,"LogNormal",51,1000,1000
"SPI",0.932,8.29296466219348,0.0199999999999996,"LogNormal",51,1000,1000
"Synthetic-only",0.9285,8.04372016722387,0,"LogNormal",51,1000,1000
"SCP",0.9515,9.07799191882605,0,"LogNormal",51,2000,2000
"RSA-CP (OT) (Ours)",0.9405,8.50508678793324,0,"LogNormal",51,2000,2000
"SPI",0.947,8.73514593490306,0.0300000000000011,"LogNormal",51,2000,2000
"Synthetic-only",0.9445,8.68684090199773,0,"LogNormal",51,2000,2000
"SCP",0.9515,9.07799191882605,0,"LogNormal",51,3000,3000
"RSA-CP (OT) (Ours)",0.941,8.58035304269371,0.0199999999999996,"LogNormal",51,3000,3000
"SPI",0.954,9.21679555470144,0.0500000000000007,"LogNormal",51,3000,3000
"Synthetic-only",0.9535,9.1765790080722,0,"LogNormal",51,3000,3000
"SCP",0.9685,7.36639030110894,0,"Student-t",51,50,50
"RSA-CP (OT) (Ours)",0.9685,7.36305702197148,0,"Student-t",51,50,50
"SPI",0.999,17.7833504402506,0,"Student-t",51,50,50
"Synthetic-only",0.9985,16.5729474780329,0,"Student-t",51,50,50
"SCP",0.9685,7.36639030110894,0,"Student-t",51,100,100
"RSA-CP (OT) (Ours)",0.952,6.39082237998581,0.00999999999999801,"Student-t",51,100,100
"SPI",0.989,10.2989132542741,0,"Student-t",51,100,100
"Synthetic-only",0.996,14.0861236116403,0,"Student-t",51,100,100
"SCP",0.9685,7.36639030110894,0,"Student-t",51,250,250
"RSA-CP (OT) (Ours)",0.951,6.31740320011496,0,"Student-t",51,250,250
"SPI",0.989,10.2989132542741,0,"Student-t",51,250,250
"Synthetic-only",0.989,10.0924414072228,0,"Student-t",51,250,250
"SCP",0.9685,7.36639030110894,0,"Student-t",51,500,500
"RSA-CP (OT) (Ours)",0.9525,6.53519322124622,0,"Student-t",51,500,500
"SPI",0.989,10.2989132542741,0,"Student-t",51,500,500
"Synthetic-only",0.995,13.0703191624216,0,"Student-t",51,500,500
"SCP",0.9685,7.36639030110894,0,"Student-t",51,1000,1000
"RSA-CP (OT) (Ours)",0.945,6.04894758450161,0.0100000000000016,"Student-t",51,1000,1000
"SPI",0.989,10.2989132542741,0.0199999999999996,"Student-t",51,1000,1000
"Synthetic-only",0.993,10.8235679340272,0,"Student-t",51,1000,1000
"SCP",0.9685,7.36639030110894,0,"Student-t",51,2000,2000
"RSA-CP (OT) (Ours)",0.944,6.02936883130294,0,"Student-t",51,2000,2000
"SPI",0.989,10.2989132542741,0.0300000000000011,"Student-t",51,2000,2000
"Synthetic-only",0.993,11.0350652024424,0,"Student-t",51,2000,2000
"SCP",0.9685,7.36639030110894,0,"Student-t",51,3000,3000
"RSA-CP (OT) (Ours)",0.935,5.79747003009898,0.0199999999999996,"Student-t",51,3000,3000
"SPI",0.989,10.2989132542741,0.0399999999999991,"Student-t",51,3000,3000
"Synthetic-only",0.9935,11.4790138646653,0,"Student-t",51,3000,3000
"SCP",0.957,9.38797001548046,0,"LogNormal",52,50,50
"RSA-CP (OT) (Ours)",0.957,9.36685637104782,0,"LogNormal",52,50,50
"SPI",0.9985,25.6131096724576,0,"LogNormal",52,50,50
"Synthetic-only",0.9905,14.992098377112,0,"LogNormal",52,50,50
"SCP",0.957,9.38797001548046,0,"LogNormal",52,100,100
"RSA-CP (OT) (Ours)",0.93,8.12582177299101,0,"LogNormal",52,100,100
"SPI",0.9595,9.62081015382973,0.0100000000000016,"LogNormal",52,100,100
"Synthetic-only",0.9965,21.2896775198957,0,"LogNormal",52,100,100
"SCP",0.957,9.38797001548046,0,"LogNormal",52,250,250
"RSA-CP (OT) (Ours)",0.941,8.56904841515416,0,"LogNormal",52,250,250
"SPI",0.9595,9.62081015382973,0,"LogNormal",52,250,250
"Synthetic-only",0.966,10.4374919252534,0,"LogNormal",52,250,250
"SCP",0.957,9.38797001548046,0,"LogNormal",52,500,500
"RSA-CP (OT) (Ours)",0.9495,8.83498440045205,0.0199999999999996,"LogNormal",52,500,500
"SPI",0.9595,9.62081015382973,0,"LogNormal",52,500,500
"Synthetic-only",0.991,15.4991022224764,0,"LogNormal",52,500,500
"SCP",0.957,9.38797001548046,0,"LogNormal",52,1000,1000
"RSA-CP (OT) (Ours)",0.947,8.72890251548793,0.0199999999999996,"LogNormal",52,1000,1000
"SPI",0.9595,9.62081015382973,0.00999999999999801,"LogNormal",52,1000,1000
"Synthetic-only",0.99,14.7688792093268,0,"LogNormal",52,1000,1000
"SCP",0.957,9.38797001548046,0,"LogNormal",52,2000,2000
"RSA-CP (OT) (Ours)",0.941,8.5320099775446,0,"LogNormal",52,2000,2000
"SPI",0.9595,9.62081015382973,0.0300000000000011,"LogNormal",52,2000,2000
"Synthetic-only",0.963,10.040484111583,0,"LogNormal",52,2000,2000
"SCP",0.957,9.38797001548046,0,"LogNormal",52,3000,3000
"RSA-CP (OT) (Ours)",0.943,8.59764082352571,0.0199999999999996,"LogNormal",52,3000,3000
"SPI",0.9595,9.62081015382973,0.0500000000000007,"LogNormal",52,3000,3000
"Synthetic-only",0.9915,16.1302672474229,0,"LogNormal",52,3000,3000
"SCP",0.986,9.36030192158526,0,"Student-t",52,50,50
"RSA-CP (OT) (Ours)",0.986,9.35538273601762,0,"Student-t",52,50,50
"SPI",0.999,20.0020559626124,0,"Student-t",52,50,50
"Synthetic-only",0.999,19.6765841022745,0,"Student-t",52,50,50
"SCP",0.986,9.36030192158526,0,"Student-t",52,100,100
"RSA-CP (OT) (Ours)",0.9805,8.4580857790997,0.0100000000000016,"Student-t",52,100,100
"SPI",0.987,9.60008955940656,0,"Student-t",52,100,100
"Synthetic-only",0.9885,9.87439538950833,0,"Student-t",52,100,100
"SCP",0.986,9.36030192158526,0,"Student-t",52,250,250
"RSA-CP (OT) (Ours)",0.971,7.6040119707867,0,"Student-t",52,250,250
"SPI",0.987,9.60008955940656,0,"Student-t",52,250,250
"Synthetic-only",0.993,11.059827543794,0,"Student-t",52,250,250
"SCP",0.986,9.36030192158526,0,"Student-t",52,500,500
"RSA-CP (OT) (Ours)",0.97,7.51439411365512,0.0199999999999996,"Student-t",52,500,500
"SPI",0.987,9.60008955940656,0,"Student-t",52,500,500
"Synthetic-only",0.9945,12.6564049704914,0,"Student-t",52,500,500
"SCP",0.986,9.36030192158526,0,"Student-t",52,1000,1000
"RSA-CP (OT) (Ours)",0.97,7.48645956304674,0.00999999999999801,"Student-t",52,1000,1000
"SPI",0.987,9.60008955940656,0.0199999999999996,"Student-t",52,1000,1000
"Synthetic-only",0.993,11.4248480803998,0,"Student-t",52,1000,1000
"SCP",0.986,9.36030192158526,0,"Student-t",52,2000,2000
"RSA-CP (OT) (Ours)",0.97,7.56560962244033,0,"Student-t",52,2000,2000
"SPI",0.987,9.60008955940656,0.0300000000000011,"Student-t",52,2000,2000
"Synthetic-only",0.9935,12.1424181042428,0,"Student-t",52,2000,2000
"SCP",0.986,9.36030192158526,0,"Student-t",52,3000,3000
"RSA-CP (OT) (Ours)",0.9705,7.60146559221493,0.0100000000000016,"Student-t",52,3000,3000
"SPI",0.987,9.60008955940656,0.0499999999999972,"Student-t",52,3000,3000
"Synthetic-only",0.9945,12.5211710815846,0,"Student-t",52,3000,3000
"SCP",0.981,12.6493541615263,0,"LogNormal",53,50,50
"RSA-CP (OT) (Ours)",0.981,12.6493421318099,0.0200000000000031,"LogNormal",53,50,50
"SPI",0.9985,26.3354635067679,0,"LogNormal",53,50,50
"Synthetic-only",0.9955,19.3063271394661,0,"LogNormal",53,50,50
"SCP",0.981,12.6493541615263,0,"LogNormal",53,100,100
"RSA-CP (OT) (Ours)",0.978,12.1575325621439,0,"LogNormal",53,100,100
"SPI",0.9825,13.2137738616185,0,"LogNormal",53,100,100
"Synthetic-only",0.996,19.6921796666773,0,"LogNormal",53,100,100
"SCP",0.981,12.6493541615263,0,"LogNormal",53,250,250
"RSA-CP (OT) (Ours)",0.971,11.2722753367451,0.00999999999999801,"LogNormal",53,250,250
"SPI",0.9825,13.2137738616185,0,"LogNormal",53,250,250
"Synthetic-only",0.99,14.4730669601838,0,"LogNormal",53,250,250
"SCP",0.981,12.6493541615263,0,"LogNormal",53,500,500
"RSA-CP (OT) (Ours)",0.9685,10.9731553338419,0,"LogNormal",53,500,500
"SPI",0.9825,13.2137738616185,0.0199999999999996,"LogNormal",53,500,500
"Synthetic-only",0.9935,16.8521508440224,0,"LogNormal",53,500,500
"SCP",0.981,12.6493541615263,0,"LogNormal",53,1000,1000
"RSA-CP (OT) (Ours)",0.966,10.3946297210391,0,"LogNormal",53,1000,1000
"SPI",0.955,9.2809628477369,0.0100000000000016,"LogNormal",53,1000,1000
"Synthetic-only",0.9485,8.80703249969094,0,"LogNormal",53,1000,1000
"SCP",0.981,12.6493541615263,0,"LogNormal",53,2000,2000
"RSA-CP (OT) (Ours)",0.9665,10.4824790916506,0.0199999999999996,"LogNormal",53,2000,2000
"SPI",0.96,9.73370185823253,0.0300000000000011,"LogNormal",53,2000,2000
"Synthetic-only",0.9595,9.62844160907125,0,"LogNormal",53,2000,2000
"SCP",0.981,12.6493541615263,0,"LogNormal",53,3000,3000
"RSA-CP (OT) (Ours)",0.968,10.6921286734836,0,"LogNormal",53,3000,3000
"SPI",0.955,9.2809628477369,0.0499999999999972,"LogNormal",53,3000,3000
"Synthetic-only",0.94,8.50288863002194,0.0199999999999996,"LogNormal",53,3000,3000
"SCP",0.974,7.94537193790065,0,"Student-t",53,50,50
"RSA-CP (OT) (Ours)",0.974,7.94239215707683,0,"Student-t",53,50,50
"SPI",0.9965,14.585280697497,0,"Student-t",53,50,50
"Synthetic-only",0.993,11.29774440648,0,"Student-t",53,50,50
"SCP",0.974,7.94537193790065,0,"Student-t",53,100,100
"RSA-CP (OT) (Ours)",0.9725,7.81511023148265,0,"Student-t",53,100,100
"SPI",0.989,10.1740685858281,0,"Student-t",53,100,100
"Synthetic-only",0.9945,12.3717876074692,0,"Student-t",53,100,100
"SCP",0.974,7.94537193790065,0,"Student-t",53,250,250
"RSA-CP (OT) (Ours)",0.973,7.86602300172032,0.0199999999999996,"Student-t",53,250,250
"SPI",0.989,10.1740685858281,0,"Student-t",53,250,250
"Synthetic-only",0.9975,15.2387810979144,0,"Student-t",53,250,250
"SCP",0.974,7.94537193790065,0,"Student-t",53,500,500
"RSA-CP (OT) (Ours)",0.972,7.77809262187299,0,"Student-t",53,500,500
"SPI",0.989,10.1740685858281,0.0100000000000016,"Student-t",53,500,500
"Synthetic-only",0.993,11.2911697292264,0,"Student-t",53,500,500
"SCP",0.974,7.94537193790065,0,"Student-t",53,1000,1000
"RSA-CP (OT) (Ours)",0.972,7.77484067575578,0,"Student-t",53,1000,1000
"SPI",0.989,10.1740685858281,0.0199999999999996,"Student-t",53,1000,1000
"Synthetic-only",0.989,10.2532031774757,0,"Student-t",53,1000,1000
"SCP",0.974,7.94537193790065,0,"Student-t",53,2000,2000
"RSA-CP (OT) (Ours)",0.972,7.73436478013435,0,"Student-t",53,2000,2000
"SPI",0.989,10.1740685858281,0.0300000000000011,"Student-t",53,2000,2000
"Synthetic-only",0.993,10.8419003317906,0,"Student-t",53,2000,2000
"SCP",0.974,7.94537193790065,0,"Student-t",53,3000,3000
"RSA-CP (OT) (Ours)",0.972,7.77856115030655,0,"Student-t",53,3000,3000
"SPI",0.989,10.1740685858281,0.0399999999999991,"Student-t",53,3000,3000
"Synthetic-only",0.9935,12.0630145009167,0.00999999999999801,"Student-t",53,3000,3000
"SCP",0.9015,7.24442933933339,0,"LogNormal",54,50,50
"RSA-CP (OT) (Ours)",0.901,7.23756210927156,0,"LogNormal",54,50,50
"SPI",0.998,25.2532416969155,0,"LogNormal",54,50,50
"Synthetic-only",0.998,25.1739121485416,0.0199999999999996,"LogNormal",54,50,50
"SCP",0.9015,7.24442933933339,0,"LogNormal",54,100,100
"RSA-CP (OT) (Ours)",0.87,6.3365001599245,0,"LogNormal",54,100,100
"SPI",0.9065,7.40763579683504,0,"LogNormal",54,100,100
"Synthetic-only",0.9375,8.4114782169839,0,"LogNormal",54,100,100
"SCP",0.9015,7.24442933933339,0,"LogNormal",54,250,250
"RSA-CP (OT) (Ours)",0.874,6.47792103050368,0,"LogNormal",54,250,250
"SPI",0.9065,7.40763579683504,0.0100000000000016,"LogNormal",54,250,250
"Synthetic-only",0.9915,16.0506905939483,0,"LogNormal",54,250,250
"SCP",0.9015,7.24442933933339,0,"LogNormal",54,500,500
"RSA-CP (OT) (Ours)",0.8825,6.69610341118196,0,"LogNormal",54,500,500
"SPI",0.9065,7.40763579683504,0.0199999999999996,"LogNormal",54,500,500
"Synthetic-only",0.9915,15.7554772071154,0,"LogNormal",54,500,500
"SCP",0.9015,7.24442933933339,0,"LogNormal",54,1000,1000
"RSA-CP (OT) (Ours)",0.8775,6.55888817734626,0,"LogNormal",54,1000,1000
"SPI",0.9065,7.40763579683504,0.00999999999999801,"LogNormal",54,1000,1000
"Synthetic-only",0.9535,9.18219455785711,0,"LogNormal",54,1000,1000
"SCP",0.9015,7.24442933933339,0,"LogNormal",54,2000,2000
"RSA-CP (OT) (Ours)",0.877,6.55336130246857,0.0199999999999996,"LogNormal",54,2000,2000
"SPI",0.9065,7.40763579683504,0.0300000000000011,"LogNormal",54,2000,2000
"Synthetic-only",0.981,12.6005457049012,0,"LogNormal",54,2000,2000
"SCP",0.9015,7.24442933933339,0,"LogNormal",54,3000,3000
"RSA-CP (OT) (Ours)",0.8805,6.60188807477041,0.0100000000000016,"LogNormal",54,3000,3000
"SPI",0.9065,7.40763579683504,0.0499999999999972,"LogNormal",54,3000,3000
"Synthetic-only",0.9675,10.6542785645337,0,"LogNormal",54,3000,3000
"SCP",0.987,9.59233019208147,0,"Student-t",54,50,50
"RSA-CP (OT) (Ours)",0.987,9.5896653984869,0,"Student-t",54,50,50
"SPI",0.999,21.2892443003622,0,"Student-t",54,50,50
"Synthetic-only",0.999,18.35680280215,0,"Student-t",54,50,50
"SCP",0.987,9.59233019208147,0,"Student-t",54,100,100
"RSA-CP (OT) (Ours)",0.981,8.54033866454577,0,"Student-t",54,100,100
"SPI",0.989,10.050940707515,0,"Student-t",54,100,100
"Synthetic-only",0.9885,9.85650938583449,0,"Student-t",54,100,100
"SCP",0.987,9.59233019208147,0,"Student-t",54,250,250
"RSA-CP (OT) (Ours)",0.984,9.0553892302832,0,"Student-t",54,250,250
"SPI",0.9915,10.631538430685,0,"Student-t",54,250,250
"Synthetic-only",0.989,10.2582544947483,0,"Student-t",54,250,250
"SCP",0.987,9.59233019208147,0,"Student-t",54,500,500
"RSA-CP (OT) (Ours)",0.9835,8.80244539703506,0,"Student-t",54,500,500
"SPI",0.9915,10.631538430685,0,"Student-t",54,500,500
"Synthetic-only",0.995,12.8804642345786,0,"Student-t",54,500,500
"SCP",0.987,9.59233019208147,0,"Student-t",54,1000,1000
"RSA-CP (OT) (Ours)",0.9825,8.70126786373581,0.0199999999999996,"Student-t",54,1000,1000
"SPI",0.989,10.1043165569708,0.0100000000000016,"Student-t",54,1000,1000
"Synthetic-only",0.9885,9.99863173015379,0,"Student-t",54,1000,1000
"SCP",0.987,9.59233019208147,0,"Student-t",54,2000,2000
"RSA-CP (OT) (Ours)",0.9825,8.66387823622577,0,"Student-t",54,2000,2000
"SPI",0.9915,10.631538430685,0.0399999999999991,"Student-t",54,2000,2000
"Synthetic-only",0.993,11.4455201559834,0,"Student-t",54,2000,2000
"SCP",0.987,9.59233019208147,0,"Student-t",54,3000,3000
"RSA-CP (OT) (Ours)",0.9825,8.66387823622577,0.0100000000000016,"Student-t",54,3000,3000
"SPI",0.9915,10.631538430685,0.0499999999999972,"Student-t",54,3000,3000
"Synthetic-only",0.993,11.3220663734633,0,"Student-t",54,3000,3000
"SCP",0.937,8.38424712664851,0,"LogNormal",55,50,50
"RSA-CP (OT) (Ours)",0.936,8.36945304289455,0.0100000000000016,"LogNormal",55,50,50
"SPI",0.999,29.6400170398165,0,"LogNormal",55,50,50
"Synthetic-only",0.996,20.8769170565612,0,"LogNormal",55,50,50
"SCP",0.937,8.38424712664851,0,"LogNormal",55,100,100
"RSA-CP (OT) (Ours)",0.9365,8.37653139057429,0,"LogNormal",55,100,100
"SPI",0.9365,8.37399149790263,0,"LogNormal",55,100,100
"Synthetic-only",0.911,7.56127269315601,0,"LogNormal",55,100,100
"SCP",0.937,8.38424712664851,0,"LogNormal",55,250,250
"RSA-CP (OT) (Ours)",0.936,8.35993516601445,0.0199999999999996,"LogNormal",55,250,250
"SPI",0.9555,9.34077561913055,0,"LogNormal",55,250,250
"Synthetic-only",0.9625,9.99904466062864,0,"LogNormal",55,250,250
"SCP",0.937,8.38424712664851,0,"LogNormal",55,500,500
"RSA-CP (OT) (Ours)",0.936,8.35993516601445,0,"LogNormal",55,500,500
"SPI",0.9365,8.37399149790263,0.0100000000000016,"LogNormal",55,500,500
"Synthetic-only",0.917,7.69588792214811,0,"LogNormal",55,500,500
"SCP",0.937,8.38424712664851,0,"LogNormal",55,1000,1000
"RSA-CP (OT) (Ours)",0.936,8.35492988148297,0,"LogNormal",55,1000,1000
"SPI",0.9545,9.27137718134784,0.0399999999999991,"LogNormal",55,1000,1000
"Synthetic-only",0.9505,8.8830654586664,0.0199999999999996,"LogNormal",55,1000,1000
"SCP",0.937,8.38424712664851,0,"LogNormal",55,2000,2000
"RSA-CP (OT) (Ours)",0.935,8.33511743960126,0,"LogNormal",55,2000,2000
"SPI",0.9555,9.34077561913055,0.0300000000000011,"LogNormal",55,2000,2000
"Synthetic-only",0.9825,13.1136864164406,0,"LogNormal",55,2000,2000
"SCP",0.937,8.38424712664851,0,"LogNormal",55,3000,3000
"RSA-CP (OT) (Ours)",0.935,8.33511743960126,0.00999999999999801,"LogNormal",55,3000,3000
"SPI",0.9515,9.03717937014179,0.0500000000000007,"LogNormal",55,3000,3000
"Synthetic-only",0.9515,9.02154944832456,0,"LogNormal",55,3000,3000
"SCP",0.9685,7.34987895222102,0,"Student-t",55,50,50
"RSA-CP (OT) (Ours)",0.9685,7.34374092976276,0,"Student-t",55,50,50
"SPI",0.997,15.0691712212332,0,"Student-t",55,50,50
"Synthetic-only",0.997,15.0151550792291,0,"Student-t",55,50,50
"SCP",0.9685,7.34987895222102,0,"Student-t",55,100,100
"RSA-CP (OT) (Ours)",0.965,7.20774572735975,0,"Student-t",55,100,100
"SPI",0.981,8.5262933469183,0.0199999999999996,"Student-t",55,100,100
"Synthetic-only",0.995,13.3964329906288,0.0199999999999996,"Student-t",55,100,100
"SCP",0.9685,7.34987895222102,0,"Student-t",55,250,250
"RSA-CP (OT) (Ours)",0.964,7.10387703591135,0,"Student-t",55,250,250
"SPI",0.981,8.5262933469183,0,"Student-t",55,250,250
"Synthetic-only",0.9885,9.81200228786572,0,"Student-t",55,250,250
"SCP",0.9685,7.34987895222102,0,"Student-t",55,500,500
"RSA-CP (OT) (Ours)",0.9595,6.79397309989589,0.0100000000000016,"Student-t",55,500,500
"SPI",0.981,8.5262933469183,0,"Student-t",55,500,500
"Synthetic-only",0.9965,14.3303240529097,0,"Student-t",55,500,500
"SCP",0.9685,7.34987895222102,0,"Student-t",55,1000,1000
"RSA-CP (OT) (Ours)",0.9595,6.83490064869044,0.0199999999999996,"Student-t",55,1000,1000
"SPI",0.981,8.5262933469183,0.00999999999999801,"Student-t",55,1000,1000
"Synthetic-only",0.993,11.4645515244351,0,"Student-t",55,1000,1000
"SCP",0.9685,7.34987895222102,0,"Student-t",55,2000,2000
"RSA-CP (OT) (Ours)",0.96,6.87582819748499,0,"Student-t",55,2000,2000
"SPI",0.981,8.5262933469183,0.0300000000000011,"Student-t",55,2000,2000
"Synthetic-only",0.9865,9.49193770089825,0,"Student-t",55,2000,2000
"SCP",0.9685,7.34987895222102,0,"Student-t",55,3000,3000
"RSA-CP (OT) (Ours)",0.9595,6.80624100651823,0.0199999999999996,"Student-t",55,3000,3000
"SPI",0.981,8.5262933469183,0.0500000000000007,"Student-t",55,3000,3000
"Synthetic-only",0.9945,12.229320998686,0,"Student-t",55,3000,3000
"SCP",0.99,14.8011378472758,0.00999999999999801,"LogNormal",56,50,50
"RSA-CP (OT) (Ours)",0.99,14.7711332753065,0,"LogNormal",56,50,50
"SPI",0.997,21.8176036995965,0,"LogNormal",56,50,50
"Synthetic-only",0.983,13.308820426349,0,"LogNormal",56,50,50
"SCP",0.99,14.8011378472758,0,"LogNormal",56,100,100
"RSA-CP (OT) (Ours)",0.978,12.1843104428289,0,"LogNormal",56,100,100
"SPI",0.995,19.0632873984369,0,"LogNormal",56,100,100
"Synthetic-only",0.9945,17.5158712095088,0,"LogNormal",56,100,100
"SCP",0.99,14.8011378472758,0,"LogNormal",56,250,250
"RSA-CP (OT) (Ours)",0.976,11.8468987690275,0.0200000000000031,"LogNormal",56,250,250
"SPI",0.955,9.28098997916213,0,"LogNormal",56,250,250
"Synthetic-only",0.944,8.63709895584291,0,"LogNormal",56,250,250
"SCP",0.99,14.8011378472758,0,"LogNormal",56,500,500
"RSA-CP (OT) (Ours)",0.9705,11.1720754214247,0,"LogNormal",56,500,500
"SPI",0.9915,15.8228392731278,0.00999999999999801,"LogNormal",56,500,500
"Synthetic-only",0.991,15.574692778758,0,"LogNormal",56,500,500
"SCP",0.99,14.8011378472758,0,"LogNormal",56,1000,1000
"RSA-CP (OT) (Ours)",0.974,11.6594478391378,0,"LogNormal",56,1000,1000
"SPI",0.9605,9.76815487533502,0.0199999999999996,"LogNormal",56,1000,1000
"Synthetic-only",0.96,9.73081487063251,0,"LogNormal",56,1000,1000
"SCP",0.99,14.8011378472758,0,"LogNormal",56,2000,2000
"RSA-CP (OT) (Ours)",0.975,11.7344282110937,0,"LogNormal",56,2000,2000
"SPI",0.955,9.28098997916213,0.0399999999999991,"LogNormal",56,2000,2000
"Synthetic-only",0.93,8.09257065799401,0,"LogNormal",56,2000,2000
"SCP",0.99,14.8011378472758,0,"LogNormal",56,3000,3000
"RSA-CP (OT) (Ours)",0.976,11.8834958336781,0.0100000000000016,"LogNormal",56,3000,3000
"SPI",0.984,13.4388171944386,0.0499999999999972,"LogNormal",56,3000,3000
"Synthetic-only",0.983,13.2936368890375,0,"LogNormal",56,3000,3000
"SCP",0.872,4.35208342315552,0,"Student-t",56,50,50
"RSA-CP (OT) (Ours)",0.872,4.33549071092361,0,"Student-t",56,50,50
"SPI",0.999,22.6119559836172,0,"Student-t",56,50,50
"Synthetic-only",0.9945,12.6268493798602,0,"Student-t",56,50,50
"SCP",0.872,4.35208342315552,0,"Student-t",56,100,100
"RSA-CP (OT) (Ours)",0.8665,4.23695683112989,0.0100000000000016,"Student-t",56,100,100
"SPI",0.944,6.01963830802714,0,"Student-t",56,100,100
"Synthetic-only",0.995,13.8098378877182,0,"Student-t",56,100,100
"SCP",0.872,4.35208342315552,0,"Student-t",56,250,250
"RSA-CP (OT) (Ours)",0.863,4.18397467558614,0,"Student-t",56,250,250
"SPI",0.944,6.01963830802714,0,"Student-t",56,250,250
"Synthetic-only",0.995,13.1142348158166,0,"Student-t",56,250,250
"SCP",0.872,4.35208342315552,0,"Student-t",56,500,500
"RSA-CP (OT) (Ours)",0.863,4.18397467558614,0.0199999999999996,"Student-t",56,500,500
"SPI",0.944,6.01963830802714,0,"Student-t",56,500,500
"Synthetic-only",0.9915,10.6799214317201,0,"Student-t",56,500,500
"SCP",0.872,4.35208342315552,0,"Student-t",56,1000,1000
"RSA-CP (OT) (Ours)",0.86,4.11776694957539,0.0100000000000016,"Student-t",56,1000,1000
"SPI",0.944,6.01963830802714,0.0199999999999996,"Student-t",56,1000,1000
"Synthetic-only",0.9945,12.3648333167254,0,"Student-t",56,1000,1000
"SCP",0.872,4.35208342315552,0,"Student-t",56,2000,2000
"RSA-CP (OT) (Ours)",0.8615,4.15813721378691,0,"Student-t",56,2000,2000
"SPI",0.944,6.01963830802714,0.0299999999999976,"Student-t",56,2000,2000
"Synthetic-only",0.995,12.8267994725247,0,"Student-t",56,2000,2000
"SCP",0.872,4.35208342315552,0,"Student-t",56,3000,3000
"RSA-CP (OT) (Ours)",0.861,4.14965701354467,0.0200000000000031,"Student-t",56,3000,3000
"SPI",0.944,6.01963830802714,0.0399999999999991,"Student-t",56,3000,3000
"Synthetic-only",0.9935,11.7262208815996,0,"Student-t",56,3000,3000
"SCP",0.9765,12.0459193609807,0,"LogNormal",57,50,50
"RSA-CP (OT) (Ours)",0.9765,12.0416531962647,0.0199999999999996,"LogNormal",57,50,50
"SPI",0.991,15.6622285820762,0,"LogNormal",57,50,50
"Synthetic-only",0.9885,13.8243073825944,0,"LogNormal",57,50,50
"SCP",0.9765,12.0459193609807,0,"LogNormal",57,100,100
"RSA-CP (OT) (Ours)",0.968,10.8395604503381,0,"LogNormal",57,100,100
"SPI",0.981,12.7485355180844,0,"LogNormal",57,100,100
"Synthetic-only",0.9945,17.9113721653269,0,"LogNormal",57,100,100
"SCP",0.9765,12.0459193609807,0,"LogNormal",57,250,250
"RSA-CP (OT) (Ours)",0.9675,10.6737545543482,0.0199999999999996,"LogNormal",57,250,250
"SPI",0.981,12.7485355180844,0,"LogNormal",57,250,250
"Synthetic-only",0.969,11.0012406550432,0,"LogNormal",57,250,250
"SCP",0.9765,12.0459193609807,0,"LogNormal",57,500,500
"RSA-CP (OT) (Ours)",0.967,10.6052767766345,0,"LogNormal",57,500,500
"SPI",0.9735,11.5309060867111,0.0100000000000016,"LogNormal",57,500,500
"Synthetic-only",0.9665,10.5317663128095,0,"LogNormal",57,500,500
"SCP",0.9765,12.0459193609807,0,"LogNormal",57,1000,1000
"RSA-CP (OT) (Ours)",0.966,10.414879492636,0,"LogNormal",57,1000,1000
"SPI",0.968,10.7567156757451,0.0199999999999996,"LogNormal",57,1000,1000
"Synthetic-only",0.966,10.4078242711477,0,"LogNormal",57,1000,1000
"SCP",0.9765,12.0459193609807,0,"LogNormal",57,2000,2000
"RSA-CP (OT) (Ours)",0.964,10.2202088479138,0.00999999999999801,"LogNormal",57,2000,2000
"SPI",0.953,9.17197152595049,0.0300000000000011,"LogNormal",57,2000,2000
"Synthetic-only",0.948,8.76487241764722,0,"LogNormal",57,2000,2000
"SCP",0.9765,12.0459193609807,0,"LogNormal",57,3000,3000
"RSA-CP (OT) (Ours)",0.9665,10.4635471538166,0.0199999999999996,"LogNormal",57,3000,3000
"SPI",0.953,9.17197152595049,0.0500000000000007,"LogNormal",57,3000,3000
"Synthetic-only",0.941,8.52437451589635,0,"LogNormal",57,3000,3000
"SCP",0.913,5.14571086168751,0,"Student-t",57,50,50
"RSA-CP (OT) (Ours)",0.913,5.13425178433065,0,"Student-t",57,50,50
"SPI",0.9225,5.47695202212207,0,"Student-t",57,50,50
"Synthetic-only",0.922,5.438403774428,0,"Student-t",57,50,50
"SCP",0.913,5.14571086168751,0,"Student-t",57,100,100
"RSA-CP (OT) (Ours)",0.9055,5.01445257602961,0.00999999999999801,"Student-t",57,100,100
"SPI",0.917,5.2800444402382,0,"Student-t",57,100,100
"Synthetic-only",0.987,9.55361521895056,0,"Student-t",57,100,100
"SCP",0.913,5.14571086168751,0,"Student-t",57,250,250
"RSA-CP (OT) (Ours)",0.9045,4.90579708911379,0,"Student-t",57,250,250
"SPI",0.917,5.2800444402382,0,"Student-t",57,250,250
"Synthetic-only",0.986,9.405237698552,0,"Student-t",57,250,250
"SCP",0.913,5.14571086168751,0,"Student-t",57,500,500
"RSA-CP (OT) (Ours)",0.882,4.50802975756402,0,"Student-t",57,500,500
"SPI",0.917,5.2800444402382,0,"Student-t",57,500,500
"Synthetic-only",0.995,12.8679869007977,0,"Student-t",57,500,500
"SCP",0.913,5.14571086168751,0,"Student-t",57,1000,1000
"RSA-CP (OT) (Ours)",0.8885,4.68481523825281,0,"Student-t",57,1000,1000
"SPI",0.917,5.2800444402382,0.0199999999999996,"Student-t",57,1000,1000
"Synthetic-only",0.995,12.9458801016802,0,"Student-t",57,1000,1000
"SCP",0.913,5.14571086168751,0,"Student-t",57,2000,2000
"RSA-CP (OT) (Ours)",0.8875,4.64061886808061,0,"Student-t",57,2000,2000
"SPI",0.917,5.2800444402382,0.0300000000000011,"Student-t",57,2000,2000
"Synthetic-only",0.9935,11.4709471421735,0,"Student-t",57,2000,2000
"SCP",0.913,5.14571086168751,0,"Student-t",57,3000,3000
"RSA-CP (OT) (Ours)",0.8875,4.64061886808061,0,"Student-t",57,3000,3000
"SPI",0.917,5.2800444402382,0.0399999999999991,"Student-t",57,3000,3000
"Synthetic-only",0.9935,11.5622484701381,0,"Student-t",57,3000,3000
"SCP",0.9495,8.81268317012545,0,"LogNormal",58,50,50
"RSA-CP (OT) (Ours)",0.9485,8.80368762121784,0,"LogNormal",58,50,50
"SPI",0.999,28.285401357538,0,"LogNormal",58,50,50
"Synthetic-only",0.9765,11.9739360684146,0,"LogNormal",58,50,50
"SCP",0.9495,8.81268317012545,0,"LogNormal",58,100,100
"RSA-CP (OT) (Ours)",0.938,8.45956953830379,0,"LogNormal",58,100,100
"SPI",0.9915,16.2958211509549,0.0100000000000016,"LogNormal",58,100,100
"Synthetic-only",0.9915,16.1303762692644,0,"LogNormal",58,100,100
"SCP",0.9495,8.81268317012545,0,"LogNormal",58,250,250
"RSA-CP (OT) (Ours)",0.941,8.53796241924517,0,"LogNormal",58,250,250
"SPI",0.993,16.7435458161477,0,"LogNormal",58,250,250
"Synthetic-only",0.9925,16.5307576194298,0,"LogNormal",58,250,250
"SCP",0.9495,8.81268317012545,0,"LogNormal",58,500,500
"RSA-CP (OT) (Ours)",0.936,8.37313688991611,0.0199999999999996,"LogNormal",58,500,500
"SPI",0.9875,13.6768038311287,0,"LogNormal",58,500,500
"Synthetic-only",0.9735,11.5646967938335,0,"LogNormal",58,500,500
"SCP",0.9495,8.81268317012545,0,"LogNormal",58,1000,1000
"RSA-CP (OT) (Ours)",0.9375,8.40610199578193,0.0100000000000016,"LogNormal",58,1000,1000
"SPI",0.981,12.4888560589279,0.0199999999999996,"LogNormal",58,1000,1000
"Synthetic-only",0.978,12.2203441860971,0,"LogNormal",58,1000,1000
"SCP",0.9495,8.81268317012545,0,"LogNormal",58,2000,2000
"RSA-CP (OT) (Ours)",0.936,8.37313688991611,0,"LogNormal",58,2000,2000
"SPI",0.9435,8.6314804958346,0.0299999999999976,"LogNormal",58,2000,2000
"Synthetic-only",0.941,8.52708152747846,0,"LogNormal",58,2000,2000
"SCP",0.9495,8.81268317012545,0,"LogNormal",58,3000,3000
"RSA-CP (OT) (Ours)",0.936,8.36844557237399,0.0200000000000031,"LogNormal",58,3000,3000
"SPI",0.9515,9.00304171038856,0.0399999999999991,"LogNormal",58,3000,3000
"Synthetic-only",0.9495,8.81789822651636,0,"LogNormal",58,3000,3000
"SCP",0.877,4.39959914722215,0,"Student-t",58,50,50
"RSA-CP (OT) (Ours)",0.8765,4.39085053024924,0,"Student-t",58,50,50
"SPI",0.999,20.427963047849,0,"Student-t",58,50,50
"Synthetic-only",0.9965,14.3671146111633,0,"Student-t",58,50,50
"SCP",0.877,4.39959914722215,0,"Student-t",58,100,100
"RSA-CP (OT) (Ours)",0.867,4.27467936561797,0,"Student-t",58,100,100
"SPI",0.9595,6.79053423586936,0,"Student-t",58,100,100
"Synthetic-only",0.995,12.8747012875685,0,"Student-t",58,100,100
"SCP",0.877,4.39959914722215,0,"Student-t",58,250,250
"RSA-CP (OT) (Ours)",0.8715,4.3297471373154,0,"Student-t",58,250,250
"SPI",0.9595,6.79053423586936,0.0199999999999996,"Student-t",58,250,250
"Synthetic-only",0.9965,14.6762623225484,0.0199999999999996,"Student-t",58,250,250
"SCP",0.877,4.39959914722215,0,"Student-t",58,500,500
"RSA-CP (OT) (Ours)",0.867,4.27036904156499,0,"Student-t",58,500,500
"SPI",0.9595,6.79053423586936,0.0100000000000016,"Student-t",58,500,500
"Synthetic-only",0.981,8.53851648807581,0,"Student-t",58,500,500
"SCP",0.877,4.39959914722215,0,"Student-t",58,1000,1000
"RSA-CP (OT) (Ours)",0.8665,4.25292585575477,0,"Student-t",58,1000,1000
"SPI",0.9595,6.79053423586936,0.0199999999999996,"Student-t",58,1000,1000
"Synthetic-only",0.988,9.74962362472519,0,"Student-t",58,1000,1000
"SCP",0.877,4.39959914722215,0,"Student-t",58,2000,2000
"RSA-CP (OT) (Ours)",0.8665,4.2515158933648,0.00999999999999801,"Student-t",58,2000,2000
"SPI",0.9595,6.79053423586936,0.0300000000000011,"Student-t",58,2000,2000
"Synthetic-only",0.9945,12.2064509424781,0,"Student-t",58,2000,2000
"SCP",0.877,4.39959914722215,0,"Student-t",58,3000,3000
"RSA-CP (OT) (Ours)",0.8665,4.2515158933648,0,"Student-t",58,3000,3000
"SPI",0.9595,6.79053423586936,0.0500000000000007,"Student-t",58,3000,3000
"Synthetic-only",0.9945,12.2402388424946,0,"Student-t",58,3000,3000
"SCP",0.9705,11.177037444779,0,"LogNormal",59,50,50
"RSA-CP (OT) (Ours)",0.9705,11.1720754214247,0,"LogNormal",59,50,50
"SPI",0.998,24.5320052405441,0,"LogNormal",59,50,50
"Synthetic-only",0.9915,16.1158688852613,0,"LogNormal",59,50,50
"SCP",0.9705,11.177037444779,0,"LogNormal",59,100,100
"RSA-CP (OT) (Ours)",0.9695,11.1345852354467,0.00999999999999801,"LogNormal",59,100,100
"SPI",0.9695,11.061347462112,0,"LogNormal",59,100,100
"Synthetic-only",0.9005,7.23150550295165,0,"LogNormal",59,100,100
"SCP",0.9705,11.177037444779,0,"LogNormal",59,250,250
"RSA-CP (OT) (Ours)",0.9695,11.0970950494688,0,"LogNormal",59,250,250
"SPI",0.978,12.2314617177017,0,"LogNormal",59,250,250
"Synthetic-only",0.9915,15.9550574010621,0,"LogNormal",59,250,250
"SCP",0.9705,11.177037444779,0,"LogNormal",59,500,500
"RSA-CP (OT) (Ours)",0.9695,11.0970950494688,0,"LogNormal",59,500,500
"SPI",0.9695,11.061347462112,0,"LogNormal",59,500,500
"Synthetic-only",0.93,8.06832633988368,0,"LogNormal",59,500,500
"SCP",0.9705,11.177037444779,0,"LogNormal",59,1000,1000
"RSA-CP (OT) (Ours)",0.9695,11.0970950494688,0.00999999999999801,"LogNormal",59,1000,1000
"SPI",0.9695,11.061347462112,0.0199999999999996,"LogNormal",59,1000,1000
"Synthetic-only",0.947,8.73927373056406,0,"LogNormal",59,1000,1000
"SCP",0.9705,11.177037444779,0,"LogNormal",59,2000,2000
"RSA-CP (OT) (Ours)",0.9695,11.0708197327099,0.0100000000000016,"LogNormal",59,2000,2000
"SPI",0.978,12.2314617177017,0.0399999999999991,"LogNormal",59,2000,2000
"Synthetic-only",0.9915,16.022230081157,0,"LogNormal",59,2000,2000
"SCP",0.9705,11.177037444779,0,"LogNormal",59,3000,3000
"RSA-CP (OT) (Ours)",0.9695,11.099519715658,0,"LogNormal",59,3000,3000
"SPI",0.978,12.2314617177017,0.0399999999999991,"LogNormal",59,3000,3000
"Synthetic-only",0.9775,12.0866843163116,0,"LogNormal",59,3000,3000
"SCP",0.963,7.07514155620698,0,"Student-t",59,50,50
"RSA-CP (OT) (Ours)",0.963,7.07282714464361,0.0199999999999996,"Student-t",59,50,50
"SPI",0.999,19.3990647101033,0,"Student-t",59,50,50
"Synthetic-only",0.956,6.66677680880032,0,"Student-t",59,50,50
"SCP",0.963,7.07514155620698,0,"Student-t",59,100,100
"RSA-CP (OT) (Ours)",0.9595,6.76524487353667,0,"Student-t",59,100,100
"SPI",0.97,7.49682443011754,0,"Student-t",59,100,100
"Synthetic-only",0.9715,7.71466626950183,0,"Student-t",59,100,100
"SCP",0.963,7.07514155620698,0,"Student-t",59,250,250
"RSA-CP (OT) (Ours)",0.947,6.15940204904085,0.0100000000000016,"Student-t",59,250,250
"SPI",0.97,7.49682443011754,0,"Student-t",59,250,250
"Synthetic-only",0.993,11.426560479529,0,"Student-t",59,250,250
"SCP",0.963,7.07514155620698,0,"Student-t",59,500,500
"RSA-CP (OT) (Ours)",0.952,6.38659310822678,0,"Student-t",59,500,500
"SPI",0.97,7.49682443011754,0.0199999999999996,"Student-t",59,500,500
"Synthetic-only",0.993,11.0083569150623,0,"Student-t",59,500,500
"SCP",0.963,7.07514155620698,0,"Student-t",59,1000,1000
"RSA-CP (OT) (Ours)",0.947,6.15508220164,0,"Student-t",59,1000,1000
"SPI",0.97,7.49682443011754,0.0100000000000016,"Student-t",59,1000,1000
"Synthetic-only",0.993,11.2928040654077,0,"Student-t",59,1000,1000
"SCP",0.963,7.07514155620698,0,"Student-t",59,2000,2000
"RSA-CP (OT) (Ours)",0.944,6.02936883130294,0.0199999999999996,"Student-t",59,2000,2000
"SPI",0.97,7.49682443011754,0.0199999999999996,"Student-t",59,2000,2000
"Synthetic-only",0.993,11.4108166168048,0.00999999999999801,"Student-t",59,2000,2000
"SCP",0.963,7.07514155620698,0,"Student-t",59,3000,3000
"RSA-CP (OT) (Ours)",0.947,6.14531823190492,0,"Student-t",59,3000,3000
"SPI",0.97,7.49682443011754,0.0500000000000007,"Student-t",59,3000,3000
"Synthetic-only",0.993,11.1088055732551,0,"Student-t",59,3000,3000
"SCP",0.973,11.4611667934868,0,"LogNormal",60,50,50
"RSA-CP (OT) (Ours)",0.973,11.45558391624,0,"LogNormal",60,50,50
"SPI",0.9945,18.7217761696727,0,"LogNormal",60,50,50
"Synthetic-only",0.908,7.43831605596177,0,"LogNormal",60,50,50
"SCP",0.973,11.4611667934868,0,"LogNormal",60,100,100
"RSA-CP (OT) (Ours)",0.9705,11.1655691335504,0.0199999999999996,"LogNormal",60,100,100
"SPI",0.9885,13.7921983871564,0,"LogNormal",60,100,100
"Synthetic-only",0.981,12.9595051493158,0,"LogNormal",60,100,100
"SCP",0.973,11.4611667934868,0,"LogNormal",60,250,250
"RSA-CP (OT) (Ours)",0.968,10.697514343145,0,"LogNormal",60,250,250
"SPI",0.9615,9.88769264190902,0,"LogNormal",60,250,250
"Synthetic-only",0.93,8.18484097163436,0,"LogNormal",60,250,250
"SCP",0.973,11.4611667934868,0,"LogNormal",60,500,500
"RSA-CP (OT) (Ours)",0.966,10.3978284659778,0,"LogNormal",60,500,500
"SPI",0.9885,13.7921983871564,0,"LogNormal",60,500,500
"Synthetic-only",0.991,15.3487889466716,0,"LogNormal",60,500,500
"SCP",0.973,11.4611667934868,0,"LogNormal",60,1000,1000
"RSA-CP (OT) (Ours)",0.967,10.6078856067046,0.0100000000000016,"LogNormal",60,1000,1000
"SPI",0.987,13.5994663678332,0.0199999999999996,"LogNormal",60,1000,1000
"Synthetic-only",0.981,12.9929089737352,0,"LogNormal",60,1000,1000
"SCP",0.973,11.4611667934868,0,"LogNormal",60,2000,2000
"RSA-CP (OT) (Ours)",0.966,10.3978284659778,0,"LogNormal",60,2000,2000
"SPI",0.9615,9.88769264190902,0.0299999999999976,"LogNormal",60,2000,2000
"Synthetic-only",0.951,8.94111178336738,0,"LogNormal",60,2000,2000
"SCP",0.973,11.4611667934868,0,"LogNormal",60,3000,3000
"RSA-CP (OT) (Ours)",0.967,10.6078856067046,0,"LogNormal",60,3000,3000
"SPI",0.9615,9.88769264190902,0.0500000000000007,"LogNormal",60,3000,3000
"Synthetic-only",0.9475,8.74717797531502,0,"LogNormal",60,3000,3000
"SCP",0.9235,5.53807740455183,0,"Student-t",60,50,50
"RSA-CP (OT) (Ours)",0.9235,5.52483232441985,0.0199999999999996,"Student-t",60,50,50
"SPI",0.999,21.6404007037895,0,"Student-t",60,50,50
"Synthetic-only",0.999,17.5504963075495,0,"Student-t",60,50,50
"SCP",0.9235,5.53807740455183,0,"Student-t",60,100,100
"RSA-CP (OT) (Ours)",0.9165,5.2596403728477,0,"Student-t",60,100,100
"SPI",0.9855,9.26883916426665,0,"Student-t",60,100,100
"Synthetic-only",0.997,14.9710741437861,0,"Student-t",60,100,100
"SCP",0.9235,5.53807740455183,0,"Student-t",60,250,250
"RSA-CP (OT) (Ours)",0.9165,5.2596403728477,0,"Student-t",60,250,250
"SPI",0.9805,8.45813376957797,0.00999999999999801,"Student-t",60,250,250
"Synthetic-only",0.9805,8.4565355619088,0.00999999999999801,"Student-t",60,250,250
"SCP",0.9235,5.53807740455183,0,"Student-t",60,500,500
"RSA-CP (OT) (Ours)",0.916,5.25071326393277,0,"Student-t",60,500,500
"SPI",0.9855,9.26883916426665,0.0200000000000031,"Student-t",60,500,500
"Synthetic-only",0.993,11.0917908095752,0,"Student-t",60,500,500
"SCP",0.9235,5.53807740455183,0,"Student-t",60,1000,1000
"RSA-CP (OT) (Ours)",0.917,5.27223258058823,0,"Student-t",60,1000,1000
"SPI",0.9855,9.26883916426665,0.00999999999999801,"Student-t",60,1000,1000
"Synthetic-only",0.9935,12.1482638745884,0,"Student-t",60,1000,1000
"SCP",0.9235,5.53807740455183,0,"Student-t",60,2000,2000
"RSA-CP (OT) (Ours)",0.9155,5.24708891349665,0.0199999999999996,"Student-t",60,2000,2000
"SPI",0.9855,9.26883916426665,0.0300000000000011,"Student-t",60,2000,2000
"Synthetic-only",0.993,11.0657457649016,0,"Student-t",60,2000,2000
"SCP",0.9235,5.53807740455183,0,"Student-t",60,3000,3000
"RSA-CP (OT) (Ours)",0.9155,5.24708891349665,0,"Student-t",60,3000,3000
"SPI",0.9855,9.26883916426665,0.0500000000000007,"Student-t",60,3000,3000
"Synthetic-only",0.9935,11.5613082139376,0,"Student-t",60,3000,3000
"SCP",0.905,7.34237730787262,0,"LogNormal",61,50,50
"RSA-CP (OT) (Ours)",0.905,7.3253209225966,0,"LogNormal",61,50,50
"SPI",0.997,23.2656574108802,0,"LogNormal",61,50,50
"Synthetic-only",0.994,16.9790844623872,0,"LogNormal",61,50,50
"SCP",0.905,7.34237730787262,0,"LogNormal",61,100,100
"RSA-CP (OT) (Ours)",0.8805,6.5996995104526,0,"LogNormal",61,100,100
"SPI",0.9695,11.1048340301007,0.0199999999999996,"LogNormal",61,100,100
"Synthetic-only",0.9905,14.9940920441156,0,"LogNormal",61,100,100
"SCP",0.905,7.34237730787262,0,"LogNormal",61,250,250
"RSA-CP (OT) (Ours)",0.881,6.61176156250581,0,"LogNormal",61,250,250
"SPI",0.9625,9.96983550900566,0,"LogNormal",61,250,250
"Synthetic-only",0.957,9.37781717340181,0,"LogNormal",61,250,250
"SCP",0.905,7.34237730787262,0,"LogNormal",61,500,500
"RSA-CP (OT) (Ours)",0.881,6.61176156250581,0.0100000000000016,"LogNormal",61,500,500
"SPI",0.9595,9.57814368394206,0,"LogNormal",61,500,500
"Synthetic-only",0.941,8.55929774341513,0,"LogNormal",61,500,500
"SCP",0.905,7.34237730787262,0,"LogNormal",61,1000,1000
"RSA-CP (OT) (Ours)",0.874,6.47108578458015,0.0199999999999996,"LogNormal",61,1000,1000
"SPI",0.9695,11.1048340301007,0.0100000000000016,"LogNormal",61,1000,1000
"Synthetic-only",0.99,14.3270907281563,0,"LogNormal",61,1000,1000
"SCP",0.905,7.34237730787262,0,"LogNormal",61,2000,2000
"RSA-CP (OT) (Ours)",0.874,6.47108578458015,0,"LogNormal",61,2000,2000
"SPI",0.9695,11.1048340301007,0.0399999999999991,"LogNormal",61,2000,2000
"Synthetic-only",0.9885,13.7969138801099,0,"LogNormal",61,2000,2000
"SCP",0.905,7.34237730787262,0,"LogNormal",61,3000,3000
"RSA-CP (OT) (Ours)",0.877,6.54142367354298,0.00999999999999801,"LogNormal",61,3000,3000
"SPI",0.96,9.73004554772051,0.0500000000000007,"LogNormal",61,3000,3000
"Synthetic-only",0.959,9.53594181996982,0,"LogNormal",61,3000,3000
"SCP",0.974,7.97500373583587,0,"Student-t",61,50,50
"RSA-CP (OT) (Ours)",0.974,7.9607810271074,0,"Student-t",61,50,50
"SPI",0.999,19.0662662501202,0,"Student-t",61,50,50
"Synthetic-only",0.999,18.6739069896075,0,"Student-t",61,50,50
"SCP",0.974,7.97500373583587,0,"Student-t",61,100,100
"RSA-CP (OT) (Ours)",0.971,7.6448770180952,0.0100000000000016,"Student-t",61,100,100
"SPI",0.9965,14.6861410713321,0,"Student-t",61,100,100
"Synthetic-only",0.996,13.9926742949615,0,"Student-t",61,100,100
"SCP",0.974,7.97500373583587,0,"Student-t",61,250,250
"RSA-CP (OT) (Ours)",0.97,7.4869250135891,0,"Student-t",61,250,250
"SPI",0.9935,11.9924439103393,0,"Student-t",61,250,250
"Synthetic-only",0.993,10.8858942035012,0,"Student-t",61,250,250
"SCP",0.974,7.97500373583587,0,"Student-t",61,500,500
"RSA-CP (OT) (Ours)",0.9665,7.26579220728056,0,"Student-t",61,500,500
"SPI",0.9935,11.933811765461,0,"Student-t",61,500,500
"Synthetic-only",0.9935,11.8656702121567,0,"Student-t",61,500,500
"SCP",0.974,7.97500373583587,0,"Student-t",61,1000,1000
"RSA-CP (OT) (Ours)",0.964,7.1710210045769,0.0199999999999996,"Student-t",61,1000,1000
"SPI",0.993,10.8435130465671,0.0100000000000016,"Student-t",61,1000,1000
"Synthetic-only",0.9915,10.680822680187,0,"Student-t",61,1000,1000
"SCP",0.974,7.97500373583587,0,"Student-t",61,2000,2000
"RSA-CP (OT) (Ours)",0.964,7.1598119678958,0,"Student-t",61,2000,2000
"SPI",0.9935,11.760578060596,0.0299999999999976,"Student-t",61,2000,2000
"Synthetic-only",0.9935,11.6265012450753,0,"Student-t",61,2000,2000
"SCP",0.974,7.97500373583587,0,"Student-t",61,3000,3000
"RSA-CP (OT) (Ours)",0.966,7.24820470824019,0.0199999999999996,"Student-t",61,3000,3000
"SPI",0.9945,12.3164282665768,0.0400000000000027,"Student-t",61,3000,3000
"Synthetic-only",0.9945,12.230284986842,0,"Student-t",61,3000,3000
"SCP",0.9645,10.2836295578065,0,"LogNormal",62,50,50
"RSA-CP (OT) (Ours)",0.9645,10.2698101825373,0.0199999999999996,"LogNormal",62,50,50
"SPI",0.9985,25.4888710899238,0,"LogNormal",62,50,50
"Synthetic-only",0.998,25.0280509150244,0,"LogNormal",62,50,50
"SCP",0.9645,10.2836295578065,0,"LogNormal",62,100,100
"RSA-CP (OT) (Ours)",0.9605,9.79515509006711,0,"LogNormal",62,100,100
"SPI",0.994,17.2458016930844,0,"LogNormal",62,100,100
"Synthetic-only",0.9945,17.5241573574845,0,"LogNormal",62,100,100
"SCP",0.9645,10.2836295578065,0,"LogNormal",62,250,250
"RSA-CP (OT) (Ours)",0.9545,9.24244723228007,0.0199999999999996,"LogNormal",62,250,250
"SPI",0.994,16.9597354132308,0,"LogNormal",62,250,250
"Synthetic-only",0.9915,16.3292485517806,0,"LogNormal",62,250,250
"SCP",0.9645,10.2836295578065,0,"LogNormal",62,500,500
"RSA-CP (OT) (Ours)",0.9475,8.74470205650047,0,"LogNormal",62,500,500
"SPI",0.9915,15.8682963026893,0.00999999999999801,"LogNormal",62,500,500
"Synthetic-only",0.991,15.2681193596987,0,"LogNormal",62,500,500
"SCP",0.9645,10.2836295578065,0,"LogNormal",62,1000,1000
"RSA-CP (OT) (Ours)",0.944,8.64113834917656,0,"LogNormal",62,1000,1000
"SPI",0.99,14.2627215946661,0.0200000000000031,"LogNormal",62,1000,1000
"Synthetic-only",0.99,14.2581434717001,0,"LogNormal",62,1000,1000
"SCP",0.9645,10.2836295578065,0,"LogNormal",62,2000,2000
"RSA-CP (OT) (Ours)",0.947,8.72964109005215,0.00999999999999801,"LogNormal",62,2000,2000
"SPI",0.981,12.5275755732199,0.0300000000000011,"LogNormal",62,2000,2000
"Synthetic-only",0.981,12.4945128959949,0,"LogNormal",62,2000,2000
"SCP",0.9645,10.2836295578065,0,"LogNormal",62,3000,3000
"RSA-CP (OT) (Ours)",0.944,8.66638282128366,0,"LogNormal",62,3000,3000
"SPI",0.957,9.37006212576237,0.0500000000000007,"LogNormal",62,3000,3000
"Synthetic-only",0.9545,9.23140934818185,0.0199999999999996,"LogNormal",62,3000,3000
"SCP",0.901,4.84872807070002,0,"Student-t",62,50,50
"RSA-CP (OT) (Ours)",0.9005,4.84321880357418,0,"Student-t",62,50,50
"SPI",0.998,15.7980945025245,0,"Student-t",62,50,50
"Synthetic-only",0.989,10.1723690564303,0,"Student-t",62,50,50
"SCP",0.901,4.84872807070002,0,"Student-t",62,100,100
"RSA-CP (OT) (Ours)",0.8935,4.76021699839666,0,"Student-t",62,100,100
"SPI",0.922,5.42965810704577,0,"Student-t",62,100,100
"Synthetic-only",0.9985,16.2400677718441,0,"Student-t",62,100,100
"SCP",0.901,4.84872807070002,0,"Student-t",62,250,250
"RSA-CP (OT) (Ours)",0.8935,4.76021699839666,0.00999999999999801,"Student-t",62,250,250
"SPI",0.922,5.42965810704577,0,"Student-t",62,250,250
"Synthetic-only",0.9945,12.2019527006149,0,"Student-t",62,250,250
"SCP",0.901,4.84872807070002,0,"Student-t",62,500,500
"RSA-CP (OT) (Ours)",0.8895,4.70084396032096,0,"Student-t",62,500,500
"SPI",0.922,5.42965810704577,0.0199999999999996,"Student-t",62,500,500
"Synthetic-only",0.9965,14.6236343837711,0,"Student-t",62,500,500
"SCP",0.901,4.84872807070002,0,"Student-t",62,1000,1000
"RSA-CP (OT) (Ours)",0.8875,4.63797602407918,0,"Student-t",62,1000,1000
"SPI",0.922,5.42965810704577,0.0100000000000016,"Student-t",62,1000,1000
"Synthetic-only",0.989,10.325605260654,0,"Student-t",62,1000,1000
"SCP",0.901,4.84872807070002,0.0199999999999996,"Student-t",62,2000,2000
"RSA-CP (OT) (Ours)",0.8875,4.63797602407918,0,"Student-t",62,2000,2000
"SPI",0.922,5.42965810704577,0.0300000000000011,"Student-t",62,2000,2000
"Synthetic-only",0.993,10.8327441032998,0,"Student-t",62,2000,2000
"SCP",0.901,4.84872807070002,0,"Student-t",62,3000,3000
"RSA-CP (OT) (Ours)",0.8875,4.63797602407918,0,"Student-t",62,3000,3000
"SPI",0.922,5.42965810704577,0.0500000000000007,"Student-t",62,3000,3000
"Synthetic-only",0.9935,11.9912016587905,0,"Student-t",62,3000,3000
"SCP",0.9245,7.90759660135818,0,"LogNormal",63,50,50
"RSA-CP (OT) (Ours)",0.9235,7.88499049726014,0,"LogNormal",63,50,50
"SPI",0.9945,18.810255314532,0,"LogNormal",63,50,50
"Synthetic-only",0.9925,16.589344768525,0,"LogNormal",63,50,50
"SCP",0.9245,7.90759660135818,0,"LogNormal",63,100,100
"RSA-CP (OT) (Ours)",0.922,7.79990067175013,0,"LogNormal",63,100,100
"SPI",0.932,8.2901065682148,0,"LogNormal",63,100,100
"Synthetic-only",0.93,8.13718168962009,0,"LogNormal",63,100,100
"SCP",0.9245,7.90759660135818,0,"LogNormal",63,250,250
"RSA-CP (OT) (Ours)",0.9195,7.75338018083502,0,"LogNormal",63,250,250
"SPI",0.932,8.2901065682148,0.0100000000000016,"LogNormal",63,250,250
"Synthetic-only",0.933,8.31594207260684,0,"LogNormal",63,250,250
"SCP",0.9245,7.90759660135818,0,"LogNormal",63,500,500
"RSA-CP (OT) (Ours)",0.9195,7.75338018083502,0,"LogNormal",63,500,500
"SPI",0.932,8.2901065682148,0.0199999999999996,"LogNormal",63,500,500
"Synthetic-only",0.9915,16.3983052685446,0,"LogNormal",63,500,500
"SCP",0.9245,7.90759660135818,0,"LogNormal",63,1000,1000
"RSA-CP (OT) (Ours)",0.9195,7.75338018083502,0,"LogNormal",63,1000,1000
"SPI",0.932,8.2901065682148,0.0199999999999996,"LogNormal",63,1000,1000
"Synthetic-only",0.9905,15.1599789423136,0,"LogNormal",63,1000,1000
"SCP",0.9245,7.90759660135818,0,"LogNormal",63,2000,2000
"RSA-CP (OT) (Ours)",0.9195,7.75338018083502,0,"LogNormal",63,2000,2000
"SPI",0.932,8.2901065682148,0.0300000000000011,"LogNormal",63,2000,2000
"Synthetic-only",0.9635,10.1655891441051,0.0100000000000016,"LogNormal",63,2000,2000
"SCP",0.9245,7.90759660135818,0,"LogNormal",63,3000,3000
"RSA-CP (OT) (Ours)",0.9195,7.75338018083502,0,"LogNormal",63,3000,3000
"SPI",0.932,8.2901065682148,0.0500000000000007,"LogNormal",63,3000,3000
"Synthetic-only",0.981,12.9448527670526,0,"LogNormal",63,3000,3000
"SCP",0.981,8.53984620607518,0,"Student-t",63,50,50
"RSA-CP (OT) (Ours)",0.981,8.51182617587211,0.0100000000000016,"Student-t",63,50,50
"SPI",0.995,13.1529632155055,0,"Student-t",63,50,50
"Synthetic-only",0.995,13.1304605841052,0,"Student-t",63,50,50
"SCP",0.981,8.53984620607518,0,"Student-t",63,100,100
"RSA-CP (OT) (Ours)",0.973,7.86610143149561,0,"Student-t",63,100,100
"SPI",0.993,11.2028485019858,0,"Student-t",63,100,100
"Synthetic-only",0.995,13.7102048384689,0,"Student-t",63,100,100
"SCP",0.981,8.53984620607518,0,"Student-t",63,250,250
"RSA-CP (OT) (Ours)",0.972,7.74869693251806,0,"Student-t",63,250,250
"SPI",0.9855,9.31334217883308,0.0199999999999996,"Student-t",63,250,250
"Synthetic-only",0.981,8.51705887859259,0.0199999999999996,"Student-t",63,250,250
"SCP",0.981,8.53984620607518,0,"Student-t",63,500,500
"RSA-CP (OT) (Ours)",0.972,7.74869693251806,0,"Student-t",63,500,500
"SPI",0.993,11.2028485019858,0.0199999999999996,"Student-t",63,500,500
"Synthetic-only",0.993,11.0164523635917,0,"Student-t",63,500,500
"SCP",0.981,8.53984620607518,0,"Student-t",63,1000,1000
"RSA-CP (OT) (Ours)",0.9745,7.98350593047316,0,"Student-t",63,1000,1000
"SPI",0.993,11.2028485019858,0.00999999999999801,"Student-t",63,1000,1000
"Synthetic-only",0.993,11.1160161766927,0,"Student-t",63,1000,1000
"SCP",0.981,8.53984620607518,0,"Student-t",63,2000,2000
"RSA-CP (OT) (Ours)",0.9725,7.83570037731931,0.0200000000000031,"Student-t",63,2000,2000
"SPI",0.993,11.2028485019858,0.0299999999999976,"Student-t",63,2000,2000
"Synthetic-only",0.9945,12.5827258947002,0,"Student-t",63,2000,2000
"SCP",0.981,8.53984620607518,0,"Student-t",63,3000,3000
"RSA-CP (OT) (Ours)",0.9725,7.83570037731931,0,"Student-t",63,3000,3000
"SPI",0.993,11.0659881271598,0.0500000000000007,"Student-t",63,3000,3000
"Synthetic-only",0.993,11.0226887803352,0,"Student-t",63,3000,3000
"SCP",0.904,7.28611382801891,0,"LogNormal",64,50,50
"RSA-CP (OT) (Ours)",0.9035,7.27261928606657,0,"LogNormal",64,50,50
"SPI",0.991,15.699828159145,0,"LogNormal",64,50,50
"Synthetic-only",0.9425,8.58767650645002,0,"LogNormal",64,50,50
"SCP",0.904,7.28611382801891,0,"LogNormal",64,100,100
"RSA-CP (OT) (Ours)",0.9005,7.23129758557756,0.0199999999999996,"LogNormal",64,100,100
"SPI",0.9015,7.24925669525401,0,"LogNormal",64,100,100
"Synthetic-only",0.89,7.03193926641195,0,"LogNormal",64,100,100
"SCP",0.904,7.28611382801891,0,"LogNormal",64,250,250
"RSA-CP (OT) (Ours)",0.877,6.54948952750882,0,"LogNormal",64,250,250
"SPI",0.9925,16.5149062954428,0,"LogNormal",64,250,250
"Synthetic-only",0.9945,18.4104603095817,0,"LogNormal",64,250,250
"SCP",0.904,7.28611382801891,0,"LogNormal",64,500,500
"RSA-CP (OT) (Ours)",0.8845,6.82079497499741,0,"LogNormal",64,500,500
"SPI",0.9925,16.5149062954428,0,"LogNormal",64,500,500
"Synthetic-only",0.9915,16.1594590810098,0,"LogNormal",64,500,500
"SCP",0.904,7.28611382801891,0,"LogNormal",64,1000,1000
"RSA-CP (OT) (Ours)",0.8845,6.82197209835951,0,"LogNormal",64,1000,1000
"SPI",0.983,13.2855194900743,0.0100000000000016,"LogNormal",64,1000,1000
"Synthetic-only",0.9715,11.3499102892454,0,"LogNormal",64,1000,1000
"SCP",0.904,7.28611382801891,0,"LogNormal",64,2000,2000
"RSA-CP (OT) (Ours)",0.8825,6.68209945146864,0,"LogNormal",64,2000,2000
"SPI",0.9515,9.00760268060225,0.0500000000000007,"LogNormal",64,2000,2000
"Synthetic-only",0.951,8.94309489532606,0.0199999999999996,"LogNormal",64,2000,2000
"SCP",0.904,7.28611382801891,0,"LogNormal",64,3000,3000
"RSA-CP (OT) (Ours)",0.881,6.61176156250581,0,"LogNormal",64,3000,3000
"SPI",0.943,8.59482695195783,0.0500000000000007,"LogNormal",64,3000,3000
"Synthetic-only",0.941,8.5686109920323,0,"LogNormal",64,3000,3000
"SCP",0.9855,9.27359145037556,0,"Student-t",64,50,50
"RSA-CP (OT) (Ours)",0.9855,9.26192395266989,0.00999999999999801,"Student-t",64,50,50
"SPI",0.999,19.9021704994267,0,"Student-t",64,50,50
"Synthetic-only",0.999,19.4276901771185,0,"Student-t",64,50,50
"SCP",0.9855,9.27359145037556,0,"Student-t",64,100,100
"RSA-CP (OT) (Ours)",0.964,7.14438362892337,0,"Student-t",64,100,100
"SPI",0.9875,9.70612392648527,0,"Student-t",64,100,100
"Synthetic-only",0.995,13.1916888100902,0,"Student-t",64,100,100
"SCP",0.9855,9.27359145037556,0,"Student-t",64,250,250
"RSA-CP (OT) (Ours)",0.972,7.76860984033263,0.0199999999999996,"Student-t",64,250,250
"SPI",0.9875,9.70612392648527,0,"Student-t",64,250,250
"Synthetic-only",0.995,12.9693043958739,0,"Student-t",64,250,250
"SCP",0.9855,9.27359145037556,0,"Student-t",64,500,500
"RSA-CP (OT) (Ours)",0.968,7.30481223792471,0,"Student-t",64,500,500
"SPI",0.9875,9.70612392648527,0.0100000000000016,"Student-t",64,500,500
"Synthetic-only",0.995,13.3219988612809,0,"Student-t",64,500,500
"SCP",0.9855,9.27359145037556,0,"Student-t",64,1000,1000
"RSA-CP (OT) (Ours)",0.9645,7.18886283732273,0,"Student-t",64,1000,1000
"SPI",0.9875,9.70612392648527,0.0199999999999996,"Student-t",64,1000,1000
"Synthetic-only",0.993,10.9865344558605,0,"Student-t",64,1000,1000
"SCP",0.9855,9.27359145037556,0,"Student-t",64,2000,2000
"RSA-CP (OT) (Ours)",0.969,7.42076163852669,0.0199999999999996,"Student-t",64,2000,2000
"SPI",0.9875,9.70612392648527,0.0300000000000011,"Student-t",64,2000,2000
"Synthetic-only",0.9935,11.5241213943236,0,"Student-t",64,2000,2000
"SCP",0.9855,9.27359145037556,0,"Student-t",64,3000,3000
"RSA-CP (OT) (Ours)",0.969,7.42076163852669,0,"Student-t",64,3000,3000
"SPI",0.9875,9.70612392648527,0.0399999999999991,"Student-t",64,3000,3000
"Synthetic-only",0.993,11.2372035151788,0,"Student-t",64,3000,3000
"SCP",0.922,7.82600065598088,0,"LogNormal",65,50,50
"RSA-CP (OT) (Ours)",0.922,7.81058406948517,0,"LogNormal",65,50,50
"SPI",0.996,20.3883161057867,0,"LogNormal",65,50,50
"Synthetic-only",0.886,6.8886199450754,0,"LogNormal",65,50,50
"SCP",0.922,7.82600065598088,0,"LogNormal",65,100,100
"RSA-CP (OT) (Ours)",0.872,6.39868370450179,0.0100000000000016,"LogNormal",65,100,100
"SPI",0.981,12.9260045539168,0,"LogNormal",65,100,100
"Synthetic-only",0.9615,9.89705543232526,0,"LogNormal",65,100,100
"SCP",0.922,7.82600065598088,0,"LogNormal",65,250,250
"RSA-CP (OT) (Ours)",0.886,6.89435638583644,0,"LogNormal",65,250,250
"SPI",0.966,10.4198884055104,0,"LogNormal",65,250,250
"Synthetic-only",0.963,10.0687129283907,0,"LogNormal",65,250,250
"SCP",0.922,7.82600065598088,0,"LogNormal",65,500,500
"RSA-CP (OT) (Ours)",0.8745,6.488806010199,0,"LogNormal",65,500,500
"SPI",0.981,12.9260045539168,0,"LogNormal",65,500,500
"Synthetic-only",0.9665,10.4697874366176,0,"LogNormal",65,500,500
"SCP",0.922,7.82600065598088,0,"LogNormal",65,1000,1000
"RSA-CP (OT) (Ours)",0.8825,6.69869667368193,0.0199999999999996,"LogNormal",65,1000,1000
"SPI",0.9225,7.83862065440279,0.00999999999999801,"LogNormal",65,1000,1000
"Synthetic-only",0.9195,7.74766245205202,0,"LogNormal",65,1000,1000
"SCP",0.922,7.82600065598088,0,"LogNormal",65,2000,2000
"RSA-CP (OT) (Ours)",0.883,6.7739629284424,0,"LogNormal",65,2000,2000
"SPI",0.981,12.9260045539168,0.0300000000000011,"LogNormal",65,2000,2000
"Synthetic-only",0.99,14.8471405260152,0.0200000000000031,"LogNormal",65,2000,2000
"SCP",0.922,7.82600065598088,0,"LogNormal",65,3000,3000
"RSA-CP (OT) (Ours)",0.8855,6.84922918320287,0,"LogNormal",65,3000,3000
"SPI",0.981,12.9260045539168,0.0500000000000007,"LogNormal",65,3000,3000
"Synthetic-only",0.987,13.5860795890952,0,"LogNormal",65,3000,3000
"SCP",0.9715,7.72645850808246,0,"Student-t",65,50,50
"RSA-CP (OT) (Ours)",0.9715,7.71489792020358,0.0100000000000016,"Student-t",65,50,50
"SPI",0.995,13.873438602543,0,"Student-t",65,50,50
"Synthetic-only",0.964,7.11062306575623,0,"Student-t",65,50,50
"SCP",0.9715,7.72645850808246,0,"Student-t",65,100,100
"RSA-CP (OT) (Ours)",0.96,6.86462487822017,0,"Student-t",65,100,100
"SPI",0.9925,10.7832145640885,0,"Student-t",65,100,100
"Synthetic-only",0.9915,10.5532116072343,0,"Student-t",65,100,100
"SCP",0.9715,7.72645850808246,0,"Student-t",65,250,250
"RSA-CP (OT) (Ours)",0.9685,7.32850429068573,0,"Student-t",65,250,250
"SPI",0.9915,10.6665236376821,0.0199999999999996,"Student-t",65,250,250
"Synthetic-only",0.987,9.60737568362889,0,"Student-t",65,250,250
"SCP",0.9715,7.72645850808246,0,"Student-t",65,500,500
"RSA-CP (OT) (Ours)",0.9525,6.52953201839293,0,"Student-t",65,500,500
"SPI",0.989,10.2519988392635,0.00999999999999801,"Student-t",65,500,500
"Synthetic-only",0.9885,10.0435003908129,0,"Student-t",65,500,500
"SCP",0.9715,7.72645850808246,0,"Student-t",65,1000,1000
"RSA-CP (OT) (Ours)",0.953,6.53944513304228,0,"Student-t",65,1000,1000
"SPI",0.9925,10.7832145640885,0.0199999999999996,"Student-t",65,1000,1000
"Synthetic-only",0.9945,12.6129336110982,0,"Student-t",65,1000,1000
"SCP",0.9715,7.72645850808246,0,"Student-t",65,2000,2000
"RSA-CP (OT) (Ours)",0.9555,6.63090590413378,0,"Student-t",65,2000,2000
"SPI",0.9925,10.7832145640885,0.0300000000000011,"Student-t",65,2000,2000
"Synthetic-only",0.9935,11.9867799926784,0.0100000000000016,"Student-t",65,2000,2000
"SCP",0.9715,7.72645850808246,0,"Student-t",65,3000,3000
"RSA-CP (OT) (Ours)",0.9565,6.67663628967953,0,"Student-t",65,3000,3000
"SPI",0.9925,10.7832145640885,0.0499999999999972,"Student-t",65,3000,3000
"Synthetic-only",0.9935,11.9837829067788,0,"Student-t",65,3000,3000
"SCP",0.967,10.5972388214785,0,"LogNormal",66,50,50
"RSA-CP (OT) (Ours)",0.967,10.5932865325749,0,"LogNormal",66,50,50
"SPI",0.9985,27.0524771780427,0,"LogNormal",66,50,50
"Synthetic-only",0.997,21.575386260029,0,"LogNormal",66,50,50
"SCP",0.967,10.5972388214785,0,"LogNormal",66,100,100
"RSA-CP (OT) (Ours)",0.9665,10.5391701242334,0,"LogNormal",66,100,100
"SPI",0.9695,11.1144738241675,0.00999999999999801,"LogNormal",66,100,100
"Synthetic-only",0.9505,8.89550106016528,0,"LogNormal",66,100,100
"SCP",0.967,10.5972388214785,0,"LogNormal",66,250,250
"RSA-CP (OT) (Ours)",0.966,10.3875273886329,0,"LogNormal",66,250,250
"SPI",0.963,10.1001405328481,0,"LogNormal",66,250,250
"Synthetic-only",0.926,7.97415323356057,0,"LogNormal",66,250,250
"SCP",0.967,10.5972388214785,0,"LogNormal",66,500,500
"RSA-CP (OT) (Ours)",0.9655,10.3369798100994,0.0199999999999996,"LogNormal",66,500,500
"SPI",0.963,10.1001405328481,0,"LogNormal",66,500,500
"Synthetic-only",0.951,8.94346889860926,0,"LogNormal",66,500,500
"SCP",0.967,10.5972388214785,0,"LogNormal",66,1000,1000
"RSA-CP (OT) (Ours)",0.9645,10.3113601980942,0.0100000000000016,"LogNormal",66,1000,1000
"SPI",0.9695,11.1144738241675,0.0199999999999996,"LogNormal",66,1000,1000
"Synthetic-only",0.9825,13.1255252421599,0,"LogNormal",66,1000,1000
"SCP",0.967,10.5972388214785,0,"LogNormal",66,2000,2000
"RSA-CP (OT) (Ours)",0.9645,10.3113601980942,0,"LogNormal",66,2000,2000
"SPI",0.9695,11.1144738241675,0.0300000000000011,"LogNormal",66,2000,2000
"Synthetic-only",0.975,11.7939305437525,0,"LogNormal",66,2000,2000
"SCP",0.967,10.5972388214785,0,"LogNormal",66,3000,3000
"RSA-CP (OT) (Ours)",0.9645,10.2927998956144,0.0199999999999996,"LogNormal",66,3000,3000
"SPI",0.968,10.8976020377356,0.0399999999999991,"LogNormal",66,3000,3000
"Synthetic-only",0.9675,10.6216655992658,0,"LogNormal",66,3000,3000
"SCP",0.9215,5.38711368249523,0,"Student-t",66,50,50
"RSA-CP (OT) (Ours)",0.921,5.38019088758157,0,"Student-t",66,50,50
"SPI",0.999,17.3717555416404,0,"Student-t",66,50,50
"Synthetic-only",0.989,10.2393741379162,0,"Student-t",66,50,50
"SCP",0.9215,5.38711368249523,0,"Student-t",66,100,100
"RSA-CP (OT) (Ours)",0.9165,5.26185053556015,0,"Student-t",66,100,100
"SPI",0.9835,8.7587900532387,0,"Student-t",66,100,100
"Synthetic-only",0.9795,8.42584406265073,0,"Student-t",66,100,100
"SCP",0.9215,5.38711368249523,0,"Student-t",66,250,250
"RSA-CP (OT) (Ours)",0.9135,5.16098751093324,0,"Student-t",66,250,250
"SPI",0.9835,8.7587900532387,0.0100000000000016,"Student-t",66,250,250
"Synthetic-only",0.996,14.1302152021724,0,"Student-t",66,250,250
"SCP",0.9215,5.38711368249523,0,"Student-t",66,500,500
"RSA-CP (OT) (Ours)",0.9085,5.04101254107397,0,"Student-t",66,500,500
"SPI",0.9835,8.7587900532387,0,"Student-t",66,500,500
"Synthetic-only",0.9915,10.67336424002,0,"Student-t",66,500,500
"SCP",0.9215,5.38711368249523,0,"Student-t",66,1000,1000
"RSA-CP (OT) (Ours)",0.9095,5.08343827576431,0.0199999999999996,"Student-t",66,1000,1000
"SPI",0.9835,8.7587900532387,0.0199999999999996,"Student-t",66,1000,1000
"Synthetic-only",0.993,10.8436017094818,0,"Student-t",66,1000,1000
"SCP",0.9215,5.38711368249523,0,"Student-t",66,2000,2000
"RSA-CP (OT) (Ours)",0.9085,5.03924858613801,0,"Student-t",66,2000,2000
"SPI",0.9835,8.7587900532387,0.0399999999999991,"Student-t",66,2000,2000
"Synthetic-only",0.993,10.8948587190966,0,"Student-t",66,2000,2000
"SCP",0.9215,5.38711368249523,0,"Student-t",66,3000,3000
"RSA-CP (OT) (Ours)",0.9095,5.07524321889614,0,"Student-t",66,3000,3000
"SPI",0.9835,8.7587900532387,0.0500000000000007,"Student-t",66,3000,3000
"Synthetic-only",0.9945,12.7040065232889,0,"Student-t",66,3000,3000
"SCP",0.9635,10.1872773247827,0,"LogNormal",67,50,50
"RSA-CP (OT) (Ours)",0.963,10.1286560106472,0,"LogNormal",67,50,50
"SPI",0.998,24.6486571051476,0.0100000000000016,"LogNormal",67,50,50
"Synthetic-only",0.9295,8.05900204936886,0,"LogNormal",67,50,50
"SCP",0.9635,10.1872773247827,0,"LogNormal",67,100,100
"RSA-CP (OT) (Ours)",0.957,9.42527712101892,0,"LogNormal",67,100,100
"SPI",0.9875,13.709672576123,0,"LogNormal",67,100,100
"Synthetic-only",0.956,9.34228606057171,0,"LogNormal",67,100,100
"SCP",0.9635,10.1872773247827,0,"LogNormal",67,250,250
"RSA-CP (OT) (Ours)",0.954,9.21426345413044,0,"LogNormal",67,250,250
"SPI",0.9375,8.40432392320384,0.0199999999999996,"LogNormal",67,250,250
"Synthetic-only",0.93,8.110615209166,0,"LogNormal",67,250,250
"SCP",0.9635,10.1872773247827,0,"LogNormal",67,500,500
"RSA-CP (OT) (Ours)",0.9485,8.79223612035347,0,"LogNormal",67,500,500
"SPI",0.9875,13.709672576123,0.00999999999999801,"LogNormal",67,500,500
"Synthetic-only",0.9905,15.1821175674771,0,"LogNormal",67,500,500
"SCP",0.9635,10.1872773247827,0,"LogNormal",67,1000,1000
"RSA-CP (OT) (Ours)",0.95,8.8625740093163,0,"LogNormal",67,1000,1000
"SPI",0.9735,11.5885881939763,0.0199999999999996,"LogNormal",67,1000,1000
"Synthetic-only",0.968,10.7409958777614,0,"LogNormal",67,1000,1000
"SCP",0.9635,10.1872773247827,0,"LogNormal",67,2000,2000
"RSA-CP (OT) (Ours)",0.9485,8.79223612035347,0.0100000000000016,"LogNormal",67,2000,2000
"SPI",0.9305,8.19911265256435,0.0300000000000011,"LogNormal",67,2000,2000
"Synthetic-only",0.93,8.13767107285438,0,"LogNormal",67,2000,2000
"SCP",0.9635,10.1872773247827,0,"LogNormal",67,3000,3000
"RSA-CP (OT) (Ours)",0.9465,8.72189823139064,0,"LogNormal",67,3000,3000
"SPI",0.9845,13.5061039389632,0.0700000000000003,"LogNormal",67,3000,3000
"Synthetic-only",0.981,13.002600240046,0.0199999999999996,"LogNormal",67,3000,3000
"SCP",0.9095,5.06857460486445,0,"Student-t",67,50,50
"RSA-CP (OT) (Ours)",0.9095,5.06816772148389,0,"Student-t",67,50,50
"SPI",0.995,13.5761185069436,0,"Student-t",67,50,50
"Synthetic-only",0.995,13.5166685317192,0,"Student-t",67,50,50
"SCP",0.9095,5.06857460486445,0,"Student-t",67,100,100
"RSA-CP (OT) (Ours)",0.8875,4.66503540277631,0,"Student-t",67,100,100
"SPI",0.9595,6.83710019635204,0,"Student-t",67,100,100
"Synthetic-only",0.952,6.36522960840233,0,"Student-t",67,100,100
"SCP",0.9095,5.06857460486445,0,"Student-t",67,250,250
"RSA-CP (OT) (Ours)",0.8985,4.79552590355327,0,"Student-t",67,250,250
"SPI",0.9595,6.83710019635204,0,"Student-t",67,250,250
"Synthetic-only",0.995,13.4349381740892,0,"Student-t",67,250,250
"SCP",0.9095,5.06857460486445,0,"Student-t",67,500,500
"RSA-CP (OT) (Ours)",0.885,4.59979015238783,0,"Student-t",67,500,500
"SPI",0.9595,6.83710019635204,0.0199999999999996,"Student-t",67,500,500
"Synthetic-only",0.995,12.831361721127,0,"Student-t",67,500,500
"SCP",0.9095,5.06857460486445,0,"Student-t",67,1000,1000
"RSA-CP (OT) (Ours)",0.8875,4.66503540277631,0,"Student-t",67,1000,1000
"SPI",0.9595,6.83710019635204,0.0100000000000016,"Student-t",67,1000,1000
"Synthetic-only",0.9935,11.8819254209573,0,"Student-t",67,1000,1000
"SCP",0.9095,5.06857460486445,0,"Student-t",67,2000,2000
"RSA-CP (OT) (Ours)",0.8875,4.66503540277631,0.0199999999999996,"Student-t",67,2000,2000
"SPI",0.9595,6.83710019635204,0.0300000000000011,"Student-t",67,2000,2000
"Synthetic-only",0.993,11.1942589599877,0,"Student-t",67,2000,2000
"SCP",0.9095,5.06857460486445,0,"Student-t",67,3000,3000
"RSA-CP (OT) (Ours)",0.888,4.66564532577078,0.0199999999999996,"Student-t",67,3000,3000
"SPI",0.9595,6.83710019635204,0.0299999999999976,"Student-t",67,3000,3000
"Synthetic-only",0.989,10.1715346292141,0,"Student-t",67,3000,3000
"SCP",0.9665,10.5604094464928,0,"LogNormal",68,50,50
"RSA-CP (OT) (Ours)",0.9665,10.5565385106943,0,"LogNormal",68,50,50
"SPI",0.9965,21.1860488144947,0,"LogNormal",68,50,50
"Synthetic-only",0.996,19.7128907691616,0,"LogNormal",68,50,50
"SCP",0.9665,10.5604094464928,0,"LogNormal",68,100,100
"RSA-CP (OT) (Ours)",0.9545,9.26093920922753,0.0199999999999996,"LogNormal",68,100,100
"SPI",0.968,10.7492905939044,0,"LogNormal",68,100,100
"Synthetic-only",0.991,15.4783618352434,0,"LogNormal",68,100,100
"SCP",0.9665,10.5604094464928,0,"LogNormal",68,250,250
"RSA-CP (OT) (Ours)",0.9615,9.86604622485722,0,"LogNormal",68,250,250
"SPI",0.9575,9.44019620141297,0.0100000000000016,"LogNormal",68,250,250
"Synthetic-only",0.9515,9.01330279974786,0,"LogNormal",68,250,250
"SCP",0.9665,10.5604094464928,0,"LogNormal",68,500,500
"RSA-CP (OT) (Ours)",0.953,9.16132863736741,0,"LogNormal",68,500,500
"SPI",0.9265,7.98268275525903,0.0199999999999996,"LogNormal",68,500,500
"Synthetic-only",0.9145,7.62584782181608,0,"LogNormal",68,500,500
"SCP",0.9665,10.5604094464928,0,"LogNormal",68,1000,1000
"RSA-CP (OT) (Ours)",0.953,9.11434746486809,0,"LogNormal",68,1000,1000
"SPI",0.968,10.7492905939044,0.0199999999999996,"LogNormal",68,1000,1000
"Synthetic-only",0.9895,14.0408388047569,0,"LogNormal",68,1000,1000
"SCP",0.9665,10.5604094464928,0,"LogNormal",68,2000,2000
"RSA-CP (OT) (Ours)",0.9515,9.02038511986946,0.00999999999999801,"LogNormal",68,2000,2000
"SPI",0.968,10.7492905939044,0.0300000000000011,"LogNormal",68,2000,2000
"Synthetic-only",0.9765,11.9055842755871,0,"LogNormal",68,2000,2000
"SCP",0.9665,10.5604094464928,0,"LogNormal",68,3000,3000
"RSA-CP (OT) (Ours)",0.9515,9.06736629236878,0,"LogNormal",68,3000,3000
"SPI",0.968,10.7492905939044,0.0500000000000007,"LogNormal",68,3000,3000
"Synthetic-only",0.978,12.1692965748866,0,"LogNormal",68,3000,3000
"SCP",0.9985,16.3915574621767,0,"Student-t",68,50,50
"RSA-CP (OT) (Ours)",0.9985,16.3774748301406,0.0199999999999996,"Student-t",68,50,50
"SPI",0.999,18.7117977019628,0,"Student-t",68,50,50
"Synthetic-only",0.9985,16.5783303001075,0,"Student-t",68,50,50
"SCP",0.9985,16.3915574621767,0,"Student-t",68,100,100
"RSA-CP (OT) (Ours)",0.998,15.3125717582256,0,"Student-t",68,100,100
"SPI",0.993,11.3977670155879,0,"Student-t",68,100,100
"Synthetic-only",0.964,7.16360595318455,0,"Student-t",68,100,100
"SCP",0.9985,16.3915574621767,0,"Student-t",68,250,250
"RSA-CP (OT) (Ours)",0.995,13.5132527746451,0.0100000000000016,"Student-t",68,250,250
"SPI",0.9965,14.2554003206178,0,"Student-t",68,250,250
"Synthetic-only",0.9965,14.1480448690236,0,"Student-t",68,250,250
"SCP",0.9985,16.3915574621767,0,"Student-t",68,500,500
"RSA-CP (OT) (Ours)",0.995,13.7335775481448,0,"Student-t",68,500,500
"SPI",0.9965,14.4431815612061,0.0199999999999996,"Student-t",68,500,500
"Synthetic-only",0.9965,14.2225735162265,0,"Student-t",68,500,500
"SCP",0.9985,16.3915574621767,0,"Student-t",68,1000,1000
"RSA-CP (OT) (Ours)",0.995,13.7335775481448,0,"Student-t",68,1000,1000
"SPI",0.9935,12.0257443068453,0.00999999999999801,"Student-t",68,1000,1000
"Synthetic-only",0.9935,11.8481884542781,0,"Student-t",68,1000,1000
"SCP",0.9985,16.3915574621767,0,"Student-t",68,2000,2000
"RSA-CP (OT) (Ours)",0.995,13.6083782287496,0.0199999999999996,"Student-t",68,2000,2000
"SPI",0.9935,12.1443398565355,0.0300000000000011,"Student-t",68,2000,2000
"Synthetic-only",0.9935,12.1411347276984,0,"Student-t",68,2000,2000
"SCP",0.9985,16.3915574621767,0,"Student-t",68,3000,3000
"RSA-CP (OT) (Ours)",0.995,13.6589669953992,0,"Student-t",68,3000,3000
"SPI",0.9945,12.518313304435,0.0500000000000007,"Student-t",68,3000,3000
"Synthetic-only",0.9945,12.3033198768988,0.00999999999999801,"Student-t",68,3000,3000
"SCP",0.9055,7.35655542600347,0,"LogNormal",69,50,50
"RSA-CP (OT) (Ours)",0.905,7.33583610635768,0,"LogNormal",69,50,50
"SPI",0.997,22.4835537946941,0,"LogNormal",69,50,50
"Synthetic-only",0.994,17.2399713552464,0,"LogNormal",69,50,50
"SCP",0.9055,7.35655542600347,0,"LogNormal",69,100,100
"RSA-CP (OT) (Ours)",0.861,6.20476005471662,0,"LogNormal",69,100,100
"SPI",0.9475,8.74470458954077,0,"LogNormal",69,100,100
"Synthetic-only",0.9785,12.3046055568956,0,"LogNormal",69,100,100
"SCP",0.9055,7.35655542600347,0,"LogNormal",69,250,250
"RSA-CP (OT) (Ours)",0.886,6.88340568570126,0,"LogNormal",69,250,250
"SPI",0.9475,8.74470458954077,0.00999999999999801,"LogNormal",69,250,250
"Synthetic-only",0.9915,15.7784649098976,0,"LogNormal",69,250,250
"SCP",0.9055,7.35655542600347,0,"LogNormal",69,500,500
"RSA-CP (OT) (Ours)",0.884,6.78645630984631,0,"LogNormal",69,500,500
"SPI",0.9475,8.74470458954077,0.0199999999999996,"LogNormal",69,500,500
"Synthetic-only",0.9915,16.3176929710185,0,"LogNormal",69,500,500
"SCP",0.9055,7.35655542600347,0,"LogNormal",69,1000,1000
"RSA-CP (OT) (Ours)",0.8805,6.59255755813641,0,"LogNormal",69,1000,1000
"SPI",0.9475,8.74470458954077,0.0100000000000016,"LogNormal",69,1000,1000
"Synthetic-only",0.9585,9.47091586894053,0,"LogNormal",69,1000,1000
"SCP",0.9055,7.35655542600347,0,"LogNormal",69,2000,2000
"RSA-CP (OT) (Ours)",0.874,6.44395285744547,0.0199999999999996,"LogNormal",69,2000,2000
"SPI",0.9475,8.74470458954077,0.0300000000000011,"LogNormal",69,2000,2000
"Synthetic-only",0.984,13.4705028411222,0,"LogNormal",69,2000,2000
"SCP",0.9055,7.35655542600347,0,"LogNormal",69,3000,3000
"RSA-CP (OT) (Ours)",0.87,6.34582159565696,0,"LogNormal",69,3000,3000
"SPI",0.9475,8.74470458954077,0.0499999999999972,"LogNormal",69,3000,3000
"Synthetic-only",0.975,11.8208028423889,0,"LogNormal",69,3000,3000
"SCP",0.9245,5.54585923493236,0,"Student-t",69,50,50
"RSA-CP (OT) (Ours)",0.9235,5.52951962603365,0,"Student-t",69,50,50
"SPI",0.9965,14.3221946132538,0,"Student-t",69,50,50
"Synthetic-only",0.9945,12.7287102469057,0,"Student-t",69,50,50
"SCP",0.9245,5.54585923493236,0,"Student-t",69,100,100
"RSA-CP (OT) (Ours)",0.9235,5.52951962603365,0,"Student-t",69,100,100
"SPI",0.953,6.54479423742937,0,"Student-t",69,100,100
"Synthetic-only",0.9945,12.7617025409045,0,"Student-t",69,100,100
"SCP",0.9245,5.54585923493236,0,"Student-t",69,250,250
"RSA-CP (OT) (Ours)",0.9235,5.52951962603365,0.0199999999999996,"Student-t",69,250,250
"SPI",0.953,6.54479423742937,0,"Student-t",69,250,250
"Synthetic-only",0.9685,7.32380577019347,0,"Student-t",69,250,250
"SCP",0.9245,5.54585923493236,0,"Student-t",69,500,500
"RSA-CP (OT) (Ours)",0.9235,5.52951962603365,0,"Student-t",69,500,500
"SPI",0.953,6.54479423742937,0.0100000000000016,"Student-t",69,500,500
"Synthetic-only",0.9935,11.5393804482923,0,"Student-t",69,500,500
"SCP",0.9245,5.54585923493236,0,"Student-t",69,1000,1000
"RSA-CP (OT) (Ours)",0.9235,5.52507342172306,0,"Student-t",69,1000,1000
"SPI",0.953,6.54479423742937,0.0399999999999991,"Student-t",69,1000,1000
"Synthetic-only",0.9925,10.7525009564551,0,"Student-t",69,1000,1000
"SCP",0.9245,5.54585923493236,0,"Student-t",69,2000,2000
"RSA-CP (OT) (Ours)",0.9225,5.50764558913168,0,"Student-t",69,2000,2000
"SPI",0.953,6.54479423742937,0.0300000000000011,"Student-t",69,2000,2000
"Synthetic-only",0.9935,11.6261345485446,0,"Student-t",69,2000,2000
"SCP",0.9245,5.54585923493236,0,"Student-t",69,3000,3000
"RSA-CP (OT) (Ours)",0.9225,5.50764558913168,0.00999999999999801,"Student-t",69,3000,3000
"SPI",0.953,6.54479423742937,0.0500000000000007,"Student-t",69,3000,3000
"Synthetic-only",0.9915,10.6301677521209,0,"Student-t",69,3000,3000
"SCP",0.981,12.7154943779208,0,"LogNormal",70,50,50
"RSA-CP (OT) (Ours)",0.981,12.7130563029232,0,"LogNormal",70,50,50
"SPI",0.9955,19.3442433205192,0,"LogNormal",70,50,50
"Synthetic-only",0.9955,19.32013853409,0,"LogNormal",70,50,50
"SCP",0.981,12.7154943779208,0,"LogNormal",70,100,100
"RSA-CP (OT) (Ours)",0.9615,9.8852923776001,0,"LogNormal",70,100,100
"SPI",0.995,18.9943358345233,0.0100000000000016,"LogNormal",70,100,100
"Synthetic-only",0.9945,18.3088255585773,0.0100000000000016,"LogNormal",70,100,100
"SCP",0.981,12.7154943779208,0,"LogNormal",70,250,250
"RSA-CP (OT) (Ours)",0.9705,11.2151792611774,0,"LogNormal",70,250,250
"SPI",0.995,18.9943358345233,0,"LogNormal",70,250,250
"Synthetic-only",0.9955,19.3676984525927,0,"LogNormal",70,250,250
"SCP",0.981,12.7154943779208,0,"LogNormal",70,500,500
"RSA-CP (OT) (Ours)",0.963,10.0365139248116,0.0199999999999996,"LogNormal",70,500,500
"SPI",0.968,10.8211659996012,0,"LogNormal",70,500,500
"Synthetic-only",0.9605,9.82442565179167,0,"LogNormal",70,500,500
"SCP",0.981,12.7154943779208,0,"LogNormal",70,1000,1000
"RSA-CP (OT) (Ours)",0.9635,10.1687529396743,0.00999999999999801,"LogNormal",70,1000,1000
"SPI",0.9875,13.6527004425553,0.0199999999999996,"LogNormal",70,1000,1000
"Synthetic-only",0.983,13.3228298385495,0,"LogNormal",70,1000,1000
"SCP",0.981,12.7154943779208,0,"LogNormal",70,2000,2000
"RSA-CP (OT) (Ours)",0.9645,10.2927998956144,0,"LogNormal",70,2000,2000
"SPI",0.976,11.86370032677,0.0300000000000011,"LogNormal",70,2000,2000
"Synthetic-only",0.976,11.8599192769398,0,"LogNormal",70,2000,2000
"SCP",0.981,12.7154943779208,0.0100000000000016,"LogNormal",70,3000,3000
"RSA-CP (OT) (Ours)",0.9645,10.2927998956144,0,"LogNormal",70,3000,3000
"SPI",0.951,8.93762823276044,0.0499999999999972,"LogNormal",70,3000,3000
"Synthetic-only",0.944,8.65239418808532,0,"LogNormal",70,3000,3000
"SCP",0.9945,12.3969772327506,0,"Student-t",70,50,50
"RSA-CP (OT) (Ours)",0.9945,12.3923897919824,0,"Student-t",70,50,50
"SPI",0.999,19.4097382060039,0,"Student-t",70,50,50
"Synthetic-only",0.999,17.74029967337,0,"Student-t",70,50,50
"SCP",0.9945,12.3969772327506,0,"Student-t",70,100,100
"RSA-CP (OT) (Ours)",0.9935,11.4839820710742,0,"Student-t",70,100,100
"SPI",0.9965,14.2527341588363,0,"Student-t",70,100,100
"Synthetic-only",0.9965,14.6258506306543,0,"Student-t",70,100,100
"SCP",0.9945,12.3969772327506,0,"Student-t",70,250,250
"RSA-CP (OT) (Ours)",0.9915,10.5976344615618,0,"Student-t",70,250,250
"SPI",0.993,11.332256723648,0.00999999999999801,"Student-t",70,250,250
"Synthetic-only",0.993,11.1893320588858,0,"Student-t",70,250,250
"SCP",0.9945,12.3969772327506,0,"Student-t",70,500,500
"RSA-CP (OT) (Ours)",0.9885,9.80924224525455,0,"Student-t",70,500,500
"SPI",0.9915,10.6035646082277,0.0199999999999996,"Student-t",70,500,500
"Synthetic-only",0.9885,9.97657879687006,0,"Student-t",70,500,500
"SCP",0.9945,12.3969772327506,0,"Student-t",70,1000,1000
"RSA-CP (OT) (Ours)",0.987,9.564883897508,0,"Student-t",70,1000,1000
"SPI",0.99,10.3989738151062,0.0100000000000016,"Student-t",70,1000,1000
"Synthetic-only",0.9885,10.0440020773683,0,"Student-t",70,1000,1000
"SCP",0.9945,12.3969772327506,0,"Student-t",70,2000,2000
"RSA-CP (OT) (Ours)",0.9885,9.93320698386234,0.0199999999999996,"Student-t",70,2000,2000
"SPI",0.995,13.4933967516139,0.0300000000000011,"Student-t",70,2000,2000
"Synthetic-only",0.995,13.2512730292806,0,"Student-t",70,2000,2000
"SCP",0.9945,12.3969772327506,0,"Student-t",70,3000,3000
"RSA-CP (OT) (Ours)",0.9885,9.97027118902601,0,"Student-t",70,3000,3000
"SPI",0.9915,10.5756673402291,0.0499999999999972,"Student-t",70,3000,3000
"Synthetic-only",0.9915,10.5719709772075,0,"Student-t",70,3000,3000
"SCP",0.978,12.1626734435049,0,"LogNormal",71,50,50
"RSA-CP (OT) (Ours)",0.978,12.1308067696806,0,"LogNormal",71,50,50
"SPI",0.997,21.8016389397477,0,"LogNormal",71,50,50
"Synthetic-only",0.948,8.74818858935002,0,"LogNormal",71,50,50
"SCP",0.978,12.1626734435049,0,"LogNormal",71,100,100
"RSA-CP (OT) (Ours)",0.9745,11.7181942945213,0.0199999999999996,"LogNormal",71,100,100
"SPI",0.973,11.4251654233172,0,"LogNormal",71,100,100
"Synthetic-only",0.944,8.66638867619196,0,"LogNormal",71,100,100
"SCP",0.978,12.1626734435049,0,"LogNormal",71,250,250
"RSA-CP (OT) (Ours)",0.9765,12.0482842746487,0,"LogNormal",71,250,250
"SPI",0.973,11.4251654233172,0.0100000000000016,"LogNormal",71,250,250
"Synthetic-only",0.9595,9.58252456156157,0,"LogNormal",71,250,250
"SCP",0.978,12.1626734435049,0,"LogNormal",71,500,500
"RSA-CP (OT) (Ours)",0.976,11.8419780370691,0,"LogNormal",71,500,500
"SPI",0.973,11.4251654233172,0.0199999999999996,"LogNormal",71,500,500
"Synthetic-only",0.93,8.1771419644905,0,"LogNormal",71,500,500
"SCP",0.978,12.1626734435049,0,"LogNormal",71,1000,1000
"RSA-CP (OT) (Ours)",0.975,11.746360013913,0,"LogNormal",71,1000,1000
"SPI",0.973,11.4251654233172,0.0199999999999996,"LogNormal",71,1000,1000
"Synthetic-only",0.9515,9.04104945926087,0,"LogNormal",71,1000,1000
"SCP",0.978,12.1626734435049,0,"LogNormal",71,2000,2000
"RSA-CP (OT) (Ours)",0.9745,11.6988039004964,0.00999999999999801,"LogNormal",71,2000,2000
"SPI",0.978,12.1885178276062,0.0300000000000011,"LogNormal",71,2000,2000
"Synthetic-only",0.9825,13.2339507680155,0,"LogNormal",71,2000,2000
"SCP",0.978,12.1626734435049,0,"LogNormal",71,3000,3000
"RSA-CP (OT) (Ours)",0.975,11.746360013913,0,"LogNormal",71,3000,3000
"SPI",0.978,12.1885178276062,0.0500000000000007,"LogNormal",71,3000,3000
"Synthetic-only",0.9855,13.5293803062765,0,"LogNormal",71,3000,3000
"SCP",0.9745,8.05158277441552,0,"Student-t",71,50,50
"RSA-CP (OT) (Ours)",0.9745,8.04578837176855,0,"Student-t",71,50,50
"SPI",0.998,15.6521917194356,0,"Student-t",71,50,50
"Synthetic-only",0.998,15.6076720720387,0,"Student-t",71,50,50
"SCP",0.9745,8.05158277441552,0,"Student-t",71,100,100
"RSA-CP (OT) (Ours)",0.971,7.60251468713304,0,"Student-t",71,100,100
"SPI",0.9945,12.226743038974,0,"Student-t",71,100,100
"Synthetic-only",0.995,13.8582846597522,0,"Student-t",71,100,100
"SCP",0.9745,8.05158277441552,0,"Student-t",71,250,250
"RSA-CP (OT) (Ours)",0.9715,7.72161413392886,0.0100000000000016,"Student-t",71,250,250
"SPI",0.993,10.8982397566099,0,"Student-t",71,250,250
"Synthetic-only",0.9915,10.6211401871931,0,"Student-t",71,250,250
"SCP",0.9745,8.05158277441552,0,"Student-t",71,500,500
"RSA-CP (OT) (Ours)",0.967,7.28491616234419,0,"Student-t",71,500,500
"SPI",0.9935,11.6230327559057,0.0199999999999996,"Student-t",71,500,500
"Synthetic-only",0.993,11.3981285681483,0,"Student-t",71,500,500
"SCP",0.9745,8.05158277441552,0,"Student-t",71,1000,1000
"RSA-CP (OT) (Ours)",0.9685,7.35767488045826,0,"Student-t",71,1000,1000
"SPI",0.9945,12.226743038974,0.00999999999999801,"Student-t",71,1000,1000
"Synthetic-only",0.995,13.5543277536895,0,"Student-t",71,1000,1000
"SCP",0.9745,8.05158277441552,0,"Student-t",71,2000,2000
"RSA-CP (OT) (Ours)",0.966,7.23399672990513,0.0199999999999996,"Student-t",71,2000,2000
"SPI",0.9895,10.3603994387789,0.0300000000000011,"Student-t",71,2000,2000
"Synthetic-only",0.989,10.3266150688081,0,"Student-t",71,2000,2000
"SCP",0.9745,8.05158277441552,0,"Student-t",71,3000,3000
"RSA-CP (OT) (Ours)",0.966,7.22627729386269,0,"Student-t",71,3000,3000
"SPI",0.9935,11.6614586308883,0.0500000000000007,"Student-t",71,3000,3000
"Synthetic-only",0.9935,11.6580380129836,0.0100000000000016,"Student-t",71,3000,3000
"SCP",0.93,8.19103194283948,0,"LogNormal",72,50,50
"RSA-CP (OT) (Ours)",0.93,8.17542261577613,0,"LogNormal",72,50,50
"SPI",0.911,7.56824642214947,0.0200000000000031,"LogNormal",72,50,50
"Synthetic-only",0.8955,7.11045535106503,0,"LogNormal",72,50,50
"SCP",0.93,8.19103194283948,0,"LogNormal",72,100,100
"RSA-CP (OT) (Ours)",0.922,7.82581572760149,0,"LogNormal",72,100,100
"SPI",0.9005,7.21921884633532,0,"LogNormal",72,100,100
"Synthetic-only",0.8975,7.13946827506653,0,"LogNormal",72,100,100
"SCP",0.93,8.19103194283948,0,"LogNormal",72,250,250
"RSA-CP (OT) (Ours)",0.922,7.79892289004959,0,"LogNormal",72,250,250
"SPI",0.951,8.93372571780356,0.00999999999999801,"LogNormal",72,250,250
"Synthetic-only",0.9915,16.1197642699545,0,"LogNormal",72,250,250
"SCP",0.93,8.19103194283948,0,"LogNormal",72,500,500
"RSA-CP (OT) (Ours)",0.908,7.44931600187496,0,"LogNormal",72,500,500
"SPI",0.951,8.93372571780356,0.0199999999999996,"LogNormal",72,500,500
"Synthetic-only",0.99,14.9368352457053,0,"LogNormal",72,500,500
"SCP",0.93,8.19103194283948,0,"LogNormal",72,1000,1000
"RSA-CP (OT) (Ours)",0.911,7.56412345964162,0,"LogNormal",72,1000,1000
"SPI",0.951,8.93372571780356,0.0100000000000016,"LogNormal",72,1000,1000
"Synthetic-only",0.9895,13.9368928428141,0,"LogNormal",72,1000,1000
"SCP",0.93,8.19103194283948,0,"LogNormal",72,2000,2000
"RSA-CP (OT) (Ours)",0.911,7.56412345964162,0.0199999999999996,"LogNormal",72,2000,2000
"SPI",0.951,8.93372571780356,0.0300000000000011,"LogNormal",72,2000,2000
"Synthetic-only",0.9735,11.5184122349281,0,"LogNormal",72,2000,2000
"SCP",0.93,8.19103194283948,0,"LogNormal",72,3000,3000
"RSA-CP (OT) (Ours)",0.911,7.56412345964162,0,"LogNormal",72,3000,3000
"SPI",0.951,8.93372571780356,0.0499999999999972,"LogNormal",72,3000,3000
"Synthetic-only",0.99,14.4205723421802,0,"LogNormal",72,3000,3000
"SCP",0.995,13.8373792380151,0,"Student-t",72,50,50
"RSA-CP (OT) (Ours)",0.995,13.8137822883027,0,"Student-t",72,50,50
"SPI",0.999,20.6456905899558,0,"Student-t",72,50,50
"Synthetic-only",0.999,20.3166832123672,0,"Student-t",72,50,50
"SCP",0.995,13.8373792380151,0,"Student-t",72,100,100
"RSA-CP (OT) (Ours)",0.9945,12.5881601998766,0,"Student-t",72,100,100
"SPI",0.999,17.8670065292337,0,"Student-t",72,100,100
"Synthetic-only",0.999,17.5017770781733,0,"Student-t",72,100,100
"SCP",0.995,13.8373792380151,0,"Student-t",72,250,250
"RSA-CP (OT) (Ours)",0.9935,11.5157408725037,0.0199999999999996,"Student-t",72,250,250
"SPI",0.9945,12.4156498058226,0,"Student-t",72,250,250
"Synthetic-only",0.9935,11.9617948975817,0,"Student-t",72,250,250
"SCP",0.995,13.8373792380151,0,"Student-t",72,500,500
"RSA-CP (OT) (Ours)",0.993,11.0549731716754,0,"Student-t",72,500,500
"SPI",0.9935,11.9037126351749,0.0100000000000016,"Student-t",72,500,500
"Synthetic-only",0.9935,11.679189252074,0,"Student-t",72,500,500
"SCP",0.995,13.8373792380151,0,"Student-t",72,1000,1000
"RSA-CP (OT) (Ours)",0.989,10.2802311165175,0,"Student-t",72,1000,1000
"SPI",0.995,13.769626473196,0.0199999999999996,"Student-t",72,1000,1000
"Synthetic-only",0.995,13.5520389736868,0,"Student-t",72,1000,1000
"SCP",0.995,13.8373792380151,0.0199999999999996,"Student-t",72,2000,2000
"RSA-CP (OT) (Ours)",0.99,10.457406316934,0,"Student-t",72,2000,2000
"SPI",0.995,13.2337751278101,0.0300000000000011,"Student-t",72,2000,2000
"Synthetic-only",0.995,13.1913027940606,0,"Student-t",72,2000,2000
"SCP",0.995,13.8373792380151,0,"Student-t",72,3000,3000
"RSA-CP (OT) (Ours)",0.9885,9.89086146840534,0.00999999999999801,"Student-t",72,3000,3000
"SPI",0.9935,11.50387685504,0.0500000000000007,"Student-t",72,3000,3000
"Synthetic-only",0.9935,11.4892368120403,0,"Student-t",72,3000,3000
"SCP",0.938,8.42154790944302,0,"LogNormal",73,50,50
"RSA-CP (OT) (Ours)",0.938,8.41374997254555,0,"LogNormal",73,50,50
"SPI",0.9975,24.2495842009721,0,"LogNormal",73,50,50
"Synthetic-only",0.9915,16.0345557814852,0,"LogNormal",73,50,50
"SCP",0.938,8.42154790944302,0,"LogNormal",73,100,100
"RSA-CP (OT) (Ours)",0.9245,7.91256992002929,0,"LogNormal",73,100,100
"SPI",0.9635,10.1818148890642,0,"LogNormal",73,100,100
"Synthetic-only",0.9915,16.2147911865847,0,"LogNormal",73,100,100
"SCP",0.938,8.42154790944302,0,"LogNormal",73,250,250
"RSA-CP (OT) (Ours)",0.917,7.69992337809516,0,"LogNormal",73,250,250
"SPI",0.9635,10.1818148890642,0,"LogNormal",73,250,250
"Synthetic-only",0.994,16.9584792233399,0,"LogNormal",73,250,250
"SCP",0.938,8.42154790944302,0,"LogNormal",73,500,500
"RSA-CP (OT) (Ours)",0.9215,7.76719822452282,0,"LogNormal",73,500,500
"SPI",0.9635,10.1818148890642,0.0199999999999996,"LogNormal",73,500,500
"Synthetic-only",0.991,15.5229374512286,0.0199999999999996,"LogNormal",73,500,500
"SCP",0.938,8.42154790944302,0,"LogNormal",73,1000,1000
"RSA-CP (OT) (Ours)",0.9185,7.73894909358242,0,"LogNormal",73,1000,1000
"SPI",0.9635,10.1818148890642,0.00999999999999801,"LogNormal",73,1000,1000
"Synthetic-only",0.974,11.6553438224653,0.00999999999999801,"LogNormal",73,1000,1000
"SCP",0.938,8.42154790944302,0,"LogNormal",73,2000,2000
"RSA-CP (OT) (Ours)",0.9195,7.75039196876331,0,"LogNormal",73,2000,2000
"SPI",0.9375,8.40513897822049,0.0300000000000011,"LogNormal",73,2000,2000
"Synthetic-only",0.936,8.36501509642311,0,"LogNormal",73,2000,2000
"SCP",0.938,8.42154790944302,0,"LogNormal",73,3000,3000
"RSA-CP (OT) (Ours)",0.9095,7.48877536222278,0.0100000000000016,"LogNormal",73,3000,3000
"SPI",0.9625,10.0013736569729,0.0499999999999972,"LogNormal",73,3000,3000
"Synthetic-only",0.96,9.71796983288076,0,"LogNormal",73,3000,3000
"SCP",0.919,5.31764891848772,0,"Student-t",73,50,50
"RSA-CP (OT) (Ours)",0.919,5.30135429903894,0,"Student-t",73,50,50
"SPI",0.999,16.7728921947513,0.0200000000000031,"Student-t",73,50,50
"Synthetic-only",0.9985,16.246473507927,0,"Student-t",73,50,50
"SCP",0.919,5.31764891848772,0,"Student-t",73,100,100
"RSA-CP (OT) (Ours)",0.9085,5.04542685011982,0,"Student-t",73,100,100
"SPI",0.9875,9.66633151581809,0,"Student-t",73,100,100
"Synthetic-only",0.995,13.2855904414252,0,"Student-t",73,100,100
"SCP",0.919,5.31764891848772,0,"Student-t",73,250,250
"RSA-CP (OT) (Ours)",0.9095,5.08198791425113,0,"Student-t",73,250,250
"SPI",0.9875,9.66633151581809,0.00999999999999801,"Student-t",73,250,250
"Synthetic-only",0.9935,11.4783721495086,0,"Student-t",73,250,250
"SCP",0.919,5.31764891848772,0,"Student-t",73,500,500
"RSA-CP (OT) (Ours)",0.9085,5.04542685011982,0,"Student-t",73,500,500
"SPI",0.9875,9.66633151581809,0.0199999999999996,"Student-t",73,500,500
"Synthetic-only",0.9945,12.7722088314204,0,"Student-t",73,500,500
"SCP",0.919,5.31764891848772,0,"Student-t",73,1000,1000
"RSA-CP (OT) (Ours)",0.906,5.03074899490865,0,"Student-t",73,1000,1000
"SPI",0.9875,9.66633151581809,0.0100000000000016,"Student-t",73,1000,1000
"Synthetic-only",0.995,13.7056638146187,0,"Student-t",73,1000,1000
"SCP",0.919,5.31764891848772,0,"Student-t",73,2000,2000
"RSA-CP (OT) (Ours)",0.9055,4.96848242251453,0,"Student-t",73,2000,2000
"SPI",0.9875,9.66633151581809,0.0500000000000007,"Student-t",73,2000,2000
"Synthetic-only",0.993,11.0200418519714,0,"Student-t",73,2000,2000
"SCP",0.919,5.31764891848772,0,"Student-t",73,3000,3000
"RSA-CP (OT) (Ours)",0.9055,4.96848242251453,0,"Student-t",73,3000,3000
"SPI",0.9875,9.66633151581809,0.0499999999999972,"Student-t",73,3000,3000
"Synthetic-only",0.9935,11.6329002323046,0,"Student-t",73,3000,3000
"SCP",0.9165,7.68440135566721,0,"LogNormal",74,50,50
"RSA-CP (OT) (Ours)",0.916,7.67779875958639,0,"LogNormal",74,50,50
"SPI",0.997,22.2434133264864,0.0500000000000007,"LogNormal",74,50,50
"Synthetic-only",0.995,18.9170560810946,0,"LogNormal",74,50,50
"SCP",0.9165,7.68440135566721,0,"LogNormal",74,100,100
"RSA-CP (OT) (Ours)",0.9065,7.41486044590192,0,"LogNormal",74,100,100
"SPI",0.944,8.65908449975541,0,"LogNormal",74,100,100
"Synthetic-only",0.9945,17.973349245805,0,"LogNormal",74,100,100
"SCP",0.9165,7.68440135566721,0,"LogNormal",74,250,250
"RSA-CP (OT) (Ours)",0.9095,7.48516118608808,0.0199999999999996,"LogNormal",74,250,250
"SPI",0.917,7.70946592977178,0,"LogNormal",74,250,250
"Synthetic-only",0.917,7.70394357779675,0,"LogNormal",74,250,250
"SCP",0.9165,7.68440135566721,0,"LogNormal",74,500,500
"RSA-CP (OT) (Ours)",0.9055,7.35199992543883,0,"LogNormal",74,500,500
"SPI",0.9285,8.03795801406973,0.00999999999999801,"LogNormal",74,500,500
"Synthetic-only",0.926,7.97323890570629,0,"LogNormal",74,500,500
"SCP",0.9165,7.68440135566721,0,"LogNormal",74,1000,1000
"RSA-CP (OT) (Ours)",0.9055,7.35199992543883,0,"LogNormal",74,1000,1000
"SPI",0.944,8.65908449975541,0.0200000000000031,"LogNormal",74,1000,1000
"Synthetic-only",0.99,14.5143051813106,0,"LogNormal",74,1000,1000
"SCP",0.9165,7.68440135566721,0,"LogNormal",74,2000,2000
"RSA-CP (OT) (Ours)",0.9055,7.35199992543883,0.00999999999999801,"LogNormal",74,2000,2000
"SPI",0.944,8.65908449975541,0.0300000000000011,"LogNormal",74,2000,2000
"Synthetic-only",0.959,9.55004026895726,0,"LogNormal",74,2000,2000
"SCP",0.9165,7.68440135566721,0,"LogNormal",74,3000,3000
"RSA-CP (OT) (Ours)",0.9055,7.35199992543883,0,"LogNormal",74,3000,3000
"SPI",0.944,8.65908449975541,0.0700000000000003,"LogNormal",74,3000,3000
"Synthetic-only",0.954,9.19619118925128,0.0199999999999996,"LogNormal",74,3000,3000
"SCP",0.999,18.7018404925741,0,"Student-t",74,50,50
"RSA-CP (OT) (Ours)",0.999,18.6989226760228,0,"Student-t",74,50,50
"SPI",0.999,17.2302003092641,0,"Student-t",74,50,50
"Synthetic-only",0.995,12.8230769868054,0,"Student-t",74,50,50
"SCP",0.999,18.7018404925741,0,"Student-t",74,100,100
"RSA-CP (OT) (Ours)",0.993,11.1844023482753,0,"Student-t",74,100,100
"SPI",0.9935,11.4809179548973,0.00999999999999801,"Student-t",74,100,100
"Synthetic-only",0.9925,10.7448793059378,0,"Student-t",74,100,100
"SCP",0.999,18.7018404925741,0,"Student-t",74,250,250
"RSA-CP (OT) (Ours)",0.995,12.9818955828196,0,"Student-t",74,250,250
"SPI",0.993,10.8972090693542,0,"Student-t",74,250,250
"Synthetic-only",0.989,10.3129900178646,0,"Student-t",74,250,250
"SCP",0.999,18.7018404925741,0,"Student-t",74,500,500
"RSA-CP (OT) (Ours)",0.993,11.3092282673409,0,"Student-t",74,500,500
"SPI",0.993,11.3377222248631,0.0199999999999996,"Student-t",74,500,500
"Synthetic-only",0.993,11.0483904212562,0,"Student-t",74,500,500
"SCP",0.999,18.7018404925741,0,"Student-t",74,1000,1000
"RSA-CP (OT) (Ours)",0.993,11.1594371644622,0,"Student-t",74,1000,1000
"SPI",0.9935,12.0343968900545,0.0100000000000016,"Student-t",74,1000,1000
"Synthetic-only",0.9935,11.9891363800125,0,"Student-t",74,1000,1000
"SCP",0.999,18.7018404925741,0,"Student-t",74,2000,2000
"RSA-CP (OT) (Ours)",0.9875,9.71084880189006,0.0199999999999996,"Student-t",74,2000,2000
"SPI",0.995,12.9440106014479,0.0300000000000011,"Student-t",74,2000,2000
"Synthetic-only",0.995,12.8247184092796,0,"Student-t",74,2000,2000
"SCP",0.999,18.7018404925741,0,"Student-t",74,3000,3000
"RSA-CP (OT) (Ours)",0.993,10.8703531364441,0,"Student-t",74,3000,3000
"SPI",0.9935,11.4846181246529,0.0500000000000007,"Student-t",74,3000,3000
"Synthetic-only",0.9935,11.4800501453192,0.0199999999999996,"Student-t",74,3000,3000
"SCP",0.9735,11.5587853854938,0,"LogNormal",75,50,50
"RSA-CP (OT) (Ours)",0.9735,11.5465058589018,0,"LogNormal",75,50,50
"SPI",0.9985,26.22269035944,0,"LogNormal",75,50,50
"Synthetic-only",0.996,20.761085316582,0,"LogNormal",75,50,50
"SCP",0.9735,11.5587853854938,0,"LogNormal",75,100,100
"RSA-CP (OT) (Ours)",0.959,9.55058066320557,0,"LogNormal",75,100,100
"SPI",0.9785,12.3145893132753,0,"LogNormal",75,100,100
"Synthetic-only",0.9675,10.6395641502251,0,"LogNormal",75,100,100
"SCP",0.9735,11.5587853854938,0,"LogNormal",75,250,250
"RSA-CP (OT) (Ours)",0.9575,9.43620245167018,0,"LogNormal",75,250,250
"SPI",0.9785,12.3145893132753,0.0100000000000016,"LogNormal",75,250,250
"Synthetic-only",0.9495,8.81519193795281,0,"LogNormal",75,250,250
"SCP",0.9735,11.5587853854938,0,"LogNormal",75,500,500
"RSA-CP (OT) (Ours)",0.954,9.20744602859939,0,"LogNormal",75,500,500
"SPI",0.9655,10.3580509314189,0.0199999999999996,"LogNormal",75,500,500
"Synthetic-only",0.9485,8.78696404184156,0,"LogNormal",75,500,500
"SCP",0.9735,11.5587853854938,0,"LogNormal",75,1000,1000
"RSA-CP (OT) (Ours)",0.947,8.73126088675803,0,"LogNormal",75,1000,1000
"SPI",0.9785,12.3145893132753,0.0199999999999996,"LogNormal",75,1000,1000
"Synthetic-only",0.9915,16.0750845553569,0,"LogNormal",75,1000,1000
"SCP",0.9735,11.5587853854938,0,"LogNormal",75,2000,2000
"RSA-CP (OT) (Ours)",0.953,9.12287290254889,0,"LogNormal",75,2000,2000
"SPI",0.9785,12.3145893132753,0.0399999999999991,"LogNormal",75,2000,2000
"Synthetic-only",0.9785,12.3568763882371,0.0100000000000016,"LogNormal",75,2000,2000
"SCP",0.9735,11.5587853854938,0,"LogNormal",75,3000,3000
"RSA-CP (OT) (Ours)",0.953,9.12287290254889,0,"LogNormal",75,3000,3000
"SPI",0.9785,12.3145893132753,0.0500000000000007,"LogNormal",75,3000,3000
"Synthetic-only",0.9875,13.7628514913528,0,"LogNormal",75,3000,3000
"SCP",0.9365,5.84276261845843,0,"Student-t",75,50,50
"RSA-CP (OT) (Ours)",0.936,5.83625204690936,0.0100000000000016,"Student-t",75,50,50
"SPI",0.9995,30.3766176493097,0,"Student-t",75,50,50
"Synthetic-only",0.999,17.2353594256031,0,"Student-t",75,50,50
"SCP",0.9365,5.84276261845843,0,"Student-t",75,100,100
"RSA-CP (OT) (Ours)",0.912,5.10948273644542,0,"Student-t",75,100,100
"SPI",0.952,6.38202887602899,0,"Student-t",75,100,100
"Synthetic-only",0.9965,14.1649679038896,0,"Student-t",75,100,100
"SCP",0.9365,5.84276261845843,0,"Student-t",75,250,250
"RSA-CP (OT) (Ours)",0.922,5.40406356315401,0.0199999999999996,"Student-t",75,250,250
"SPI",0.952,6.38202887602899,0,"Student-t",75,250,250
"Synthetic-only",0.998,15.7983213676081,0,"Student-t",75,250,250
"SCP",0.9365,5.84276261845843,0,"Student-t",75,500,500
"RSA-CP (OT) (Ours)",0.919,5.30352284569998,0,"Student-t",75,500,500
"SPI",0.952,6.38202887602899,0.0199999999999996,"Student-t",75,500,500
"Synthetic-only",0.9945,12.2279109958706,0,"Student-t",75,500,500
"SCP",0.9365,5.84276261845843,0,"Student-t",75,1000,1000
"RSA-CP (OT) (Ours)",0.919,5.30135429903894,0,"Student-t",75,1000,1000
"SPI",0.952,6.38202887602899,0.00999999999999801,"Student-t",75,1000,1000
"Synthetic-only",0.993,10.842900559916,0,"Student-t",75,1000,1000
"SCP",0.9365,5.84276261845843,0,"Student-t",75,2000,2000
"RSA-CP (OT) (Ours)",0.9145,5.19818713546453,0.0200000000000031,"Student-t",75,2000,2000
"SPI",0.952,6.38202887602899,0.0299999999999976,"Student-t",75,2000,2000
"Synthetic-only",0.9935,11.7731662248467,0,"Student-t",75,2000,2000
"SCP",0.9365,5.84276261845843,0,"Student-t",75,3000,3000
"RSA-CP (OT) (Ours)",0.913,5.12697909251296,0,"Student-t",75,3000,3000
"SPI",0.952,6.38202887602899,0.0600000000000023,"Student-t",75,3000,3000
"Synthetic-only",0.9935,11.7669384853133,0.0100000000000016,"Student-t",75,3000,3000
"SCP",0.9875,13.7031335968658,0,"LogNormal",76,50,50
"RSA-CP (OT) (Ours)",0.9875,13.6835632413764,0.0199999999999996,"LogNormal",76,50,50
"SPI",0.9985,25.7282412209618,0,"LogNormal",76,50,50
"Synthetic-only",0.997,21.7569199750938,0,"LogNormal",76,50,50
"SCP",0.9875,13.7031335968658,0,"LogNormal",76,100,100
"RSA-CP (OT) (Ours)",0.968,10.8589744988905,0,"LogNormal",76,100,100
"SPI",0.9515,9.03784505397483,0,"LogNormal",76,100,100
"Synthetic-only",0.872,6.39524930737094,0,"LogNormal",76,100,100
"SCP",0.9875,13.7031335968658,0,"LogNormal",76,250,250
"RSA-CP (OT) (Ours)",0.9675,10.6706685827247,0.00999999999999801,"LogNormal",76,250,250
"SPI",0.991,15.3125923626463,0,"LogNormal",76,250,250
"Synthetic-only",0.9895,14.1455555198309,0,"LogNormal",76,250,250
"SCP",0.9875,13.7031335968658,0,"LogNormal",76,500,500
"RSA-CP (OT) (Ours)",0.968,10.9217431376124,0,"LogNormal",76,500,500
"SPI",0.991,15.6598006514933,0.0199999999999996,"LogNormal",76,500,500
"Synthetic-only",0.994,17.0816677897273,0,"LogNormal",76,500,500
"SCP",0.9875,13.7031335968658,0,"LogNormal",76,1000,1000
"RSA-CP (OT) (Ours)",0.9675,10.6706685827247,0,"LogNormal",76,1000,1000
"SPI",0.9735,11.5235371848044,0.0100000000000016,"LogNormal",76,1000,1000
"Synthetic-only",0.9705,11.1633758872242,0.0100000000000016,"LogNormal",76,1000,1000
"SCP",0.9875,13.7031335968658,0,"LogNormal",76,2000,2000
"RSA-CP (OT) (Ours)",0.968,10.711707329845,0,"LogNormal",76,2000,2000
"SPI",0.96,9.75221261237032,0.0300000000000011,"LogNormal",76,2000,2000
"Synthetic-only",0.96,9.70373082140384,0,"LogNormal",76,2000,2000
"SCP",0.9875,13.7031335968658,0,"LogNormal",76,3000,3000
"RSA-CP (OT) (Ours)",0.968,10.7799892045187,0,"LogNormal",76,3000,3000
"SPI",0.981,12.68812029249,0.0500000000000007,"LogNormal",76,3000,3000
"Synthetic-only",0.978,12.1254664139375,0.0199999999999996,"LogNormal",76,3000,3000
"SCP",0.9155,5.21715366981422,0.00999999999999801,"Student-t",76,50,50
"RSA-CP (OT) (Ours)",0.9155,5.21184403797125,0,"Student-t",76,50,50
"SPI",0.999,23.3881702367739,0,"Student-t",76,50,50
"Synthetic-only",0.999,18.0055120812109,0,"Student-t",76,50,50
"SCP",0.9155,5.21715366981422,0,"Student-t",76,100,100
"RSA-CP (OT) (Ours)",0.9055,5.00279102675516,0,"Student-t",76,100,100
"SPI",0.964,7.12888435183271,0,"Student-t",76,100,100
"Synthetic-only",0.995,13.4295546652699,0,"Student-t",76,100,100
"SCP",0.9155,5.21715366981422,0,"Student-t",76,250,250
"RSA-CP (OT) (Ours)",0.9045,4.94801594252062,0.0199999999999996,"Student-t",76,250,250
"SPI",0.964,7.12888435183271,0,"Student-t",76,250,250
"Synthetic-only",0.9955,13.9430853072008,0,"Student-t",76,250,250
"SCP",0.9155,5.21715366981422,0,"Student-t",76,500,500
"RSA-CP (OT) (Ours)",0.8985,4.8019490512285,0,"Student-t",76,500,500
"SPI",0.964,7.12888435183271,0.0100000000000016,"Student-t",76,500,500
"Synthetic-only",0.993,10.9914043635104,0,"Student-t",76,500,500
"SCP",0.9155,5.21715366981422,0,"Student-t",76,1000,1000
"RSA-CP (OT) (Ours)",0.8985,4.79607545219641,0,"Student-t",76,1000,1000
"SPI",0.964,7.12888435183271,0.0199999999999996,"Student-t",76,1000,1000
"Synthetic-only",0.989,10.2326446191936,0,"Student-t",76,1000,1000
"SCP",0.9155,5.21715366981422,0,"Student-t",76,2000,2000
"RSA-CP (OT) (Ours)",0.893,4.74450474840935,0.0199999999999996,"Student-t",76,2000,2000
"SPI",0.964,7.12888435183271,0.0300000000000011,"Student-t",76,2000,2000
"Synthetic-only",0.9935,12.0372534035373,0,"Student-t",76,2000,2000
"SCP",0.9155,5.21715366981422,0,"Student-t",76,3000,3000
"RSA-CP (OT) (Ours)",0.8985,4.79607545219641,0,"Student-t",76,3000,3000
"SPI",0.964,7.12888435183271,0.0399999999999991,"Student-t",76,3000,3000
"Synthetic-only",0.9935,11.7609084374303,0,"Student-t",76,3000,3000
"SCP",0.931,8.21853571420962,0,"LogNormal",77,50,50
"RSA-CP (OT) (Ours)",0.931,8.21494022315543,0,"LogNormal",77,50,50
"SPI",0.996,19.9514059186244,0,"LogNormal",77,50,50
"Synthetic-only",0.9945,17.5078783505313,0,"LogNormal",77,50,50
"SCP",0.931,8.21853571420962,0,"LogNormal",77,100,100
"RSA-CP (OT) (Ours)",0.9095,7.50059759505496,0,"LogNormal",77,100,100
"SPI",0.975,11.7534280833709,0.0100000000000016,"LogNormal",77,100,100
"Synthetic-only",0.9285,8.03914986472442,0.0100000000000016,"LogNormal",77,100,100
"SCP",0.931,8.21853571420962,0,"LogNormal",77,250,250
"RSA-CP (OT) (Ours)",0.907,7.42916333224491,0,"LogNormal",77,250,250
"SPI",0.93,8.19165742935895,0,"LogNormal",77,250,250
"Synthetic-only",0.93,8.16876707447012,0,"LogNormal",77,250,250
"SCP",0.931,8.21853571420962,0,"LogNormal",77,500,500
"RSA-CP (OT) (Ours)",0.9065,7.42135617696772,0,"LogNormal",77,500,500
"SPI",0.939,8.47765939354489,0,"LogNormal",77,500,500
"Synthetic-only",0.9375,8.40240934200617,0,"LogNormal",77,500,500
"SCP",0.931,8.21853571420962,0,"LogNormal",77,1000,1000
"RSA-CP (OT) (Ours)",0.9015,7.24775720206789,0,"LogNormal",77,1000,1000
"SPI",0.944,8.67143509309037,0.00999999999999801,"LogNormal",77,1000,1000
"Synthetic-only",0.941,8.52638042887423,0,"LogNormal",77,1000,1000
"SCP",0.931,8.21853571420962,0,"LogNormal",77,2000,2000
"RSA-CP (OT) (Ours)",0.9015,7.24775720206789,0,"LogNormal",77,2000,2000
"SPI",0.9785,12.2564603924557,0.0500000000000007,"LogNormal",77,2000,2000
"Synthetic-only",0.9885,13.8071299179409,0.0200000000000031,"LogNormal",77,2000,2000
"SCP",0.931,8.21853571420962,0,"LogNormal",77,3000,3000
"RSA-CP (OT) (Ours)",0.9015,7.25148151590078,0,"LogNormal",77,3000,3000
"SPI",0.967,10.6086642315642,0.0500000000000007,"LogNormal",77,3000,3000
"Synthetic-only",0.967,10.5775518564546,0,"LogNormal",77,3000,3000
"SCP",0.9745,8.00188634434938,0,"Student-t",77,50,50
"RSA-CP (OT) (Ours)",0.9745,7.99600062346809,0.0100000000000016,"Student-t",77,50,50
"SPI",0.999,20.1195241880671,0,"Student-t",77,50,50
"Synthetic-only",0.9965,14.242467427311,0,"Student-t",77,50,50
"SCP",0.9745,8.00188634434938,0,"Student-t",77,100,100
"RSA-CP (OT) (Ours)",0.97,7.57645278790448,0,"Student-t",77,100,100
"SPI",0.9775,8.23643019547959,0,"Student-t",77,100,100
"Synthetic-only",0.995,13.1000379297247,0,"Student-t",77,100,100
"SCP",0.9745,8.00188634434938,0,"Student-t",77,250,250
"RSA-CP (OT) (Ours)",0.966,7.26522869185359,0.0199999999999996,"Student-t",77,250,250
"SPI",0.9775,8.23643019547959,0,"Student-t",77,250,250
"Synthetic-only",0.9935,11.7631395787846,0,"Student-t",77,250,250
"SCP",0.9745,8.00188634434938,0,"Student-t",77,500,500
"RSA-CP (OT) (Ours)",0.964,7.11756144201916,0,"Student-t",77,500,500
"SPI",0.9775,8.23643019547959,0.00999999999999801,"Student-t",77,500,500
"Synthetic-only",0.995,13.0564958598755,0,"Student-t",77,500,500
"SCP",0.9745,8.00188634434938,0,"Student-t",77,1000,1000
"RSA-CP (OT) (Ours)",0.964,7.14709489198605,0,"Student-t",77,1000,1000
"SPI",0.9775,8.23643019547959,0.0199999999999996,"Student-t",77,1000,1000
"Synthetic-only",0.9915,10.6609085462414,0,"Student-t",77,1000,1000
"SCP",0.9745,8.00188634434938,0,"Student-t",77,2000,2000
"RSA-CP (OT) (Ours)",0.965,7.2017582792157,0.0100000000000016,"Student-t",77,2000,2000
"SPI",0.9775,8.23643019547959,0.0300000000000011,"Student-t",77,2000,2000
"Synthetic-only",0.9935,11.7475127909246,0,"Student-t",77,2000,2000
"SCP",0.9745,8.00188634434938,0,"Student-t",77,3000,3000
"RSA-CP (OT) (Ours)",0.966,7.24027035557514,0,"Student-t",77,3000,3000
"SPI",0.9775,8.23643019547959,0.0499999999999972,"Student-t",77,3000,3000
"Synthetic-only",0.9935,12.1072436808562,0,"Student-t",77,3000,3000
"SCP",0.9265,7.97876202829493,0,"LogNormal",78,50,50
"RSA-CP (OT) (Ours)",0.926,7.96993280634303,0,"LogNormal",78,50,50
"SPI",0.997,22.3677309580322,0,"LogNormal",78,50,50
"Synthetic-only",0.9945,18.6025024299032,0,"LogNormal",78,50,50
"SCP",0.9265,7.97876202829493,0,"LogNormal",78,100,100
"RSA-CP (OT) (Ours)",0.9235,7.87697516181723,0,"LogNormal",78,100,100
"SPI",0.954,9.21882119097883,0.00999999999999801,"LogNormal",78,100,100
"Synthetic-only",0.996,20.0824975138844,0,"LogNormal",78,100,100
"SCP",0.9265,7.97876202829493,0,"LogNormal",78,250,250
"RSA-CP (OT) (Ours)",0.9225,7.83658041739766,0,"LogNormal",78,250,250
"SPI",0.954,9.21882119097883,0,"LogNormal",78,250,250
"Synthetic-only",0.9925,16.6241025794802,0,"LogNormal",78,250,250
"SCP",0.9265,7.97876202829493,0,"LogNormal",78,500,500
"RSA-CP (OT) (Ours)",0.9225,7.83658041739766,0.0199999999999996,"LogNormal",78,500,500
"SPI",0.9305,8.21037432381752,0,"LogNormal",78,500,500
"Synthetic-only",0.9235,7.86714773438061,0,"LogNormal",78,500,500
"SCP",0.9265,7.97876202829493,0,"LogNormal",78,1000,1000
"RSA-CP (OT) (Ours)",0.922,7.83014632123932,0.0100000000000016,"LogNormal",78,1000,1000
"SPI",0.945,8.69454999580264,0.0199999999999996,"LogNormal",78,1000,1000
"Synthetic-only",0.9445,8.69170030175842,0,"LogNormal",78,1000,1000
"SCP",0.9265,7.97876202829493,0,"LogNormal",78,2000,2000
"RSA-CP (OT) (Ours)",0.922,7.83014632123932,0,"LogNormal",78,2000,2000
"SPI",0.954,9.21882119097883,0.0300000000000011,"LogNormal",78,2000,2000
"Synthetic-only",0.99,14.3421063346736,0,"LogNormal",78,2000,2000
"SCP",0.9265,7.97876202829493,0,"LogNormal",78,3000,3000
"RSA-CP (OT) (Ours)",0.922,7.83014632123932,0,"LogNormal",78,3000,3000
"SPI",0.954,9.21882119097883,0.0399999999999991,"LogNormal",78,3000,3000
"Synthetic-only",0.981,12.5267284361333,0,"LogNormal",78,3000,3000
"SCP",0.952,6.4946782878536,0,"Student-t",78,50,50
"RSA-CP (OT) (Ours)",0.952,6.48478233322551,0,"Student-t",78,50,50
"SPI",0.999,22.2422454927498,0,"Student-t",78,50,50
"Synthetic-only",0.999,17.5669824039228,0,"Student-t",78,50,50
"SCP",0.952,6.4946782878536,0,"Student-t",78,100,100
"RSA-CP (OT) (Ours)",0.952,6.37675453722422,0,"Student-t",78,100,100
"SPI",0.984,9.05905775300558,0,"Student-t",78,100,100
"Synthetic-only",0.995,13.5157640531601,0,"Student-t",78,100,100
"SCP",0.952,6.4946782878536,0,"Student-t",78,250,250
"RSA-CP (OT) (Ours)",0.952,6.37675453722422,0,"Student-t",78,250,250
"SPI",0.984,9.05905775300558,0.0100000000000016,"Student-t",78,250,250
"Synthetic-only",0.9945,12.751798808521,0,"Student-t",78,250,250
"SCP",0.952,6.4946782878536,0,"Student-t",78,500,500
"RSA-CP (OT) (Ours)",0.952,6.36178753624343,0,"Student-t",78,500,500
"SPI",0.984,9.05905775300558,0,"Student-t",78,500,500
"Synthetic-only",0.9965,14.2096616514329,0,"Student-t",78,500,500
"SCP",0.952,6.4946782878536,0,"Student-t",78,1000,1000
"RSA-CP (OT) (Ours)",0.952,6.36178753624343,0.0199999999999996,"Student-t",78,1000,1000
"SPI",0.984,9.05905775300558,0.0199999999999996,"Student-t",78,1000,1000
"Synthetic-only",0.9935,11.7774703949052,0,"Student-t",78,1000,1000
"SCP",0.952,6.4946782878536,0,"Student-t",78,2000,2000
"RSA-CP (OT) (Ours)",0.951,6.33521589100289,0,"Student-t",78,2000,2000
"SPI",0.984,9.05905775300558,0.0300000000000011,"Student-t",78,2000,2000
"Synthetic-only",0.993,10.8722376054493,0,"Student-t",78,2000,2000
"SCP",0.952,6.4946782878536,0,"Student-t",78,3000,3000
"RSA-CP (OT) (Ours)",0.951,6.33521589100289,0,"Student-t",78,3000,3000
"SPI",0.984,9.05905775300558,0.0500000000000007,"Student-t",78,3000,3000
"Synthetic-only",0.993,11.2450910598715,0,"Student-t",78,3000,3000
"SCP",0.981,12.5234827490111,0,"LogNormal",79,50,50
"RSA-CP (OT) (Ours)",0.981,12.4741946947432,0,"LogNormal",79,50,50
"SPI",0.999,29.6313472474177,0,"LogNormal",79,50,50
"Synthetic-only",0.997,21.3908901754628,0,"LogNormal",79,50,50
"SCP",0.981,12.5234827490111,0,"LogNormal",79,100,100
"RSA-CP (OT) (Ours)",0.973,11.4303290299112,0,"LogNormal",79,100,100
"SPI",0.995,19.0484296766748,0,"LogNormal",79,100,100
"Synthetic-only",0.995,18.9924722100528,0,"LogNormal",79,100,100
"SCP",0.981,12.5234827490111,0,"LogNormal",79,250,250
"RSA-CP (OT) (Ours)",0.9735,11.586908879636,0,"LogNormal",79,250,250
"SPI",0.9915,16.3297197980891,0,"LogNormal",79,250,250
"Synthetic-only",0.987,13.6307138446421,0,"LogNormal",79,250,250
"SCP",0.981,12.5234827490111,0,"LogNormal",79,500,500
"RSA-CP (OT) (Ours)",0.975,11.7434887293608,0,"LogNormal",79,500,500
"SPI",0.9715,11.3644008077082,0.0199999999999996,"LogNormal",79,500,500
"Synthetic-only",0.9375,8.40882723721305,0.0199999999999996,"LogNormal",79,500,500
"SCP",0.981,12.5234827490111,0,"LogNormal",79,1000,1000
"RSA-CP (OT) (Ours)",0.9745,11.6912954461192,0.00999999999999801,"LogNormal",79,1000,1000
"SPI",0.9885,13.8363931781005,0.0199999999999996,"LogNormal",79,1000,1000
"Synthetic-only",0.9875,13.6632423198289,0,"LogNormal",79,1000,1000
"SCP",0.981,12.5234827490111,0,"LogNormal",79,2000,2000
"RSA-CP (OT) (Ours)",0.975,11.7911336282649,0,"LogNormal",79,2000,2000
"SPI",0.991,15.6369069403699,0.0300000000000011,"LogNormal",79,2000,2000
"Synthetic-only",0.991,15.5232991907255,0,"LogNormal",79,2000,2000
"SCP",0.981,12.5234827490111,0,"LogNormal",79,3000,3000
"RSA-CP (OT) (Ours)",0.9745,11.7169755551311,0.0100000000000016,"LogNormal",79,3000,3000
"SPI",0.9715,11.3644008077082,0.0499999999999972,"LogNormal",79,3000,3000
"Synthetic-only",0.9635,10.1988084752512,0,"LogNormal",79,3000,3000
"SCP",0.8905,4.72839286632448,0,"Student-t",79,50,50
"RSA-CP (OT) (Ours)",0.8905,4.72719053851694,0,"Student-t",79,50,50
"SPI",0.999,19.0615643476994,0,"Student-t",79,50,50
"Synthetic-only",0.9845,9.14206377323075,0,"Student-t",79,50,50
"SCP",0.8905,4.72839286632448,0,"Student-t",79,100,100
"RSA-CP (OT) (Ours)",0.89,4.71604218808114,0.0200000000000031,"Student-t",79,100,100
"SPI",0.9045,4.94485564364016,0,"Student-t",79,100,100
"Synthetic-only",0.999,18.3458262417037,0,"Student-t",79,100,100
"SCP",0.8905,4.72839286632448,0,"Student-t",79,250,250
"RSA-CP (OT) (Ours)",0.889,4.69284930767379,0,"Student-t",79,250,250
"SPI",0.9045,4.94485564364016,0,"Student-t",79,250,250
"Synthetic-only",0.9945,12.2665924903531,0,"Student-t",79,250,250
"SCP",0.8905,4.72839286632448,0,"Student-t",79,500,500
"RSA-CP (OT) (Ours)",0.889,4.69284930767379,0.00999999999999801,"Student-t",79,500,500
"SPI",0.9045,4.94485564364016,0,"Student-t",79,500,500
"Synthetic-only",0.9915,10.5404219450093,0,"Student-t",79,500,500
"SCP",0.8905,4.72839286632448,0,"Student-t",79,1000,1000
"RSA-CP (OT) (Ours)",0.889,4.69284930767379,0.0199999999999996,"Student-t",79,1000,1000
"SPI",0.9045,4.94485564364016,0.0100000000000016,"Student-t",79,1000,1000
"Synthetic-only",0.9935,11.8100843643318,0,"Student-t",79,1000,1000
"SCP",0.8905,4.72839286632448,0,"Student-t",79,2000,2000
"RSA-CP (OT) (Ours)",0.889,4.69284930767379,0,"Student-t",79,2000,2000
"SPI",0.9045,4.94485564364016,0.0399999999999991,"Student-t",79,2000,2000
"Synthetic-only",0.9945,12.2487552610131,0,"Student-t",79,2000,2000
"SCP",0.8905,4.72839286632448,0,"Student-t",79,3000,3000
"RSA-CP (OT) (Ours)",0.889,4.69284930767379,0.0100000000000016,"Student-t",79,3000,3000
"SPI",0.9045,4.94485564364016,0.0499999999999972,"Student-t",79,3000,3000
"Synthetic-only",0.993,11.4123583833326,0,"Student-t",79,3000,3000
"SCP",0.968,10.7015218752043,0,"LogNormal",80,50,50
"RSA-CP (OT) (Ours)",0.9675,10.6685365089306,0.0100000000000016,"LogNormal",80,50,50
"SPI",0.9945,17.6288246480655,0,"LogNormal",80,50,50
"Synthetic-only",0.991,15.3974219730056,0,"LogNormal",80,50,50
"SCP",0.968,10.7015218752043,0,"LogNormal",80,100,100
"RSA-CP (OT) (Ours)",0.9665,10.4936424678006,0,"LogNormal",80,100,100
"SPI",0.9515,9.05090294447652,0,"LogNormal",80,100,100
"Synthetic-only",0.917,7.70650940534505,0,"LogNormal",80,100,100
"SCP",0.968,10.7015218752043,0,"LogNormal",80,250,250
"RSA-CP (OT) (Ours)",0.9645,10.2487908102186,0.0199999999999996,"LogNormal",80,250,250
"SPI",0.96,9.74058541181746,0,"LogNormal",80,250,250
"Synthetic-only",0.9475,8.74410858644202,0,"LogNormal",80,250,250
"SCP",0.968,10.7015218752043,0,"LogNormal",80,500,500
"RSA-CP (OT) (Ours)",0.9595,9.65415107037652,0,"LogNormal",80,500,500
"SPI",0.99,14.3193862860838,0.0100000000000016,"LogNormal",80,500,500
"Synthetic-only",0.981,13.0510530216549,0,"LogNormal",80,500,500
"SCP",0.968,10.7015218752043,0,"LogNormal",80,1000,1000
"RSA-CP (OT) (Ours)",0.9595,9.62447832458394,0,"LogNormal",80,1000,1000
"SPI",0.9515,9.05090294447652,0.0199999999999996,"LogNormal",80,1000,1000
"Synthetic-only",0.939,8.47752884065459,0,"LogNormal",80,1000,1000
"SCP",0.968,10.7015218752043,0.0199999999999996,"LogNormal",80,2000,2000
"RSA-CP (OT) (Ours)",0.96,9.74786907233501,0,"LogNormal",80,2000,2000
"SPI",0.99,14.6396706550103,0.0300000000000011,"LogNormal",80,2000,2000
"Synthetic-only",0.99,14.5930096114375,0,"LogNormal",80,2000,2000
"SCP",0.968,10.7015218752043,0,"LogNormal",80,3000,3000
"RSA-CP (OT) (Ours)",0.9595,9.5627829507084,0.00999999999999801,"LogNormal",80,3000,3000
"SPI",0.9515,9.05090294447652,0.0500000000000007,"LogNormal",80,3000,3000
"Synthetic-only",0.9325,8.31573455763693,0,"LogNormal",80,3000,3000
"SCP",0.9195,5.35069703843644,0,"Student-t",80,50,50
"RSA-CP (OT) (Ours)",0.9195,5.34781369376973,0,"Student-t",80,50,50
"SPI",0.999,18.8050145454202,0,"Student-t",80,50,50
"Synthetic-only",0.9965,14.7645019346169,0,"Student-t",80,50,50
"SCP",0.9195,5.35069703843644,0,"Student-t",80,100,100
"RSA-CP (OT) (Ours)",0.919,5.31635596615932,0,"Student-t",80,100,100
"SPI",0.935,5.77385201683382,0,"Student-t",80,100,100
"Synthetic-only",0.987,9.6042610578446,0,"Student-t",80,100,100
"SCP",0.9195,5.35069703843644,0,"Student-t",80,250,250
"RSA-CP (OT) (Ours)",0.917,5.26591938964773,0,"Student-t",80,250,250
"SPI",0.935,5.77385201683382,0,"Student-t",80,250,250
"Synthetic-only",0.9965,14.2312695369793,0,"Student-t",80,250,250
"SCP",0.9195,5.35069703843644,0,"Student-t",80,500,500
"RSA-CP (OT) (Ours)",0.9155,5.23047731022089,0,"Student-t",80,500,500
"SPI",0.935,5.77385201683382,0.0100000000000016,"Student-t",80,500,500
"Synthetic-only",0.9935,12.1523425036178,0,"Student-t",80,500,500
"SCP",0.9195,5.35069703843644,0,"Student-t",80,1000,1000
"RSA-CP (OT) (Ours)",0.9155,5.24023959593725,0,"Student-t",80,1000,1000
"SPI",0.935,5.77385201683382,0.0199999999999996,"Student-t",80,1000,1000
"Synthetic-only",0.993,10.8254589972251,0,"Student-t",80,1000,1000
"SCP",0.9195,5.35069703843644,0,"Student-t",80,2000,2000
"RSA-CP (OT) (Ours)",0.9155,5.22107929312445,0,"Student-t",80,2000,2000
"SPI",0.935,5.77385201683382,0.0300000000000011,"Student-t",80,2000,2000
"Synthetic-only",0.993,10.8475961614888,0,"Student-t",80,2000,2000
"SCP",0.9195,5.35069703843644,0,"Student-t",80,3000,3000
"RSA-CP (OT) (Ours)",0.9155,5.22107929312445,0,"Student-t",80,3000,3000
"SPI",0.935,5.77385201683382,0.0500000000000007,"Student-t",80,3000,3000
"Synthetic-only",0.9935,11.8742540071313,0,"Student-t",80,3000,3000
"SCP",0.9645,10.2526698753608,0,"LogNormal",81,50,50
"RSA-CP (OT) (Ours)",0.9645,10.2512466741908,0,"LogNormal",81,50,50
"SPI",0.9375,8.40128753070148,0,"LogNormal",81,50,50
"Synthetic-only",0.93,8.06417658611414,0,"LogNormal",81,50,50
"SCP",0.9645,10.2526698753608,0,"LogNormal",81,100,100
"RSA-CP (OT) (Ours)",0.96,9.71871437942767,0.00999999999999801,"LogNormal",81,100,100
"SPI",0.983,13.3022129462714,0,"LogNormal",81,100,100
"Synthetic-only",0.9915,15.8617985681404,0,"LogNormal",81,100,100
"SCP",0.9645,10.2526698753608,0,"LogNormal",81,250,250
"RSA-CP (OT) (Ours)",0.9605,9.81856418469576,0,"LogNormal",81,250,250
"SPI",0.981,12.8509414707997,0.0200000000000031,"LogNormal",81,250,250
"Synthetic-only",0.96,9.71826974023131,0,"LogNormal",81,250,250
"SCP",0.9645,10.2526698753608,0,"LogNormal",81,500,500
"RSA-CP (OT) (Ours)",0.9525,9.10257436060299,0,"LogNormal",81,500,500
"SPI",0.9545,9.23027641476628,0,"LogNormal",81,500,500
"Synthetic-only",0.944,8.63828314568206,0,"LogNormal",81,500,500
"SCP",0.9645,10.2526698753608,0,"LogNormal",81,1000,1000
"RSA-CP (OT) (Ours)",0.955,9.32824188386901,0.00999999999999801,"LogNormal",81,1000,1000
"SPI",0.983,13.3022129462714,0.0199999999999996,"LogNormal",81,1000,1000
"Synthetic-only",0.983,13.2588971698877,0,"LogNormal",81,1000,1000
"SCP",0.9645,10.2526698753608,0,"LogNormal",81,2000,2000
"RSA-CP (OT) (Ours)",0.953,9.16530316100667,0,"LogNormal",81,2000,2000
"SPI",0.941,8.58159832463901,0.0300000000000011,"LogNormal",81,2000,2000
"Synthetic-only",0.9405,8.51463200901694,0,"LogNormal",81,2000,2000
"SCP",0.9645,10.2526698753608,0,"LogNormal",81,3000,3000
"RSA-CP (OT) (Ours)",0.954,9.20411401369495,0,"LogNormal",81,3000,3000
"SPI",0.983,13.3022129462714,0.0399999999999991,"LogNormal",81,3000,3000
"Synthetic-only",0.983,13.2599163314872,0,"LogNormal",81,3000,3000
"SCP",0.966,7.24655186334123,0,"Student-t",81,50,50
"RSA-CP (OT) (Ours)",0.966,7.23683723294051,0,"Student-t",81,50,50
"SPI",0.999,21.699972813792,0,"Student-t",81,50,50
"Synthetic-only",0.999,17.5140756881885,0,"Student-t",81,50,50
"SCP",0.966,7.24655186334123,0,"Student-t",81,100,100
"RSA-CP (OT) (Ours)",0.961,6.98115788369683,0,"Student-t",81,100,100
"SPI",0.984,8.88578376067145,0.0199999999999996,"Student-t",81,100,100
"Synthetic-only",0.9945,12.544795330895,0,"Student-t",81,100,100
"SCP",0.966,7.24655186334123,0,"Student-t",81,250,250
"RSA-CP (OT) (Ours)",0.959,6.75017054235414,0,"Student-t",81,250,250
"SPI",0.984,8.88578376067145,0,"Student-t",81,250,250
"Synthetic-only",0.989,10.2938804317758,0,"Student-t",81,250,250
"SCP",0.966,7.24655186334123,0,"Student-t",81,500,500
"RSA-CP (OT) (Ours)",0.9595,6.8337639856031,0.0100000000000016,"Student-t",81,500,500
"SPI",0.984,8.88578376067145,0,"Student-t",81,500,500
"Synthetic-only",0.993,11.1118033451216,0,"Student-t",81,500,500
"SCP",0.966,7.24655186334123,0,"Student-t",81,1000,1000
"RSA-CP (OT) (Ours)",0.9595,6.82705343666742,0,"Student-t",81,1000,1000
"SPI",0.984,8.88578376067145,0.0199999999999996,"Student-t",81,1000,1000
"Synthetic-only",0.993,10.9878152577077,0.0199999999999996,"Student-t",81,1000,1000
"SCP",0.966,7.24655186334123,0,"Student-t",81,2000,2000
"RSA-CP (OT) (Ours)",0.9595,6.76784865850838,0,"Student-t",81,2000,2000
"SPI",0.984,8.88578376067145,0.0399999999999991,"Student-t",81,2000,2000
"Synthetic-only",0.989,10.305632539776,0,"Student-t",81,2000,2000
"SCP",0.966,7.24655186334123,0,"Student-t",81,3000,3000
"RSA-CP (OT) (Ours)",0.9595,6.79903388376628,0,"Student-t",81,3000,3000
"SPI",0.984,8.88578376067145,0.0399999999999991,"Student-t",81,3000,3000
"Synthetic-only",0.9945,12.1824899015676,0.00999999999999801,"Student-t",81,3000,3000
"SCP",0.9615,9.92927045569896,0,"LogNormal",82,50,50
"RSA-CP (OT) (Ours)",0.9615,9.92405849679876,0,"LogNormal",82,50,50
"SPI",0.997,22.6203603646931,0,"LogNormal",82,50,50
"Synthetic-only",0.9965,21.2717204021414,0,"LogNormal",82,50,50
"SCP",0.9615,9.92927045569896,0,"LogNormal",82,100,100
"RSA-CP (OT) (Ours)",0.957,9.42562632771934,0.0100000000000016,"LogNormal",82,100,100
"SPI",0.9465,8.71400245627436,0,"LogNormal",82,100,100
"Synthetic-only",0.9315,8.25102553570963,0,"LogNormal",82,100,100
"SCP",0.9615,9.92927045569896,0,"LogNormal",82,250,250
"RSA-CP (OT) (Ours)",0.9545,9.26166459910247,0,"LogNormal",82,250,250
"SPI",0.9465,8.72075198670758,0,"LogNormal",82,250,250
"Synthetic-only",0.931,8.24028297187835,0,"LogNormal",82,250,250
"SCP",0.9615,9.92927045569896,0,"LogNormal",82,500,500
"RSA-CP (OT) (Ours)",0.9515,9.04634671883269,0.0199999999999996,"LogNormal",82,500,500
"SPI",0.9465,8.71400245627436,0,"LogNormal",82,500,500
"Synthetic-only",0.9325,8.31302682662442,0,"LogNormal",82,500,500
"SCP",0.9615,9.92927045569896,0,"LogNormal",82,1000,1000
"RSA-CP (OT) (Ours)",0.953,9.1469264830968,0.0199999999999996,"LogNormal",82,1000,1000
"SPI",0.9465,8.71400245627436,0.0100000000000016,"LogNormal",82,1000,1000
"Synthetic-only",0.93,8.14801721442431,0,"LogNormal",82,1000,1000
"SCP",0.9615,9.92927045569896,0,"LogNormal",82,2000,2000
"RSA-CP (OT) (Ours)",0.953,9.1494660799944,0,"LogNormal",82,2000,2000
"SPI",0.9465,8.71400245627436,0.0299999999999976,"LogNormal",82,2000,2000
"Synthetic-only",0.93,8.13951595487026,0,"LogNormal",82,2000,2000
"SCP",0.9615,9.92927045569896,0,"LogNormal",82,3000,3000
"RSA-CP (OT) (Ours)",0.953,9.16132863736741,0.0199999999999996,"LogNormal",82,3000,3000
"SPI",0.9495,8.82656204528851,0.0400000000000027,"LogNormal",82,3000,3000
"Synthetic-only",0.949,8.81065164294223,0,"LogNormal",82,3000,3000
"SCP",0.881,4.50032852563753,0,"Student-t",82,50,50
"RSA-CP (OT) (Ours)",0.881,4.49743482569063,0.0199999999999996,"Student-t",82,50,50
"SPI",0.999,21.3870346133381,0,"Student-t",82,50,50
"Synthetic-only",0.983,8.71832768542423,0,"Student-t",82,50,50
"SCP",0.881,4.50032852563753,0,"Student-t",82,100,100
"RSA-CP (OT) (Ours)",0.872,4.35035446551224,0,"Student-t",82,100,100
"SPI",0.952,6.4860437299879,0,"Student-t",82,100,100
"Synthetic-only",0.9985,16.3772826735664,0,"Student-t",82,100,100
"SCP",0.881,4.50032852563753,0,"Student-t",82,250,250
"RSA-CP (OT) (Ours)",0.8665,4.24021890942332,0,"Student-t",82,250,250
"SPI",0.952,6.4860437299879,0,"Student-t",82,250,250
"Synthetic-only",0.989,10.2649383388413,0,"Student-t",82,250,250
"SCP",0.881,4.50032852563753,0,"Student-t",82,500,500
"RSA-CP (OT) (Ours)",0.863,4.18515113137887,0,"Student-t",82,500,500
"SPI",0.952,6.4860437299879,0.00999999999999801,"Student-t",82,500,500
"Synthetic-only",0.9945,12.6465277907771,0,"Student-t",82,500,500
"SCP",0.881,4.50032852563753,0,"Student-t",82,1000,1000
"RSA-CP (OT) (Ours)",0.863,4.18515113137887,0,"Student-t",82,1000,1000
"SPI",0.952,6.4860437299879,0.0200000000000031,"Student-t",82,1000,1000
"Synthetic-only",0.9935,11.9411219300408,0,"Student-t",82,1000,1000
"SCP",0.881,4.50032852563753,0,"Student-t",82,2000,2000
"RSA-CP (OT) (Ours)",0.863,4.18515113137887,0.00999999999999801,"Student-t",82,2000,2000
"SPI",0.952,6.4860437299879,0.0300000000000011,"Student-t",82,2000,2000
"Synthetic-only",0.9935,12.0328999893364,0,"Student-t",82,2000,2000
"SCP",0.881,4.50032852563753,0,"Student-t",82,3000,3000
"RSA-CP (OT) (Ours)",0.863,4.18515113137887,0,"Student-t",82,3000,3000
"SPI",0.952,6.4860437299879,0.0500000000000007,"Student-t",82,3000,3000
"Synthetic-only",0.993,11.3317491715535,0,"Student-t",82,3000,3000
"SCP",0.963,10.0264392774136,0,"LogNormal",83,50,50
"RSA-CP (OT) (Ours)",0.963,10.0199445025754,0,"LogNormal",83,50,50
"SPI",0.996,20.1219050597759,0,"LogNormal",83,50,50
"Synthetic-only",0.979,12.3799519435034,0,"LogNormal",83,50,50
"SCP",0.963,10.0264392774136,0,"LogNormal",83,100,100
"RSA-CP (OT) (Ours)",0.952,9.08682328504064,0.00999999999999801,"LogNormal",83,100,100
"SPI",0.9695,11.1208022215216,0,"LogNormal",83,100,100
"Synthetic-only",0.963,10.1280120886561,0,"LogNormal",83,100,100
"SCP",0.963,10.0264392774136,0,"LogNormal",83,250,250
"RSA-CP (OT) (Ours)",0.9525,9.09306781706399,0,"LogNormal",83,250,250
"SPI",0.938,8.43924709126472,0.0199999999999996,"LogNormal",83,250,250
"Synthetic-only",0.9305,8.2104733099994,0,"LogNormal",83,250,250
"SCP",0.963,10.0264392774136,0,"LogNormal",83,500,500
"RSA-CP (OT) (Ours)",0.941,8.57836586515471,0,"LogNormal",83,500,500
"SPI",0.93,8.17255401362771,0.0100000000000016,"LogNormal",83,500,500
"Synthetic-only",0.917,7.7163782407996,0,"LogNormal",83,500,500
"SCP",0.963,10.0264392774136,0,"LogNormal",83,1000,1000
"RSA-CP (OT) (Ours)",0.948,8.7499331824578,0,"LogNormal",83,1000,1000
"SPI",0.9665,10.5198528408805,0.0199999999999996,"LogNormal",83,1000,1000
"Synthetic-only",0.96,9.71432541892714,0,"LogNormal",83,1000,1000
"SCP",0.963,10.0264392774136,0,"LogNormal",83,2000,2000
"RSA-CP (OT) (Ours)",0.945,8.6927440766901,0.0100000000000016,"LogNormal",83,2000,2000
"SPI",0.9695,11.1208022215216,0.0399999999999991,"LogNormal",83,2000,2000
"Synthetic-only",0.9895,14.0998224856707,0,"LogNormal",83,2000,2000
"SCP",0.963,10.0264392774136,0,"LogNormal",83,3000,3000
"RSA-CP (OT) (Ours)",0.948,8.7499331824578,0,"LogNormal",83,3000,3000
"SPI",0.948,8.75155769251435,0.0399999999999991,"LogNormal",83,3000,3000
"Synthetic-only",0.948,8.74880017232084,0,"LogNormal",83,3000,3000
"SCP",0.971,7.62870416307224,0,"Student-t",83,50,50
"RSA-CP (OT) (Ours)",0.971,7.61861665638038,0.0199999999999996,"Student-t",83,50,50
"SPI",0.999,18.1262253738725,0,"Student-t",83,50,50
"Synthetic-only",0.999,17.580504846142,0,"Student-t",83,50,50
"SCP",0.971,7.62870416307224,0,"Student-t",83,100,100
"RSA-CP (OT) (Ours)",0.9685,7.3421308389323,0,"Student-t",83,100,100
"SPI",0.991,10.4988400399871,0,"Student-t",83,100,100
"Synthetic-only",0.984,8.96779472579543,0,"Student-t",83,100,100
"SCP",0.971,7.62870416307224,0,"Student-t",83,250,250
"RSA-CP (OT) (Ours)",0.956,6.65769491326912,0,"Student-t",83,250,250
"SPI",0.991,10.4988400399871,0.0100000000000016,"Student-t",83,250,250
"Synthetic-only",0.9915,10.6483155379989,0,"Student-t",83,250,250
"SCP",0.971,7.62870416307224,0,"Student-t",83,500,500
"RSA-CP (OT) (Ours)",0.9525,6.53325201769399,0,"Student-t",83,500,500
"SPI",0.991,10.4988400399871,0.0199999999999996,"Student-t",83,500,500
"Synthetic-only",0.993,11.056702365455,0,"Student-t",83,500,500
"SCP",0.971,7.62870416307224,0,"Student-t",83,1000,1000
"RSA-CP (OT) (Ours)",0.9555,6.62658418937533,0,"Student-t",83,1000,1000
"SPI",0.99,10.4129021361093,0.0199999999999996,"Student-t",83,1000,1000
"Synthetic-only",0.9895,10.3487898854943,0,"Student-t",83,1000,1000
"SCP",0.971,7.62870416307224,0,"Student-t",83,2000,2000
"RSA-CP (OT) (Ours)",0.9555,6.63090590413378,0,"Student-t",83,2000,2000
"SPI",0.991,10.4988400399871,0.0300000000000011,"Student-t",83,2000,2000
"Synthetic-only",0.993,11.4487857863419,0.0100000000000016,"Student-t",83,2000,2000
"SCP",0.971,7.62870416307224,0,"Student-t",83,3000,3000
"RSA-CP (OT) (Ours)",0.9555,6.63090590413378,0,"Student-t",83,3000,3000
"SPI",0.991,10.4988400399871,0.0500000000000007,"Student-t",83,3000,3000
"Synthetic-only",0.991,10.5004852211906,0,"Student-t",83,3000,3000
"SCP",0.957,9.42653486206162,0,"LogNormal",84,50,50
"RSA-CP (OT) (Ours)",0.957,9.38909561110281,0.0100000000000016,"LogNormal",84,50,50
"SPI",0.996,20.6722112114442,0,"LogNormal",84,50,50
"Synthetic-only",0.9915,15.8285847414726,0,"LogNormal",84,50,50
"SCP",0.957,9.42653486206162,0,"LogNormal",84,100,100
"RSA-CP (OT) (Ours)",0.9545,9.26948929758557,0,"LogNormal",84,100,100
"SPI",0.9925,16.7096954206723,0,"LogNormal",84,100,100
"Synthetic-only",0.921,7.75963165276323,0,"LogNormal",84,100,100
"SCP",0.957,9.42653486206162,0,"LogNormal",84,250,250
"RSA-CP (OT) (Ours)",0.9545,9.26948929758557,0.0199999999999996,"LogNormal",84,250,250
"SPI",0.9935,16.7824362329527,0,"LogNormal",84,250,250
"Synthetic-only",0.968,10.9153085146712,0,"LogNormal",84,250,250
"SCP",0.957,9.42653486206162,0,"LogNormal",84,500,500
"RSA-CP (OT) (Ours)",0.9545,9.26948929758557,0,"LogNormal",84,500,500
"SPI",0.9635,10.1530086741563,0.0199999999999996,"LogNormal",84,500,500
"Synthetic-only",0.959,9.50389757899329,0,"LogNormal",84,500,500
"SCP",0.957,9.42653486206162,0,"LogNormal",84,1000,1000
"RSA-CP (OT) (Ours)",0.954,9.20968614082696,0,"LogNormal",84,1000,1000
"SPI",0.978,12.1237442878029,0.00999999999999801,"LogNormal",84,1000,1000
"Synthetic-only",0.968,10.7165367956041,0,"LogNormal",84,1000,1000
"SCP",0.957,9.42653486206162,0.0200000000000031,"LogNormal",84,2000,2000
"RSA-CP (OT) (Ours)",0.954,9.20968614082696,0,"LogNormal",84,2000,2000
"SPI",0.963,10.0573355609542,0.0299999999999976,"LogNormal",84,2000,2000
"Synthetic-only",0.9625,9.99505827685045,0,"LogNormal",84,2000,2000
"SCP",0.957,9.42653486206162,0,"LogNormal",84,3000,3000
"RSA-CP (OT) (Ours)",0.954,9.20968614082696,0,"LogNormal",84,3000,3000
"SPI",0.9835,13.3733564258629,0.0500000000000007,"LogNormal",84,3000,3000
"Synthetic-only",0.983,13.3372665521542,0,"LogNormal",84,3000,3000
"SCP",0.993,10.8527777877558,0,"Student-t",84,50,50
"RSA-CP (OT) (Ours)",0.993,10.8496903684545,0.0100000000000016,"Student-t",84,50,50
"SPI",0.999,21.6692880801365,0,"Student-t",84,50,50
"Synthetic-only",0.996,14.093327565812,0,"Student-t",84,50,50
"SCP",0.993,10.8527777877558,0,"Student-t",84,100,100
"RSA-CP (OT) (Ours)",0.9885,9.78634862138001,0,"Student-t",84,100,100
"SPI",0.968,7.30653489785858,0,"Student-t",84,100,100
"Synthetic-only",0.954,6.60763147779003,0,"Student-t",84,100,100
"SCP",0.993,10.8527777877558,0,"Student-t",84,250,250
"RSA-CP (OT) (Ours)",0.9865,9.44391653333909,0.0199999999999996,"Student-t",84,250,250
"SPI",0.9965,14.4061780196865,0,"Student-t",84,250,250
"Synthetic-only",0.998,15.5976711230025,0,"Student-t",84,250,250
"SCP",0.993,10.8527777877558,0,"Student-t",84,500,500
"RSA-CP (OT) (Ours)",0.985,9.19015776140897,0,"Student-t",84,500,500
"SPI",0.993,11.4674871928668,0.00999999999999801,"Student-t",84,500,500
"Synthetic-only",0.993,11.2039467667201,0,"Student-t",84,500,500
"SCP",0.993,10.8527777877558,0,"Student-t",84,1000,1000
"RSA-CP (OT) (Ours)",0.9835,8.8524616756879,0,"Student-t",84,1000,1000
"SPI",0.993,11.3812696690038,0.0199999999999996,"Student-t",84,1000,1000
"Synthetic-only",0.993,11.2227982142219,0,"Student-t",84,1000,1000
"SCP",0.993,10.8527777877558,0,"Student-t",84,2000,2000
"RSA-CP (OT) (Ours)",0.9805,8.48302658656498,0.0100000000000016,"Student-t",84,2000,2000
"SPI",0.9935,11.5093400435143,0.0300000000000011,"Student-t",84,2000,2000
"Synthetic-only",0.9935,11.5013704221428,0,"Student-t",84,2000,2000
"SCP",0.993,10.8527777877558,0,"Student-t",84,3000,3000
"RSA-CP (OT) (Ours)",0.9775,8.231719277395,0,"Student-t",84,3000,3000
"SPI",0.9935,11.9088192275071,0.0499999999999972,"Student-t",84,3000,3000
"Synthetic-only",0.9935,11.8507930314733,0,"Student-t",84,3000,3000
"SCP",0.9695,11.0627621382703,0,"LogNormal",85,50,50
"RSA-CP (OT) (Ours)",0.9695,11.0535377859884,0,"LogNormal",85,50,50
"SPI",0.998,24.5372714229983,0,"LogNormal",85,50,50
"Synthetic-only",0.9945,17.837642321798,0,"LogNormal",85,50,50
"SCP",0.9695,11.0627621382703,0,"LogNormal",85,100,100
"RSA-CP (OT) (Ours)",0.969,10.9771748306448,0,"LogNormal",85,100,100
"SPI",0.991,15.2598639094993,0.00999999999999801,"LogNormal",85,100,100
"Synthetic-only",0.9945,17.7411686871861,0,"LogNormal",85,100,100
"SCP",0.9695,11.0627621382703,0,"LogNormal",85,250,250
"RSA-CP (OT) (Ours)",0.968,10.8918521870344,0,"LogNormal",85,250,250
"SPI",0.991,15.2598639094993,0,"LogNormal",85,250,250
"Synthetic-only",0.995,18.9249116375102,0,"LogNormal",85,250,250
"SCP",0.9695,11.0627621382703,0,"LogNormal",85,500,500
"RSA-CP (OT) (Ours)",0.968,10.8539107516705,0.0199999999999996,"LogNormal",85,500,500
"SPI",0.9675,10.6754098097786,0,"LogNormal",85,500,500
"Synthetic-only",0.932,8.29285591510797,0,"LogNormal",85,500,500
"SCP",0.9695,11.0627621382703,0,"LogNormal",85,1000,1000
"RSA-CP (OT) (Ours)",0.968,10.7913521882603,0.0100000000000016,"LogNormal",85,1000,1000
"SPI",0.9675,10.6754098097786,0.0199999999999996,"LogNormal",85,1000,1000
"Synthetic-only",0.924,7.88901740356334,0,"LogNormal",85,1000,1000
"SCP",0.9695,11.0627621382703,0,"LogNormal",85,2000,2000
"RSA-CP (OT) (Ours)",0.968,10.8098222774976,0,"LogNormal",85,2000,2000
"SPI",0.9675,10.6754098097786,0.0300000000000011,"LogNormal",85,2000,2000
"Synthetic-only",0.944,8.66704851100053,0,"LogNormal",85,2000,2000
"SCP",0.9695,11.0627621382703,0,"LogNormal",85,3000,3000
"RSA-CP (OT) (Ours)",0.968,10.8098222774976,0.0199999999999996,"LogNormal",85,3000,3000
"SPI",0.9675,10.6754098097786,0.0399999999999991,"LogNormal",85,3000,3000
"Synthetic-only",0.951,8.91767154972512,0,"LogNormal",85,3000,3000
"SCP",0.949,6.26959164571918,0,"Student-t",85,50,50
"RSA-CP (OT) (Ours)",0.947,6.22265891902384,0,"Student-t",85,50,50
"SPI",0.997,15.165808088511,0,"Student-t",85,50,50
"Synthetic-only",0.9935,11.7894811956549,0,"Student-t",85,50,50
"SCP",0.949,6.26959164571918,0,"Student-t",85,100,100
"RSA-CP (OT) (Ours)",0.944,6.00238780684601,0,"Student-t",85,100,100
"SPI",0.9595,6.75276680220347,0,"Student-t",85,100,100
"Synthetic-only",0.993,10.8882977119881,0,"Student-t",85,100,100
"SCP",0.949,6.26959164571918,0,"Student-t",85,250,250
"RSA-CP (OT) (Ours)",0.9465,6.11252336293492,0,"Student-t",85,250,250
"SPI",0.9595,6.75276680220347,0.0100000000000016,"Student-t",85,250,250
"Synthetic-only",0.984,8.98743933607131,0,"Student-t",85,250,250
"SCP",0.949,6.26959164571918,0,"Student-t",85,500,500
"RSA-CP (OT) (Ours)",0.945,6.05745558489046,0,"Student-t",85,500,500
"SPI",0.9595,6.75276680220347,0,"Student-t",85,500,500
"Synthetic-only",0.9965,14.3193989739711,0,"Student-t",85,500,500
"SCP",0.949,6.26959164571918,0,"Student-t",85,1000,1000
"RSA-CP (OT) (Ours)",0.945,6.05745558489046,0.0199999999999996,"Student-t",85,1000,1000
"SPI",0.9595,6.75276680220347,0.0199999999999996,"Student-t",85,1000,1000
"Synthetic-only",0.9945,12.7605882078157,0,"Student-t",85,1000,1000
"SCP",0.949,6.26959164571918,0,"Student-t",85,2000,2000
"RSA-CP (OT) (Ours)",0.944,6.00238780684601,0,"Student-t",85,2000,2000
"SPI",0.9595,6.75276680220347,0.0300000000000011,"Student-t",85,2000,2000
"Synthetic-only",0.9945,12.6644107217969,0,"Student-t",85,2000,2000
"SCP",0.949,6.26959164571918,0,"Student-t",85,3000,3000
"RSA-CP (OT) (Ours)",0.944,6.00238780684601,0.00999999999999801,"Student-t",85,3000,3000
"SPI",0.9595,6.75276680220347,0.0500000000000007,"Student-t",85,3000,3000
"Synthetic-only",0.9935,11.7006195082665,0,"Student-t",85,3000,3000
"SCP",0.922,7.80787025777075,0,"LogNormal",86,50,50
"RSA-CP (OT) (Ours)",0.922,7.80237019238993,0.0199999999999996,"LogNormal",86,50,50
"SPI",0.996,20.5642791924956,0,"LogNormal",86,50,50
"Synthetic-only",0.9935,16.8678468871439,0,"LogNormal",86,50,50
"SCP",0.922,7.80787025777075,0,"LogNormal",86,100,100
"RSA-CP (OT) (Ours)",0.9215,7.77201472165408,0,"LogNormal",86,100,100
"SPI",0.936,8.37216604202872,0,"LogNormal",86,100,100
"Synthetic-only",0.929,8.04991706893498,0,"LogNormal",86,100,100
"SCP",0.922,7.80787025777075,0,"LogNormal",86,250,250
"RSA-CP (OT) (Ours)",0.9215,7.78199874388314,0,"LogNormal",86,250,250
"SPI",0.951,8.94860032665235,0.0100000000000016,"LogNormal",86,250,250
"Synthetic-only",0.9635,10.182082900839,0.0100000000000016,"LogNormal",86,250,250
"SCP",0.922,7.80787025777075,0,"LogNormal",86,500,500
"RSA-CP (OT) (Ours)",0.9215,7.78199874388314,0,"LogNormal",86,500,500
"SPI",0.951,8.94860032665235,0.0199999999999996,"LogNormal",86,500,500
"Synthetic-only",0.9935,16.9275718166484,0,"LogNormal",86,500,500
"SCP",0.922,7.80787025777075,0,"LogNormal",86,1000,1000
"RSA-CP (OT) (Ours)",0.9215,7.77559402112723,0,"LogNormal",86,1000,1000
"SPI",0.9235,7.86812159373967,0.00999999999999801,"LogNormal",86,1000,1000
"Synthetic-only",0.922,7.79689386805564,0,"LogNormal",86,1000,1000
"SCP",0.922,7.80787025777075,0,"LogNormal",86,2000,2000
"RSA-CP (OT) (Ours)",0.9215,7.77211420689248,0.0199999999999996,"LogNormal",86,2000,2000
"SPI",0.9385,8.46680679426957,0.0300000000000011,"LogNormal",86,2000,2000
"Synthetic-only",0.938,8.42456219810837,0,"LogNormal",86,2000,2000
"SCP",0.922,7.80787025777075,0,"LogNormal",86,3000,3000
"RSA-CP (OT) (Ours)",0.9215,7.77211420689248,0,"LogNormal",86,3000,3000
"SPI",0.951,8.94860032665235,0.0500000000000007,"LogNormal",86,3000,3000
"Synthetic-only",0.9545,9.27188743927149,0,"LogNormal",86,3000,3000
"SCP",0.9525,6.53298687800655,0,"Student-t",86,50,50
"RSA-CP (OT) (Ours)",0.9525,6.52456341690347,0.00999999999999801,"Student-t",86,50,50
"SPI",0.9995,26.2556799067411,0,"Student-t",86,50,50
"Synthetic-only",0.998,15.726013797897,0,"Student-t",86,50,50
"SCP",0.9525,6.53298687800655,0,"Student-t",86,100,100
"RSA-CP (OT) (Ours)",0.952,6.39569176648238,0,"Student-t",86,100,100
"SPI",0.9745,7.98345617992875,0,"Student-t",86,100,100
"Synthetic-only",0.993,11.0905822708358,0,"Student-t",86,100,100
"SCP",0.9525,6.53298687800655,0,"Student-t",86,250,250
"RSA-CP (OT) (Ours)",0.938,5.89155245884196,0.0200000000000031,"Student-t",86,250,250
"SPI",0.9745,7.98345617992875,0,"Student-t",86,250,250
"Synthetic-only",0.993,11.0091327686158,0,"Student-t",86,250,250
"SCP",0.9525,6.53298687800655,0,"Student-t",86,500,500
"RSA-CP (OT) (Ours)",0.9395,5.91201405929309,0,"Student-t",86,500,500
"SPI",0.9745,7.98345617992875,0.00999999999999801,"Student-t",86,500,500
"Synthetic-only",0.996,14.0050124473415,0,"Student-t",86,500,500
"SCP",0.9525,6.53298687800655,0,"Student-t",86,1000,1000
"RSA-CP (OT) (Ours)",0.9395,5.91341943070096,0,"Student-t",86,1000,1000
"SPI",0.9745,7.98345617992875,0.0199999999999996,"Student-t",86,1000,1000
"Synthetic-only",0.995,13.6046772455999,0,"Student-t",86,1000,1000
"SCP",0.9525,6.53298687800655,0,"Student-t",86,2000,2000
"RSA-CP (OT) (Ours)",0.9395,5.91341943070096,0.0100000000000016,"Student-t",86,2000,2000
"SPI",0.9745,7.98345617992875,0.0199999999999996,"Student-t",86,2000,2000
"Synthetic-only",0.993,11.1258119714064,0,"Student-t",86,2000,2000
"SCP",0.9525,6.53298687800655,0,"Student-t",86,3000,3000
"RSA-CP (OT) (Ours)",0.9395,5.91341943070096,0,"Student-t",86,3000,3000
"SPI",0.9745,7.98345617992875,0.0399999999999991,"Student-t",86,3000,3000
"Synthetic-only",0.9935,12.0229827851511,0,"Student-t",86,3000,3000
"SCP",0.8975,7.18506083795416,0,"LogNormal",87,50,50
"RSA-CP (OT) (Ours)",0.8975,7.17669166608022,0,"LogNormal",87,50,50
"SPI",0.999,30.3244719818064,0,"LogNormal",87,50,50
"Synthetic-only",0.9945,18.158817569428,0,"LogNormal",87,50,50
"SCP",0.8975,7.18506083795416,0,"LogNormal",87,100,100
"RSA-CP (OT) (Ours)",0.872,6.39020490815362,0,"LogNormal",87,100,100
"SPI",0.938,8.42098202197634,0,"LogNormal",87,100,100
"Synthetic-only",0.968,10.9272998169051,0,"LogNormal",87,100,100
"SCP",0.8975,7.18506083795416,0,"LogNormal",87,250,250
"RSA-CP (OT) (Ours)",0.886,6.90895263638764,0.0100000000000016,"LogNormal",87,250,250
"SPI",0.938,8.42098202197634,0,"LogNormal",87,250,250
"Synthetic-only",0.9905,15.1916939994078,0,"LogNormal",87,250,250
"SCP",0.8975,7.18506083795416,0,"LogNormal",87,500,500
"RSA-CP (OT) (Ours)",0.874,6.4483557939618,0,"LogNormal",87,500,500
"SPI",0.938,8.42098202197634,0.0199999999999996,"LogNormal",87,500,500
"Synthetic-only",0.9375,8.39913800998946,0,"LogNormal",87,500,500
"SCP",0.8975,7.18506083795416,0,"LogNormal",87,1000,1000
"RSA-CP (OT) (Ours)",0.876,6.5251219343661,0,"LogNormal",87,1000,1000
"SPI",0.938,8.42098202197634,0.0100000000000016,"LogNormal",87,1000,1000
"Synthetic-only",0.951,8.97895582054827,0,"LogNormal",87,1000,1000
"SCP",0.8975,7.18506083795416,0,"LogNormal",87,2000,2000
"RSA-CP (OT) (Ours)",0.8805,6.60188807477041,0.0199999999999996,"LogNormal",87,2000,2000
"SPI",0.938,8.42098202197634,0.0299999999999976,"LogNormal",87,2000,2000
"Synthetic-only",0.9405,8.5122894599322,0,"LogNormal",87,2000,2000
"SCP",0.8975,7.18506083795416,0,"LogNormal",87,3000,3000
"RSA-CP (OT) (Ours)",0.8805,6.60188807477041,0.0200000000000031,"LogNormal",87,3000,3000
"SPI",0.938,8.42098202197634,0.0399999999999991,"LogNormal",87,3000,3000
"Synthetic-only",0.9615,9.93068401725089,0,"LogNormal",87,3000,3000
"SCP",0.9055,4.97324539770235,0,"Student-t",87,50,50
"RSA-CP (OT) (Ours)",0.9055,4.96805785036805,0,"Student-t",87,50,50
"SPI",0.9995,27.855113066089,0,"Student-t",87,50,50
"Synthetic-only",0.9955,13.8803948076742,0,"Student-t",87,50,50
"SCP",0.9055,4.97324539770235,0,"Student-t",87,100,100
"RSA-CP (OT) (Ours)",0.8575,4.07739668536386,0,"Student-t",87,100,100
"SPI",0.9965,14.5753057987081,0,"Student-t",87,100,100
"Synthetic-only",0.9945,12.5009088143482,0,"Student-t",87,100,100
"SCP",0.9055,4.97324539770235,0,"Student-t",87,250,250
"RSA-CP (OT) (Ours)",0.8845,4.56183985590215,0,"Student-t",87,250,250
"SPI",0.99,10.4557583922229,0,"Student-t",87,250,250
"Synthetic-only",0.9885,9.7858449286821,0,"Student-t",87,250,250
"SCP",0.9055,4.97324539770235,0,"Student-t",87,500,500
"RSA-CP (OT) (Ours)",0.867,4.27924800642148,0,"Student-t",87,500,500
"SPI",0.993,10.8541539241759,0.0199999999999996,"Student-t",87,500,500
"Synthetic-only",0.9925,10.7796269175223,0,"Student-t",87,500,500
"SCP",0.9055,4.97324539770235,0,"Student-t",87,1000,1000
"RSA-CP (OT) (Ours)",0.881,4.50097945874872,0,"Student-t",87,1000,1000
"SPI",0.993,11.4629376165816,0.0100000000000016,"Student-t",87,1000,1000
"Synthetic-only",0.993,11.389605908889,0,"Student-t",87,1000,1000
"SCP",0.9055,4.97324539770235,0,"Student-t",87,2000,2000
"RSA-CP (OT) (Ours)",0.874,4.35733117815036,0.0199999999999996,"Student-t",87,2000,2000
"SPI",0.9945,12.2663440108121,0.0299999999999976,"Student-t",87,2000,2000
"Synthetic-only",0.9945,12.2560264043814,0,"Student-t",87,2000,2000
"SCP",0.9055,4.97324539770235,0,"Student-t",87,3000,3000
"RSA-CP (OT) (Ours)",0.872,4.3506339318679,0,"Student-t",87,3000,3000
"SPI",0.9935,12.152111839795,0.0400000000000027,"Student-t",87,3000,3000
"Synthetic-only",0.9935,12.0392305288438,0,"Student-t",87,3000,3000
"SCP",0.978,12.2194878990488,0,"LogNormal",88,50,50
"RSA-CP (OT) (Ours)",0.978,12.2098941853466,0,"LogNormal",88,50,50
"SPI",0.8895,6.98961293681828,0,"LogNormal",88,50,50
"Synthetic-only",0.8825,6.70687189958505,0,"LogNormal",88,50,50
"SCP",0.978,12.2194878990488,0,"LogNormal",88,100,100
"RSA-CP (OT) (Ours)",0.941,8.56571038233547,0.0199999999999996,"LogNormal",88,100,100
"SPI",0.955,9.28767468120499,0,"LogNormal",88,100,100
"Synthetic-only",0.955,9.28251841732795,0,"LogNormal",88,100,100
"SCP",0.978,12.2194878990488,0,"LogNormal",88,250,250
"RSA-CP (OT) (Ours)",0.9635,10.1517828006503,0,"LogNormal",88,250,250
"SPI",0.9705,11.2291686328645,0,"LogNormal",88,250,250
"Synthetic-only",0.967,10.580748871752,0,"LogNormal",88,250,250
"SCP",0.978,12.2194878990488,0,"LogNormal",88,500,500
"RSA-CP (OT) (Ours)",0.938,8.45052249614573,0.00999999999999801,"LogNormal",88,500,500
"SPI",0.99,14.9156738780929,0,"LogNormal",88,500,500
"Synthetic-only",0.9875,13.6570934685637,0,"LogNormal",88,500,500
"SCP",0.978,12.2194878990488,0,"LogNormal",88,1000,1000
"RSA-CP (OT) (Ours)",0.951,8.95253373354053,0.0200000000000031,"LogNormal",88,1000,1000
"SPI",0.976,11.8711616414377,0.00999999999999801,"LogNormal",88,1000,1000
"Synthetic-only",0.9625,9.96558739423351,0,"LogNormal",88,1000,1000
"SCP",0.978,12.2194878990488,0,"LogNormal",88,2000,2000
"RSA-CP (OT) (Ours)",0.9455,8.70152811484313,0,"LogNormal",88,2000,2000
"SPI",0.9905,15.0150391058775,0.0300000000000011,"LogNormal",88,2000,2000
"Synthetic-only",0.991,15.4469352335531,0,"LogNormal",88,2000,2000
"SCP",0.978,12.2194878990488,0,"LogNormal",88,3000,3000
"RSA-CP (OT) (Ours)",0.9495,8.84476591010042,0.0199999999999996,"LogNormal",88,3000,3000
"SPI",0.9535,9.17832818834496,0.0500000000000007,"LogNormal",88,3000,3000
"Synthetic-only",0.953,9.16993700981443,0,"LogNormal",88,3000,3000
"SCP",0.957,6.68959675270615,0,"Student-t",88,50,50
"RSA-CP (OT) (Ours)",0.9565,6.68256027661456,0,"Student-t",88,50,50
"SPI",0.981,8.55278075757292,0,"Student-t",88,50,50
"Synthetic-only",0.9595,6.76999469733884,0,"Student-t",88,50,50
"SCP",0.957,6.68959675270615,0,"Student-t",88,100,100
"RSA-CP (OT) (Ours)",0.9515,6.35390977120729,0.00999999999999801,"Student-t",88,100,100
"SPI",0.9965,14.5945168882711,0,"Student-t",88,100,100
"Synthetic-only",0.9985,16.5602322949638,0,"Student-t",88,100,100
"SCP",0.957,6.68959675270615,0,"Student-t",88,250,250
"RSA-CP (OT) (Ours)",0.952,6.44520157826486,0,"Student-t",88,250,250
"SPI",0.9835,8.83280483544862,0,"Student-t",88,250,250
"Synthetic-only",0.978,8.25444933659299,0,"Student-t",88,250,250
"SCP",0.957,6.68959675270615,0,"Student-t",88,500,500
"RSA-CP (OT) (Ours)",0.951,6.32318916777601,0.0199999999999996,"Student-t",88,500,500
"SPI",0.9965,14.5945168882711,0,"Student-t",88,500,500
"Synthetic-only",0.9965,14.8720799650549,0,"Student-t",88,500,500
"SCP",0.957,6.68959675270615,0,"Student-t",88,1000,1000
"RSA-CP (OT) (Ours)",0.947,6.13801670062234,0,"Student-t",88,1000,1000
"SPI",0.995,13.0292516634881,0.0100000000000016,"Student-t",88,1000,1000
"Synthetic-only",0.995,13.0157857624843,0,"Student-t",88,1000,1000
"SCP",0.957,6.68959675270615,0,"Student-t",88,2000,2000
"RSA-CP (OT) (Ours)",0.9495,6.29540174422804,0,"Student-t",88,2000,2000
"SPI",0.993,11.4651880381597,0.0300000000000011,"Student-t",88,2000,2000
"Synthetic-only",0.993,11.435142987504,0,"Student-t",88,2000,2000
"SCP",0.957,6.68959675270615,0,"Student-t",88,3000,3000
"RSA-CP (OT) (Ours)",0.947,6.23244772678576,0.0199999999999996,"Student-t",88,3000,3000
"SPI",0.9935,11.5757294800013,0.0399999999999991,"Student-t",88,3000,3000
"Synthetic-only",0.9935,11.5708336596442,0,"Student-t",88,3000,3000
"SCP",0.981,13.0052423113149,0,"LogNormal",89,50,50
"RSA-CP (OT) (Ours)",0.981,12.9847099384915,0,"LogNormal",89,50,50
"SPI",0.9375,8.40819084691505,0.0199999999999996,"LogNormal",89,50,50
"Synthetic-only",0.9065,7.37362182481719,0.0199999999999996,"LogNormal",89,50,50
"SCP",0.981,13.0052423113149,0,"LogNormal",89,100,100
"RSA-CP (OT) (Ours)",0.978,12.1862973532768,0,"LogNormal",89,100,100
"SPI",0.975,11.7862573879456,0,"LogNormal",89,100,100
"Synthetic-only",0.941,8.53293512884266,0,"LogNormal",89,100,100
"SCP",0.981,13.0052423113149,0,"LogNormal",89,250,250
"RSA-CP (OT) (Ours)",0.975,11.8081019181752,0,"LogNormal",89,250,250
"SPI",0.996,19.6568942084552,0.0100000000000016,"LogNormal",89,250,250
"Synthetic-only",0.996,19.5743056874816,0.0100000000000016,"LogNormal",89,250,250
"SCP",0.981,13.0052423113149,0,"LogNormal",89,500,500
"RSA-CP (OT) (Ours)",0.96,9.72510270735926,0,"LogNormal",89,500,500
"SPI",0.968,10.9222981194189,0.0199999999999996,"LogNormal",89,500,500
"Synthetic-only",0.9615,9.9222809948012,0,"LogNormal",89,500,500
"SCP",0.981,13.0052423113149,0,"LogNormal",89,1000,1000
"RSA-CP (OT) (Ours)",0.963,10.1009520873538,0,"LogNormal",89,1000,1000
"SPI",0.959,9.50432697722525,0.0199999999999996,"LogNormal",89,1000,1000
"Synthetic-only",0.957,9.41361959719176,0,"LogNormal",89,1000,1000
"SCP",0.981,13.0052423113149,0,"LogNormal",89,2000,2000
"RSA-CP (OT) (Ours)",0.9625,9.98334631691812,0,"LogNormal",89,2000,2000
"SPI",0.994,17.2775750789195,0.0399999999999991,"LogNormal",89,2000,2000
"Synthetic-only",0.994,17.2623157522348,0.0100000000000016,"LogNormal",89,2000,2000
"SCP",0.981,13.0052423113149,0,"LogNormal",89,3000,3000
"RSA-CP (OT) (Ours)",0.963,10.0311135241761,0,"LogNormal",89,3000,3000
"SPI",0.959,9.49459751502619,0.0500000000000007,"LogNormal",89,3000,3000
"Synthetic-only",0.955,9.29132594379805,0,"LogNormal",89,3000,3000
"SCP",0.956,6.66224685013563,0,"Student-t",89,50,50
"RSA-CP (OT) (Ours)",0.956,6.65951058455345,0,"Student-t",89,50,50
"SPI",0.999,19.2778010647328,0.0100000000000016,"Student-t",89,50,50
"Synthetic-only",0.999,17.2182508829077,0,"Student-t",89,50,50
"SCP",0.956,6.66224685013563,0,"Student-t",89,100,100
"RSA-CP (OT) (Ours)",0.9315,5.68275515294125,0,"Student-t",89,100,100
"SPI",0.984,8.98983317957539,0,"Student-t",89,100,100
"Synthetic-only",0.997,15.1882562727298,0,"Student-t",89,100,100
"SCP",0.956,6.66224685013563,0,"Student-t",89,250,250
"RSA-CP (OT) (Ours)",0.9315,5.68275515294125,0,"Student-t",89,250,250
"SPI",0.984,8.98983317957539,0.0199999999999996,"Student-t",89,250,250
"Synthetic-only",0.995,13.2428648746162,0,"Student-t",89,250,250
"SCP",0.956,6.66224685013563,0,"Student-t",89,500,500
"RSA-CP (OT) (Ours)",0.931,5.66878529337282,0,"Student-t",89,500,500
"SPI",0.984,8.98983317957539,0,"Student-t",89,500,500
"Synthetic-only",0.993,11.1345095980489,0.0199999999999996,"Student-t",89,500,500
"SCP",0.956,6.66224685013563,0,"Student-t",89,1000,1000
"RSA-CP (OT) (Ours)",0.9225,5.48301930727081,0,"Student-t",89,1000,1000
"SPI",0.984,8.98983317957539,0.00999999999999801,"Student-t",89,1000,1000
"Synthetic-only",0.9945,12.5666247568865,0,"Student-t",89,1000,1000
"SCP",0.956,6.66224685013563,0,"Student-t",89,2000,2000
"RSA-CP (OT) (Ours)",0.9195,5.34060322136767,0,"Student-t",89,2000,2000
"SPI",0.984,8.98983317957539,0.0300000000000011,"Student-t",89,2000,2000
"Synthetic-only",0.9945,12.5415705247986,0.0199999999999996,"Student-t",89,2000,2000
"SCP",0.956,6.66224685013563,0,"Student-t",89,3000,3000
"RSA-CP (OT) (Ours)",0.9195,5.34060322136767,0,"Student-t",89,3000,3000
"SPI",0.984,8.98983317957539,0.0500000000000007,"Student-t",89,3000,3000
"Synthetic-only",0.993,11.3902810083103,0,"Student-t",89,3000,3000
"SCP",0.872,6.40006797801408,0,"LogNormal",90,50,50
"RSA-CP (OT) (Ours)",0.872,6.39588174112119,0,"LogNormal",90,50,50
"SPI",0.998,24.9880575113726,0,"LogNormal",90,50,50
"Synthetic-only",0.974,11.6680378017189,0,"LogNormal",90,50,50
"SCP",0.872,6.40006797801408,0,"LogNormal",90,100,100
"RSA-CP (OT) (Ours)",0.84,5.82208260623863,0,"LogNormal",90,100,100
"SPI",0.9145,7.62621593008098,0.0199999999999996,"LogNormal",90,100,100
"Synthetic-only",0.9905,15.2254996944297,0,"LogNormal",90,100,100
"SCP",0.872,6.40006797801408,0,"LogNormal",90,250,250
"RSA-CP (OT) (Ours)",0.856,6.1280379877956,0,"LogNormal",90,250,250
"SPI",0.9145,7.62621593008098,0,"LogNormal",90,250,250
"Synthetic-only",0.9905,15.1700230401761,0,"LogNormal",90,250,250
"SCP",0.872,6.40006797801408,0,"LogNormal",90,500,500
"RSA-CP (OT) (Ours)",0.8525,6.04578244433526,0.00999999999999801,"LogNormal",90,500,500
"SPI",0.9145,7.62621593008098,0,"LogNormal",90,500,500
"Synthetic-only",0.9235,7.85761740576831,0,"LogNormal",90,500,500
"SCP",0.872,6.40006797801408,0,"LogNormal",90,1000,1000
"RSA-CP (OT) (Ours)",0.846,5.9445141770815,0,"LogNormal",90,1000,1000
"SPI",0.9145,7.62621593008098,0.0199999999999996,"LogNormal",90,1000,1000
"Synthetic-only",0.9875,13.6553466391567,0.0199999999999996,"LogNormal",90,1000,1000
"SCP",0.872,6.40006797801408,0,"LogNormal",90,2000,2000
"RSA-CP (OT) (Ours)",0.837,5.75428972341489,0,"LogNormal",90,2000,2000
"SPI",0.9145,7.62621593008098,0.0300000000000011,"LogNormal",90,2000,2000
"Synthetic-only",0.937,8.38841628184509,0,"LogNormal",90,2000,2000
"SCP",0.872,6.40006797801408,0,"LogNormal",90,3000,3000
"RSA-CP (OT) (Ours)",0.8385,5.80184583683154,0.0199999999999996,"LogNormal",90,3000,3000
"SPI",0.9145,7.62621593008098,0.0500000000000007,"LogNormal",90,3000,3000
"Synthetic-only",0.9505,8.87067554433769,0,"LogNormal",90,3000,3000
"SCP",0.975,8.10049329836195,0,"Student-t",90,50,50
"RSA-CP (OT) (Ours)",0.975,8.08751585346337,0,"Student-t",90,50,50
"SPI",0.989,10.2754378896037,0,"Student-t",90,50,50
"Synthetic-only",0.987,9.54615141189074,0,"Student-t",90,50,50
"SCP",0.975,8.10049329836195,0,"Student-t",90,100,100
"RSA-CP (OT) (Ours)",0.9715,7.67170526973775,0,"Student-t",90,100,100
"SPI",0.9965,14.6964970548786,0.00999999999999801,"Student-t",90,100,100
"Synthetic-only",0.995,13.3521290015745,0.00999999999999801,"Student-t",90,100,100
"SCP",0.975,8.10049329836195,0,"Student-t",90,250,250
"RSA-CP (OT) (Ours)",0.974,7.92119161997312,0,"Student-t",90,250,250
"SPI",0.9965,14.1526285640853,0,"Student-t",90,250,250
"Synthetic-only",0.9935,12.0762745670431,0,"Student-t",90,250,250
"SCP",0.975,8.10049329836195,0,"Student-t",90,500,500
"RSA-CP (OT) (Ours)",0.9715,7.67170526973775,0.0199999999999996,"Student-t",90,500,500
"SPI",0.9875,9.64108783948728,0,"Student-t",90,500,500
"Synthetic-only",0.9875,9.63903472677186,0,"Student-t",90,500,500
"SCP",0.975,8.10049329836195,0,"Student-t",90,1000,1000
"RSA-CP (OT) (Ours)",0.972,7.77226256220942,0.0100000000000016,"Student-t",90,1000,1000
"SPI",0.995,13.7901339216037,0.0199999999999996,"Student-t",90,1000,1000
"Synthetic-only",0.995,13.4095118739802,0,"Student-t",90,1000,1000
"SCP",0.975,8.10049329836195,0,"Student-t",90,2000,2000
"RSA-CP (OT) (Ours)",0.971,7.63310060428023,0,"Student-t",90,2000,2000
"SPI",0.995,13.5531123926463,0.0300000000000011,"Student-t",90,2000,2000
"Synthetic-only",0.995,13.4840380685192,0,"Student-t",90,2000,2000
"SCP",0.975,8.10049329836195,0,"Student-t",90,3000,3000
"RSA-CP (OT) (Ours)",0.971,7.64925464196575,0.0199999999999996,"Student-t",90,3000,3000
"SPI",0.9935,11.9408730189325,0.0299999999999976,"Student-t",90,3000,3000
"Synthetic-only",0.9935,11.9004594429614,0,"Student-t",90,3000,3000
"SCP",0.966,10.3919722168795,0,"LogNormal",91,50,50
"RSA-CP (OT) (Ours)",0.966,10.3850272682121,0,"LogNormal",91,50,50
"SPI",0.9945,17.6216242977711,0,"LogNormal",91,50,50
"Synthetic-only",0.9935,16.9435109230936,0,"LogNormal",91,50,50
"SCP",0.966,10.3919722168795,0,"LogNormal",91,100,100
"RSA-CP (OT) (Ours)",0.953,9.12246402156306,0.0199999999999996,"LogNormal",91,100,100
"SPI",0.9895,14.2142096970164,0,"LogNormal",91,100,100
"Synthetic-only",0.9465,8.71232287236701,0,"LogNormal",91,100,100
"SCP",0.966,10.3919722168795,0,"LogNormal",91,250,250
"RSA-CP (OT) (Ours)",0.948,8.76939004987301,0,"LogNormal",91,250,250
"SPI",0.9895,14.2142096970164,0,"LogNormal",91,250,250
"Synthetic-only",0.994,17.3953036415605,0,"LogNormal",91,250,250
"SCP",0.966,10.3919722168795,0,"LogNormal",91,500,500
"RSA-CP (OT) (Ours)",0.941,8.57196617150974,0,"LogNormal",91,500,500
"SPI",0.9515,9.01376463431851,0,"LogNormal",91,500,500
"Synthetic-only",0.951,8.96377966239228,0,"LogNormal",91,500,500
"SCP",0.966,10.3919722168795,0,"LogNormal",91,1000,1000
"RSA-CP (OT) (Ours)",0.9515,8.99071164540533,0.0199999999999996,"LogNormal",91,1000,1000
"SPI",0.9695,11.0506624060877,0.0199999999999996,"LogNormal",91,1000,1000
"Synthetic-only",0.9645,10.3252618730526,0,"LogNormal",91,1000,1000
"SCP",0.966,10.3919722168795,0,"LogNormal",91,2000,2000
"RSA-CP (OT) (Ours)",0.946,8.70778191543188,0,"LogNormal",91,2000,2000
"SPI",0.9515,8.99970001527074,0.0300000000000011,"LogNormal",91,2000,2000
"Synthetic-only",0.951,8.97443558580242,0.00999999999999801,"LogNormal",91,2000,2000
"SCP",0.966,10.3919722168795,0,"LogNormal",91,3000,3000
"RSA-CP (OT) (Ours)",0.9485,8.79896287789714,0,"LogNormal",91,3000,3000
"SPI",0.9875,13.7122938833136,0.0500000000000007,"LogNormal",91,3000,3000
"Synthetic-only",0.987,13.5915709554731,0,"LogNormal",91,3000,3000
"SCP",0.972,7.79267535212333,0,"Student-t",91,50,50
"RSA-CP (OT) (Ours)",0.972,7.77973374673345,0,"Student-t",91,50,50
"SPI",0.999,19.7052005479791,0.0199999999999996,"Student-t",91,50,50
"Synthetic-only",0.993,10.9908831452393,0,"Student-t",91,50,50
"SCP",0.972,7.79267535212333,0,"Student-t",91,100,100
"RSA-CP (OT) (Ours)",0.964,7.13759699303481,0,"Student-t",91,100,100
"SPI",0.996,14.063034183269,0,"Student-t",91,100,100
"Synthetic-only",0.995,13.2969451209461,0,"Student-t",91,100,100
"SCP",0.972,7.79267535212333,0,"Student-t",91,250,250
"RSA-CP (OT) (Ours)",0.9685,7.35987510008434,0,"Student-t",91,250,250
"SPI",0.9935,12.088130930562,0.0100000000000016,"Student-t",91,250,250
"Synthetic-only",0.9935,11.5790865634675,0,"Student-t",91,250,250
"SCP",0.972,7.79267535212333,0,"Student-t",91,500,500
"RSA-CP (OT) (Ours)",0.97,7.48336293733408,0,"Student-t",91,500,500
"SPI",0.986,9.35758341897904,0.0199999999999996,"Student-t",91,500,500
"Synthetic-only",0.984,9.10785506451201,0,"Student-t",91,500,500
"SCP",0.972,7.79267535212333,0,"Student-t",91,1000,1000
"RSA-CP (OT) (Ours)",0.9685,7.31729450829402,0,"Student-t",91,1000,1000
"SPI",0.993,11.2143542387509,0.00999999999999801,"Student-t",91,1000,1000
"Synthetic-only",0.993,11.2135261035343,0,"Student-t",91,1000,1000
"SCP",0.972,7.79267535212333,0,"Student-t",91,2000,2000
"RSA-CP (OT) (Ours)",0.9685,7.31729450829402,0,"Student-t",91,2000,2000
"SPI",0.9945,12.2336560145438,0.0500000000000007,"Student-t",91,2000,2000
"Synthetic-only",0.9935,12.0736990414511,0.0199999999999996,"Student-t",91,2000,2000
"SCP",0.972,7.79267535212333,0,"Student-t",91,3000,3000
"RSA-CP (OT) (Ours)",0.9685,7.31729450829402,0,"Student-t",91,3000,3000
"SPI",0.9915,10.6254049368188,0.0500000000000007,"Student-t",91,3000,3000
"Synthetic-only",0.9915,10.6022434262916,0,"Student-t",91,3000,3000
"SCP",0.922,7.81513778856803,0,"LogNormal",92,50,50
"RSA-CP (OT) (Ours)",0.922,7.80753340235249,0,"LogNormal",92,50,50
"SPI",0.997,22.6749435136794,0,"LogNormal",92,50,50
"Synthetic-only",0.996,19.8257282450151,0,"LogNormal",92,50,50
"SCP",0.922,7.81513778856803,0,"LogNormal",92,100,100
"RSA-CP (OT) (Ours)",0.9135,7.60879618847443,0.0200000000000031,"LogNormal",92,100,100
"SPI",0.99,14.2725287953632,0,"LogNormal",92,100,100
"Synthetic-only",0.9945,17.7798137842823,0,"LogNormal",92,100,100
"SCP",0.922,7.81513778856803,0,"LogNormal",92,250,250
"RSA-CP (OT) (Ours)",0.9065,7.38166794404236,0,"LogNormal",92,250,250
"SPI",0.9895,14.146044856365,0,"LogNormal",92,250,250
"Synthetic-only",0.959,9.4916257149298,0,"LogNormal",92,250,250
"SCP",0.922,7.81513778856803,0,"LogNormal",92,500,500
"RSA-CP (OT) (Ours)",0.911,7.54493326925387,0,"LogNormal",92,500,500
"SPI",0.99,14.2725287953632,0,"LogNormal",92,500,500
"Synthetic-only",0.9895,14.0896997436791,0,"LogNormal",92,500,500
"SCP",0.922,7.81513778856803,0,"LogNormal",92,1000,1000
"RSA-CP (OT) (Ours)",0.91,7.50984055637362,0.0199999999999996,"LogNormal",92,1000,1000
"SPI",0.984,13.4079066661074,0.0100000000000016,"LogNormal",92,1000,1000
"Synthetic-only",0.978,12.2103787043237,0,"LogNormal",92,1000,1000
"SCP",0.922,7.81513778856803,0,"LogNormal",92,2000,2000
"RSA-CP (OT) (Ours)",0.9095,7.47474784349337,0,"LogNormal",92,2000,2000
"SPI",0.944,8.66491891694613,0.0399999999999991,"LogNormal",92,2000,2000
"Synthetic-only",0.944,8.64224294322163,0,"LogNormal",92,2000,2000
"SCP",0.922,7.81513778856803,0,"LogNormal",92,3000,3000
"RSA-CP (OT) (Ours)",0.9095,7.47474784349337,0.0100000000000016,"LogNormal",92,3000,3000
"SPI",0.9505,8.89639223212481,0.0499999999999972,"LogNormal",92,3000,3000
"Synthetic-only",0.9505,8.88751732468291,0,"LogNormal",92,3000,3000
"SCP",0.9805,8.48589930436372,0,"Student-t",92,50,50
"RSA-CP (OT) (Ours)",0.9805,8.47944835345265,0,"Student-t",92,50,50
"SPI",0.998,15.8628527426179,0,"Student-t",92,50,50
"Synthetic-only",0.9855,9.2097779330117,0,"Student-t",92,50,50
"SCP",0.9805,8.48589930436372,0,"Student-t",92,100,100
"RSA-CP (OT) (Ours)",0.974,7.93610506090132,0.0100000000000016,"Student-t",92,100,100
"SPI",0.9825,8.60226006493183,0,"Student-t",92,100,100
"Synthetic-only",0.995,13.2105330126844,0,"Student-t",92,100,100
"SCP",0.9805,8.48589930436372,0,"Student-t",92,250,250
"RSA-CP (OT) (Ours)",0.9685,7.36713231084104,0,"Student-t",92,250,250
"SPI",0.9825,8.60226006493183,0,"Student-t",92,250,250
"Synthetic-only",0.9965,14.6350531255758,0,"Student-t",92,250,250
"SCP",0.9805,8.48589930436372,0,"Student-t",92,500,500
"RSA-CP (OT) (Ours)",0.952,6.39854519427628,0.0199999999999996,"Student-t",92,500,500
"SPI",0.9825,8.60226006493183,0,"Student-t",92,500,500
"Synthetic-only",0.9945,12.4994459001271,0,"Student-t",92,500,500
"SCP",0.9805,8.48589930436372,0,"Student-t",92,1000,1000
"RSA-CP (OT) (Ours)",0.9605,6.92387602771543,0.0100000000000016,"Student-t",92,1000,1000
"SPI",0.9825,8.60226006493183,0.0199999999999996,"Student-t",92,1000,1000
"Synthetic-only",0.993,11.0555912486959,0,"Student-t",92,1000,1000
"SCP",0.9805,8.48589930436372,0,"Student-t",92,2000,2000
"RSA-CP (OT) (Ours)",0.958,6.72830596440036,0,"Student-t",92,2000,2000
"SPI",0.9825,8.60226006493183,0.0299999999999976,"Student-t",92,2000,2000
"Synthetic-only",0.993,11.0659856898976,0,"Student-t",92,2000,2000
"SCP",0.9805,8.48589930436372,0,"Student-t",92,3000,3000
"RSA-CP (OT) (Ours)",0.954,6.57653966445148,0.0200000000000031,"Student-t",92,3000,3000
"SPI",0.9825,8.60226006493183,0.0299999999999976,"Student-t",92,3000,3000
"Synthetic-only",0.9925,10.7894558409844,0.0100000000000016,"Student-t",92,3000,3000
"SCP",0.931,8.23809581620359,0,"LogNormal",93,50,50
"RSA-CP (OT) (Ours)",0.931,8.22559792787899,0,"LogNormal",93,50,50
"SPI",0.997,23.3448354135527,0,"LogNormal",93,50,50
"Synthetic-only",0.9945,17.9662121544881,0,"LogNormal",93,50,50
"SCP",0.931,8.23809581620359,0,"LogNormal",93,100,100
"RSA-CP (OT) (Ours)",0.9155,7.66792486508252,0.0199999999999996,"LogNormal",93,100,100
"SPI",0.9315,8.27739476251153,0,"LogNormal",93,100,100
"Synthetic-only",0.9945,18.4773441332554,0,"LogNormal",93,100,100
"SCP",0.931,8.23809581620359,0,"LogNormal",93,250,250
"RSA-CP (OT) (Ours)",0.914,7.60983452519553,0,"LogNormal",93,250,250
"SPI",0.9315,8.27739476251153,0,"LogNormal",93,250,250
"Synthetic-only",0.938,8.45936915085834,0,"LogNormal",93,250,250
"SCP",0.931,8.23809581620359,0,"LogNormal",93,500,500
"RSA-CP (OT) (Ours)",0.911,7.55174418530855,0,"LogNormal",93,500,500
"SPI",0.9315,8.27739476251153,0,"LogNormal",93,500,500
"Synthetic-only",0.971,11.2720429201271,0,"LogNormal",93,500,500
"SCP",0.931,8.23809581620359,0,"LogNormal",93,1000,1000
"RSA-CP (OT) (Ours)",0.9105,7.52269901536505,0.0100000000000016,"LogNormal",93,1000,1000
"SPI",0.9315,8.27739476251153,0.0199999999999996,"LogNormal",93,1000,1000
"Synthetic-only",0.9925,16.600859000799,0,"LogNormal",93,1000,1000
"SCP",0.931,8.23809581620359,0,"LogNormal",93,2000,2000
"RSA-CP (OT) (Ours)",0.9095,7.48811981993492,0,"LogNormal",93,2000,2000
"SPI",0.9315,8.27739476251153,0.0299999999999976,"LogNormal",93,2000,2000
"Synthetic-only",0.9875,13.7003107738146,0.00999999999999801,"LogNormal",93,2000,2000
"SCP",0.931,8.23809581620359,0,"LogNormal",93,3000,3000
"RSA-CP (OT) (Ours)",0.9095,7.48811981993492,0,"LogNormal",93,3000,3000
"SPI",0.9315,8.27739476251153,0.0500000000000007,"LogNormal",93,3000,3000
"Synthetic-only",0.9715,11.3394901815941,0,"LogNormal",93,3000,3000
"SCP",0.9865,9.42766926420606,0,"Student-t",93,50,50
"RSA-CP (OT) (Ours)",0.9865,9.42728315724397,0,"Student-t",93,50,50
"SPI",0.9915,10.5449394332144,0,"Student-t",93,50,50
"Synthetic-only",0.99,10.3977618406282,0,"Student-t",93,50,50
"SCP",0.9865,9.42766926420606,0,"Student-t",93,100,100
"RSA-CP (OT) (Ours)",0.951,6.31050790933882,0.0199999999999996,"Student-t",93,100,100
"SPI",0.9935,11.5280315105595,0,"Student-t",93,100,100
"Synthetic-only",0.993,10.9972281741392,0,"Student-t",93,100,100
"SCP",0.9865,9.42766926420606,0,"Student-t",93,250,250
"RSA-CP (OT) (Ours)",0.963,7.08154082756903,0,"Student-t",93,250,250
"SPI",0.993,11.4299074683615,0,"Student-t",93,250,250
"Synthetic-only",0.993,11.3609078353271,0,"Student-t",93,250,250
"SCP",0.9865,9.42766926420606,0,"Student-t",93,500,500
"RSA-CP (OT) (Ours)",0.964,7.13958624418845,0.00999999999999801,"Student-t",93,500,500
"SPI",0.9945,12.3143983170994,0,"Student-t",93,500,500
"Synthetic-only",0.9935,11.7717207151117,0,"Student-t",93,500,500
"SCP",0.9865,9.42766926420606,0,"Student-t",93,1000,1000
"RSA-CP (OT) (Ours)",0.966,7.23159462000008,0.0200000000000031,"Student-t",93,1000,1000
"SPI",0.9935,11.7909569228343,0.00999999999999801,"Student-t",93,1000,1000
"Synthetic-only",0.9935,11.7762585904082,0,"Student-t",93,1000,1000
"SCP",0.9865,9.42766926420606,0,"Student-t",93,2000,2000
"RSA-CP (OT) (Ours)",0.9595,6.76306050661606,0,"Student-t",93,2000,2000
"SPI",0.9935,11.8534826338893,0.0300000000000011,"Student-t",93,2000,2000
"Synthetic-only",0.9935,11.8312269654105,0,"Student-t",93,2000,2000
"SCP",0.9865,9.42766926420606,0,"Student-t",93,3000,3000
"RSA-CP (OT) (Ours)",0.9605,6.94962769300547,0.0199999999999996,"Student-t",93,3000,3000
"SPI",0.993,11.0016918932456,0.0500000000000007,"Student-t",93,3000,3000
"Synthetic-only",0.993,10.9169397933053,0,"Student-t",93,3000,3000
"SCP",0.968,10.7556611622295,0,"LogNormal",94,50,50
"RSA-CP (OT) (Ours)",0.968,10.740002289305,0,"LogNormal",94,50,50
"SPI",0.9975,24.252539170978,0,"LogNormal",94,50,50
"Synthetic-only",0.9955,19.3051853964906,0,"LogNormal",94,50,50
"SCP",0.968,10.7556611622295,0,"LogNormal",94,100,100
"RSA-CP (OT) (Ours)",0.9635,10.1804391448202,0,"LogNormal",94,100,100
"SPI",0.963,10.0735084420814,0,"LogNormal",94,100,100
"Synthetic-only",0.9195,7.74840751417371,0,"LogNormal",94,100,100
"SCP",0.968,10.7556611622295,0,"LogNormal",94,250,250
"RSA-CP (OT) (Ours)",0.9665,10.5141591522339,0,"LogNormal",94,250,250
"SPI",0.9805,12.4260394677831,0.0199999999999996,"LogNormal",94,250,250
"Synthetic-only",0.9765,12.021169140736,0,"LogNormal",94,250,250
"SCP",0.968,10.7556611622295,0,"LogNormal",94,500,500
"RSA-CP (OT) (Ours)",0.9665,10.4826737757942,0,"LogNormal",94,500,500
"SPI",0.9805,12.4260394677831,0.0100000000000016,"LogNormal",94,500,500
"Synthetic-only",0.9925,16.5092956840355,0,"LogNormal",94,500,500
"SCP",0.968,10.7556611622295,0,"LogNormal",94,1000,1000
"RSA-CP (OT) (Ours)",0.966,10.395318160996,0,"LogNormal",94,1000,1000
"SPI",0.9655,10.3710135278542,0.0199999999999996,"LogNormal",94,1000,1000
"Synthetic-only",0.962,9.95368319606018,0,"LogNormal",94,1000,1000
"SCP",0.968,10.7556611622295,0,"LogNormal",94,2000,2000
"RSA-CP (OT) (Ours)",0.9645,10.2734406507007,0,"LogNormal",94,2000,2000
"SPI",0.963,10.0735084420814,0.0500000000000007,"LogNormal",94,2000,2000
"Synthetic-only",0.9545,9.25293384687811,0.0100000000000016,"LogNormal",94,2000,2000
"SCP",0.968,10.7556611622295,0,"LogNormal",94,3000,3000
"RSA-CP (OT) (Ours)",0.9645,10.2734406507007,0,"LogNormal",94,3000,3000
"SPI",0.963,10.0735084420814,0.0399999999999991,"LogNormal",94,3000,3000
"Synthetic-only",0.954,9.21347996731192,0,"LogNormal",94,3000,3000
"SCP",0.947,6.13328193072524,0,"Student-t",94,50,50
"RSA-CP (OT) (Ours)",0.947,6.12486801068737,0,"Student-t",94,50,50
"SPI",0.999,19.9493574149108,0.0199999999999996,"Student-t",94,50,50
"Synthetic-only",0.999,17.006036812604,0.0199999999999996,"Student-t",94,50,50
"SCP",0.947,6.13328193072524,0,"Student-t",94,100,100
"RSA-CP (OT) (Ours)",0.946,6.08132629497158,0,"Student-t",94,100,100
"SPI",0.949,6.2845316924493,0,"Student-t",94,100,100
"Synthetic-only",0.9965,14.3909751805168,0,"Student-t",94,100,100
"SCP",0.947,6.13328193072524,0,"Student-t",94,250,250
"RSA-CP (OT) (Ours)",0.943,5.99424286354001,0,"Student-t",94,250,250
"SPI",0.949,6.2845316924493,0.0100000000000016,"Student-t",94,250,250
"Synthetic-only",0.995,13.0165196617512,0,"Student-t",94,250,250
"SCP",0.947,6.13328193072524,0,"Student-t",94,500,500
"RSA-CP (OT) (Ours)",0.94,5.92089259566134,0,"Student-t",94,500,500
"SPI",0.949,6.2845316924493,0,"Student-t",94,500,500
"Synthetic-only",0.9935,11.7885616612769,0,"Student-t",94,500,500
"SCP",0.947,6.13328193072524,0,"Student-t",94,1000,1000
"RSA-CP (OT) (Ours)",0.9385,5.89234768299466,0,"Student-t",94,1000,1000
"SPI",0.949,6.2845316924493,0.0199999999999996,"Student-t",94,1000,1000
"Synthetic-only",0.9885,9.90775732938976,0,"Student-t",94,1000,1000
"SCP",0.947,6.13328193072524,0,"Student-t",94,2000,2000
"RSA-CP (OT) (Ours)",0.941,5.9308597593541,0,"Student-t",94,2000,2000
"SPI",0.949,6.2845316924493,0.0300000000000011,"Student-t",94,2000,2000
"Synthetic-only",0.993,11.0547355861808,0,"Student-t",94,2000,2000
"SCP",0.947,6.13328193072524,0,"Student-t",94,3000,3000
"RSA-CP (OT) (Ours)",0.9385,5.89469989303195,0.00999999999999801,"Student-t",94,3000,3000
"SPI",0.949,6.2845316924493,0.0500000000000007,"Student-t",94,3000,3000
"Synthetic-only",0.9945,12.3471317205267,0,"Student-t",94,3000,3000
"SCP",0.9515,9.07455742178287,0,"LogNormal",95,50,50
"RSA-CP (OT) (Ours)",0.9515,9.06474651881072,0.0100000000000016,"LogNormal",95,50,50
"SPI",0.996,20.4773357217056,0,"LogNormal",95,50,50
"Synthetic-only",0.996,20.1878539751003,0,"LogNormal",95,50,50
"SCP",0.9515,9.07455742178287,0,"LogNormal",95,100,100
"RSA-CP (OT) (Ours)",0.9425,8.58992646306349,0,"LogNormal",95,100,100
"SPI",0.935,8.32390131944708,0,"LogNormal",95,100,100
"Synthetic-only",0.9235,7.84703458279691,0,"LogNormal",95,100,100
"SCP",0.9515,9.07455742178287,0,"LogNormal",95,250,250
"RSA-CP (OT) (Ours)",0.951,8.9540771075788,0.0199999999999996,"LogNormal",95,250,250
"SPI",0.959,9.53427935270862,0,"LogNormal",95,250,250
"Synthetic-only",0.9905,15.2235686259133,0,"LogNormal",95,250,250
"SCP",0.9515,9.07455742178287,0,"LogNormal",95,500,500
"RSA-CP (OT) (Ours)",0.944,8.68206430062466,0,"LogNormal",95,500,500
"SPI",0.9515,8.997628494166,0.0199999999999996,"LogNormal",95,500,500
"Synthetic-only",0.948,8.76650539790942,0,"LogNormal",95,500,500
"SCP",0.9515,9.07455742178287,0,"LogNormal",95,1000,1000
"RSA-CP (OT) (Ours)",0.9425,8.59099369607266,0,"LogNormal",95,1000,1000
"SPI",0.959,9.53427935270862,0.00999999999999801,"LogNormal",95,1000,1000
"Synthetic-only",0.983,13.2741180112359,0,"LogNormal",95,1000,1000
"SCP",0.9515,9.07455742178287,0,"LogNormal",95,2000,2000
"RSA-CP (OT) (Ours)",0.943,8.602336483514,0,"LogNormal",95,2000,2000
"SPI",0.959,9.53427935270862,0.0299999999999976,"LogNormal",95,2000,2000
"Synthetic-only",0.959,9.53436115488832,0,"LogNormal",95,2000,2000
"SCP",0.9515,9.07455742178287,0,"LogNormal",95,3000,3000
"RSA-CP (OT) (Ours)",0.943,8.602336483514,0.0100000000000016,"LogNormal",95,3000,3000
"SPI",0.959,9.53427935270862,0.0500000000000007,"LogNormal",95,3000,3000
"Synthetic-only",0.9665,10.4695525821924,0,"LogNormal",95,3000,3000
"SCP",0.9845,9.12426788080527,0,"Student-t",95,50,50
"RSA-CP (OT) (Ours)",0.9845,9.12108953255157,0,"Student-t",95,50,50
"SPI",0.999,20.6831317074757,0,"Student-t",95,50,50
"Synthetic-only",0.9895,10.3503597036099,0,"Student-t",95,50,50
"SCP",0.9845,9.12426788080527,0,"Student-t",95,100,100
"RSA-CP (OT) (Ours)",0.983,8.74784801715304,0,"Student-t",95,100,100
"SPI",0.9965,14.7828278955608,0.0199999999999996,"Student-t",95,100,100
"Synthetic-only",0.9915,10.6102273117936,0,"Student-t",95,100,100
"SCP",0.9845,9.12426788080527,0,"Student-t",95,250,250
"RSA-CP (OT) (Ours)",0.9825,8.65453763830341,0,"Student-t",95,250,250
"SPI",0.999,17.249700270983,0,"Student-t",95,250,250
"Synthetic-only",0.999,17.0289212665736,0,"Student-t",95,250,250
"SCP",0.9845,9.12426788080527,0,"Student-t",95,500,500
"RSA-CP (OT) (Ours)",0.9825,8.69628250915528,0,"Student-t",95,500,500
"SPI",0.9965,14.2492701002147,0.00999999999999801,"Student-t",95,500,500
"Synthetic-only",0.995,13.6455113002179,0.00999999999999801,"Student-t",95,500,500
"SCP",0.9845,9.12426788080527,0,"Student-t",95,1000,1000
"RSA-CP (OT) (Ours)",0.9825,8.70070893102448,0,"Student-t",95,1000,1000
"SPI",0.993,10.9159208632516,0.0199999999999996,"Student-t",95,1000,1000
"Synthetic-only",0.993,10.8706781209771,0,"Student-t",95,1000,1000
"SCP",0.9845,9.12426788080527,0,"Student-t",95,2000,2000
"RSA-CP (OT) (Ours)",0.9825,8.64564115298003,0.0100000000000016,"Student-t",95,2000,2000
"SPI",0.99,10.3987599970365,0.0300000000000011,"Student-t",95,2000,2000
"Synthetic-only",0.989,10.3288582398032,0,"Student-t",95,2000,2000
"SCP",0.9845,9.12426788080527,0,"Student-t",95,3000,3000
"RSA-CP (OT) (Ours)",0.9825,8.64564115298003,0,"Student-t",95,3000,3000
"SPI",0.993,11.3988863379821,0.0499999999999972,"Student-t",95,3000,3000
"Synthetic-only",0.993,11.3456597188166,0.0199999999999996,"Student-t",95,3000,3000
"SCP",0.9235,7.86719062202598,0,"LogNormal",96,50,50
"RSA-CP (OT) (Ours)",0.9235,7.86120352054619,0,"LogNormal",96,50,50
"SPI",0.997,23.2676328217992,0,"LogNormal",96,50,50
"Synthetic-only",0.9955,19.3721528067249,0,"LogNormal",96,50,50
"SCP",0.9235,7.86719062202598,0,"LogNormal",96,100,100
"RSA-CP (OT) (Ours)",0.923,7.84024031115807,0.00999999999999801,"LogNormal",96,100,100
"SPI",0.9695,11.1048340301007,0,"LogNormal",96,100,100
"Synthetic-only",0.9945,18.7067148736294,0,"LogNormal",96,100,100
"SCP",0.9235,7.86719062202598,0,"LogNormal",96,250,250
"RSA-CP (OT) (Ours)",0.922,7.81927710176994,0,"LogNormal",96,250,250
"SPI",0.9695,11.1048340301007,0,"LogNormal",96,250,250
"Synthetic-only",0.995,18.9668275390173,0,"LogNormal",96,250,250
"SCP",0.9235,7.86719062202598,0,"LogNormal",96,500,500
"RSA-CP (OT) (Ours)",0.922,7.8057311012221,0,"LogNormal",96,500,500
"SPI",0.936,8.37329433177787,0,"LogNormal",96,500,500
"Synthetic-only",0.93,8.17624049184533,0,"LogNormal",96,500,500
"SCP",0.9235,7.86719062202598,0,"LogNormal",96,1000,1000
"RSA-CP (OT) (Ours)",0.9215,7.77679920299891,0.0100000000000016,"LogNormal",96,1000,1000
"SPI",0.9695,11.1048340301007,0.0199999999999996,"LogNormal",96,1000,1000
"Synthetic-only",0.9615,9.88528657220374,0,"LogNormal",96,1000,1000
"SCP",0.9235,7.86719062202598,0,"LogNormal",96,2000,2000
"RSA-CP (OT) (Ours)",0.9215,7.78554775881908,0,"LogNormal",96,2000,2000
"SPI",0.9495,8.83502811435786,0.0299999999999976,"LogNormal",96,2000,2000
"Synthetic-only",0.948,8.77161879237487,0,"LogNormal",96,2000,2000
"SCP",0.9235,7.86719062202598,0.0200000000000031,"LogNormal",96,3000,3000
"RSA-CP (OT) (Ours)",0.9215,7.78554775881908,0,"LogNormal",96,3000,3000
"SPI",0.9695,11.1048340301007,0.0399999999999991,"LogNormal",96,3000,3000
"Synthetic-only",0.981,12.8408874847605,0,"LogNormal",96,3000,3000
"SCP",0.909,5.05168026816999,0,"Student-t",96,50,50
"RSA-CP (OT) (Ours)",0.9085,5.04336474677624,0,"Student-t",96,50,50
"SPI",0.9995,31.1455702084803,0,"Student-t",96,50,50
"Synthetic-only",0.9965,14.1410101618596,0,"Student-t",96,50,50
"SCP",0.909,5.05168026816999,0,"Student-t",96,100,100
"RSA-CP (OT) (Ours)",0.9045,4.94809122432193,0,"Student-t",96,100,100
"SPI",0.9865,9.41899428564596,0,"Student-t",96,100,100
"Synthetic-only",0.999,17.9395832214527,0,"Student-t",96,100,100
"SCP",0.909,5.05168026816999,0,"Student-t",96,250,250
"RSA-CP (OT) (Ours)",0.9025,4.87027899738586,0,"Student-t",96,250,250
"SPI",0.973,7.84059618700704,0.00999999999999801,"Student-t",96,250,250
"Synthetic-only",0.97,7.55400348635838,0,"Student-t",96,250,250
"SCP",0.909,5.05168026816999,0,"Student-t",96,500,500
"RSA-CP (OT) (Ours)",0.8775,4.41025758942016,0,"Student-t",96,500,500
"SPI",0.9865,9.41899428564596,0,"Student-t",96,500,500
"Synthetic-only",0.995,13.2609343066882,0,"Student-t",96,500,500
"SCP",0.909,5.05168026816999,0,"Student-t",96,1000,1000
"RSA-CP (OT) (Ours)",0.8835,4.53871169396637,0.019999999999996,"Student-t",96,1000,1000
"SPI",0.9865,9.41899428564596,0.0200000000000031,"Student-t",96,1000,1000
"Synthetic-only",0.993,11.1293415290031,0,"Student-t",96,1000,1000
"SCP",0.909,5.05168026816999,0,"Student-t",96,2000,2000
"RSA-CP (OT) (Ours)",0.8765,4.39645393518406,0,"Student-t",96,2000,2000
"SPI",0.9865,9.41899428564596,0.0300000000000011,"Student-t",96,2000,2000
"Synthetic-only",0.993,11.4213516725259,0,"Student-t",96,2000,2000
"SCP",0.909,5.05168026816999,0,"Student-t",96,3000,3000
"RSA-CP (OT) (Ours)",0.8775,4.41489866299727,0.00999999999999801,"Student-t",96,3000,3000
"SPI",0.9865,9.41899428564596,0.0499999999999972,"Student-t",96,3000,3000
"Synthetic-only",0.993,11.0285927000908,0,"Student-t",96,3000,3000
"SCP",0.966,10.4304682845838,0,"LogNormal",97,50,50
"RSA-CP (OT) (Ours)",0.966,10.4178175499812,0,"LogNormal",97,50,50
"SPI",0.999,29.9713764631067,0.0200000000000031,"LogNormal",97,50,50
"Synthetic-only",0.999,29.8957993266417,0.0200000000000031,"LogNormal",97,50,50
"SCP",0.966,10.4304682845838,0,"LogNormal",97,100,100
"RSA-CP (OT) (Ours)",0.951,8.96984083991698,0,"LogNormal",97,100,100
"SPI",0.968,10.8996188851897,0,"LogNormal",97,100,100
"Synthetic-only",0.9945,17.840771573983,0,"LogNormal",97,100,100
"SCP",0.966,10.4304682845838,0,"LogNormal",97,250,250
"RSA-CP (OT) (Ours)",0.953,9.11988766308019,0,"LogNormal",97,250,250
"SPI",0.968,10.8996188851897,0.00999999999999801,"LogNormal",97,250,250
"Synthetic-only",0.9835,13.3728027608636,0.00999999999999801,"LogNormal",97,250,250
"SCP",0.966,10.4304682845838,0,"LogNormal",97,500,500
"RSA-CP (OT) (Ours)",0.951,8.93018416020663,0,"LogNormal",97,500,500
"SPI",0.968,10.8996188851897,0.0200000000000031,"LogNormal",97,500,500
"Synthetic-only",0.9825,13.1159776193381,0,"LogNormal",97,500,500
"SCP",0.966,10.4304682845838,0,"LogNormal",97,1000,1000
"RSA-CP (OT) (Ours)",0.9415,8.58467108257959,0,"LogNormal",97,1000,1000
"SPI",0.968,10.7721569521316,0.00999999999999801,"LogNormal",97,1000,1000
"Synthetic-only",0.9595,9.57731908885952,0,"LogNormal",97,1000,1000
"SCP",0.966,10.4304682845838,0,"LogNormal",97,2000,2000
"RSA-CP (OT) (Ours)",0.948,8.76264055500945,0.0200000000000031,"LogNormal",97,2000,2000
"SPI",0.968,10.8996188851897,0.0300000000000011,"LogNormal",97,2000,2000
"Synthetic-only",0.99,14.5443289784762,0,"LogNormal",97,2000,2000
"SCP",0.966,10.4304682845838,0,"LogNormal",97,3000,3000
"RSA-CP (OT) (Ours)",0.951,8.96408056776829,0,"LogNormal",97,3000,3000
"SPI",0.955,9.29902831664418,0.0499999999999972,"LogNormal",97,3000,3000
"Synthetic-only",0.9525,9.09752129369973,0,"LogNormal",97,3000,3000
"SCP",0.96,6.86503356054557,0,"Student-t",97,50,50
"RSA-CP (OT) (Ours)",0.9595,6.85363702824804,0,"Student-t",97,50,50
"SPI",0.999,18.749569855164,0,"Student-t",97,50,50
"Synthetic-only",0.998,15.4869119424153,0,"Student-t",97,50,50
"SCP",0.96,6.86503356054557,0,"Student-t",97,100,100
"RSA-CP (OT) (Ours)",0.8665,4.23388006209558,0,"Student-t",97,100,100
"SPI",0.9685,7.34963377449134,0,"Student-t",97,100,100
"Synthetic-only",0.9705,7.59564748948912,0,"Student-t",97,100,100
"SCP",0.96,6.86503356054557,0,"Student-t",97,250,250
"RSA-CP (OT) (Ours)",0.9335,5.72819067224696,0,"Student-t",97,250,250
"SPI",0.9685,7.34963377449134,0.0200000000000031,"Student-t",97,250,250
"Synthetic-only",0.995,12.8730891883266,0,"Student-t",97,250,250
"SCP",0.96,6.86503356054557,0,"Student-t",97,500,500
"RSA-CP (OT) (Ours)",0.893,4.7528375279393,0,"Student-t",97,500,500
"SPI",0.9685,7.34963377449134,0,"Student-t",97,500,500
"Synthetic-only",0.993,10.8668760466908,0.00999999999999801,"Student-t",97,500,500
"SCP",0.96,6.86503356054557,0,"Student-t",97,1000,1000
"RSA-CP (OT) (Ours)",0.89,4.71481482771579,0,"Student-t",97,1000,1000
"SPI",0.9685,7.34963377449134,0.0200000000000031,"Student-t",97,1000,1000
"Synthetic-only",0.99,10.3702668325775,0,"Student-t",97,1000,1000
"SCP",0.96,6.86503356054557,0,"Student-t",97,2000,2000
"RSA-CP (OT) (Ours)",0.8995,4.83366641138171,0,"Student-t",97,2000,2000
"SPI",0.9685,7.34963377449134,0.029999999999994,"Student-t",97,2000,2000
"Synthetic-only",0.9935,11.963888373219,0,"Student-t",97,2000,2000
"SCP",0.96,6.86503356054557,0,"Student-t",97,3000,3000
"RSA-CP (OT) (Ours)",0.9045,4.92486766442664,0.0200000000000031,"Student-t",97,3000,3000
"SPI",0.9685,7.34963377449134,0.0399999999999991,"Student-t",97,3000,3000
"Synthetic-only",0.9935,12.0853751342353,0,"Student-t",97,3000,3000
"SCP",0.9935,16.8977691550682,0,"LogNormal",98,50,50
"RSA-CP (OT) (Ours)",0.9935,16.8932582213804,0.0200000000000031,"LogNormal",98,50,50
"SPI",0.981,13.0591602195464,0,"LogNormal",98,50,50
"Synthetic-only",0.831,5.64035706409641,0,"LogNormal",98,50,50
"SCP",0.9935,16.8977691550682,0,"LogNormal",98,100,100
"RSA-CP (OT) (Ours)",0.9905,15.2340989317805,0,"LogNormal",98,100,100
"SPI",0.994,17.0246861646797,0,"LogNormal",98,100,100
"Synthetic-only",0.9065,7.38121685276649,0,"LogNormal",98,100,100
"SCP",0.9935,16.8977691550682,0,"LogNormal",98,250,250
"RSA-CP (OT) (Ours)",0.991,15.3849315944714,0,"LogNormal",98,250,250
"SPI",0.981,13.0591602195464,0.00999999999999801,"LogNormal",98,250,250
"Synthetic-only",0.944,8.66369537066925,0.00999999999999801,"LogNormal",98,250,250
"SCP",0.9935,16.8977691550682,0,"LogNormal",98,500,500
"RSA-CP (OT) (Ours)",0.991,15.500968307545,0,"LogNormal",98,500,500
"SPI",0.981,13.0591602195464,0.0200000000000031,"LogNormal",98,500,500
"Synthetic-only",0.9215,7.79606006169289,0,"LogNormal",98,500,500
"SCP",0.9935,16.8977691550682,0,"LogNormal",98,1000,1000
"RSA-CP (OT) (Ours)",0.99,14.6754707283109,0,"LogNormal",98,1000,1000
"SPI",0.99,14.539150847013,0.029999999999994,"LogNormal",98,1000,1000
"Synthetic-only",0.9695,11.100160593116,0,"LogNormal",98,1000,1000
"SCP",0.9935,16.8977691550682,0,"LogNormal",98,2000,2000
"RSA-CP (OT) (Ours)",0.99,14.7278831237691,0,"LogNormal",98,2000,2000
"SPI",0.981,13.0591602195464,0.0300000000000011,"LogNormal",98,2000,2000
"Synthetic-only",0.9515,9.01764092240989,0,"LogNormal",98,2000,2000
"SCP",0.9935,16.8977691550682,0,"LogNormal",98,3000,3000
"RSA-CP (OT) (Ours)",0.99,14.5954877846189,0.0200000000000031,"LogNormal",98,3000,3000
"SPI",0.981,13.0591602195464,0.0399999999999991,"LogNormal",98,3000,3000
"Synthetic-only",0.959,9.52668274724188,0,"LogNormal",98,3000,3000
"SCP",0.949,6.26657629793171,0,"Student-t",98,50,50
"RSA-CP (OT) (Ours)",0.947,6.23378117609138,0,"Student-t",98,50,50
"SPI",0.995,13.5982190115313,0,"Student-t",98,50,50
"Synthetic-only",0.9945,12.4224874916733,0,"Student-t",98,50,50
"SCP",0.949,6.26657629793171,0,"Student-t",98,100,100
"RSA-CP (OT) (Ours)",0.9395,5.91318671560668,0,"Student-t",98,100,100
"SPI",0.9375,5.85417761746641,0.019999999999996,"Student-t",98,100,100
"Synthetic-only",0.9135,5.17424751224379,0,"Student-t",98,100,100
"SCP",0.949,6.26657629793171,0,"Student-t",98,250,250
"RSA-CP (OT) (Ours)",0.935,5.80632189544512,0,"Student-t",98,250,250
"SPI",0.9885,9.95054315697534,0,"Student-t",98,250,250
"Synthetic-only",0.9875,9.62189190107923,0,"Student-t",98,250,250
"SCP",0.949,6.26657629793171,0,"Student-t",98,500,500
"RSA-CP (OT) (Ours)",0.9415,5.9488083223272,0.0200000000000031,"Student-t",98,500,500
"SPI",0.9945,12.270753370895,0,"Student-t",98,500,500
"Synthetic-only",0.9935,12.1064688900298,0,"Student-t",98,500,500
"SCP",0.949,6.26657629793171,0,"Student-t",98,1000,1000
"RSA-CP (OT) (Ours)",0.941,5.92998978515558,0.00999999999999801,"Student-t",98,1000,1000
"SPI",0.995,12.830505353368,0.0200000000000031,"Student-t",98,1000,1000
"Synthetic-only",0.9945,12.5939610932733,0,"Student-t",98,1000,1000
"SCP",0.949,6.26657629793171,0,"Student-t",98,2000,2000
"RSA-CP (OT) (Ours)",0.936,5.84169674433345,0,"Student-t",98,2000,2000
"SPI",0.9935,12.0676226932374,0.0300000000000011,"Student-t",98,2000,2000
"Synthetic-only",0.9935,11.887913602699,0,"Student-t",98,2000,2000
"SCP",0.949,6.26657629793171,0,"Student-t",98,3000,3000
"RSA-CP (OT) (Ours)",0.938,5.8895795045329,0.00999999999999801,"Student-t",98,3000,3000
"SPI",0.9935,11.767597256134,0.0300000000000011,"Student-t",98,3000,3000
"Synthetic-only",0.9935,11.6151429065569,0.019999999999996,"Student-t",98,3000,3000
"SCP",0.935,8.32304498207584,0,"LogNormal",99,50,50
"RSA-CP (OT) (Ours)",0.9325,8.31511993693169,0,"LogNormal",99,50,50
"SPI",0.995,19.0387717309678,0,"LogNormal",99,50,50
"Synthetic-only",0.991,15.2680920516725,0,"LogNormal",99,50,50
"SCP",0.935,8.32304498207584,0,"LogNormal",99,100,100
"RSA-CP (OT) (Ours)",0.911,7.55072550326756,0.0200000000000031,"LogNormal",99,100,100
"SPI",0.99,14.9025841620046,0,"LogNormal",99,100,100
"Synthetic-only",0.9215,7.77293683617332,0,"LogNormal",99,100,100
"SCP",0.935,8.32304498207584,0,"LogNormal",99,250,250
"RSA-CP (OT) (Ours)",0.9285,8.03676028612939,0,"LogNormal",99,250,250
"SPI",0.939,8.47148301145039,0.00999999999999801,"LogNormal",99,250,250
"Synthetic-only",0.937,8.38690624483853,0,"LogNormal",99,250,250
"SCP",0.935,8.32304498207584,0,"LogNormal",99,500,500
"RSA-CP (OT) (Ours)",0.919,7.74159736133894,0,"LogNormal",99,500,500
"SPI",0.963,10.1254322561389,0.0200000000000031,"LogNormal",99,500,500
"Synthetic-only",0.9495,8.83115236347778,0,"LogNormal",99,500,500
"SCP",0.935,8.32304498207584,0,"LogNormal",99,1000,1000
"RSA-CP (OT) (Ours)",0.911,7.58614359906306,0,"LogNormal",99,1000,1000
"SPI",0.938,8.44053394950789,0.00999999999999801,"LogNormal",99,1000,1000
"Synthetic-only",0.938,8.41280940352223,0,"LogNormal",99,1000,1000
"SCP",0.935,8.32304498207584,0,"LogNormal",99,2000,2000
"RSA-CP (OT) (Ours)",0.9115,7.5964920079854,0.0200000000000031,"LogNormal",99,2000,2000
"SPI",0.968,10.8134880166042,0.00999999999999801,"LogNormal",99,2000,2000
"Synthetic-only",0.9645,10.2608480062505,0.019999999999996,"LogNormal",99,2000,2000
"SCP",0.935,8.32304498207584,0,"LogNormal",99,3000,3000
"RSA-CP (OT) (Ours)",0.9105,7.52615411902257,0,"LogNormal",99,3000,3000
"SPI",0.9495,8.82125795480944,0.0500000000000043,"LogNormal",99,3000,3000
"Synthetic-only",0.9485,8.7799872927205,0,"LogNormal",99,3000,3000
"SCP",0.9595,6.83037296532875,0,"Student-t",99,50,50
"RSA-CP (OT) (Ours)",0.9595,6.82428817703637,0,"Student-t",99,50,50
"SPI",0.999,20.3170224945189,0.00999999999999801,"Student-t",99,50,50
"Synthetic-only",0.999,19.1322909812514,0.00999999999999801,"Student-t",99,50,50
"SCP",0.9595,6.83037296532875,0,"Student-t",99,100,100
"RSA-CP (OT) (Ours)",0.9525,6.53658631459807,0,"Student-t",99,100,100
"SPI",0.985,9.19878754836043,0,"Student-t",99,100,100
"Synthetic-only",0.979,8.38520299996833,0,"Student-t",99,100,100
"SCP",0.9595,6.83037296532875,0,"Student-t",99,250,250
"RSA-CP (OT) (Ours)",0.954,6.5930839267792,0,"Student-t",99,250,250
"SPI",0.985,9.19878754836043,0.0200000000000031,"Student-t",99,250,250
"Synthetic-only",0.9915,10.5779409056355,0,"Student-t",99,250,250
"SCP",0.9595,6.83037296532875,0,"Student-t",99,500,500
"RSA-CP (OT) (Ours)",0.953,6.53919691238183,0,"Student-t",99,500,500
"SPI",0.985,9.19878754836043,0.00999999999999801,"Student-t",99,500,500
"Synthetic-only",0.9935,11.5225081876043,0,"Student-t",99,500,500
"SCP",0.9595,6.83037296532875,0,"Student-t",99,1000,1000
"RSA-CP (OT) (Ours)",0.953,6.53919691238183,0,"Student-t",99,1000,1000
"SPI",0.985,9.19878754836043,0.0200000000000031,"Student-t",99,1000,1000
"Synthetic-only",0.9925,10.7746170929436,0,"Student-t",99,1000,1000
"SCP",0.9595,6.83037296532875,0,"Student-t",99,2000,2000
"RSA-CP (OT) (Ours)",0.9525,6.49961253805527,0,"Student-t",99,2000,2000
"SPI",0.985,9.19878754836043,0.029999999999994,"Student-t",99,2000,2000
"Synthetic-only",0.9935,12.0917904419714,0,"Student-t",99,2000,2000
"SCP",0.9595,6.83037296532875,0,"Student-t",99,3000,3000
"RSA-CP (OT) (Ours)",0.9525,6.51205538712581,0.0200000000000031,"Student-t",99,3000,3000
"SPI",0.985,9.19878754836043,0.0399999999999991,"Student-t",99,3000,3000
"Synthetic-only",0.9935,12.1498409005923,0,"Student-t",99,3000,3000
"SCP",0.925,7.93383935845403,0,"LogNormal",100,50,50
"RSA-CP (OT) (Ours)",0.925,7.92753692827024,0.0200000000000031,"LogNormal",100,50,50
"SPI",0.997,22.4382583386647,0,"LogNormal",100,50,50
"Synthetic-only",0.997,21.4680082019928,0,"LogNormal",100,50,50
"SCP",0.925,7.93383935845403,0,"LogNormal",100,100,100
"RSA-CP (OT) (Ours)",0.922,7.7995228646952,0,"LogNormal",100,100,100
"SPI",0.951,8.97847016822626,0,"LogNormal",100,100,100
"Synthetic-only",0.942,8.58575501965482,0,"LogNormal",100,100,100
"SCP",0.925,7.93383935845403,0,"LogNormal",100,250,250
"RSA-CP (OT) (Ours)",0.919,7.74174862125301,0.00999999999999801,"LogNormal",100,250,250
"SPI",0.968,10.6859543857615,0,"LogNormal",100,250,250
"Synthetic-only",0.991,15.3072644224887,0,"LogNormal",100,250,250
"SCP",0.925,7.93383935845403,0,"LogNormal",100,500,500
"RSA-CP (OT) (Ours)",0.9095,7.48176452576317,0,"LogNormal",100,500,500
"SPI",0.9615,9.87521601501005,0.019999999999996,"LogNormal",100,500,500
"Synthetic-only",0.952,9.08975533069126,0,"LogNormal",100,500,500
"SCP",0.925,7.93383935845403,0,"LogNormal",100,1000,1000
"RSA-CP (OT) (Ours)",0.911,7.55115468510798,0,"LogNormal",100,1000,1000
"SPI",0.968,10.6859543857615,0.0200000000000031,"LogNormal",100,1000,1000
"Synthetic-only",0.991,15.653635096082,0,"LogNormal",100,1000,1000
"SCP",0.925,7.93383935845403,0,"LogNormal",100,2000,2000
"RSA-CP (OT) (Ours)",0.911,7.58644045466456,0.00999999999999801,"LogNormal",100,2000,2000
"SPI",0.968,10.6859543857615,0.0300000000000011,"LogNormal",100,2000,2000
"Synthetic-only",0.9705,11.2363075512385,0,"LogNormal",100,2000,2000
"SCP",0.925,7.93383935845403,0,"LogNormal",100,3000,3000
"RSA-CP (OT) (Ours)",0.911,7.54045738963097,0,"LogNormal",100,3000,3000
"SPI",0.953,9.11850333835098,0.0500000000000043,"LogNormal",100,3000,3000
"Synthetic-only",0.9515,9.06313235124823,0,"LogNormal",100,3000,3000
"SCP",0.9175,5.29243971795455,0,"Student-t",100,50,50
"RSA-CP (OT) (Ours)",0.917,5.2888628214068,0.00999999999999801,"Student-t",100,50,50
"SPI",0.9835,8.78200122318493,0,"Student-t",100,50,50
"Synthetic-only",0.972,7.79487172237748,0,"Student-t",100,50,50
"SCP",0.9175,5.29243971795455,0,"Student-t",100,100,100
"RSA-CP (OT) (Ours)",0.9,4.83654390206866,0,"Student-t",100,100,100
"SPI",0.9765,8.19850361542677,0,"Student-t",100,100,100
"Synthetic-only",0.975,8.12165059199754,0,"Student-t",100,100,100
"SCP",0.9175,5.29243971795455,0,"Student-t",100,250,250
"RSA-CP (OT) (Ours)",0.885,4.60739580307672,0,"Student-t",100,250,250
"SPI",0.984,8.97572048530326,0.019999999999996,"Student-t",100,250,250
"Synthetic-only",0.9935,11.9445110888551,0,"Student-t",100,250,250
"SCP",0.9175,5.29243971795455,0,"Student-t",100,500,500
"RSA-CP (OT) (Ours)",0.884,4.54882721235965,0,"Student-t",100,500,500
"SPI",0.984,8.97572048530326,0,"Student-t",100,500,500
"Synthetic-only",0.9935,11.6947841678551,0,"Student-t",100,500,500
"SCP",0.9175,5.29243971795455,0,"Student-t",100,1000,1000
"RSA-CP (OT) (Ours)",0.8785,4.44321626557625,0,"Student-t",100,1000,1000
"SPI",0.984,8.97572048530326,0.00999999999999801,"Student-t",100,1000,1000
"Synthetic-only",0.9935,12.05386579483,0,"Student-t",100,1000,1000
"SCP",0.9175,5.29243971795455,0,"Student-t",100,2000,2000
"RSA-CP (OT) (Ours)",0.882,4.51424686704856,0,"Student-t",100,2000,2000
"SPI",0.984,8.97572048530326,0.0300000000000011,"Student-t",100,2000,2000
"Synthetic-only",0.989,10.2634626816513,0.0200000000000031,"Student-t",100,2000,2000
"SCP",0.9175,5.29243971795455,0,"Student-t",100,3000,3000
"RSA-CP (OT) (Ours)",0.884,4.55938933571905,0,"Student-t",100,3000,3000
"SPI",0.984,8.97572048530326,0.0499999999999972,"Student-t",100,3000,3000
"Synthetic-only",0.993,11.0682746731541,0,"Student-t",100,3000,3000
