"Method","Cov","Width","Time","Dataset","Trial","Shock_Probability"
"SCP",0.9955,16.2594556259512,0,"LogNormal",1,0
"RSA-CP (OT) (Ours)",0.9755,10.269408391196,0.0100000000000193,"LogNormal",1,0
"SCP",0.9955,16.2594556259512,0,"LogNormal",1,0.1
"RSA-CP (OT) (Ours)",0.9755,10.2195406579849,0.0199999999999818,"LogNormal",1,0.1
"SCP",0.9955,16.2594556259512,0,"LogNormal",1,0.2
"RSA-CP (OT) (Ours)",0.9665,9.29809505419416,0,"LogNormal",1,0.2
"SCP",0.9955,16.2594556259512,0,"LogNormal",1,0.3
"RSA-CP (OT) (Ours)",0.9565,8.64288357485614,0,"LogNormal",1,0.3
"SCP",0.9955,16.2594556259512,0,"LogNormal",1,0.4
"RSA-CP (OT) (Ours)",0.9755,10.2317589392826,0.0100000000000193,"LogNormal",1,0.4
"SCP",0.9955,16.2594556259512,0,"LogNormal",1,0.5
"RSA-CP (OT) (Ours)",0.9725,9.73805759776802,0,"LogNormal",1,0.5
"SCP",0.996,16.7727281545564,0,"Student-t",1,0
"RSA-CP (OT) (Ours)",0.9205,5.14302789119087,0,"Student-t",1,0
"SCP",0.996,16.7727281545564,0,"Student-t",1,0.1
"RSA-CP (OT) (Ours)",0.9585,7.13774326636231,0,"Student-t",1,0.1
"SCP",0.996,16.7727281545564,0,"Student-t",1,0.2
"RSA-CP (OT) (Ours)",0.9515,6.43897703242187,0,"Student-t",1,0.2
"SCP",0.996,16.7727281545564,0,"Student-t",1,0.3
"RSA-CP (OT) (Ours)",0.8975,4.67312655842423,0,"Student-t",1,0.3
"SCP",0.996,16.7727281545564,0,"Student-t",1,0.4
"RSA-CP (OT) (Ours)",0.937,5.76900133266859,0,"Student-t",1,0.4
"SCP",0.996,16.7727281545564,0,"Student-t",1,0.5
"RSA-CP (OT) (Ours)",0.932,5.56460053521915,0.0200000000000102,"Student-t",1,0.5
"SCP",0.9785,10.6600130769885,0,"LogNormal",2,0
"RSA-CP (OT) (Ours)",0.9755,10.269408391196,0,"LogNormal",2,0
"SCP",0.9785,10.6600130769885,0,"LogNormal",2,0.1
"RSA-CP (OT) (Ours)",0.9745,10.1442522999689,0,"LogNormal",2,0.1
"SCP",0.9785,10.6600130769885,0,"LogNormal",2,0.2
"RSA-CP (OT) (Ours)",0.9755,10.2523465565713,0,"LogNormal",2,0.2
"SCP",0.9785,10.6600130769885,0,"LogNormal",2,0.3
"RSA-CP (OT) (Ours)",0.974,9.98210405388168,0,"LogNormal",2,0.3
"SCP",0.9785,10.6600130769885,0,"LogNormal",2,0.4
"RSA-CP (OT) (Ours)",0.976,10.2944176932584,0.0200000000000102,"LogNormal",2,0.4
"SCP",0.9785,10.6600130769885,0,"LogNormal",2,0.5
"RSA-CP (OT) (Ours)",0.974,9.98863157756235,0,"LogNormal",2,0.5
"SCP",0.9575,6.9460891208036,0,"Student-t",2,0
"RSA-CP (OT) (Ours)",0.9315,5.47855059239364,0,"Student-t",2,0
"SCP",0.9575,6.9460891208036,0,"Student-t",2,0.1
"RSA-CP (OT) (Ours)",0.926,5.31248820078073,0.00999999999999091,"Student-t",2,0.1
"SCP",0.9575,6.9460891208036,0,"Student-t",2,0.2
"RSA-CP (OT) (Ours)",0.9345,5.61849228419728,0,"Student-t",2,0.2
"SCP",0.9575,6.9460891208036,0,"Student-t",2,0.3
"RSA-CP (OT) (Ours)",0.9305,5.44858822843852,0,"Student-t",2,0.3
"SCP",0.9575,6.9460891208036,0,"Student-t",2,0.4
"RSA-CP (OT) (Ours)",0.928,5.34096553639522,0.0200000000000102,"Student-t",2,0.4
"SCP",0.9575,6.9460891208036,0,"Student-t",2,0.5
"RSA-CP (OT) (Ours)",0.923,5.23204960552551,0,"Student-t",2,0.5
"SCP",0.9955,15.9039041723533,0,"LogNormal",3,0
"RSA-CP (OT) (Ours)",0.985,12.3527759859221,0.00999999999999091,"LogNormal",3,0
"SCP",0.9955,15.9039041723533,0,"LogNormal",3,0.1
"RSA-CP (OT) (Ours)",0.986,12.603843855345,0,"LogNormal",3,0.1
"SCP",0.9955,15.9039041723533,0,"LogNormal",3,0.2
"RSA-CP (OT) (Ours)",0.9845,12.1099798859946,0,"LogNormal",3,0.2
"SCP",0.9955,15.9039041723533,0,"LogNormal",3,0.3
"RSA-CP (OT) (Ours)",0.9845,12.2911001263355,0,"LogNormal",3,0.3
"SCP",0.9955,15.9039041723533,0,"LogNormal",3,0.4
"RSA-CP (OT) (Ours)",0.984,12.0976568284255,0,"LogNormal",3,0.4
"SCP",0.9955,15.9039041723533,0,"LogNormal",3,0.5
"RSA-CP (OT) (Ours)",0.9855,12.4215834171101,0,"LogNormal",3,0.5
"SCP",0.997,18.3264541236058,0,"Student-t",3,0
"RSA-CP (OT) (Ours)",0.9905,11.727641606233,0,"Student-t",3,0
"SCP",0.997,18.3264541236058,0,"Student-t",3,0.1
"RSA-CP (OT) (Ours)",0.9925,12.4004273310812,0,"Student-t",3,0.1
"SCP",0.997,18.3264541236058,0,"Student-t",3,0.2
"RSA-CP (OT) (Ours)",0.99,11.610321432678,0,"Student-t",3,0.2
"SCP",0.997,18.3264541236058,0,"Student-t",3,0.3
"RSA-CP (OT) (Ours)",0.992,12.0365932492821,0,"Student-t",3,0.3
"SCP",0.997,18.3264541236058,0,"Student-t",3,0.4
"RSA-CP (OT) (Ours)",0.99,11.583302733402,0,"Student-t",3,0.4
"SCP",0.997,18.3264541236058,0,"Student-t",3,0.5
"RSA-CP (OT) (Ours)",0.992,11.9643833189689,0,"Student-t",3,0.5
"SCP",0.9825,11.9098670413563,0.0199999999999818,"LogNormal",4,0
"RSA-CP (OT) (Ours)",0.9575,8.76506090261619,0,"LogNormal",4,0
"SCP",0.9825,11.9098670413563,0.0199999999999818,"LogNormal",4,0.1
"RSA-CP (OT) (Ours)",0.9735,9.90554813584756,0,"LogNormal",4,0.1
"SCP",0.9825,11.9098670413563,0.0199999999999818,"LogNormal",4,0.2
"RSA-CP (OT) (Ours)",0.9695,9.47109905834751,0,"LogNormal",4,0.2
"SCP",0.9825,11.9098670413563,0.0199999999999818,"LogNormal",4,0.3
"RSA-CP (OT) (Ours)",0.9575,8.75459780312684,0.0100000000000193,"LogNormal",4,0.3
"SCP",0.9825,11.9098670413563,0.0199999999999818,"LogNormal",4,0.4
"RSA-CP (OT) (Ours)",0.9645,9.13402990718997,0,"LogNormal",4,0.4
"SCP",0.9825,11.9098670413563,0.0199999999999818,"LogNormal",4,0.5
"RSA-CP (OT) (Ours)",0.9625,8.95985413670074,0,"LogNormal",4,0.5
"SCP",0.969,7.98760892088497,0,"Student-t",4,0
"RSA-CP (OT) (Ours)",0.8225,3.44258068031966,0.0199999999999818,"Student-t",4,0
"SCP",0.969,7.98760892088497,0,"Student-t",4,0.1
"RSA-CP (OT) (Ours)",0.878,4.29515233464304,0,"Student-t",4,0.1
"SCP",0.969,7.98760892088497,0,"Student-t",4,0.2
"RSA-CP (OT) (Ours)",0.781,3.11235671796837,0,"Student-t",4,0.2
"SCP",0.969,7.98760892088497,0,"Student-t",4,0.3
"RSA-CP (OT) (Ours)",0.772,3.00115040673357,0,"Student-t",4,0.3
"SCP",0.969,7.98760892088497,0,"Student-t",4,0.4
"RSA-CP (OT) (Ours)",0.781,3.10953065581638,0,"Student-t",4,0.4
"SCP",0.969,7.98760892088497,0,"Student-t",4,0.5
"RSA-CP (OT) (Ours)",0.849,3.80550143387255,0,"Student-t",4,0.5
"SCP",0.933,7.5486948286234,0,"LogNormal",5,0
"RSA-CP (OT) (Ours)",0.924,7.24179465740816,0,"LogNormal",5,0
"SCP",0.933,7.5486948286234,0,"LogNormal",5,0.1
"RSA-CP (OT) (Ours)",0.915,6.95297919834407,0,"LogNormal",5,0.1
"SCP",0.933,7.5486948286234,0,"LogNormal",5,0.2
"RSA-CP (OT) (Ours)",0.9205,7.10315241344645,0,"LogNormal",5,0.2
"SCP",0.933,7.5486948286234,0,"LogNormal",5,0.3
"RSA-CP (OT) (Ours)",0.9175,7.01520723095114,0.0100000000000193,"LogNormal",5,0.3
"SCP",0.933,7.5486948286234,0,"LogNormal",5,0.4
"RSA-CP (OT) (Ours)",0.9225,7.18669962034923,0,"LogNormal",5,0.4
"SCP",0.933,7.5486948286234,0,"LogNormal",5,0.5
"RSA-CP (OT) (Ours)",0.918,7.03831329350981,0,"LogNormal",5,0.5
"SCP",0.965,7.55416023487471,0,"Student-t",5,0
"RSA-CP (OT) (Ours)",0.932,5.54188905325942,0.0199999999999818,"Student-t",5,0
"SCP",0.965,7.55416023487471,0,"Student-t",5,0.1
"RSA-CP (OT) (Ours)",0.9315,5.4779987776638,0,"Student-t",5,0.1
"SCP",0.965,7.55416023487471,0,"Student-t",5,0.2
"RSA-CP (OT) (Ours)",0.9235,5.24695284370461,0,"Student-t",5,0.2
"SCP",0.965,7.55416023487471,0,"Student-t",5,0.3
"RSA-CP (OT) (Ours)",0.9355,5.64542998432895,0.0200000000000102,"Student-t",5,0.3
"SCP",0.965,7.55416023487471,0,"Student-t",5,0.4
"RSA-CP (OT) (Ours)",0.921,5.16179831224576,0,"Student-t",5,0.4
"SCP",0.965,7.55416023487471,0,"Student-t",5,0.5
"RSA-CP (OT) (Ours)",0.928,5.36452338097371,0,"Student-t",5,0.5
"SCP",0.9255,7.25900905046281,0,"LogNormal",6,0
"RSA-CP (OT) (Ours)",0.912,6.86441256939994,0,"LogNormal",6,0
"SCP",0.9255,7.25900905046281,0,"LogNormal",6,0.1
"RSA-CP (OT) (Ours)",0.9085,6.74271638731273,0,"LogNormal",6,0.1
"SCP",0.9255,7.25900905046281,0,"LogNormal",6,0.2
"RSA-CP (OT) (Ours)",0.897,6.45431824987288,0,"LogNormal",6,0.2
"SCP",0.9255,7.25900905046281,0,"LogNormal",6,0.3
"RSA-CP (OT) (Ours)",0.906,6.68148020698173,0,"LogNormal",6,0.3
"SCP",0.9255,7.25900905046281,0,"LogNormal",6,0.4
"RSA-CP (OT) (Ours)",0.9025,6.55553970601264,0,"LogNormal",6,0.4
"SCP",0.9255,7.25900905046281,0,"LogNormal",6,0.5
"RSA-CP (OT) (Ours)",0.895,6.43382699910493,0,"LogNormal",6,0.5
"SCP",0.9015,4.76591195086306,0,"Student-t",6,0
"RSA-CP (OT) (Ours)",0.8385,3.61999125097375,0.00999999999999091,"Student-t",6,0
"SCP",0.9015,4.76591195086306,0,"Student-t",6,0.1
"RSA-CP (OT) (Ours)",0.8385,3.62191755860888,0,"Student-t",6,0.1
"SCP",0.9015,4.76591195086306,0,"Student-t",6,0.2
"RSA-CP (OT) (Ours)",0.8385,3.61091260000984,0,"Student-t",6,0.2
"SCP",0.9015,4.76591195086306,0,"Student-t",6,0.3
"RSA-CP (OT) (Ours)",0.8285,3.51767189367726,0,"Student-t",6,0.3
"SCP",0.9015,4.76591195086306,0,"Student-t",6,0.4
"RSA-CP (OT) (Ours)",0.8435,3.69771838424111,0,"Student-t",6,0.4
"SCP",0.9015,4.76591195086306,0,"Student-t",6,0.5
"RSA-CP (OT) (Ours)",0.8355,3.58812376764184,0,"Student-t",6,0.5
"SCP",0.97,9.53850912564771,0,"LogNormal",7,0
"RSA-CP (OT) (Ours)",0.964,9.08521988250184,0,"LogNormal",7,0
"SCP",0.97,9.53850912564771,0,"LogNormal",7,0.1
"RSA-CP (OT) (Ours)",0.964,9.10990252868195,0,"LogNormal",7,0.1
"SCP",0.97,9.53850912564771,0,"LogNormal",7,0.2
"RSA-CP (OT) (Ours)",0.9555,8.53801352885332,0.0200000000000102,"LogNormal",7,0.2
"SCP",0.97,9.53850912564771,0,"LogNormal",7,0.3
"RSA-CP (OT) (Ours)",0.9625,8.98195651768073,0,"LogNormal",7,0.3
"SCP",0.97,9.53850912564771,0,"LogNormal",7,0.4
"RSA-CP (OT) (Ours)",0.957,8.73150385342164,0,"LogNormal",7,0.4
"SCP",0.97,9.53850912564771,0,"LogNormal",7,0.5
"RSA-CP (OT) (Ours)",0.964,9.06890909563942,0,"LogNormal",7,0.5
"SCP",0.981,9.46342508623075,0,"Student-t",7,0
"RSA-CP (OT) (Ours)",0.968,7.84474960324844,0,"Student-t",7,0
"SCP",0.981,9.46342508623075,0,"Student-t",7,0.1
"RSA-CP (OT) (Ours)",0.969,7.97773570955152,0,"Student-t",7,0.1
"SCP",0.981,9.46342508623075,0,"Student-t",7,0.2
"RSA-CP (OT) (Ours)",0.9655,7.58532621761002,0,"Student-t",7,0.2
"SCP",0.981,9.46342508623075,0,"Student-t",7,0.3
"RSA-CP (OT) (Ours)",0.969,7.9381732723141,0,"Student-t",7,0.3
"SCP",0.981,9.46342508623075,0,"Student-t",7,0.4
"RSA-CP (OT) (Ours)",0.969,8.01166582354993,0,"Student-t",7,0.4
"SCP",0.981,9.46342508623075,0,"Student-t",7,0.5
"RSA-CP (OT) (Ours)",0.968,7.89757848272802,0,"Student-t",7,0.5
"SCP",0.986,12.6333818286741,0,"LogNormal",8,0
"RSA-CP (OT) (Ours)",0.9725,9.80432999060818,0,"LogNormal",8,0
"SCP",0.986,12.6333818286741,0,"LogNormal",8,0.1
"RSA-CP (OT) (Ours)",0.9735,9.8613357027288,0,"LogNormal",8,0.1
"SCP",0.986,12.6333818286741,0,"LogNormal",8,0.2
"RSA-CP (OT) (Ours)",0.974,10.0326391996262,0,"LogNormal",8,0.2
"SCP",0.986,12.6333818286741,0,"LogNormal",8,0.3
"RSA-CP (OT) (Ours)",0.9735,9.88179678443007,0,"LogNormal",8,0.3
"SCP",0.986,12.6333818286741,0,"LogNormal",8,0.4
"RSA-CP (OT) (Ours)",0.9565,8.60508254714318,0,"LogNormal",8,0.4
"SCP",0.986,12.6333818286741,0,"LogNormal",8,0.5
"RSA-CP (OT) (Ours)",0.9665,9.28506729812385,0.0199999999999818,"LogNormal",8,0.5
"SCP",0.957,6.85752491426185,0,"Student-t",8,0
"RSA-CP (OT) (Ours)",0.862,4.04835924834907,0,"Student-t",8,0
"SCP",0.957,6.85752491426185,0,"Student-t",8,0.1
"RSA-CP (OT) (Ours)",0.877,4.25816459295119,0,"Student-t",8,0.1
"SCP",0.957,6.85752491426185,0,"Student-t",8,0.2
"RSA-CP (OT) (Ours)",0.851,3.84237757205042,0.0100000000000193,"Student-t",8,0.2
"SCP",0.957,6.85752491426185,0,"Student-t",8,0.3
"RSA-CP (OT) (Ours)",0.831,3.54632525483517,0,"Student-t",8,0.3
"SCP",0.957,6.85752491426185,0,"Student-t",8,0.4
"RSA-CP (OT) (Ours)",0.861,4.02354926713947,0,"Student-t",8,0.4
"SCP",0.957,6.85752491426185,0,"Student-t",8,0.5
"RSA-CP (OT) (Ours)",0.8165,3.40245594469231,0.0199999999999818,"Student-t",8,0.5
"SCP",0.9965,16.8290158413576,0,"LogNormal",9,0
"RSA-CP (OT) (Ours)",0.9935,14.4043538299631,0,"LogNormal",9,0
"SCP",0.9965,16.8290158413576,0,"LogNormal",9,0.1
"RSA-CP (OT) (Ours)",0.9915,13.9590142386631,0.0100000000000193,"LogNormal",9,0.1
"SCP",0.9965,16.8290158413576,0,"LogNormal",9,0.2
"RSA-CP (OT) (Ours)",0.994,14.7478047554963,0,"LogNormal",9,0.2
"SCP",0.9965,16.8290158413576,0,"LogNormal",9,0.3
"RSA-CP (OT) (Ours)",0.9925,14.1418643310048,0,"LogNormal",9,0.3
"SCP",0.9965,16.8290158413576,0,"LogNormal",9,0.4
"RSA-CP (OT) (Ours)",0.992,14.0291618549236,0,"LogNormal",9,0.4
"SCP",0.9965,16.8290158413576,0,"LogNormal",9,0.5
"RSA-CP (OT) (Ours)",0.9865,12.8573854497003,0,"LogNormal",9,0.5
"SCP",0.9045,4.84548054320922,0,"Student-t",9,0
"RSA-CP (OT) (Ours)",0.9015,4.75382703347737,0,"Student-t",9,0
"SCP",0.9045,4.84548054320922,0,"Student-t",9,0.1
"RSA-CP (OT) (Ours)",0.8585,3.99283743666505,0,"Student-t",9,0.1
"SCP",0.9045,4.84548054320922,0,"Student-t",9,0.2
"RSA-CP (OT) (Ours)",0.9,4.70759453908859,0.0200000000000102,"Student-t",9,0.2
"SCP",0.9045,4.84548054320922,0,"Student-t",9,0.3
"RSA-CP (OT) (Ours)",0.889,4.48812271217717,0,"Student-t",9,0.3
"SCP",0.9045,4.84548054320922,0,"Student-t",9,0.4
"RSA-CP (OT) (Ours)",0.9015,4.7651535953271,0,"Student-t",9,0.4
"SCP",0.9045,4.84548054320922,0,"Student-t",9,0.5
"RSA-CP (OT) (Ours)",0.8735,4.2117366058484,0.00999999999999091,"Student-t",9,0.5
"SCP",0.984,12.0742024192406,0,"LogNormal",10,0
"RSA-CP (OT) (Ours)",0.9795,11.3080643822984,0.0200000000000102,"LogNormal",10,0
"SCP",0.984,12.0742024192406,0,"LogNormal",10,0.1
"RSA-CP (OT) (Ours)",0.9795,11.2294116468681,0,"LogNormal",10,0.1
"SCP",0.984,12.0742024192406,0,"LogNormal",10,0.2
"RSA-CP (OT) (Ours)",0.9795,10.9763124946013,0,"LogNormal",10,0.2
"SCP",0.984,12.0742024192406,0,"LogNormal",10,0.3
"RSA-CP (OT) (Ours)",0.9795,11.0198787517255,0,"LogNormal",10,0.3
"SCP",0.984,12.0742024192406,0,"LogNormal",10,0.4
"RSA-CP (OT) (Ours)",0.9795,11.1012321082529,0.00999999999999091,"LogNormal",10,0.4
"SCP",0.984,12.0742024192406,0,"LogNormal",10,0.5
"RSA-CP (OT) (Ours)",0.9795,11.0895242185917,0,"LogNormal",10,0.5
"SCP",0.9465,6.27456528918976,0,"Student-t",10,0
"RSA-CP (OT) (Ours)",0.943,6.04125790043091,0,"Student-t",10,0
"SCP",0.9465,6.27456528918976,0,"Student-t",10,0.1
"RSA-CP (OT) (Ours)",0.943,6.05839112695518,0.0200000000000102,"Student-t",10,0.1
"SCP",0.9465,6.27456528918976,0,"Student-t",10,0.2
"RSA-CP (OT) (Ours)",0.943,6.06659290345684,0,"Student-t",10,0.2
"SCP",0.9465,6.27456528918976,0,"Student-t",10,0.3
"RSA-CP (OT) (Ours)",0.943,6.05529292345437,0,"Student-t",10,0.3
"SCP",0.9465,6.27456528918976,0,"Student-t",10,0.4
"RSA-CP (OT) (Ours)",0.9365,5.71365925039685,0.00999999999999091,"Student-t",10,0.4
"SCP",0.9465,6.27456528918976,0,"Student-t",10,0.5
"RSA-CP (OT) (Ours)",0.9365,5.72741496419145,0,"Student-t",10,0.5
"SCP",0.9625,8.98518043438911,0,"LogNormal",11,0
"RSA-CP (OT) (Ours)",0.945,8.1604704823889,0.0200000000000102,"LogNormal",11,0
"SCP",0.9625,8.98518043438911,0,"LogNormal",11,0.1
"RSA-CP (OT) (Ours)",0.945,8.19107428845451,0,"LogNormal",11,0.1
"SCP",0.9625,8.98518043438911,0,"LogNormal",11,0.2
"RSA-CP (OT) (Ours)",0.9445,8.04018654245333,0,"LogNormal",11,0.2
"SCP",0.9625,8.98518043438911,0,"LogNormal",11,0.3
"RSA-CP (OT) (Ours)",0.937,7.74705444833233,0.00999999999999091,"LogNormal",11,0.3
"SCP",0.9625,8.98518043438911,0,"LogNormal",11,0.4
"RSA-CP (OT) (Ours)",0.9395,7.87119209901279,0,"LogNormal",11,0.4
"SCP",0.9625,8.98518043438911,0,"LogNormal",11,0.5
"RSA-CP (OT) (Ours)",0.9365,7.73906668610152,0,"LogNormal",11,0.5
"SCP",0.781,3.10384553975171,0,"Student-t",11,0
"RSA-CP (OT) (Ours)",0.7425,2.76997986309829,0.0200000000000102,"Student-t",11,0
"SCP",0.781,3.10384553975171,0,"Student-t",11,0.1
"RSA-CP (OT) (Ours)",0.6525,2.22063350378026,0,"Student-t",11,0.1
"SCP",0.781,3.10384553975171,0,"Student-t",11,0.2
"RSA-CP (OT) (Ours)",0.7165,2.61808290465989,0,"Student-t",11,0.2
"SCP",0.781,3.10384553975171,0,"Student-t",11,0.3
"RSA-CP (OT) (Ours)",0.7405,2.75742552926617,0,"Student-t",11,0.3
"SCP",0.781,3.10384553975171,0,"Student-t",11,0.4
"RSA-CP (OT) (Ours)",0.717,2.62110366913514,0,"Student-t",11,0.4
"SCP",0.781,3.10384553975171,0,"Student-t",11,0.5
"RSA-CP (OT) (Ours)",0.7125,2.56969514121587,0,"Student-t",11,0.5
"SCP",0.9795,11.1202018774814,0,"LogNormal",12,0
"RSA-CP (OT) (Ours)",0.974,10.0064095119249,0,"LogNormal",12,0
"SCP",0.9795,11.1202018774814,0,"LogNormal",12,0.1
"RSA-CP (OT) (Ours)",0.974,9.98651975073496,0,"LogNormal",12,0.1
"SCP",0.9795,11.1202018774814,0,"LogNormal",12,0.2
"RSA-CP (OT) (Ours)",0.9715,9.68963731303239,0,"LogNormal",12,0.2
"SCP",0.9795,11.1202018774814,0,"LogNormal",12,0.3
"RSA-CP (OT) (Ours)",0.974,9.98485692823131,0.0199999999999818,"LogNormal",12,0.3
"SCP",0.9795,11.1202018774814,0,"LogNormal",12,0.4
"RSA-CP (OT) (Ours)",0.975,10.204964865767,0,"LogNormal",12,0.4
"SCP",0.9795,11.1202018774814,0,"LogNormal",12,0.5
"RSA-CP (OT) (Ours)",0.9665,9.27850082491802,0,"LogNormal",12,0.5
"SCP",1,97.1758698019994,0,"Student-t",12,0
"RSA-CP (OT) (Ours)",0.9985,28.0829348510365,0.0100000000000193,"Student-t",12,0
"SCP",1,97.1758698019994,0,"Student-t",12,0.1
"RSA-CP (OT) (Ours)",0.999,36.7935667040776,0,"Student-t",12,0.1
"SCP",1,97.1758698019994,0,"Student-t",12,0.2
"RSA-CP (OT) (Ours)",0.999,36.9180716275916,0,"Student-t",12,0.2
"SCP",1,97.1758698019994,0,"Student-t",12,0.3
"RSA-CP (OT) (Ours)",0.998,25.9356879350261,0.0199999999999818,"Student-t",12,0.3
"SCP",1,97.1758698019994,0,"Student-t",12,0.4
"RSA-CP (OT) (Ours)",0.998,27.0371048105439,0,"Student-t",12,0.4
"SCP",1,97.1758698019994,0,"Student-t",12,0.5
"RSA-CP (OT) (Ours)",0.9985,29.5283274124244,0,"Student-t",12,0.5
"SCP",0.997,17.278338250815,0,"LogNormal",13,0
"RSA-CP (OT) (Ours)",0.9795,11.0615626788199,0,"LogNormal",13,0
"SCP",0.997,17.278338250815,0,"LogNormal",13,0.1
"RSA-CP (OT) (Ours)",0.9795,10.8906389561034,0,"LogNormal",13,0.1
"SCP",0.997,17.278338250815,0,"LogNormal",13,0.2
"RSA-CP (OT) (Ours)",0.9725,9.82628842533694,0.0199999999999818,"LogNormal",13,0.2
"SCP",0.997,17.278338250815,0,"LogNormal",13,0.3
"RSA-CP (OT) (Ours)",0.9765,10.4224671621215,0,"LogNormal",13,0.3
"SCP",0.997,17.278338250815,0,"LogNormal",13,0.4
"RSA-CP (OT) (Ours)",0.977,10.4724452255061,0,"LogNormal",13,0.4
"SCP",0.997,17.278338250815,0,"LogNormal",13,0.5
"RSA-CP (OT) (Ours)",0.9735,9.87265704331228,0.0200000000000102,"LogNormal",13,0.5
"SCP",0.995,14.0937094253494,0,"Student-t",13,0
"RSA-CP (OT) (Ours)",0.968,7.8442318694129,0,"Student-t",13,0
"SCP",0.995,14.0937094253494,0,"Student-t",13,0.1
"RSA-CP (OT) (Ours)",0.979,9.07301429742436,0,"Student-t",13,0.1
"SCP",0.995,14.0937094253494,0,"Student-t",13,0.2
"RSA-CP (OT) (Ours)",0.9745,8.44961539559553,0,"Student-t",13,0.2
"SCP",0.995,14.0937094253494,0,"Student-t",13,0.3
"RSA-CP (OT) (Ours)",0.9695,8.04930688758835,0.00999999999999091,"Student-t",13,0.3
"SCP",0.995,14.0937094253494,0,"Student-t",13,0.4
"RSA-CP (OT) (Ours)",0.967,7.73678898489673,0,"Student-t",13,0.4
"SCP",0.995,14.0937094253494,0,"Student-t",13,0.5
"RSA-CP (OT) (Ours)",0.965,7.53941643049758,0,"Student-t",13,0.5
"SCP",0.977,10.5427317126809,0,"LogNormal",14,0
"RSA-CP (OT) (Ours)",0.939,7.84082098077143,0,"LogNormal",14,0
"SCP",0.977,10.5427317126809,0,"LogNormal",14,0.1
"RSA-CP (OT) (Ours)",0.932,7.50689175914083,0,"LogNormal",14,0.1
"SCP",0.977,10.5427317126809,0,"LogNormal",14,0.2
"RSA-CP (OT) (Ours)",0.9345,7.60682006077432,0,"LogNormal",14,0.2
"SCP",0.977,10.5427317126809,0,"LogNormal",14,0.3
"RSA-CP (OT) (Ours)",0.9385,7.82210907104221,0,"LogNormal",14,0.3
"SCP",0.977,10.5427317126809,0,"LogNormal",14,0.4
"RSA-CP (OT) (Ours)",0.803,4.93138223663626,0,"LogNormal",14,0.4
"SCP",0.977,10.5427317126809,0,"LogNormal",14,0.5
"RSA-CP (OT) (Ours)",0.939,7.84858632599715,0,"LogNormal",14,0.5
"SCP",0.9585,7.08484787179941,0.0200000000000102,"Student-t",14,0
"RSA-CP (OT) (Ours)",0.9355,5.62522667821413,0,"Student-t",14,0
"SCP",0.9585,7.08484787179941,0.0200000000000102,"Student-t",14,0.1
"RSA-CP (OT) (Ours)",0.927,5.32760047433932,0,"Student-t",14,0.1
"SCP",0.9585,7.08484787179941,0.0200000000000102,"Student-t",14,0.2
"RSA-CP (OT) (Ours)",0.932,5.52210843740526,0,"Student-t",14,0.2
"SCP",0.9585,7.08484787179941,0.0200000000000102,"Student-t",14,0.3
"RSA-CP (OT) (Ours)",0.932,5.50504904870664,0,"Student-t",14,0.3
"SCP",0.9585,7.08484787179941,0.0200000000000102,"Student-t",14,0.4
"RSA-CP (OT) (Ours)",0.9235,5.25116922729063,0,"Student-t",14,0.4
"SCP",0.9585,7.08484787179941,0.0200000000000102,"Student-t",14,0.5
"RSA-CP (OT) (Ours)",0.9245,5.29447075408143,0,"Student-t",14,0.5
"SCP",0.9815,11.4869951594878,0,"LogNormal",15,0
"RSA-CP (OT) (Ours)",0.9655,9.17561803120856,0,"LogNormal",15,0
"SCP",0.9815,11.4869951594878,0,"LogNormal",15,0.1
"RSA-CP (OT) (Ours)",0.966,9.25766817183366,0,"LogNormal",15,0.1
"SCP",0.9815,11.4869951594878,0,"LogNormal",15,0.2
"RSA-CP (OT) (Ours)",0.9605,8.89324646661151,0.00999999999999091,"LogNormal",15,0.2
"SCP",0.9815,11.4869951594878,0,"LogNormal",15,0.3
"RSA-CP (OT) (Ours)",0.9665,9.2640594854766,0,"LogNormal",15,0.3
"SCP",0.9815,11.4869951594878,0,"LogNormal",15,0.4
"RSA-CP (OT) (Ours)",0.9635,9.01766597112369,0,"LogNormal",15,0.4
"SCP",0.9815,11.4869951594878,0,"LogNormal",15,0.5
"RSA-CP (OT) (Ours)",0.959,8.78260854181155,0,"LogNormal",15,0.5
"SCP",0.9685,7.9179424242173,0.0200000000000102,"Student-t",15,0
"RSA-CP (OT) (Ours)",0.9445,6.17806264297702,0,"Student-t",15,0
"SCP",0.9685,7.9179424242173,0.0200000000000102,"Student-t",15,0.1
"RSA-CP (OT) (Ours)",0.9435,6.13810882036347,0,"Student-t",15,0.1
"SCP",0.9685,7.9179424242173,0.0200000000000102,"Student-t",15,0.2
"RSA-CP (OT) (Ours)",0.943,6.07112970886545,0,"Student-t",15,0.2
"SCP",0.9685,7.9179424242173,0.0200000000000102,"Student-t",15,0.3
"RSA-CP (OT) (Ours)",0.9415,6.00577871647234,0.0199999999999818,"Student-t",15,0.3
"SCP",0.9685,7.9179424242173,0.0200000000000102,"Student-t",15,0.4
"RSA-CP (OT) (Ours)",0.945,6.19672964962233,0,"Student-t",15,0.4
"SCP",0.9685,7.9179424242173,0.0200000000000102,"Student-t",15,0.5
"RSA-CP (OT) (Ours)",0.948,6.31946374007568,0,"Student-t",15,0.5
"SCP",0.943,8.01668838647504,0,"LogNormal",16,0
"RSA-CP (OT) (Ours)",0.943,7.99206030681397,0,"LogNormal",16,0
"SCP",0.943,8.01668838647504,0,"LogNormal",16,0.1
"RSA-CP (OT) (Ours)",0.9425,7.90482610612056,0,"LogNormal",16,0.1
"SCP",0.943,8.01668838647504,0,"LogNormal",16,0.2
"RSA-CP (OT) (Ours)",0.9355,7.70178717953164,0.0199999999999818,"LogNormal",16,0.2
"SCP",0.943,8.01668838647504,0,"LogNormal",16,0.3
"RSA-CP (OT) (Ours)",0.928,7.33666530621351,0,"LogNormal",16,0.3
"SCP",0.943,8.01668838647504,0,"LogNormal",16,0.4
"RSA-CP (OT) (Ours)",0.931,7.47320810174145,0,"LogNormal",16,0.4
"SCP",0.943,8.01668838647504,0,"LogNormal",16,0.5
"RSA-CP (OT) (Ours)",0.932,7.5100369147726,0,"LogNormal",16,0.5
"SCP",0.9435,6.11880376212912,0,"Student-t",16,0
"RSA-CP (OT) (Ours)",0.854,3.89917293716684,0,"Student-t",16,0
"SCP",0.9435,6.11880376212912,0,"Student-t",16,0.1
"RSA-CP (OT) (Ours)",0.86,4.01767580747779,0,"Student-t",16,0.1
"SCP",0.9435,6.11880376212912,0,"Student-t",16,0.2
"RSA-CP (OT) (Ours)",0.8335,3.57852174711871,0,"Student-t",16,0.2
"SCP",0.9435,6.11880376212912,0,"Student-t",16,0.3
"RSA-CP (OT) (Ours)",0.858,3.98574480721948,0.0199999999999818,"Student-t",16,0.3
"SCP",0.9435,6.11880376212912,0,"Student-t",16,0.4
"RSA-CP (OT) (Ours)",0.853,3.8865467925636,0,"Student-t",16,0.4
"SCP",0.9435,6.11880376212912,0,"Student-t",16,0.5
"RSA-CP (OT) (Ours)",0.8085,3.32784518631247,0,"Student-t",16,0.5
"SCP",0.991,13.732024689334,0,"LogNormal",17,0
"RSA-CP (OT) (Ours)",0.9735,9.91404030789657,0,"LogNormal",17,0
"SCP",0.991,13.732024689334,0,"LogNormal",17,0.1
"RSA-CP (OT) (Ours)",0.974,10.0545660721929,0,"LogNormal",17,0.1
"SCP",0.991,13.732024689334,0,"LogNormal",17,0.2
"RSA-CP (OT) (Ours)",0.974,9.99049831011663,0.0199999999999818,"LogNormal",17,0.2
"SCP",0.991,13.732024689334,0,"LogNormal",17,0.3
"RSA-CP (OT) (Ours)",0.9725,9.81977088573561,0,"LogNormal",17,0.3
"SCP",0.991,13.732024689334,0,"LogNormal",17,0.4
"RSA-CP (OT) (Ours)",0.9755,10.2189613294092,0,"LogNormal",17,0.4
"SCP",0.991,13.732024689334,0,"LogNormal",17,0.5
"RSA-CP (OT) (Ours)",0.9725,9.73373064584362,0.0200000000000102,"LogNormal",17,0.5
"SCP",0.999,38.0995425194054,0,"Student-t",17,0
"RSA-CP (OT) (Ours)",0.989,11.2650247147208,0,"Student-t",17,0
"SCP",0.999,38.0995425194054,0,"Student-t",17,0.1
"RSA-CP (OT) (Ours)",0.996,16.7513873538574,0,"Student-t",17,0.1
"SCP",0.999,38.0995425194054,0,"Student-t",17,0.2
"RSA-CP (OT) (Ours)",0.995,14.9317028781309,0.00999999999999091,"Student-t",17,0.2
"SCP",0.999,38.0995425194054,0,"Student-t",17,0.3
"RSA-CP (OT) (Ours)",0.9925,12.3286605031126,0,"Student-t",17,0.3
"SCP",0.999,38.0995425194054,0,"Student-t",17,0.4
"RSA-CP (OT) (Ours)",0.9885,10.8710965898459,0,"Student-t",17,0.4
"SCP",0.999,38.0995425194054,0,"Student-t",17,0.5
"RSA-CP (OT) (Ours)",0.9925,12.0688911277508,0,"Student-t",17,0.5
"SCP",0.9705,9.56894292155053,0,"LogNormal",18,0
"RSA-CP (OT) (Ours)",0.943,7.99930314613824,0,"LogNormal",18,0
"SCP",0.9705,9.56894292155053,0,"LogNormal",18,0.1
"RSA-CP (OT) (Ours)",0.9445,8.05549750820498,0,"LogNormal",18,0.1
"SCP",0.9705,9.56894292155053,0,"LogNormal",18,0.2
"RSA-CP (OT) (Ours)",0.9325,7.52693423128939,0.00999999999999091,"LogNormal",18,0.2
"SCP",0.9705,9.56894292155053,0,"LogNormal",18,0.3
"RSA-CP (OT) (Ours)",0.9355,7.67132360430451,0,"LogNormal",18,0.3
"SCP",0.9705,9.56894292155053,0,"LogNormal",18,0.4
"RSA-CP (OT) (Ours)",0.933,7.55946437031661,0,"LogNormal",18,0.4
"SCP",0.9705,9.56894292155053,0,"LogNormal",18,0.5
"RSA-CP (OT) (Ours)",0.936,7.7327265383104,0.0200000000000102,"LogNormal",18,0.5
"SCP",0.9885,10.9608593268203,0,"Student-t",18,0
"RSA-CP (OT) (Ours)",0.9735,8.20437669849081,0,"Student-t",18,0
"SCP",0.9885,10.9608593268203,0,"Student-t",18,0.1
"RSA-CP (OT) (Ours)",0.976,8.59203400430311,0,"Student-t",18,0.1
"SCP",0.9885,10.9608593268203,0,"Student-t",18,0.2
"RSA-CP (OT) (Ours)",0.9745,8.43536470980365,0.00999999999999091,"Student-t",18,0.2
"SCP",0.9885,10.9608593268203,0,"Student-t",18,0.3
"RSA-CP (OT) (Ours)",0.976,8.55945579322319,0,"Student-t",18,0.3
"SCP",0.9885,10.9608593268203,0,"Student-t",18,0.4
"RSA-CP (OT) (Ours)",0.9765,8.68544439197057,0,"Student-t",18,0.4
"SCP",0.9885,10.9608593268203,0,"Student-t",18,0.5
"RSA-CP (OT) (Ours)",0.9745,8.4244522674585,0,"Student-t",18,0.5
"SCP",0.972,9.71354951875209,0,"LogNormal",19,0
"RSA-CP (OT) (Ours)",0.9345,7.61367018322337,0,"LogNormal",19,0
"SCP",0.972,9.71354951875209,0,"LogNormal",19,0.1
"RSA-CP (OT) (Ours)",0.939,7.84818869837717,0.00999999999999091,"LogNormal",19,0.1
"SCP",0.972,9.71354951875209,0,"LogNormal",19,0.2
"RSA-CP (OT) (Ours)",0.931,7.46330327976854,0,"LogNormal",19,0.2
"SCP",0.972,9.71354951875209,0,"LogNormal",19,0.3
"RSA-CP (OT) (Ours)",0.9235,7.2102415539107,0,"LogNormal",19,0.3
"SCP",0.972,9.71354951875209,0,"LogNormal",19,0.4
"RSA-CP (OT) (Ours)",0.9305,7.44228967680386,0.0200000000000102,"LogNormal",19,0.4
"SCP",0.972,9.71354951875209,0,"LogNormal",19,0.5
"RSA-CP (OT) (Ours)",0.9265,7.31463367617905,0,"LogNormal",19,0.5
"SCP",0.957,6.86183504065343,0,"Student-t",19,0
"RSA-CP (OT) (Ours)",0.923,5.20623332219934,0,"Student-t",19,0
"SCP",0.957,6.86183504065343,0,"Student-t",19,0.1
"RSA-CP (OT) (Ours)",0.9285,5.38616011330111,0,"Student-t",19,0.1
"SCP",0.957,6.86183504065343,0,"Student-t",19,0.2
"RSA-CP (OT) (Ours)",0.928,5.3423453784717,0,"Student-t",19,0.2
"SCP",0.957,6.86183504065343,0,"Student-t",19,0.3
"RSA-CP (OT) (Ours)",0.9125,4.97248057650892,0,"Student-t",19,0.3
"SCP",0.957,6.86183504065343,0,"Student-t",19,0.4
"RSA-CP (OT) (Ours)",0.9155,5.03643366636434,0,"Student-t",19,0.4
"SCP",0.957,6.86183504065343,0,"Student-t",19,0.5
"RSA-CP (OT) (Ours)",0.9075,4.90150873350128,0.0100000000000193,"Student-t",19,0.5
"SCP",0.9845,12.1928408949215,0,"LogNormal",20,0
"RSA-CP (OT) (Ours)",0.929,7.3537811727289,0,"LogNormal",20,0
"SCP",0.9845,12.1928408949215,0,"LogNormal",20,0.1
"RSA-CP (OT) (Ours)",0.9355,7.68624737814209,0,"LogNormal",20,0.1
"SCP",0.9845,12.1928408949215,0,"LogNormal",20,0.2
"RSA-CP (OT) (Ours)",0.933,7.54937438104304,0,"LogNormal",20,0.2
"SCP",0.9845,12.1928408949215,0,"LogNormal",20,0.3
"RSA-CP (OT) (Ours)",0.9175,7.01918306962389,0,"LogNormal",20,0.3
"SCP",0.9845,12.1928408949215,0,"LogNormal",20,0.4
"RSA-CP (OT) (Ours)",0.9215,7.14108707915354,0.0100000000000193,"LogNormal",20,0.4
"SCP",0.9845,12.1928408949215,0,"LogNormal",20,0.5
"RSA-CP (OT) (Ours)",0.922,7.16077807647788,0,"LogNormal",20,0.5
"SCP",0.9595,7.259268903724,0,"Student-t",20,0
"RSA-CP (OT) (Ours)",0.95,6.42601804105613,0,"Student-t",20,0
"SCP",0.9595,7.259268903724,0,"Student-t",20,0.1
"RSA-CP (OT) (Ours)",0.9445,6.17320587014904,0.0199999999999818,"Student-t",20,0.1
"SCP",0.9595,7.259268903724,0,"Student-t",20,0.2
"RSA-CP (OT) (Ours)",0.947,6.28328364238761,0,"Student-t",20,0.2
"SCP",0.9595,7.259268903724,0,"Student-t",20,0.3
"RSA-CP (OT) (Ours)",0.9435,6.13297979407543,0,"Student-t",20,0.3
"SCP",0.9595,7.259268903724,0,"Student-t",20,0.4
"RSA-CP (OT) (Ours)",0.9355,5.63991786133106,0.0100000000000193,"Student-t",20,0.4
"SCP",0.9595,7.259268903724,0,"Student-t",20,0.5
"RSA-CP (OT) (Ours)",0.95,6.41754379806569,0,"Student-t",20,0.5
"SCP",0.9085,6.74565514607696,0,"LogNormal",21,0
"RSA-CP (OT) (Ours)",0.874,6.03750245620043,0.0199999999999818,"LogNormal",21,0
"SCP",0.9085,6.74565514607696,0,"LogNormal",21,0.1
"RSA-CP (OT) (Ours)",0.8795,6.10842059842071,0,"LogNormal",21,0.1
"SCP",0.9085,6.74565514607696,0,"LogNormal",21,0.2
"RSA-CP (OT) (Ours)",0.865,5.89832547155094,0,"LogNormal",21,0.2
"SCP",0.9085,6.74565514607696,0,"LogNormal",21,0.3
"RSA-CP (OT) (Ours)",0.854,5.57458441889408,0,"LogNormal",21,0.3
"SCP",0.9085,6.74565514607696,0,"LogNormal",21,0.4
"RSA-CP (OT) (Ours)",0.868,5.95092998488284,0,"LogNormal",21,0.4
"SCP",0.9085,6.74565514607696,0,"LogNormal",21,0.5
"RSA-CP (OT) (Ours)",0.816,5.1006303028815,0,"LogNormal",21,0.5
"SCP",0.997,20.3923782277054,0,"Student-t",21,0
"RSA-CP (OT) (Ours)",0.9725,8.11146187718192,0,"Student-t",21,0
"SCP",0.997,20.3923782277054,0,"Student-t",21,0.1
"RSA-CP (OT) (Ours)",0.9815,9.61375093161247,0.00999999999999091,"Student-t",21,0.1
"SCP",0.997,20.3923782277054,0,"Student-t",21,0.2
"RSA-CP (OT) (Ours)",0.9865,10.1879419820528,0,"Student-t",21,0.2
"SCP",0.997,20.3923782277054,0,"Student-t",21,0.3
"RSA-CP (OT) (Ours)",0.9845,9.84364318952991,0,"Student-t",21,0.3
"SCP",0.997,20.3923782277054,0,"Student-t",21,0.4
"RSA-CP (OT) (Ours)",0.98,9.25028023691895,0,"Student-t",21,0.4
"SCP",0.997,20.3923782277054,0,"Student-t",21,0.5
"RSA-CP (OT) (Ours)",0.968,7.88276049265064,0,"Student-t",21,0.5
"SCP",0.966,9.24052524445847,0,"LogNormal",22,0
"RSA-CP (OT) (Ours)",0.9385,7.82263853759815,0.00999999999999091,"LogNormal",22,0
"SCP",0.966,9.24052524445847,0,"LogNormal",22,0.1
"RSA-CP (OT) (Ours)",0.9345,7.61773634366278,0,"LogNormal",22,0.1
"SCP",0.966,9.24052524445847,0,"LogNormal",22,0.2
"RSA-CP (OT) (Ours)",0.9375,7.787406318354,0,"LogNormal",22,0.2
"SCP",0.966,9.24052524445847,0,"LogNormal",22,0.3
"RSA-CP (OT) (Ours)",0.9345,7.61219640087073,0.0200000000000102,"LogNormal",22,0.3
"SCP",0.966,9.24052524445847,0,"LogNormal",22,0.4
"RSA-CP (OT) (Ours)",0.9325,7.52716861045945,0,"LogNormal",22,0.4
"SCP",0.966,9.24052524445847,0,"LogNormal",22,0.5
"RSA-CP (OT) (Ours)",0.9255,7.27388800196849,0,"LogNormal",22,0.5
"SCP",0.8945,4.59145703516037,0,"Student-t",22,0
"RSA-CP (OT) (Ours)",0.8865,4.44096843016905,0,"Student-t",22,0
"SCP",0.8945,4.59145703516037,0,"Student-t",22,0.1
"RSA-CP (OT) (Ours)",0.881,4.32723692114593,0.00999999999999091,"Student-t",22,0.1
"SCP",0.8945,4.59145703516037,0,"Student-t",22,0.2
"RSA-CP (OT) (Ours)",0.872,4.2007270154113,0,"Student-t",22,0.2
"SCP",0.8945,4.59145703516037,0,"Student-t",22,0.3
"RSA-CP (OT) (Ours)",0.8695,4.16120725554267,0,"Student-t",22,0.3
"SCP",0.8945,4.59145703516037,0,"Student-t",22,0.4
"RSA-CP (OT) (Ours)",0.8765,4.25374241892755,0.0200000000000102,"Student-t",22,0.4
"SCP",0.8945,4.59145703516037,0,"Student-t",22,0.5
"RSA-CP (OT) (Ours)",0.871,4.17583973125661,0,"Student-t",22,0.5
"SCP",0.9885,13.279004162839,0,"LogNormal",23,0
"RSA-CP (OT) (Ours)",0.9225,7.18632750423288,0.00999999999999091,"LogNormal",23,0
"SCP",0.9885,13.279004162839,0,"LogNormal",23,0.1
"RSA-CP (OT) (Ours)",0.9475,8.30944237331713,0,"LogNormal",23,0.1
"SCP",0.9885,13.279004162839,0,"LogNormal",23,0.2
"RSA-CP (OT) (Ours)",0.939,7.83937242199058,0,"LogNormal",23,0.2
"SCP",0.9885,13.279004162839,0,"LogNormal",23,0.3
"RSA-CP (OT) (Ours)",0.9305,7.41930968704717,0.0200000000000102,"LogNormal",23,0.3
"SCP",0.9885,13.279004162839,0,"LogNormal",23,0.4
"RSA-CP (OT) (Ours)",0.9305,7.45255220061827,0,"LogNormal",23,0.4
"SCP",0.9885,13.279004162839,0,"LogNormal",23,0.5
"RSA-CP (OT) (Ours)",0.9095,6.77783970929249,0,"LogNormal",23,0.5
"SCP",0.9385,5.85868091243077,0,"Student-t",23,0
"RSA-CP (OT) (Ours)",0.9125,4.98580650253192,0.0199999999999818,"Student-t",23,0
"SCP",0.9385,5.85868091243077,0,"Student-t",23,0.1
"RSA-CP (OT) (Ours)",0.905,4.85833340887747,0,"Student-t",23,0.1
"SCP",0.9385,5.85868091243077,0,"Student-t",23,0.2
"RSA-CP (OT) (Ours)",0.9025,4.78333323362603,0,"Student-t",23,0.2
"SCP",0.9385,5.85868091243077,0,"Student-t",23,0.3
"RSA-CP (OT) (Ours)",0.8895,4.50066074290916,0.0100000000000193,"Student-t",23,0.3
"SCP",0.9385,5.85868091243077,0,"Student-t",23,0.4
"RSA-CP (OT) (Ours)",0.911,4.95269655936551,0,"Student-t",23,0.4
"SCP",0.9385,5.85868091243077,0,"Student-t",23,0.5
"RSA-CP (OT) (Ours)",0.903,4.80338652760421,0,"Student-t",23,0.5
"SCP",0.918,7.02857591867925,0,"LogNormal",24,0
"RSA-CP (OT) (Ours)",0.878,6.10215704459112,0,"LogNormal",24,0
"SCP",0.918,7.02857591867925,0,"LogNormal",24,0.1
"RSA-CP (OT) (Ours)",0.878,6.10386321273629,0,"LogNormal",24,0.1
"SCP",0.918,7.02857591867925,0,"LogNormal",24,0.2
"RSA-CP (OT) (Ours)",0.86,5.78563649542127,0,"LogNormal",24,0.2
"SCP",0.918,7.02857591867925,0,"LogNormal",24,0.3
"RSA-CP (OT) (Ours)",0.869,5.97212836212829,0.0100000000000193,"LogNormal",24,0.3
"SCP",0.918,7.02857591867925,0,"LogNormal",24,0.4
"RSA-CP (OT) (Ours)",0.8835,6.18421183115693,0,"LogNormal",24,0.4
"SCP",0.918,7.02857591867925,0,"LogNormal",24,0.5
"RSA-CP (OT) (Ours)",0.875,6.05151845214968,0,"LogNormal",24,0.5
"SCP",0.905,4.86128262667001,0,"Student-t",24,0
"RSA-CP (OT) (Ours)",0.772,3.00081151835648,0.0199999999999818,"Student-t",24,0
"SCP",0.905,4.86128262667001,0,"Student-t",24,0.1
"RSA-CP (OT) (Ours)",0.7805,3.09045428973088,0,"Student-t",24,0.1
"SCP",0.905,4.86128262667001,0,"Student-t",24,0.2
"RSA-CP (OT) (Ours)",0.78,3.07548608315235,0,"Student-t",24,0.2
"SCP",0.905,4.86128262667001,0,"Student-t",24,0.3
"RSA-CP (OT) (Ours)",0.772,3.00143528200815,0.0100000000000193,"Student-t",24,0.3
"SCP",0.905,4.86128262667001,0,"Student-t",24,0.4
"RSA-CP (OT) (Ours)",0.6955,2.47361734631473,0,"Student-t",24,0.4
"SCP",0.905,4.86128262667001,0,"Student-t",24,0.5
"RSA-CP (OT) (Ours)",0.788,3.14801311137494,0,"Student-t",24,0.5
"SCP",0.7755,4.6156756113249,0,"LogNormal",25,0
"RSA-CP (OT) (Ours)",0.774,4.58771088927751,0,"LogNormal",25,0
"SCP",0.7755,4.6156756113249,0,"LogNormal",25,0.1
"RSA-CP (OT) (Ours)",0.7575,4.42936764423581,0,"LogNormal",25,0.1
"SCP",0.7755,4.6156756113249,0,"LogNormal",25,0.2
"RSA-CP (OT) (Ours)",0.7305,4.16329278980652,0.0200000000000102,"LogNormal",25,0.2
"SCP",0.7755,4.6156756113249,0,"LogNormal",25,0.3
"RSA-CP (OT) (Ours)",0.754,4.37413078706359,0,"LogNormal",25,0.3
"SCP",0.7755,4.6156756113249,0,"LogNormal",25,0.4
"RSA-CP (OT) (Ours)",0.7555,4.40987815253337,0,"LogNormal",25,0.4
"SCP",0.7755,4.6156756113249,0,"LogNormal",25,0.5
"RSA-CP (OT) (Ours)",0.7575,4.42722386903178,0,"LogNormal",25,0.5
"SCP",0.995,13.4810699573665,0,"Student-t",25,0
"RSA-CP (OT) (Ours)",0.988,10.7236598263777,0.00999999999999091,"Student-t",25,0
"SCP",0.995,13.4810699573665,0,"Student-t",25,0.1
"RSA-CP (OT) (Ours)",0.9885,11.0236586244729,0,"Student-t",25,0.1
"SCP",0.995,13.4810699573665,0,"Student-t",25,0.2
"RSA-CP (OT) (Ours)",0.988,10.73555426355,0,"Student-t",25,0.2
"SCP",0.995,13.4810699573665,0,"Student-t",25,0.3
"RSA-CP (OT) (Ours)",0.9885,11.031157940385,0.0200000000000102,"Student-t",25,0.3
"SCP",0.995,13.4810699573665,0,"Student-t",25,0.4
"RSA-CP (OT) (Ours)",0.9885,11.0894633085256,0,"Student-t",25,0.4
"SCP",0.995,13.4810699573665,0,"Student-t",25,0.5
"RSA-CP (OT) (Ours)",0.9875,10.5698537133639,0,"Student-t",25,0.5
"SCP",0.964,9.12838708128982,0,"LogNormal",26,0
"RSA-CP (OT) (Ours)",0.935,7.64037350604956,0,"LogNormal",26,0
"SCP",0.964,9.12838708128982,0,"LogNormal",26,0.1
"RSA-CP (OT) (Ours)",0.933,7.54913221178917,0,"LogNormal",26,0.1
"SCP",0.964,9.12838708128982,0,"LogNormal",26,0.2
"RSA-CP (OT) (Ours)",0.906,6.66167632414251,0.0200000000000102,"LogNormal",26,0.2
"SCP",0.964,9.12838708128982,0,"LogNormal",26,0.3
"RSA-CP (OT) (Ours)",0.938,7.80220180522921,0,"LogNormal",26,0.3
"SCP",0.964,9.12838708128982,0,"LogNormal",26,0.4
"RSA-CP (OT) (Ours)",0.9255,7.25427261457262,0,"LogNormal",26,0.4
"SCP",0.964,9.12838708128982,0,"LogNormal",26,0.5
"RSA-CP (OT) (Ours)",0.9355,7.67759172235978,0.00999999999999091,"LogNormal",26,0.5
"SCP",0.981,9.45230208985639,0,"Student-t",26,0
"RSA-CP (OT) (Ours)",0.9715,8.08922271050595,0,"Student-t",26,0
"SCP",0.981,9.45230208985639,0,"Student-t",26,0.1
"RSA-CP (OT) (Ours)",0.969,8.04419006039325,0,"Student-t",26,0.1
"SCP",0.981,9.45230208985639,0,"Student-t",26,0.2
"RSA-CP (OT) (Ours)",0.9725,8.10697705316645,0.0200000000000102,"Student-t",26,0.2
"SCP",0.981,9.45230208985639,0,"Student-t",26,0.3
"RSA-CP (OT) (Ours)",0.97,8.06613799621148,0,"Student-t",26,0.3
"SCP",0.981,9.45230208985639,0,"Student-t",26,0.4
"RSA-CP (OT) (Ours)",0.968,7.87545921007792,0,"Student-t",26,0.4
"SCP",0.981,9.45230208985639,0,"Student-t",26,0.5
"RSA-CP (OT) (Ours)",0.9685,7.91884054242838,0,"Student-t",26,0.5
"SCP",0.9735,9.93717715141788,0,"LogNormal",27,0
"RSA-CP (OT) (Ours)",0.9095,6.77508039127176,0,"LogNormal",27,0
"SCP",0.9735,9.93717715141788,0,"LogNormal",27,0.1
"RSA-CP (OT) (Ours)",0.886,6.21439145704528,0.0200000000000102,"LogNormal",27,0.1
"SCP",0.9735,9.93717715141788,0,"LogNormal",27,0.2
"RSA-CP (OT) (Ours)",0.8815,6.14848138726879,0,"LogNormal",27,0.2
"SCP",0.9735,9.93717715141788,0,"LogNormal",27,0.3
"RSA-CP (OT) (Ours)",0.892,6.37921981250141,0,"LogNormal",27,0.3
"SCP",0.9735,9.93717715141788,0,"LogNormal",27,0.4
"RSA-CP (OT) (Ours)",0.88,6.12903412310144,0,"LogNormal",27,0.4
"SCP",0.9735,9.93717715141788,0,"LogNormal",27,0.5
"RSA-CP (OT) (Ours)",0.869,5.97368255287464,0,"LogNormal",27,0.5
"SCP",0.974,8.24506922598589,0,"Student-t",27,0
"RSA-CP (OT) (Ours)",0.969,7.94144012610356,0,"Student-t",27,0
"SCP",0.974,8.24506922598589,0,"Student-t",27,0.1
"RSA-CP (OT) (Ours)",0.969,8.00392305495646,0,"Student-t",27,0.1
"SCP",0.974,8.24506922598589,0,"Student-t",27,0.2
"RSA-CP (OT) (Ours)",0.969,8.01339096492189,0.0100000000000193,"Student-t",27,0.2
"SCP",0.974,8.24506922598589,0,"Student-t",27,0.3
"RSA-CP (OT) (Ours)",0.9725,8.13019804481462,0,"Student-t",27,0.3
"SCP",0.974,8.24506922598589,0,"Student-t",27,0.4
"RSA-CP (OT) (Ours)",0.9665,7.72972248772023,0,"Student-t",27,0.4
"SCP",0.974,8.24506922598589,0,"Student-t",27,0.5
"RSA-CP (OT) (Ours)",0.9675,7.79165389549482,0.0199999999999818,"Student-t",27,0.5
"SCP",0.9565,8.65853781790796,0,"LogNormal",28,0
"RSA-CP (OT) (Ours)",0.932,7.512568373549,0.0100000000000193,"LogNormal",28,0
"SCP",0.9565,8.65853781790796,0,"LogNormal",28,0.1
"RSA-CP (OT) (Ours)",0.9305,7.41286006013643,0,"LogNormal",28,0.1
"SCP",0.9565,8.65853781790796,0,"LogNormal",28,0.2
"RSA-CP (OT) (Ours)",0.9235,7.20067588831762,0,"LogNormal",28,0.2
"SCP",0.9565,8.65853781790796,0,"LogNormal",28,0.3
"RSA-CP (OT) (Ours)",0.929,7.37251247953027,0.0199999999999818,"LogNormal",28,0.3
"SCP",0.9565,8.65853781790796,0,"LogNormal",28,0.4
"RSA-CP (OT) (Ours)",0.922,7.16355565212047,0,"LogNormal",28,0.4
"SCP",0.9565,8.65853781790796,0,"LogNormal",28,0.5
"RSA-CP (OT) (Ours)",0.93,7.38856604071474,0,"LogNormal",28,0.5
"SCP",0.9385,5.85055134534518,0,"Student-t",28,0
"RSA-CP (OT) (Ours)",0.911,4.94850767933123,0.0100000000000193,"Student-t",28,0
"SCP",0.9385,5.85055134534518,0,"Student-t",28,0.1
"RSA-CP (OT) (Ours)",0.902,4.77498475538721,0,"Student-t",28,0.1
"SCP",0.9385,5.85055134534518,0,"Student-t",28,0.2
"RSA-CP (OT) (Ours)",0.919,5.111584389606,0,"Student-t",28,0.2
"SCP",0.9385,5.85055134534518,0,"Student-t",28,0.3
"RSA-CP (OT) (Ours)",0.9115,4.96678623821897,0.0199999999999818,"Student-t",28,0.3
"SCP",0.9385,5.85055134534518,0,"Student-t",28,0.4
"RSA-CP (OT) (Ours)",0.9015,4.7499549060781,0,"Student-t",28,0.4
"SCP",0.9385,5.85055134534518,0,"Student-t",28,0.5
"RSA-CP (OT) (Ours)",0.9095,4.92815887645872,0,"Student-t",28,0.5
"SCP",0.9255,7.29384533070275,0,"LogNormal",29,0
"RSA-CP (OT) (Ours)",0.9075,6.71818101615152,0,"LogNormal",29,0
"SCP",0.9255,7.29384533070275,0,"LogNormal",29,0.1
"RSA-CP (OT) (Ours)",0.906,6.6650936753572,0,"LogNormal",29,0.1
"SCP",0.9255,7.29384533070275,0,"LogNormal",29,0.2
"RSA-CP (OT) (Ours)",0.9025,6.54663101693527,0.00999999999999091,"LogNormal",29,0.2
"SCP",0.9255,7.29384533070275,0,"LogNormal",29,0.3
"RSA-CP (OT) (Ours)",0.9035,6.61070699328519,0,"LogNormal",29,0.3
"SCP",0.9255,7.29384533070275,0,"LogNormal",29,0.4
"RSA-CP (OT) (Ours)",0.893,6.40372394061467,0,"LogNormal",29,0.4
"SCP",0.9255,7.29384533070275,0,"LogNormal",29,0.5
"RSA-CP (OT) (Ours)",0.892,6.39386951773136,0,"LogNormal",29,0.5
"SCP",0.9975,22.4943966671461,0,"Student-t",29,0
"RSA-CP (OT) (Ours)",0.975,8.51366360705482,0,"Student-t",29,0
"SCP",0.9975,22.4943966671461,0,"Student-t",29,0.1
"RSA-CP (OT) (Ours)",0.979,9.08645433319316,0.00999999999999091,"Student-t",29,0.1
"SCP",0.9975,22.4943966671461,0,"Student-t",29,0.2
"RSA-CP (OT) (Ours)",0.974,8.32551899308783,0,"Student-t",29,0.2
"SCP",0.9975,22.4943966671461,0,"Student-t",29,0.3
"RSA-CP (OT) (Ours)",0.968,7.82865388990545,0,"Student-t",29,0.3
"SCP",0.9975,22.4943966671461,0,"Student-t",29,0.4
"RSA-CP (OT) (Ours)",0.966,7.71463206316732,0,"Student-t",29,0.4
"SCP",0.9975,22.4943966671461,0,"Student-t",29,0.5
"RSA-CP (OT) (Ours)",0.964,7.46335365196086,0.0200000000000102,"Student-t",29,0.5
"SCP",0.99,13.5458254171692,0,"LogNormal",30,0
"RSA-CP (OT) (Ours)",0.9725,9.80837745133141,0,"LogNormal",30,0
"SCP",0.99,13.5458254171692,0,"LogNormal",30,0.1
"RSA-CP (OT) (Ours)",0.9735,9.88221662126017,0,"LogNormal",30,0.1
"SCP",0.99,13.5458254171692,0,"LogNormal",30,0.2
"RSA-CP (OT) (Ours)",0.9695,9.45877002336761,0,"LogNormal",30,0.2
"SCP",0.99,13.5458254171692,0,"LogNormal",30,0.3
"RSA-CP (OT) (Ours)",0.9635,9.01927414843588,0,"LogNormal",30,0.3
"SCP",0.99,13.5458254171692,0,"LogNormal",30,0.4
"RSA-CP (OT) (Ours)",0.964,9.1110524414125,0.0200000000000102,"LogNormal",30,0.4
"SCP",0.99,13.5458254171692,0,"LogNormal",30,0.5
"RSA-CP (OT) (Ours)",0.9655,9.17770796795179,0,"LogNormal",30,0.5
"SCP",0.932,5.55949735245712,0,"Student-t",30,0
"RSA-CP (OT) (Ours)",0.8885,4.48427445725078,0,"Student-t",30,0
"SCP",0.932,5.55949735245712,0,"Student-t",30,0.1
"RSA-CP (OT) (Ours)",0.891,4.51627767814714,0.00999999999999091,"Student-t",30,0.1
"SCP",0.932,5.55949735245712,0,"Student-t",30,0.2
"RSA-CP (OT) (Ours)",0.89,4.50702378787839,0,"Student-t",30,0.2
"SCP",0.932,5.55949735245712,0,"Student-t",30,0.3
"RSA-CP (OT) (Ours)",0.889,4.49239350346471,0,"Student-t",30,0.3
"SCP",0.932,5.55949735245712,0,"Student-t",30,0.4
"RSA-CP (OT) (Ours)",0.8795,4.31244566805938,0.0200000000000102,"Student-t",30,0.4
"SCP",0.932,5.55949735245712,0,"Student-t",30,0.5
"RSA-CP (OT) (Ours)",0.884,4.38455057706465,0,"Student-t",30,0.5
"SCP",0.964,9.0460636050943,0,"LogNormal",31,0
"RSA-CP (OT) (Ours)",0.93,7.38760916623211,0,"LogNormal",31,0
"SCP",0.964,9.0460636050943,0,"LogNormal",31,0.1
"RSA-CP (OT) (Ours)",0.9265,7.31396626698394,0,"LogNormal",31,0.1
"SCP",0.964,9.0460636050943,0,"LogNormal",31,0.2
"RSA-CP (OT) (Ours)",0.9305,7.41101370155768,0,"LogNormal",31,0.2
"SCP",0.964,9.0460636050943,0,"LogNormal",31,0.3
"RSA-CP (OT) (Ours)",0.9225,7.18958125458458,0.0100000000000193,"LogNormal",31,0.3
"SCP",0.964,9.0460636050943,0,"LogNormal",31,0.4
"RSA-CP (OT) (Ours)",0.919,7.09015914639756,0,"LogNormal",31,0.4
"SCP",0.964,9.0460636050943,0,"LogNormal",31,0.5
"RSA-CP (OT) (Ours)",0.929,7.3690932901668,0,"LogNormal",31,0.5
"SCP",0.9415,5.99791313884625,0,"Student-t",31,0
"RSA-CP (OT) (Ours)",0.9155,5.04936720704484,0.0199999999999818,"Student-t",31,0
"SCP",0.9415,5.99791313884625,0,"Student-t",31,0.1
"RSA-CP (OT) (Ours)",0.9285,5.37896462737471,0,"Student-t",31,0.1
"SCP",0.9415,5.99791313884625,0,"Student-t",31,0.2
"RSA-CP (OT) (Ours)",0.913,4.99308885158334,0,"Student-t",31,0.2
"SCP",0.9415,5.99791313884625,0,"Student-t",31,0.3
"RSA-CP (OT) (Ours)",0.8985,4.69166833578356,0,"Student-t",31,0.3
"SCP",0.9415,5.99791313884625,0,"Student-t",31,0.4
"RSA-CP (OT) (Ours)",0.903,4.81148937941131,0,"Student-t",31,0.4
"SCP",0.9415,5.99791313884625,0,"Student-t",31,0.5
"RSA-CP (OT) (Ours)",0.904,4.8341699509855,0,"Student-t",31,0.5
"SCP",0.957,8.74071741164436,0,"LogNormal",32,0
"RSA-CP (OT) (Ours)",0.9565,8.62986927364211,0,"LogNormal",32,0
"SCP",0.957,8.74071741164436,0,"LogNormal",32,0.1
"RSA-CP (OT) (Ours)",0.9565,8.63317694925175,0,"LogNormal",32,0.1
"SCP",0.957,8.74071741164436,0,"LogNormal",32,0.2
"RSA-CP (OT) (Ours)",0.9555,8.54422341182311,0,"LogNormal",32,0.2
"SCP",0.957,8.74071741164436,0,"LogNormal",32,0.3
"RSA-CP (OT) (Ours)",0.9525,8.44636459108799,0.0100000000000193,"LogNormal",32,0.3
"SCP",0.957,8.74071741164436,0,"LogNormal",32,0.4
"RSA-CP (OT) (Ours)",0.9495,8.38388033532816,0,"LogNormal",32,0.4
"SCP",0.957,8.74071741164436,0,"LogNormal",32,0.5
"RSA-CP (OT) (Ours)",0.9505,8.4108240570048,0,"LogNormal",32,0.5
"SCP",0.995,14.5113728717542,0,"Student-t",32,0
"RSA-CP (OT) (Ours)",0.9885,11.0744858502113,0.0199999999999818,"Student-t",32,0
"SCP",0.995,14.5113728717542,0,"Student-t",32,0.1
"RSA-CP (OT) (Ours)",0.9905,11.6550897006636,0,"Student-t",32,0.1
"SCP",0.995,14.5113728717542,0,"Student-t",32,0.2
"RSA-CP (OT) (Ours)",0.9885,11.1214856657286,0,"Student-t",32,0.2
"SCP",0.995,14.5113728717542,0,"Student-t",32,0.3
"RSA-CP (OT) (Ours)",0.9875,10.5486058841949,0.0200000000000102,"Student-t",32,0.3
"SCP",0.995,14.5113728717542,0,"Student-t",32,0.4
"RSA-CP (OT) (Ours)",0.984,9.80750741643876,0,"Student-t",32,0.4
"SCP",0.995,14.5113728717542,0,"Student-t",32,0.5
"RSA-CP (OT) (Ours)",0.9885,11.0289220979341,0,"Student-t",32,0.5
"SCP",0.931,7.48054411943381,0,"LogNormal",33,0
"RSA-CP (OT) (Ours)",0.8895,6.32146437783605,0,"LogNormal",33,0
"SCP",0.931,7.48054411943381,0,"LogNormal",33,0.1
"RSA-CP (OT) (Ours)",0.8875,6.28026085726085,0,"LogNormal",33,0.1
"SCP",0.931,7.48054411943381,0,"LogNormal",33,0.2
"RSA-CP (OT) (Ours)",0.876,6.06262613889149,0.0200000000000102,"LogNormal",33,0.2
"SCP",0.931,7.48054411943381,0,"LogNormal",33,0.3
"RSA-CP (OT) (Ours)",0.8665,5.90965482052988,0,"LogNormal",33,0.3
"SCP",0.931,7.48054411943381,0,"LogNormal",33,0.4
"RSA-CP (OT) (Ours)",0.8625,5.82747961895898,0,"LogNormal",33,0.4
"SCP",0.931,7.48054411943381,0,"LogNormal",33,0.5
"RSA-CP (OT) (Ours)",0.8775,6.08488557599473,0,"LogNormal",33,0.5
"SCP",0.998,27.473649854331,0,"Student-t",33,0
"RSA-CP (OT) (Ours)",0.9655,7.5974194324296,0,"Student-t",33,0
"SCP",0.998,27.473649854331,0,"Student-t",33,0.1
"RSA-CP (OT) (Ours)",0.9815,9.60057795903171,0,"Student-t",33,0.1
"SCP",0.998,27.473649854331,0,"Student-t",33,0.2
"RSA-CP (OT) (Ours)",0.981,9.47017067493829,0,"Student-t",33,0.2
"SCP",0.998,27.473649854331,0,"Student-t",33,0.3
"RSA-CP (OT) (Ours)",0.979,8.96276932349439,0,"Student-t",33,0.3
"SCP",0.998,27.473649854331,0,"Student-t",33,0.4
"RSA-CP (OT) (Ours)",0.9885,10.9726147649358,0,"Student-t",33,0.4
"SCP",0.998,27.473649854331,0,"Student-t",33,0.5
"RSA-CP (OT) (Ours)",0.9745,8.44489688159067,0,"Student-t",33,0.5
"SCP",0.886,6.22468578544024,0,"LogNormal",34,0
"RSA-CP (OT) (Ours)",0.883,6.17638799296103,0,"LogNormal",34,0
"SCP",0.886,6.22468578544024,0,"LogNormal",34,0.1
"RSA-CP (OT) (Ours)",0.8715,5.99742072926877,0.0200000000000102,"LogNormal",34,0.1
"SCP",0.886,6.22468578544024,0,"LogNormal",34,0.2
"RSA-CP (OT) (Ours)",0.8735,6.01575277535752,0,"LogNormal",34,0.2
"SCP",0.886,6.22468578544024,0,"LogNormal",34,0.3
"RSA-CP (OT) (Ours)",0.8685,5.96332914586304,0,"LogNormal",34,0.3
"SCP",0.886,6.22468578544024,0,"LogNormal",34,0.4
"RSA-CP (OT) (Ours)",0.8785,6.10535870708206,0,"LogNormal",34,0.4
"SCP",0.886,6.22468578544024,0,"LogNormal",34,0.5
"RSA-CP (OT) (Ours)",0.868,5.96096549450529,0.00999999999999091,"LogNormal",34,0.5
"SCP",0.99,11.5815659297212,0,"Student-t",34,0
"RSA-CP (OT) (Ours)",0.9555,6.80569470886664,0,"Student-t",34,0
"SCP",0.99,11.5815659297212,0,"Student-t",34,0.1
"RSA-CP (OT) (Ours)",0.9495,6.39437339371792,0,"Student-t",34,0.1
"SCP",0.99,11.5815659297212,0,"Student-t",34,0.2
"RSA-CP (OT) (Ours)",0.9435,6.12119474456007,0.0200000000000102,"Student-t",34,0.2
"SCP",0.99,11.5815659297212,0,"Student-t",34,0.3
"RSA-CP (OT) (Ours)",0.959,7.24444506672332,0,"Student-t",34,0.3
"SCP",0.99,11.5815659297212,0,"Student-t",34,0.4
"RSA-CP (OT) (Ours)",0.945,6.25608688627515,0,"Student-t",34,0.4
"SCP",0.99,11.5815659297212,0,"Student-t",34,0.5
"RSA-CP (OT) (Ours)",0.952,6.54320349969267,0,"Student-t",34,0.5
"SCP",0.9795,11.3749754723244,0,"LogNormal",35,0
"RSA-CP (OT) (Ours)",0.959,8.83295954696761,0,"LogNormal",35,0
"SCP",0.9795,11.3749754723244,0,"LogNormal",35,0.1
"RSA-CP (OT) (Ours)",0.961,8.91123421468079,0.0100000000000193,"LogNormal",35,0.1
"SCP",0.9795,11.3749754723244,0,"LogNormal",35,0.2
"RSA-CP (OT) (Ours)",0.9595,8.87071354761819,0,"LogNormal",35,0.2
"SCP",0.9795,11.3749754723244,0,"LogNormal",35,0.3
"RSA-CP (OT) (Ours)",0.9575,8.7634609492765,0,"LogNormal",35,0.3
"SCP",0.9795,11.3749754723244,0,"LogNormal",35,0.4
"RSA-CP (OT) (Ours)",0.959,8.841807904034,0,"LogNormal",35,0.4
"SCP",0.9795,11.3749754723244,0,"LogNormal",35,0.5
"RSA-CP (OT) (Ours)",0.953,8.47892424364036,0,"LogNormal",35,0.5
"SCP",0.945,6.23273869006735,0,"Student-t",35,0
"RSA-CP (OT) (Ours)",0.9245,5.28767856932575,0,"Student-t",35,0
"SCP",0.945,6.23273869006735,0,"Student-t",35,0.1
"RSA-CP (OT) (Ours)",0.9245,5.28623735430888,0.0100000000000193,"Student-t",35,0.1
"SCP",0.945,6.23273869006735,0,"Student-t",35,0.2
"RSA-CP (OT) (Ours)",0.923,5.19229362707586,0,"Student-t",35,0.2
"SCP",0.945,6.23273869006735,0,"Student-t",35,0.3
"RSA-CP (OT) (Ours)",0.9285,5.39282952395603,0,"Student-t",35,0.3
"SCP",0.945,6.23273869006735,0,"Student-t",35,0.4
"RSA-CP (OT) (Ours)",0.9235,5.25161822347611,0,"Student-t",35,0.4
"SCP",0.945,6.23273869006735,0,"Student-t",35,0.5
"RSA-CP (OT) (Ours)",0.927,5.32781416234952,0,"Student-t",35,0.5
"SCP",0.977,10.5760821274088,0,"LogNormal",36,0
"RSA-CP (OT) (Ours)",0.974,10.0729625053077,0,"LogNormal",36,0
"SCP",0.977,10.5760821274088,0,"LogNormal",36,0.1
"RSA-CP (OT) (Ours)",0.9735,9.97673551745015,0,"LogNormal",36,0.1
"SCP",0.977,10.5760821274088,0,"LogNormal",36,0.2
"RSA-CP (OT) (Ours)",0.9735,9.87434213500026,0,"LogNormal",36,0.2
"SCP",0.977,10.5760821274088,0,"LogNormal",36,0.3
"RSA-CP (OT) (Ours)",0.9745,10.130224482174,0,"LogNormal",36,0.3
"SCP",0.977,10.5760821274088,0,"LogNormal",36,0.4
"RSA-CP (OT) (Ours)",0.9735,9.86131044351293,0,"LogNormal",36,0.4
"SCP",0.977,10.5760821274088,0,"LogNormal",36,0.5
"RSA-CP (OT) (Ours)",0.972,9.71286860949868,0,"LogNormal",36,0.5
"SCP",0.988,10.7875992121575,0,"Student-t",36,0
"RSA-CP (OT) (Ours)",0.946,6.26769836847299,0,"Student-t",36,0
"SCP",0.988,10.7875992121575,0,"Student-t",36,0.1
"RSA-CP (OT) (Ours)",0.9515,6.48617414254443,0.0200000000000102,"Student-t",36,0.1
"SCP",0.988,10.7875992121575,0,"Student-t",36,0.2
"RSA-CP (OT) (Ours)",0.945,6.22758654980884,0,"Student-t",36,0.2
"SCP",0.988,10.7875992121575,0,"Student-t",36,0.3
"RSA-CP (OT) (Ours)",0.945,6.22810933132093,0,"Student-t",36,0.3
"SCP",0.988,10.7875992121575,0,"Student-t",36,0.4
"RSA-CP (OT) (Ours)",0.9495,6.39232584865055,0.00999999999999091,"Student-t",36,0.4
"SCP",0.988,10.7875992121575,0,"Student-t",36,0.5
"RSA-CP (OT) (Ours)",0.936,5.65267291847111,0,"Student-t",36,0.5
"SCP",0.892,6.39501252314737,0,"LogNormal",37,0
"RSA-CP (OT) (Ours)",0.89,6.33406174906818,0.0200000000000102,"LogNormal",37,0
"SCP",0.892,6.39501252314737,0,"LogNormal",37,0.1
"RSA-CP (OT) (Ours)",0.892,6.36448258006504,0,"LogNormal",37,0.1
"SCP",0.892,6.39501252314737,0,"LogNormal",37,0.2
"RSA-CP (OT) (Ours)",0.8915,6.35258776766164,0,"LogNormal",37,0.2
"SCP",0.892,6.39501252314737,0,"LogNormal",37,0.3
"RSA-CP (OT) (Ours)",0.888,6.29932977613541,0,"LogNormal",37,0.3
"SCP",0.892,6.39501252314737,0,"LogNormal",37,0.4
"RSA-CP (OT) (Ours)",0.8745,6.04424277375143,0,"LogNormal",37,0.4
"SCP",0.892,6.39501252314737,0,"LogNormal",37,0.5
"RSA-CP (OT) (Ours)",0.8795,6.12256689173285,0,"LogNormal",37,0.5
"SCP",0.878,4.27978370726607,0,"Student-t",37,0
"RSA-CP (OT) (Ours)",0.8225,3.44979746451486,0,"Student-t",37,0
"SCP",0.878,4.27978370726607,0,"Student-t",37,0.1
"RSA-CP (OT) (Ours)",0.8215,3.43227255389079,0,"Student-t",37,0.1
"SCP",0.878,4.27978370726607,0,"Student-t",37,0.2
"RSA-CP (OT) (Ours)",0.815,3.38637049769826,0,"Student-t",37,0.2
"SCP",0.878,4.27978370726607,0,"Student-t",37,0.3
"RSA-CP (OT) (Ours)",0.8225,3.44873467508493,0,"Student-t",37,0.3
"SCP",0.878,4.27978370726607,0,"Student-t",37,0.4
"RSA-CP (OT) (Ours)",0.8175,3.40716681166041,0.00999999999999091,"Student-t",37,0.4
"SCP",0.878,4.27978370726607,0,"Student-t",37,0.5
"RSA-CP (OT) (Ours)",0.7735,3.02222601321813,0,"Student-t",37,0.5
"SCP",0.9665,9.32127370189772,0,"LogNormal",38,0
"RSA-CP (OT) (Ours)",0.9525,8.44811676096576,0.0200000000000102,"LogNormal",38,0
"SCP",0.9665,9.32127370189772,0,"LogNormal",38,0.1
"RSA-CP (OT) (Ours)",0.9475,8.31475268095663,0,"LogNormal",38,0.1
"SCP",0.9665,9.32127370189772,0,"LogNormal",38,0.2
"RSA-CP (OT) (Ours)",0.9455,8.24262410965934,0,"LogNormal",38,0.2
"SCP",0.9665,9.32127370189772,0,"LogNormal",38,0.3
"RSA-CP (OT) (Ours)",0.9445,8.08794064872151,0.00999999999999091,"LogNormal",38,0.3
"SCP",0.9665,9.32127370189772,0,"LogNormal",38,0.4
"RSA-CP (OT) (Ours)",0.949,8.34337765538202,0,"LogNormal",38,0.4
"SCP",0.9665,9.32127370189772,0,"LogNormal",38,0.5
"RSA-CP (OT) (Ours)",0.9455,8.24682833304915,0,"LogNormal",38,0.5
"SCP",0.952,6.59098789956225,0,"Student-t",38,0
"RSA-CP (OT) (Ours)",0.928,5.34249995852759,0,"Student-t",38,0
"SCP",0.952,6.59098789956225,0,"Student-t",38,0.1
"RSA-CP (OT) (Ours)",0.929,5.40266540798951,0.0200000000000102,"Student-t",38,0.1
"SCP",0.952,6.59098789956225,0,"Student-t",38,0.2
"RSA-CP (OT) (Ours)",0.9175,5.08094840192947,0,"Student-t",38,0.2
"SCP",0.952,6.59098789956225,0,"Student-t",38,0.3
"RSA-CP (OT) (Ours)",0.923,5.21867444827416,0,"Student-t",38,0.3
"SCP",0.952,6.59098789956225,0,"Student-t",38,0.4
"RSA-CP (OT) (Ours)",0.9215,5.16944645837192,0,"Student-t",38,0.4
"SCP",0.952,6.59098789956225,0,"Student-t",38,0.5
"RSA-CP (OT) (Ours)",0.927,5.32914994195815,0,"Student-t",38,0.5
"SCP",0.931,7.46490464396477,0,"LogNormal",39,0
"RSA-CP (OT) (Ours)",0.9035,6.59346165961703,0.0100000000000193,"LogNormal",39,0
"SCP",0.931,7.46490464396477,0,"LogNormal",39,0.1
"RSA-CP (OT) (Ours)",0.899,6.50190974815614,0,"LogNormal",39,0.1
"SCP",0.931,7.46490464396477,0,"LogNormal",39,0.2
"RSA-CP (OT) (Ours)",0.9035,6.60123296006221,0,"LogNormal",39,0.2
"SCP",0.931,7.46490464396477,0,"LogNormal",39,0.3
"RSA-CP (OT) (Ours)",0.8855,6.20397545715164,0.0199999999999818,"LogNormal",39,0.3
"SCP",0.931,7.46490464396477,0,"LogNormal",39,0.4
"RSA-CP (OT) (Ours)",0.8625,5.83746954087654,0,"LogNormal",39,0.4
"SCP",0.931,7.46490464396477,0,"LogNormal",39,0.5
"RSA-CP (OT) (Ours)",0.899,6.50232113462621,0,"LogNormal",39,0.5
"SCP",0.8835,4.3680993314866,0,"Student-t",39,0
"RSA-CP (OT) (Ours)",0.8565,3.94883516198208,0,"Student-t",39,0
"SCP",0.8835,4.3680993314866,0,"Student-t",39,0.1
"RSA-CP (OT) (Ours)",0.8575,3.97417143668117,0,"Student-t",39,0.1
"SCP",0.8835,4.3680993314866,0,"Student-t",39,0.2
"RSA-CP (OT) (Ours)",0.853,3.88463625604959,0,"Student-t",39,0.2
"SCP",0.8835,4.3680993314866,0,"Student-t",39,0.3
"RSA-CP (OT) (Ours)",0.836,3.59335777396997,0,"Student-t",39,0.3
"SCP",0.8835,4.3680993314866,0,"Student-t",39,0.4
"RSA-CP (OT) (Ours)",0.854,3.9005899223462,0.0199999999999818,"Student-t",39,0.4
"SCP",0.8835,4.3680993314866,0,"Student-t",39,0.5
"RSA-CP (OT) (Ours)",0.836,3.59802786289188,0,"Student-t",39,0.5
"SCP",0.906,6.6560015668988,0,"LogNormal",40,0
"RSA-CP (OT) (Ours)",0.8295,5.22883597479765,0,"LogNormal",40,0
"SCP",0.906,6.6560015668988,0,"LogNormal",40,0.1
"RSA-CP (OT) (Ours)",0.834,5.3046887199431,0,"LogNormal",40,0.1
"SCP",0.906,6.6560015668988,0,"LogNormal",40,0.2
"RSA-CP (OT) (Ours)",0.785,4.74595165526857,0.0199999999999818,"LogNormal",40,0.2
"SCP",0.906,6.6560015668988,0,"LogNormal",40,0.3
"RSA-CP (OT) (Ours)",0.82,5.13875006708767,0,"LogNormal",40,0.3
"SCP",0.906,6.6560015668988,0,"LogNormal",40,0.4
"RSA-CP (OT) (Ours)",0.7915,4.82282142497946,0,"LogNormal",40,0.4
"SCP",0.906,6.6560015668988,0,"LogNormal",40,0.5
"RSA-CP (OT) (Ours)",0.8145,5.07424620419908,0.0200000000000102,"LogNormal",40,0.5
"SCP",0.952,6.52591764380244,0,"Student-t",40,0
"RSA-CP (OT) (Ours)",0.9095,4.93746805124389,0,"Student-t",40,0
"SCP",0.952,6.52591764380244,0,"Student-t",40,0.1
"RSA-CP (OT) (Ours)",0.9015,4.77369331544423,0,"Student-t",40,0.1
"SCP",0.952,6.52591764380244,0,"Student-t",40,0.2
"RSA-CP (OT) (Ours)",0.895,4.60566525977136,0,"Student-t",40,0.2
"SCP",0.952,6.52591764380244,0,"Student-t",40,0.3
"RSA-CP (OT) (Ours)",0.9095,4.92439149690327,0.00999999999999091,"Student-t",40,0.3
"SCP",0.952,6.52591764380244,0,"Student-t",40,0.4
"RSA-CP (OT) (Ours)",0.905,4.85900952983581,0,"Student-t",40,0.4
"SCP",0.952,6.52591764380244,0,"Student-t",40,0.5
"RSA-CP (OT) (Ours)",0.9015,4.76711053749876,0,"Student-t",40,0.5
"SCP",0.9555,8.51957177586678,0,"LogNormal",41,0
"RSA-CP (OT) (Ours)",0.9025,6.52964012769051,0,"LogNormal",41,0
"SCP",0.9555,8.51957177586678,0,"LogNormal",41,0.1
"RSA-CP (OT) (Ours)",0.912,6.86993505307595,0,"LogNormal",41,0.1
"SCP",0.9555,8.51957177586678,0,"LogNormal",41,0.2
"RSA-CP (OT) (Ours)",0.894,6.42543578280271,0.00999999999999091,"LogNormal",41,0.2
"SCP",0.9555,8.51957177586678,0,"LogNormal",41,0.3
"RSA-CP (OT) (Ours)",0.892,6.37984654837277,0,"LogNormal",41,0.3
"SCP",0.9555,8.51957177586678,0,"LogNormal",41,0.4
"RSA-CP (OT) (Ours)",0.8885,6.30853602198249,0,"LogNormal",41,0.4
"SCP",0.9555,8.51957177586678,0,"LogNormal",41,0.5
"RSA-CP (OT) (Ours)",0.858,5.73267628376276,0,"LogNormal",41,0.5
"SCP",0.996,16.6498539921255,0,"Student-t",41,0
"RSA-CP (OT) (Ours)",0.979,9.02547923345657,0,"Student-t",41,0
"SCP",0.996,16.6498539921255,0,"Student-t",41,0.1
"RSA-CP (OT) (Ours)",0.9765,8.64635496692378,0,"Student-t",41,0.1
"SCP",0.996,16.6498539921255,0,"Student-t",41,0.2
"RSA-CP (OT) (Ours)",0.9875,10.550265836041,0.00999999999999091,"Student-t",41,0.2
"SCP",0.996,16.6498539921255,0,"Student-t",41,0.3
"RSA-CP (OT) (Ours)",0.983,9.69383301288859,0,"Student-t",41,0.3
"SCP",0.996,16.6498539921255,0,"Student-t",41,0.4
"RSA-CP (OT) (Ours)",0.9865,10.1791711141162,0,"Student-t",41,0.4
"SCP",0.996,16.6498539921255,0,"Student-t",41,0.5
"RSA-CP (OT) (Ours)",0.983,9.69834068362573,0,"Student-t",41,0.5
"SCP",0.9955,15.7317354114316,0,"LogNormal",42,0
"RSA-CP (OT) (Ours)",0.9795,11.0427737453589,0,"LogNormal",42,0
"SCP",0.9955,15.7317354114316,0,"LogNormal",42,0.1
"RSA-CP (OT) (Ours)",0.9845,12.1228053817429,0,"LogNormal",42,0.1
"SCP",0.9955,15.7317354114316,0,"LogNormal",42,0.2
"RSA-CP (OT) (Ours)",0.9795,11.050738418809,0,"LogNormal",42,0.2
"SCP",0.9955,15.7317354114316,0,"LogNormal",42,0.3
"RSA-CP (OT) (Ours)",0.9795,10.8607288224256,0,"LogNormal",42,0.3
"SCP",0.9955,15.7317354114316,0,"LogNormal",42,0.4
"RSA-CP (OT) (Ours)",0.959,8.79942699311503,0,"LogNormal",42,0.4
"SCP",0.9955,15.7317354114316,0,"LogNormal",42,0.5
"RSA-CP (OT) (Ours)",0.9825,11.8693751725013,0.0200000000000102,"LogNormal",42,0.5
"SCP",0.939,5.869670566637,0,"Student-t",42,0
"RSA-CP (OT) (Ours)",0.8215,3.43220016156184,0,"Student-t",42,0
"SCP",0.939,5.869670566637,0,"Student-t",42,0.1
"RSA-CP (OT) (Ours)",0.8415,3.6773465869163,0,"Student-t",42,0.1
"SCP",0.939,5.869670566637,0,"Student-t",42,0.2
"RSA-CP (OT) (Ours)",0.8415,3.67057741357519,0.0199999999999818,"Student-t",42,0.2
"SCP",0.939,5.869670566637,0,"Student-t",42,0.3
"RSA-CP (OT) (Ours)",0.7975,3.24799410394717,0,"Student-t",42,0.3
"SCP",0.939,5.869670566637,0,"Student-t",42,0.4
"RSA-CP (OT) (Ours)",0.818,3.41143263477948,0,"Student-t",42,0.4
"SCP",0.939,5.869670566637,0,"Student-t",42,0.5
"RSA-CP (OT) (Ours)",0.8405,3.64425307979005,0,"Student-t",42,0.5
"SCP",0.9795,11.114887561228,0,"LogNormal",43,0
"RSA-CP (OT) (Ours)",0.9185,7.06719855635555,0,"LogNormal",43,0
"SCP",0.9795,11.114887561228,0,"LogNormal",43,0.1
"RSA-CP (OT) (Ours)",0.931,7.48276890715291,0.0199999999999818,"LogNormal",43,0.1
"SCP",0.9795,11.114887561228,0,"LogNormal",43,0.2
"RSA-CP (OT) (Ours)",0.9165,6.99499041226541,0,"LogNormal",43,0.2
"SCP",0.9795,11.114887561228,0,"LogNormal",43,0.3
"RSA-CP (OT) (Ours)",0.9025,6.5613989209435,0,"LogNormal",43,0.3
"SCP",0.9795,11.114887561228,0,"LogNormal",43,0.4
"RSA-CP (OT) (Ours)",0.8865,6.23634591365035,0.0100000000000193,"LogNormal",43,0.4
"SCP",0.9795,11.114887561228,0,"LogNormal",43,0.5
"RSA-CP (OT) (Ours)",0.918,7.03820899810198,0,"LogNormal",43,0.5
"SCP",0.991,11.8548340735554,0,"Student-t",43,0
"RSA-CP (OT) (Ours)",0.974,8.37504455230551,0,"Student-t",43,0
"SCP",0.991,11.8548340735554,0,"Student-t",43,0.1
"RSA-CP (OT) (Ours)",0.9745,8.44234525899545,0.0199999999999818,"Student-t",43,0.1
"SCP",0.991,11.8548340735554,0,"Student-t",43,0.2
"RSA-CP (OT) (Ours)",0.973,8.16020147118363,0,"Student-t",43,0.2
"SCP",0.991,11.8548340735554,0,"Student-t",43,0.3
"RSA-CP (OT) (Ours)",0.9735,8.20223834725868,0,"Student-t",43,0.3
"SCP",0.991,11.8548340735554,0,"Student-t",43,0.4
"RSA-CP (OT) (Ours)",0.9725,8.11014997636078,0,"Student-t",43,0.4
"SCP",0.991,11.8548340735554,0,"Student-t",43,0.5
"RSA-CP (OT) (Ours)",0.974,8.38291143985209,0,"Student-t",43,0.5
"SCP",0.9975,17.9721880162584,0,"LogNormal",44,0
"RSA-CP (OT) (Ours)",0.9825,11.7471736832192,0.0199999999999818,"LogNormal",44,0
"SCP",0.9975,17.9721880162584,0,"LogNormal",44,0.1
"RSA-CP (OT) (Ours)",0.9865,12.8620940662349,0,"LogNormal",44,0.1
"SCP",0.9975,17.9721880162584,0,"LogNormal",44,0.2
"RSA-CP (OT) (Ours)",0.9825,11.6162144165763,0,"LogNormal",44,0.2
"SCP",0.9975,17.9721880162584,0,"LogNormal",44,0.3
"RSA-CP (OT) (Ours)",0.983,11.9799508204032,0,"LogNormal",44,0.3
"SCP",0.9975,17.9721880162584,0,"LogNormal",44,0.4
"RSA-CP (OT) (Ours)",0.9815,11.4916706918993,0,"LogNormal",44,0.4
"SCP",0.9975,17.9721880162584,0,"LogNormal",44,0.5
"RSA-CP (OT) (Ours)",0.9825,11.7252440437108,0,"LogNormal",44,0.5
"SCP",0.992,11.992270518944,0,"Student-t",44,0
"RSA-CP (OT) (Ours)",0.975,8.50680173055,0,"Student-t",44,0
"SCP",0.992,11.992270518944,0,"Student-t",44,0.1
"RSA-CP (OT) (Ours)",0.9785,8.8320540626558,0.00999999999999091,"Student-t",44,0.1
"SCP",0.992,11.992270518944,0,"Student-t",44,0.2
"RSA-CP (OT) (Ours)",0.979,9.03012791184192,0,"Student-t",44,0.2
"SCP",0.992,11.992270518944,0,"Student-t",44,0.3
"RSA-CP (OT) (Ours)",0.975,8.5447867492601,0,"Student-t",44,0.3
"SCP",0.992,11.992270518944,0,"Student-t",44,0.4
"RSA-CP (OT) (Ours)",0.974,8.33249046393403,0.0200000000000102,"Student-t",44,0.4
"SCP",0.992,11.992270518944,0,"Student-t",44,0.5
"RSA-CP (OT) (Ours)",0.978,8.71941290089041,0,"Student-t",44,0.5
"SCP",0.964,9.04585049861051,0,"LogNormal",45,0
"RSA-CP (OT) (Ours)",0.945,8.18745486849325,0.00999999999999091,"LogNormal",45,0
"SCP",0.964,9.04585049861051,0,"LogNormal",45,0.1
"RSA-CP (OT) (Ours)",0.943,7.96167535225487,0,"LogNormal",45,0.1
"SCP",0.964,9.04585049861051,0,"LogNormal",45,0.2
"RSA-CP (OT) (Ours)",0.933,7.55710216680137,0,"LogNormal",45,0.2
"SCP",0.964,9.04585049861051,0,"LogNormal",45,0.3
"RSA-CP (OT) (Ours)",0.931,7.47054461244038,0,"LogNormal",45,0.3
"SCP",0.964,9.04585049861051,0,"LogNormal",45,0.4
"RSA-CP (OT) (Ours)",0.9305,7.40742677467372,0.0200000000000102,"LogNormal",45,0.4
"SCP",0.964,9.04585049861051,0,"LogNormal",45,0.5
"RSA-CP (OT) (Ours)",0.935,7.62421456849169,0,"LogNormal",45,0.5
"SCP",0.9575,6.97605134667725,0,"Student-t",45,0
"RSA-CP (OT) (Ours)",0.957,6.84182143932992,0,"Student-t",45,0
"SCP",0.9575,6.97605134667725,0,"Student-t",45,0.1
"RSA-CP (OT) (Ours)",0.954,6.71229527121741,0.00999999999999091,"Student-t",45,0.1
"SCP",0.9575,6.97605134667725,0,"Student-t",45,0.2
"RSA-CP (OT) (Ours)",0.953,6.69693592134896,0,"Student-t",45,0.2
"SCP",0.9575,6.97605134667725,0,"Student-t",45,0.3
"RSA-CP (OT) (Ours)",0.9545,6.7514949444668,0,"Student-t",45,0.3
"SCP",0.9575,6.97605134667725,0,"Student-t",45,0.4
"RSA-CP (OT) (Ours)",0.9525,6.67454256977458,0.0200000000000102,"Student-t",45,0.4
"SCP",0.9575,6.97605134667725,0,"Student-t",45,0.5
"RSA-CP (OT) (Ours)",0.9495,6.392855360997,0,"Student-t",45,0.5
"SCP",0.8185,5.12545094546175,0,"LogNormal",46,0
"RSA-CP (OT) (Ours)",0.789,4.78647480809135,0.00999999999999091,"LogNormal",46,0
"SCP",0.8185,5.12545094546175,0,"LogNormal",46,0.1
"RSA-CP (OT) (Ours)",0.79,4.81205121440125,0,"LogNormal",46,0.1
"SCP",0.8185,5.12545094546175,0,"LogNormal",46,0.2
"RSA-CP (OT) (Ours)",0.7845,4.7444160037489,0,"LogNormal",46,0.2
"SCP",0.8185,5.12545094546175,0,"LogNormal",46,0.3
"RSA-CP (OT) (Ours)",0.7795,4.66373066753661,0.0200000000000102,"LogNormal",46,0.3
"SCP",0.8185,5.12545094546175,0,"LogNormal",46,0.4
"RSA-CP (OT) (Ours)",0.7745,4.6048747813939,0,"LogNormal",46,0.4
"SCP",0.8185,5.12545094546175,0,"LogNormal",46,0.5
"RSA-CP (OT) (Ours)",0.7815,4.69381583555346,0,"LogNormal",46,0.5
"SCP",0.9965,18.0436088949774,0,"Student-t",46,0
"RSA-CP (OT) (Ours)",0.969,8.02665908011983,0,"Student-t",46,0
"SCP",0.9965,18.0436088949774,0,"Student-t",46,0.1
"RSA-CP (OT) (Ours)",0.964,7.50295253628358,0,"Student-t",46,0.1
"SCP",0.9965,18.0436088949774,0,"Student-t",46,0.2
"RSA-CP (OT) (Ours)",0.9515,6.45045687679662,0,"Student-t",46,0.2
"SCP",0.9965,18.0436088949774,0,"Student-t",46,0.3
"RSA-CP (OT) (Ours)",0.968,7.89753715012707,0,"Student-t",46,0.3
"SCP",0.9965,18.0436088949774,0,"Student-t",46,0.4
"RSA-CP (OT) (Ours)",0.966,7.69050346718241,0.0100000000000193,"Student-t",46,0.4
"SCP",0.9965,18.0436088949774,0,"Student-t",46,0.5
"RSA-CP (OT) (Ours)",0.9655,7.62416050112924,0,"Student-t",46,0.5
"SCP",0.991,13.7726924767848,0,"LogNormal",47,0
"RSA-CP (OT) (Ours)",0.9795,10.9714896771427,0.0199999999999818,"LogNormal",47,0
"SCP",0.991,13.7726924767848,0,"LogNormal",47,0.1
"RSA-CP (OT) (Ours)",0.9795,11.3157381849931,0,"LogNormal",47,0.1
"SCP",0.991,13.7726924767848,0,"LogNormal",47,0.2
"RSA-CP (OT) (Ours)",0.9795,10.8574071135321,0,"LogNormal",47,0.2
"SCP",0.991,13.7726924767848,0,"LogNormal",47,0.3
"RSA-CP (OT) (Ours)",0.976,10.3168205879707,0.0100000000000193,"LogNormal",47,0.3
"SCP",0.991,13.7726924767848,0,"LogNormal",47,0.4
"RSA-CP (OT) (Ours)",0.9765,10.4069274219391,0,"LogNormal",47,0.4
"SCP",0.991,13.7726924767848,0,"LogNormal",47,0.5
"RSA-CP (OT) (Ours)",0.9785,10.6951860160854,0,"LogNormal",47,0.5
"SCP",0.99,11.58773186207,0,"Student-t",47,0
"RSA-CP (OT) (Ours)",0.969,7.95350422016636,0.0199999999999818,"Student-t",47,0
"SCP",0.99,11.58773186207,0,"Student-t",47,0.1
"RSA-CP (OT) (Ours)",0.9655,7.57152622163711,0,"Student-t",47,0.1
"SCP",0.99,11.58773186207,0,"Student-t",47,0.2
"RSA-CP (OT) (Ours)",0.9585,7.12770588036656,0,"Student-t",47,0.2
"SCP",0.99,11.58773186207,0,"Student-t",47,0.3
"RSA-CP (OT) (Ours)",0.9675,7.81050806542366,0.0100000000000193,"Student-t",47,0.3
"SCP",0.99,11.58773186207,0,"Student-t",47,0.4
"RSA-CP (OT) (Ours)",0.9655,7.56294306575376,0,"Student-t",47,0.4
"SCP",0.99,11.58773186207,0,"Student-t",47,0.5
"RSA-CP (OT) (Ours)",0.969,8.01602557427234,0,"Student-t",47,0.5
"SCP",0.856,5.65874432143495,0,"LogNormal",48,0
"RSA-CP (OT) (Ours)",0.837,5.35020391438525,0,"LogNormal",48,0
"SCP",0.856,5.65874432143495,0,"LogNormal",48,0.1
"RSA-CP (OT) (Ours)",0.838,5.35444618126369,0,"LogNormal",48,0.1
"SCP",0.856,5.65874432143495,0,"LogNormal",48,0.2
"RSA-CP (OT) (Ours)",0.815,5.08383350893553,0,"LogNormal",48,0.2
"SCP",0.856,5.65874432143495,0,"LogNormal",48,0.3
"RSA-CP (OT) (Ours)",0.8265,5.20996674929614,0,"LogNormal",48,0.3
"SCP",0.856,5.65874432143495,0,"LogNormal",48,0.4
"RSA-CP (OT) (Ours)",0.7925,4.83389511195778,0,"LogNormal",48,0.4
"SCP",0.856,5.65874432143495,0,"LogNormal",48,0.5
"RSA-CP (OT) (Ours)",0.7945,4.84845396193369,0,"LogNormal",48,0.5
"SCP",0.9345,5.60701799792507,0,"Student-t",48,0
"RSA-CP (OT) (Ours)",0.8665,4.10819704993403,0.00999999999999091,"Student-t",48,0
"SCP",0.9345,5.60701799792507,0,"Student-t",48,0.1
"RSA-CP (OT) (Ours)",0.8285,3.51402884522216,0,"Student-t",48,0.1
"SCP",0.9345,5.60701799792507,0,"Student-t",48,0.2
"RSA-CP (OT) (Ours)",0.8365,3.59981239591973,0,"Student-t",48,0.2
"SCP",0.9345,5.60701799792507,0,"Student-t",48,0.3
"RSA-CP (OT) (Ours)",0.848,3.78978179319421,0.0200000000000102,"Student-t",48,0.3
"SCP",0.9345,5.60701799792507,0,"Student-t",48,0.4
"RSA-CP (OT) (Ours)",0.851,3.86975824743659,0,"Student-t",48,0.4
"SCP",0.9345,5.60701799792507,0,"Student-t",48,0.5
"RSA-CP (OT) (Ours)",0.8495,3.81703415604298,0,"Student-t",48,0.5
"SCP",0.997,17.3110599596172,0,"LogNormal",49,0
"RSA-CP (OT) (Ours)",0.9845,12.1625239667813,0,"LogNormal",49,0
"SCP",0.997,17.3110599596172,0,"LogNormal",49,0.1
"RSA-CP (OT) (Ours)",0.9845,12.2344427782144,0,"LogNormal",49,0.1
"SCP",0.997,17.3110599596172,0,"LogNormal",49,0.2
"RSA-CP (OT) (Ours)",0.9825,11.8214977329686,0.0200000000000102,"LogNormal",49,0.2
"SCP",0.997,17.3110599596172,0,"LogNormal",49,0.3
"RSA-CP (OT) (Ours)",0.9825,11.7397503607209,0,"LogNormal",49,0.3
"SCP",0.997,17.3110599596172,0,"LogNormal",49,0.4
"RSA-CP (OT) (Ours)",0.9825,11.8828876278677,0,"LogNormal",49,0.4
"SCP",0.997,17.3110599596172,0,"LogNormal",49,0.5
"RSA-CP (OT) (Ours)",0.9825,11.7984402775571,0,"LogNormal",49,0.5
"SCP",0.965,7.54628502118939,0,"Student-t",49,0
"RSA-CP (OT) (Ours)",0.9355,5.62878475102162,0,"Student-t",49,0
"SCP",0.965,7.54628502118939,0,"Student-t",49,0.1
"RSA-CP (OT) (Ours)",0.94,5.90427144329271,0,"Student-t",49,0.1
"SCP",0.965,7.54628502118939,0,"Student-t",49,0.2
"RSA-CP (OT) (Ours)",0.9315,5.49173299475095,0,"Student-t",49,0.2
"SCP",0.965,7.54628502118939,0,"Student-t",49,0.3
"RSA-CP (OT) (Ours)",0.9365,5.72756459906801,0.0200000000000102,"Student-t",49,0.3
"SCP",0.965,7.54628502118939,0,"Student-t",49,0.4
"RSA-CP (OT) (Ours)",0.928,5.34605187754474,0,"Student-t",49,0.4
"SCP",0.965,7.54628502118939,0,"Student-t",49,0.5
"RSA-CP (OT) (Ours)",0.928,5.37172944624471,0,"Student-t",49,0.5
"SCP",0.978,10.6536524349775,0,"LogNormal",50,0
"RSA-CP (OT) (Ours)",0.9465,8.28358189394098,0,"LogNormal",50,0
"SCP",0.978,10.6536524349775,0,"LogNormal",50,0.1
"RSA-CP (OT) (Ours)",0.9555,8.54158540748667,0,"LogNormal",50,0.1
"SCP",0.978,10.6536524349775,0,"LogNormal",50,0.2
"RSA-CP (OT) (Ours)",0.945,8.17171052328925,0,"LogNormal",50,0.2
"SCP",0.978,10.6536524349775,0,"LogNormal",50,0.3
"RSA-CP (OT) (Ours)",0.945,8.15464687355849,0,"LogNormal",50,0.3
"SCP",0.978,10.6536524349775,0,"LogNormal",50,0.4
"RSA-CP (OT) (Ours)",0.939,7.84382880693263,0,"LogNormal",50,0.4
"SCP",0.978,10.6536524349775,0,"LogNormal",50,0.5
"RSA-CP (OT) (Ours)",0.945,8.18089760786092,0.0199999999999818,"LogNormal",50,0.5
"SCP",0.923,5.19905410016144,0,"Student-t",50,0
"RSA-CP (OT) (Ours)",0.9015,4.73898691077186,0,"Student-t",50,0
"SCP",0.923,5.19905410016144,0,"Student-t",50,0.1
"RSA-CP (OT) (Ours)",0.8995,4.70519529343412,0,"Student-t",50,0.1
"SCP",0.923,5.19905410016144,0,"Student-t",50,0.2
"RSA-CP (OT) (Ours)",0.8915,4.53461763539649,0.0100000000000193,"Student-t",50,0.2
"SCP",0.923,5.19905410016144,0,"Student-t",50,0.3
"RSA-CP (OT) (Ours)",0.9,4.70898441072306,0,"Student-t",50,0.3
"SCP",0.923,5.19905410016144,0,"Student-t",50,0.4
"RSA-CP (OT) (Ours)",0.894,4.57836866159426,0,"Student-t",50,0.4
"SCP",0.923,5.19905410016144,0,"Student-t",50,0.5
"RSA-CP (OT) (Ours)",0.9,4.70771355877028,0.0199999999999818,"Student-t",50,0.5
"SCP",0.998,18.2363972979599,0,"LogNormal",51,0
"RSA-CP (OT) (Ours)",0.988,13.2206457477656,0,"LogNormal",51,0
"SCP",0.998,18.2363972979599,0,"LogNormal",51,0.1
"RSA-CP (OT) (Ours)",0.989,13.4426520737901,0.0100000000000193,"LogNormal",51,0.1
"SCP",0.998,18.2363972979599,0,"LogNormal",51,0.2
"RSA-CP (OT) (Ours)",0.989,13.4983493691131,0,"LogNormal",51,0.2
"SCP",0.998,18.2363972979599,0,"LogNormal",51,0.3
"RSA-CP (OT) (Ours)",0.986,12.6236851953618,0,"LogNormal",51,0.3
"SCP",0.998,18.2363972979599,0,"LogNormal",51,0.4
"RSA-CP (OT) (Ours)",0.9865,12.7695571506225,0.0199999999999818,"LogNormal",51,0.4
"SCP",0.998,18.2363972979599,0,"LogNormal",51,0.5
"RSA-CP (OT) (Ours)",0.9865,12.8238338303367,0,"LogNormal",51,0.5
"SCP",0.9865,10.2893067261865,0,"Student-t",51,0
"RSA-CP (OT) (Ours)",0.9575,6.95873475199284,0,"Student-t",51,0
"SCP",0.9865,10.2893067261865,0,"Student-t",51,0.1
"RSA-CP (OT) (Ours)",0.9585,7.16468694180298,0,"Student-t",51,0.1
"SCP",0.9865,10.2893067261865,0,"Student-t",51,0.2
"RSA-CP (OT) (Ours)",0.9575,6.88701212421611,0.0100000000000193,"Student-t",51,0.2
"SCP",0.9865,10.2893067261865,0,"Student-t",51,0.3
"RSA-CP (OT) (Ours)",0.946,6.27288109258629,0,"Student-t",51,0.3
"SCP",0.9865,10.2893067261865,0,"Student-t",51,0.4
"RSA-CP (OT) (Ours)",0.934,5.59679881380323,0,"Student-t",51,0.4
"SCP",0.9865,10.2893067261865,0,"Student-t",51,0.5
"RSA-CP (OT) (Ours)",0.9495,6.38183919098257,0,"Student-t",51,0.5
"SCP",0.998,20.08855627126,0,"LogNormal",52,0
"RSA-CP (OT) (Ours)",0.991,13.8262654528032,0,"LogNormal",52,0
"SCP",0.998,20.08855627126,0,"LogNormal",52,0.1
"RSA-CP (OT) (Ours)",0.995,15.0846507692713,0.0200000000000102,"LogNormal",52,0.1
"SCP",0.998,20.08855627126,0,"LogNormal",52,0.2
"RSA-CP (OT) (Ours)",0.9925,14.0577247319658,0,"LogNormal",52,0.2
"SCP",0.998,20.08855627126,0,"LogNormal",52,0.3
"RSA-CP (OT) (Ours)",0.9935,14.2978836954303,0,"LogNormal",52,0.3
"SCP",0.998,20.08855627126,0,"LogNormal",52,0.4
"RSA-CP (OT) (Ours)",0.9915,13.8939275248325,0.00999999999999091,"LogNormal",52,0.4
"SCP",0.998,20.08855627126,0,"LogNormal",52,0.5
"RSA-CP (OT) (Ours)",0.9925,14.1344430184387,0,"LogNormal",52,0.5
"SCP",0.8405,3.65835411754871,0,"Student-t",52,0
"RSA-CP (OT) (Ours)",0.828,3.5075247172528,0,"Student-t",52,0
"SCP",0.8405,3.65835411754871,0,"Student-t",52,0.1
"RSA-CP (OT) (Ours)",0.7735,3.01839293503275,0,"Student-t",52,0.1
"SCP",0.8405,3.65835411754871,0,"Student-t",52,0.2
"RSA-CP (OT) (Ours)",0.798,3.25427453064814,0,"Student-t",52,0.2
"SCP",0.8405,3.65835411754871,0,"Student-t",52,0.3
"RSA-CP (OT) (Ours)",0.8205,3.42755048784248,0,"Student-t",52,0.3
"SCP",0.8405,3.65835411754871,0,"Student-t",52,0.4
"RSA-CP (OT) (Ours)",0.802,3.28235693268401,0,"Student-t",52,0.4
"SCP",0.8405,3.65835411754871,0,"Student-t",52,0.5
"RSA-CP (OT) (Ours)",0.8165,3.39617374047368,0.00999999999999091,"Student-t",52,0.5
"SCP",0.9705,9.5488408308709,0,"LogNormal",53,0
"RSA-CP (OT) (Ours)",0.9475,8.32365718665442,0.0200000000000102,"LogNormal",53,0
"SCP",0.9705,9.5488408308709,0,"LogNormal",53,0.1
"RSA-CP (OT) (Ours)",0.9475,8.29882385158135,0,"LogNormal",53,0.1
"SCP",0.9705,9.5488408308709,0,"LogNormal",53,0.2
"RSA-CP (OT) (Ours)",0.944,8.0316235343738,0,"LogNormal",53,0.2
"SCP",0.9705,9.5488408308709,0,"LogNormal",53,0.3
"RSA-CP (OT) (Ours)",0.945,8.19238895989594,0,"LogNormal",53,0.3
"SCP",0.9705,9.5488408308709,0,"LogNormal",53,0.4
"RSA-CP (OT) (Ours)",0.943,7.95172603794058,0.00999999999999091,"LogNormal",53,0.4
"SCP",0.9705,9.5488408308709,0,"LogNormal",53,0.5
"RSA-CP (OT) (Ours)",0.936,7.7244931129611,0,"LogNormal",53,0.5
"SCP",0.9205,5.14348495584593,0,"Student-t",53,0
"RSA-CP (OT) (Ours)",0.8965,4.63557386553868,0,"Student-t",53,0
"SCP",0.9205,5.14348495584593,0,"Student-t",53,0.1
"RSA-CP (OT) (Ours)",0.8935,4.55324209677948,0.0200000000000102,"Student-t",53,0.1
"SCP",0.9205,5.14348495584593,0,"Student-t",53,0.2
"RSA-CP (OT) (Ours)",0.895,4.61514957726571,0,"Student-t",53,0.2
"SCP",0.9205,5.14348495584593,0,"Student-t",53,0.3
"RSA-CP (OT) (Ours)",0.898,4.67769866859376,0,"Student-t",53,0.3
"SCP",0.9205,5.14348495584593,0,"Student-t",53,0.4
"RSA-CP (OT) (Ours)",0.8895,4.49908714572821,0,"Student-t",53,0.4
"SCP",0.9205,5.14348495584593,0,"Student-t",53,0.5
"RSA-CP (OT) (Ours)",0.895,4.61487798662282,0,"Student-t",53,0.5
"SCP",0.9135,6.89163463627146,0,"LogNormal",54,0
"RSA-CP (OT) (Ours)",0.911,6.80481674218244,0.0200000000000102,"LogNormal",54,0
"SCP",0.9135,6.89163463627146,0,"LogNormal",54,0.1
"RSA-CP (OT) (Ours)",0.906,6.67401126339338,0,"LogNormal",54,0.1
"SCP",0.9135,6.89163463627146,0,"LogNormal",54,0.2
"RSA-CP (OT) (Ours)",0.8985,6.48615945360326,0,"LogNormal",54,0.2
"SCP",0.9135,6.89163463627146,0,"LogNormal",54,0.3
"RSA-CP (OT) (Ours)",0.9055,6.65147693404482,0.0199999999999818,"LogNormal",54,0.3
"SCP",0.9135,6.89163463627146,0,"LogNormal",54,0.4
"RSA-CP (OT) (Ours)",0.904,6.6352792351404,0,"LogNormal",54,0.4
"SCP",0.9135,6.89163463627146,0,"LogNormal",54,0.5
"RSA-CP (OT) (Ours)",0.8945,6.43040879808252,0,"LogNormal",54,0.5
"SCP",0.932,5.52889413825377,0,"Student-t",54,0
"RSA-CP (OT) (Ours)",0.8885,4.4861284080018,0,"Student-t",54,0
"SCP",0.932,5.52889413825377,0,"Student-t",54,0.1
"RSA-CP (OT) (Ours)",0.884,4.40683390363215,0.0100000000000193,"Student-t",54,0.1
"SCP",0.932,5.52889413825377,0,"Student-t",54,0.2
"RSA-CP (OT) (Ours)",0.884,4.41129542387605,0,"Student-t",54,0.2
"SCP",0.932,5.52889413825377,0,"Student-t",54,0.3
"RSA-CP (OT) (Ours)",0.881,4.32763808406458,0,"Student-t",54,0.3
"SCP",0.932,5.52889413825377,0,"Student-t",54,0.4
"RSA-CP (OT) (Ours)",0.8825,4.35427921844228,0.0199999999999818,"Student-t",54,0.4
"SCP",0.932,5.52889413825377,0,"Student-t",54,0.5
"RSA-CP (OT) (Ours)",0.871,4.16836742867269,0,"Student-t",54,0.5
"SCP",0.9325,7.53200675307187,0,"LogNormal",55,0
"RSA-CP (OT) (Ours)",0.903,6.59276455402705,0,"LogNormal",55,0
"SCP",0.9325,7.53200675307187,0,"LogNormal",55,0.1
"RSA-CP (OT) (Ours)",0.9015,6.52428880863802,0,"LogNormal",55,0.1
"SCP",0.9325,7.53200675307187,0,"LogNormal",55,0.2
"RSA-CP (OT) (Ours)",0.891,6.34303836907801,0,"LogNormal",55,0.2
"SCP",0.9325,7.53200675307187,0,"LogNormal",55,0.3
"RSA-CP (OT) (Ours)",0.892,6.37458023090097,0,"LogNormal",55,0.3
"SCP",0.9325,7.53200675307187,0,"LogNormal",55,0.4
"RSA-CP (OT) (Ours)",0.874,6.02852642026873,0,"LogNormal",55,0.4
"SCP",0.9325,7.53200675307187,0,"LogNormal",55,0.5
"RSA-CP (OT) (Ours)",0.8665,5.93301867838585,0,"LogNormal",55,0.5
"SCP",0.979,8.93867193708008,0,"Student-t",55,0
"RSA-CP (OT) (Ours)",0.969,8.02867300485919,0.0100000000000193,"Student-t",55,0
"SCP",0.979,8.93867193708008,0,"Student-t",55,0.1
"RSA-CP (OT) (Ours)",0.969,7.97301309926595,0,"Student-t",55,0.1
"SCP",0.979,8.93867193708008,0,"Student-t",55,0.2
"RSA-CP (OT) (Ours)",0.969,7.97736672588064,0,"Student-t",55,0.2
"SCP",0.979,8.93867193708008,0,"Student-t",55,0.3
"RSA-CP (OT) (Ours)",0.971,8.07946249679167,0.0199999999999818,"Student-t",55,0.3
"SCP",0.979,8.93867193708008,0,"Student-t",55,0.4
"RSA-CP (OT) (Ours)",0.966,7.70373491390026,0,"Student-t",55,0.4
"SCP",0.979,8.93867193708008,0,"Student-t",55,0.5
"RSA-CP (OT) (Ours)",0.968,7.89770397384431,0,"Student-t",55,0.5
"SCP",0.9705,9.55519759685391,0,"LogNormal",56,0
"RSA-CP (OT) (Ours)",0.966,9.23079657009114,0,"LogNormal",56,0
"SCP",0.9705,9.55519759685391,0,"LogNormal",56,0.1
"RSA-CP (OT) (Ours)",0.956,8.55649590507677,0,"LogNormal",56,0.1
"SCP",0.9705,9.55519759685391,0,"LogNormal",56,0.2
"RSA-CP (OT) (Ours)",0.9655,9.16383425323316,0.00999999999999091,"LogNormal",56,0.2
"SCP",0.9705,9.55519759685391,0,"LogNormal",56,0.3
"RSA-CP (OT) (Ours)",0.966,9.21704394619858,0,"LogNormal",56,0.3
"SCP",0.9705,9.55519759685391,0,"LogNormal",56,0.4
"RSA-CP (OT) (Ours)",0.9495,8.38824812535847,0,"LogNormal",56,0.4
"SCP",0.9705,9.55519759685391,0,"LogNormal",56,0.5
"RSA-CP (OT) (Ours)",0.959,8.85135510414365,0,"LogNormal",56,0.5
"SCP",0.932,5.56319319940584,0,"Student-t",56,0
"RSA-CP (OT) (Ours)",0.9205,5.1262980850186,0,"Student-t",56,0
"SCP",0.932,5.56319319940584,0,"Student-t",56,0.1
"RSA-CP (OT) (Ours)",0.9125,4.98825174795983,0,"Student-t",56,0.1
"SCP",0.932,5.56319319940584,0,"Student-t",56,0.2
"RSA-CP (OT) (Ours)",0.9155,5.02333958569986,0,"Student-t",56,0.2
"SCP",0.932,5.56319319940584,0,"Student-t",56,0.3
"RSA-CP (OT) (Ours)",0.8315,3.55915705723656,0,"Student-t",56,0.3
"SCP",0.932,5.56319319940584,0,"Student-t",56,0.4
"RSA-CP (OT) (Ours)",0.913,4.99470076690719,0,"Student-t",56,0.4
"SCP",0.932,5.56319319940584,0,"Student-t",56,0.5
"RSA-CP (OT) (Ours)",0.9155,5.0141907345347,0,"Student-t",56,0.5
"SCP",0.9565,8.63027029530359,0,"LogNormal",57,0
"RSA-CP (OT) (Ours)",0.8935,6.41087694836539,0,"LogNormal",57,0
"SCP",0.9565,8.63027029530359,0,"LogNormal",57,0.1
"RSA-CP (OT) (Ours)",0.9035,6.603025945148,0,"LogNormal",57,0.1
"SCP",0.9565,8.63027029530359,0,"LogNormal",57,0.2
"RSA-CP (OT) (Ours)",0.8735,6.02525598456803,0.00999999999999091,"LogNormal",57,0.2
"SCP",0.9565,8.63027029530359,0,"LogNormal",57,0.3
"RSA-CP (OT) (Ours)",0.8585,5.74507458688702,0,"LogNormal",57,0.3
"SCP",0.9565,8.63027029530359,0,"LogNormal",57,0.4
"RSA-CP (OT) (Ours)",0.8705,5.97938336186904,0,"LogNormal",57,0.4
"SCP",0.9565,8.63027029530359,0,"LogNormal",57,0.5
"RSA-CP (OT) (Ours)",0.892,6.39983461494524,0.0200000000000102,"LogNormal",57,0.5
"SCP",0.9205,5.15008255635905,0,"Student-t",57,0
"RSA-CP (OT) (Ours)",0.9155,5.04226002882847,0,"Student-t",57,0
"SCP",0.9205,5.15008255635905,0,"Student-t",57,0.1
"RSA-CP (OT) (Ours)",0.9155,5.04118956307624,0,"Student-t",57,0.1
"SCP",0.9205,5.15008255635905,0,"Student-t",57,0.2
"RSA-CP (OT) (Ours)",0.9115,4.95510419553496,0,"Student-t",57,0.2
"SCP",0.9205,5.15008255635905,0,"Student-t",57,0.3
"RSA-CP (OT) (Ours)",0.905,4.85367983243255,0,"Student-t",57,0.3
"SCP",0.9205,5.15008255635905,0,"Student-t",57,0.4
"RSA-CP (OT) (Ours)",0.9015,4.77064836995187,0,"Student-t",57,0.4
"SCP",0.9205,5.15008255635905,0,"Student-t",57,0.5
"RSA-CP (OT) (Ours)",0.905,4.85022890072756,0,"Student-t",57,0.5
"SCP",0.9725,9.72326094259519,0,"LogNormal",58,0
"RSA-CP (OT) (Ours)",0.9375,7.77562985462023,0,"LogNormal",58,0
"SCP",0.9725,9.72326094259519,0,"LogNormal",58,0.1
"RSA-CP (OT) (Ours)",0.935,7.64643862731082,0,"LogNormal",58,0.1
"SCP",0.9725,9.72326094259519,0,"LogNormal",58,0.2
"RSA-CP (OT) (Ours)",0.9375,7.783427598301,0,"LogNormal",58,0.2
"SCP",0.9725,9.72326094259519,0,"LogNormal",58,0.3
"RSA-CP (OT) (Ours)",0.9305,7.44437195351623,0,"LogNormal",58,0.3
"SCP",0.9725,9.72326094259519,0,"LogNormal",58,0.4
"RSA-CP (OT) (Ours)",0.9385,7.80941624050661,0,"LogNormal",58,0.4
"SCP",0.9725,9.72326094259519,0,"LogNormal",58,0.5
"RSA-CP (OT) (Ours)",0.938,7.79914162555963,0.0100000000000193,"LogNormal",58,0.5
"SCP",0.9445,6.17730219895544,0,"Student-t",58,0
"RSA-CP (OT) (Ours)",0.9435,6.08171655779899,0,"Student-t",58,0
"SCP",0.9445,6.17730219895544,0,"Student-t",58,0.1
"RSA-CP (OT) (Ours)",0.9435,6.11143081103104,0,"Student-t",58,0.1
"SCP",0.9445,6.17730219895544,0,"Student-t",58,0.2
"RSA-CP (OT) (Ours)",0.943,6.04092257243905,0.0199999999999818,"Student-t",58,0.2
"SCP",0.9445,6.17730219895544,0,"Student-t",58,0.3
"RSA-CP (OT) (Ours)",0.938,5.8178177880064,0,"Student-t",58,0.3
"SCP",0.9445,6.17730219895544,0,"Student-t",58,0.4
"RSA-CP (OT) (Ours)",0.9365,5.70790482581899,0,"Student-t",58,0.4
"SCP",0.9445,6.17730219895544,0,"Student-t",58,0.5
"RSA-CP (OT) (Ours)",0.938,5.80732126555816,0,"Student-t",58,0.5
"SCP",0.995,15.6204146209511,0,"LogNormal",59,0
"RSA-CP (OT) (Ours)",0.9725,9.73775975016663,0,"LogNormal",59,0
"SCP",0.995,15.6204146209511,0,"LogNormal",59,0.1
"RSA-CP (OT) (Ours)",0.9665,9.26485536889182,0.0199999999999818,"LogNormal",59,0.1
"SCP",0.995,15.6204146209511,0,"LogNormal",59,0.2
"RSA-CP (OT) (Ours)",0.968,9.37580080202591,0,"LogNormal",59,0.2
"SCP",0.995,15.6204146209511,0,"LogNormal",59,0.3
"RSA-CP (OT) (Ours)",0.9725,9.72998088567712,0,"LogNormal",59,0.3
"SCP",0.995,15.6204146209511,0,"LogNormal",59,0.4
"RSA-CP (OT) (Ours)",0.9665,9.31937472462985,0,"LogNormal",59,0.4
"SCP",0.995,15.6204146209511,0,"LogNormal",59,0.5
"RSA-CP (OT) (Ours)",0.966,9.24645994662475,0.0100000000000193,"LogNormal",59,0.5
"SCP",0.94,5.91708895711553,0,"Student-t",59,0
"RSA-CP (OT) (Ours)",0.8695,4.15980197081615,0,"Student-t",59,0
"SCP",0.94,5.91708895711553,0,"Student-t",59,0.1
"RSA-CP (OT) (Ours)",0.854,3.92131064162382,0.0199999999999818,"Student-t",59,0.1
"SCP",0.94,5.91708895711553,0,"Student-t",59,0.2
"RSA-CP (OT) (Ours)",0.886,4.42946082603022,0,"Student-t",59,0.2
"SCP",0.94,5.91708895711553,0,"Student-t",59,0.3
"RSA-CP (OT) (Ours)",0.874,4.21974381395816,0,"Student-t",59,0.3
"SCP",0.94,5.91708895711553,0,"Student-t",59,0.4
"RSA-CP (OT) (Ours)",0.849,3.8078240909365,0,"Student-t",59,0.4
"SCP",0.94,5.91708895711553,0,"Student-t",59,0.5
"RSA-CP (OT) (Ours)",0.831,3.55495420509698,0.0200000000000102,"Student-t",59,0.5
"SCP",0.998,19.521097071048,0,"LogNormal",60,0
"RSA-CP (OT) (Ours)",0.991,13.8747196979004,0,"LogNormal",60,0
"SCP",0.998,19.521097071048,0,"LogNormal",60,0.1
"RSA-CP (OT) (Ours)",0.991,13.8219430740006,0,"LogNormal",60,0.1
"SCP",0.998,19.521097071048,0,"LogNormal",60,0.2
"RSA-CP (OT) (Ours)",0.9865,12.8492076305484,0,"LogNormal",60,0.2
"SCP",0.998,19.521097071048,0,"LogNormal",60,0.3
"RSA-CP (OT) (Ours)",0.987,12.9217320276611,0,"LogNormal",60,0.3
"SCP",0.998,19.521097071048,0,"LogNormal",60,0.4
"RSA-CP (OT) (Ours)",0.9875,12.9732293513876,0,"LogNormal",60,0.4
"SCP",0.998,19.521097071048,0,"LogNormal",60,0.5
"RSA-CP (OT) (Ours)",0.9855,12.3705265275751,0,"LogNormal",60,0.5
"SCP",0.9435,6.09897581469587,0,"Student-t",60,0
"RSA-CP (OT) (Ours)",0.9285,5.39258273440116,0,"Student-t",60,0
"SCP",0.9435,6.09897581469587,0,"Student-t",60,0.1
"RSA-CP (OT) (Ours)",0.929,5.40648062139154,0.00999999999999091,"Student-t",60,0.1
"SCP",0.9435,6.09897581469587,0,"Student-t",60,0.2
"RSA-CP (OT) (Ours)",0.9255,5.30039641727315,0,"Student-t",60,0.2
"SCP",0.9435,6.09897581469587,0,"Student-t",60,0.3
"RSA-CP (OT) (Ours)",0.9205,5.15815212173787,0,"Student-t",60,0.3
"SCP",0.9435,6.09897581469587,0,"Student-t",60,0.4
"RSA-CP (OT) (Ours)",0.93,5.42450399796456,0.0200000000000102,"Student-t",60,0.4
"SCP",0.9435,6.09897581469587,0,"Student-t",60,0.5
"RSA-CP (OT) (Ours)",0.928,5.34000868456377,0,"Student-t",60,0.5
"SCP",0.999,24.3412442836342,0,"LogNormal",61,0
"RSA-CP (OT) (Ours)",0.977,10.5401403792922,0,"LogNormal",61,0
"SCP",0.999,24.3412442836342,0,"LogNormal",61,0.1
"RSA-CP (OT) (Ours)",0.9825,11.8779175457791,0,"LogNormal",61,0.1
"SCP",0.999,24.3412442836342,0,"LogNormal",61,0.2
"RSA-CP (OT) (Ours)",0.9815,11.5419670868043,0,"LogNormal",61,0.2
"SCP",0.999,24.3412442836342,0,"LogNormal",61,0.3
"RSA-CP (OT) (Ours)",0.9795,10.8614190392924,0,"LogNormal",61,0.3
"SCP",0.999,24.3412442836342,0,"LogNormal",61,0.4
"RSA-CP (OT) (Ours)",0.9835,12.0570962784218,0,"LogNormal",61,0.4
"SCP",0.999,24.3412442836342,0,"LogNormal",61,0.5
"RSA-CP (OT) (Ours)",0.9795,11.0903853788345,0.00999999999999091,"LogNormal",61,0.5
"SCP",0.954,6.70945263577547,0,"Student-t",61,0
"RSA-CP (OT) (Ours)",0.9205,5.1299639192767,0,"Student-t",61,0
"SCP",0.954,6.70945263577547,0,"Student-t",61,0.1
"RSA-CP (OT) (Ours)",0.923,5.23663352157979,0,"Student-t",61,0.1
"SCP",0.954,6.70945263577547,0,"Student-t",61,0.2
"RSA-CP (OT) (Ours)",0.9205,5.12582526696649,0.0200000000000102,"Student-t",61,0.2
"SCP",0.954,6.70945263577547,0,"Student-t",61,0.3
"RSA-CP (OT) (Ours)",0.9175,5.06513040667793,0,"Student-t",61,0.3
"SCP",0.954,6.70945263577547,0,"Student-t",61,0.4
"RSA-CP (OT) (Ours)",0.9175,5.06619325494803,0,"Student-t",61,0.4
"SCP",0.954,6.70945263577547,0,"Student-t",61,0.5
"RSA-CP (OT) (Ours)",0.897,4.64888771687079,0.0199999999999818,"Student-t",61,0.5
"SCP",0.976,10.3078486512235,0,"LogNormal",62,0
"RSA-CP (OT) (Ours)",0.9355,7.6835593742526,0,"LogNormal",62,0
"SCP",0.976,10.3078486512235,0,"LogNormal",62,0.1
"RSA-CP (OT) (Ours)",0.9445,8.05238496900979,0,"LogNormal",62,0.1
"SCP",0.976,10.3078486512235,0,"LogNormal",62,0.2
"RSA-CP (OT) (Ours)",0.935,7.65358858508785,0.0100000000000193,"LogNormal",62,0.2
"SCP",0.976,10.3078486512235,0,"LogNormal",62,0.3
"RSA-CP (OT) (Ours)",0.935,7.62710945031377,0,"LogNormal",62,0.3
"SCP",0.976,10.3078486512235,0,"LogNormal",62,0.4
"RSA-CP (OT) (Ours)",0.9355,7.67729380361314,0,"LogNormal",62,0.4
"SCP",0.976,10.3078486512235,0,"LogNormal",62,0.5
"RSA-CP (OT) (Ours)",0.935,7.64419615433781,0.0199999999999818,"LogNormal",62,0.5
"SCP",0.8505,3.82510387051212,0,"Student-t",62,0
"RSA-CP (OT) (Ours)",0.7015,2.50186007856094,0,"Student-t",62,0
"SCP",0.8505,3.82510387051212,0,"Student-t",62,0.1
"RSA-CP (OT) (Ours)",0.73,2.7001184341819,0,"Student-t",62,0.1
"SCP",0.8505,3.82510387051212,0,"Student-t",62,0.2
"RSA-CP (OT) (Ours)",0.713,2.58084674986154,0,"Student-t",62,0.2
"SCP",0.8505,3.82510387051212,0,"Student-t",62,0.3
"RSA-CP (OT) (Ours)",0.713,2.58210755909879,0,"Student-t",62,0.3
"SCP",0.8505,3.82510387051212,0,"Student-t",62,0.4
"RSA-CP (OT) (Ours)",0.641,2.16084747739231,0,"Student-t",62,0.4
"SCP",0.8505,3.82510387051212,0,"Student-t",62,0.5
"RSA-CP (OT) (Ours)",0.683,2.38382146357264,0.0199999999999818,"Student-t",62,0.5
"SCP",0.986,12.5372848390094,0,"LogNormal",63,0
"RSA-CP (OT) (Ours)",0.964,9.10905282306332,0,"LogNormal",63,0
"SCP",0.986,12.5372848390094,0,"LogNormal",63,0.1
"RSA-CP (OT) (Ours)",0.966,9.2186003835169,0.0100000000000193,"LogNormal",63,0.1
"SCP",0.986,12.5372848390094,0,"LogNormal",63,0.2
"RSA-CP (OT) (Ours)",0.9665,9.2960268461017,0,"LogNormal",63,0.2
"SCP",0.986,12.5372848390094,0,"LogNormal",63,0.3
"RSA-CP (OT) (Ours)",0.964,9.04294305812638,0,"LogNormal",63,0.3
"SCP",0.986,12.5372848390094,0,"LogNormal",63,0.4
"RSA-CP (OT) (Ours)",0.9645,9.13828617482237,0.0199999999999818,"LogNormal",63,0.4
"SCP",0.986,12.5372848390094,0,"LogNormal",63,0.5
"RSA-CP (OT) (Ours)",0.964,9.10390761373458,0,"LogNormal",63,0.5
"SCP",0.9435,6.07933513556995,0,"Student-t",63,0
"RSA-CP (OT) (Ours)",0.9095,4.93515548970069,0,"Student-t",63,0
"SCP",0.9435,6.07933513556995,0,"Student-t",63,0.1
"RSA-CP (OT) (Ours)",0.9015,4.75995569254179,0.0200000000000102,"Student-t",63,0.1
"SCP",0.9435,6.07933513556995,0,"Student-t",63,0.2
"RSA-CP (OT) (Ours)",0.9075,4.89979486276361,0,"Student-t",63,0.2
"SCP",0.9435,6.07933513556995,0,"Student-t",63,0.3
"RSA-CP (OT) (Ours)",0.8865,4.43238286617331,0,"Student-t",63,0.3
"SCP",0.9435,6.07933513556995,0,"Student-t",63,0.4
"RSA-CP (OT) (Ours)",0.897,4.65024090087077,0,"Student-t",63,0.4
"SCP",0.9435,6.07933513556995,0,"Student-t",63,0.5
"RSA-CP (OT) (Ours)",0.9115,4.96742481838866,0.00999999999999091,"Student-t",63,0.5
"SCP",0.977,10.5427317126809,0,"LogNormal",64,0
"RSA-CP (OT) (Ours)",0.9455,8.22463306136469,0.0200000000000102,"LogNormal",64,0
"SCP",0.977,10.5427317126809,0,"LogNormal",64,0.1
"RSA-CP (OT) (Ours)",0.9475,8.29791871433287,0,"LogNormal",64,0.1
"SCP",0.977,10.5427317126809,0,"LogNormal",64,0.2
"RSA-CP (OT) (Ours)",0.943,7.92155539013923,0,"LogNormal",64,0.2
"SCP",0.977,10.5427317126809,0,"LogNormal",64,0.3
"RSA-CP (OT) (Ours)",0.943,7.96300312527897,0,"LogNormal",64,0.3
"SCP",0.977,10.5427317126809,0,"LogNormal",64,0.4
"RSA-CP (OT) (Ours)",0.9425,7.91375196951347,0,"LogNormal",64,0.4
"SCP",0.977,10.5427317126809,0,"LogNormal",64,0.5
"RSA-CP (OT) (Ours)",0.943,7.9930825946782,0,"LogNormal",64,0.5
"SCP",0.9345,5.61766024818617,0,"Student-t",64,0
"RSA-CP (OT) (Ours)",0.9245,5.28256648293146,0,"Student-t",64,0
"SCP",0.9345,5.61766024818617,0,"Student-t",64,0.1
"RSA-CP (OT) (Ours)",0.9245,5.29061686089502,0.0200000000000102,"Student-t",64,0.1
"SCP",0.9345,5.61766024818617,0,"Student-t",64,0.2
"RSA-CP (OT) (Ours)",0.9125,4.98285275889879,0,"Student-t",64,0.2
"SCP",0.9345,5.61766024818617,0,"Student-t",64,0.3
"RSA-CP (OT) (Ours)",0.926,5.31157616222356,0,"Student-t",64,0.3
"SCP",0.9345,5.61766024818617,0,"Student-t",64,0.4
"RSA-CP (OT) (Ours)",0.923,5.21545380721989,0.00999999999999091,"Student-t",64,0.4
"SCP",0.9345,5.61766024818617,0,"Student-t",64,0.5
"RSA-CP (OT) (Ours)",0.9195,5.11788010780698,0,"Student-t",64,0.5
"SCP",0.9235,7.2200161082892,0,"LogNormal",65,0
"RSA-CP (OT) (Ours)",0.834,5.31215812279769,0.0200000000000102,"LogNormal",65,0
"SCP",0.9235,7.2200161082892,0,"LogNormal",65,0.1
"RSA-CP (OT) (Ours)",0.8355,5.33134971875558,0,"LogNormal",65,0.1
"SCP",0.9235,7.2200161082892,0,"LogNormal",65,0.2
"RSA-CP (OT) (Ours)",0.827,5.21374552418379,0,"LogNormal",65,0.2
"SCP",0.9235,7.2200161082892,0,"LogNormal",65,0.3
"RSA-CP (OT) (Ours)",0.803,4.92772491728433,0,"LogNormal",65,0.3
"SCP",0.9235,7.2200161082892,0,"LogNormal",65,0.4
"RSA-CP (OT) (Ours)",0.786,4.75069854761364,0,"LogNormal",65,0.4
"SCP",0.9235,7.2200161082892,0,"LogNormal",65,0.5
"RSA-CP (OT) (Ours)",0.801,4.88978475931911,0,"LogNormal",65,0.5
"SCP",0.896,4.63462071623376,0,"Student-t",65,0
"RSA-CP (OT) (Ours)",0.773,3.01462202122955,0,"Student-t",65,0
"SCP",0.896,4.63462071623376,0,"Student-t",65,0.1
"RSA-CP (OT) (Ours)",0.803,3.28778067820591,0,"Student-t",65,0.1
"SCP",0.896,4.63462071623376,0,"Student-t",65,0.2
"RSA-CP (OT) (Ours)",0.772,3.00274543586781,0,"Student-t",65,0.2
"SCP",0.896,4.63462071623376,0,"Student-t",65,0.3
"RSA-CP (OT) (Ours)",0.752,2.84448288440237,0,"Student-t",65,0.3
"SCP",0.896,4.63462071623376,0,"Student-t",65,0.4
"RSA-CP (OT) (Ours)",0.7255,2.67444149761183,0.0199999999999818,"Student-t",65,0.4
"SCP",0.896,4.63462071623376,0,"Student-t",65,0.5
"RSA-CP (OT) (Ours)",0.772,2.99800689391142,0,"Student-t",65,0.5
"SCP",0.961,8.91220153825009,0,"LogNormal",66,0
"RSA-CP (OT) (Ours)",0.943,7.94032987882796,0.0100000000000193,"LogNormal",66,0
"SCP",0.961,8.91220153825009,0,"LogNormal",66,0.1
"RSA-CP (OT) (Ours)",0.9425,7.91555416953697,0,"LogNormal",66,0.1
"SCP",0.961,8.91220153825009,0,"LogNormal",66,0.2
"RSA-CP (OT) (Ours)",0.9435,8.02857087932394,0,"LogNormal",66,0.2
"SCP",0.961,8.91220153825009,0,"LogNormal",66,0.3
"RSA-CP (OT) (Ours)",0.9325,7.5335823804779,0.0199999999999818,"LogNormal",66,0.3
"SCP",0.961,8.91220153825009,0,"LogNormal",66,0.4
"RSA-CP (OT) (Ours)",0.943,8.00498195478329,0,"LogNormal",66,0.4
"SCP",0.961,8.91220153825009,0,"LogNormal",66,0.5
"RSA-CP (OT) (Ours)",0.9425,7.91200184925197,0,"LogNormal",66,0.5
"SCP",0.9435,6.08313680755801,0,"Student-t",66,0
"RSA-CP (OT) (Ours)",0.936,5.68231635130548,0.0100000000000193,"Student-t",66,0
"SCP",0.9435,6.08313680755801,0,"Student-t",66,0.1
"RSA-CP (OT) (Ours)",0.9175,5.08604563622286,0,"Student-t",66,0.1
"SCP",0.9435,6.08313680755801,0,"Student-t",66,0.2
"RSA-CP (OT) (Ours)",0.9345,5.60023855020907,0,"Student-t",66,0.2
"SCP",0.9435,6.08313680755801,0,"Student-t",66,0.3
"RSA-CP (OT) (Ours)",0.9365,5.69536093021598,0,"Student-t",66,0.3
"SCP",0.9435,6.08313680755801,0,"Student-t",66,0.4
"RSA-CP (OT) (Ours)",0.9365,5.73927263520816,0,"Student-t",66,0.4
"SCP",0.9435,6.08313680755801,0,"Student-t",66,0.5
"RSA-CP (OT) (Ours)",0.933,5.57792681577572,0,"Student-t",66,0.5
"SCP",0.8975,6.46990070455524,0,"LogNormal",67,0
"RSA-CP (OT) (Ours)",0.84,5.39561297211635,0,"LogNormal",67,0
"SCP",0.8975,6.46990070455524,0,"LogNormal",67,0.1
"RSA-CP (OT) (Ours)",0.803,4.91478166989542,0,"LogNormal",67,0.1
"SCP",0.8975,6.46990070455524,0,"LogNormal",67,0.2
"RSA-CP (OT) (Ours)",0.853,5.55817647177245,0.0199999999999818,"LogNormal",67,0.2
"SCP",0.8975,6.46990070455524,0,"LogNormal",67,0.3
"RSA-CP (OT) (Ours)",0.846,5.49967739297648,0,"LogNormal",67,0.3
"SCP",0.8975,6.46990070455524,0,"LogNormal",67,0.4
"RSA-CP (OT) (Ours)",0.8315,5.28040933793036,0,"LogNormal",67,0.4
"SCP",0.8975,6.46990070455524,0,"LogNormal",67,0.5
"RSA-CP (OT) (Ours)",0.768,4.50855129219616,0,"LogNormal",67,0.5
"SCP",0.9565,6.83215523929188,0,"Student-t",67,0
"RSA-CP (OT) (Ours)",0.94,5.91329704164258,0.0200000000000102,"Student-t",67,0
"SCP",0.9565,6.83215523929188,0,"Student-t",67,0.1
"RSA-CP (OT) (Ours)",0.9385,5.84239675791051,0,"Student-t",67,0.1
"SCP",0.9565,6.83215523929188,0,"Student-t",67,0.2
"RSA-CP (OT) (Ours)",0.94,5.89790161152336,0,"Student-t",67,0.2
"SCP",0.9565,6.83215523929188,0,"Student-t",67,0.3
"RSA-CP (OT) (Ours)",0.9405,5.91926624310241,0.00999999999999091,"Student-t",67,0.3
"SCP",0.9565,6.83215523929188,0,"Student-t",67,0.4
"RSA-CP (OT) (Ours)",0.9405,5.96308877489472,0,"Student-t",67,0.4
"SCP",0.9565,6.83215523929188,0,"Student-t",67,0.5
"RSA-CP (OT) (Ours)",0.9365,5.70273826115239,0,"Student-t",67,0.5
"SCP",0.9955,16.1792634781503,0,"LogNormal",68,0
"RSA-CP (OT) (Ours)",0.9935,14.6037544471682,0,"LogNormal",68,0
"SCP",0.9955,16.1792634781503,0,"LogNormal",68,0.1
"RSA-CP (OT) (Ours)",0.9925,14.0544145154924,0,"LogNormal",68,0.1
"SCP",0.9955,16.1792634781503,0,"LogNormal",68,0.2
"RSA-CP (OT) (Ours)",0.991,13.8570156653418,0,"LogNormal",68,0.2
"SCP",0.9955,16.1792634781503,0,"LogNormal",68,0.3
"RSA-CP (OT) (Ours)",0.991,13.8395869666919,0,"LogNormal",68,0.3
"SCP",0.9955,16.1792634781503,0,"LogNormal",68,0.4
"RSA-CP (OT) (Ours)",0.9925,14.0707291678114,0,"LogNormal",68,0.4
"SCP",0.9955,16.1792634781503,0,"LogNormal",68,0.5
"RSA-CP (OT) (Ours)",0.9925,14.1841381740878,0,"LogNormal",68,0.5
"SCP",0.957,6.84688836040177,0.0200000000000102,"Student-t",68,0
"RSA-CP (OT) (Ours)",0.904,4.83512868627891,0,"Student-t",68,0
"SCP",0.957,6.84688836040177,0.0200000000000102,"Student-t",68,0.1
"RSA-CP (OT) (Ours)",0.9215,5.16917045252319,0,"Student-t",68,0.1
"SCP",0.957,6.84688836040177,0.0200000000000102,"Student-t",68,0.2
"RSA-CP (OT) (Ours)",0.9015,4.75475341498036,0.00999999999999091,"Student-t",68,0.2
"SCP",0.957,6.84688836040177,0.0200000000000102,"Student-t",68,0.3
"RSA-CP (OT) (Ours)",0.901,4.72533830495973,0,"Student-t",68,0.3
"SCP",0.957,6.84688836040177,0.0200000000000102,"Student-t",68,0.4
"RSA-CP (OT) (Ours)",0.905,4.85455749446068,0,"Student-t",68,0.4
"SCP",0.957,6.84688836040177,0.0200000000000102,"Student-t",68,0.5
"RSA-CP (OT) (Ours)",0.885,4.4209172405321,0,"Student-t",68,0.5
"SCP",0.999,23.7604665627689,0,"LogNormal",69,0
"RSA-CP (OT) (Ours)",0.9765,10.4038740162249,0,"LogNormal",69,0
"SCP",0.999,23.7604665627689,0,"LogNormal",69,0.1
"RSA-CP (OT) (Ours)",0.975,10.1979134650886,0,"LogNormal",69,0.1
"SCP",0.999,23.7604665627689,0,"LogNormal",69,0.2
"RSA-CP (OT) (Ours)",0.983,12.0068063863594,0.00999999999999091,"LogNormal",69,0.2
"SCP",0.999,23.7604665627689,0,"LogNormal",69,0.3
"RSA-CP (OT) (Ours)",0.9725,9.7686178519651,0,"LogNormal",69,0.3
"SCP",0.999,23.7604665627689,0,"LogNormal",69,0.4
"RSA-CP (OT) (Ours)",0.9725,9.72660006351548,0,"LogNormal",69,0.4
"SCP",0.999,23.7604665627689,0,"LogNormal",69,0.5
"RSA-CP (OT) (Ours)",0.971,9.60544210193908,0.0200000000000102,"LogNormal",69,0.5
"SCP",0.942,6.01449265098697,0,"Student-t",69,0
"RSA-CP (OT) (Ours)",0.9385,5.85728347015606,0,"Student-t",69,0
"SCP",0.942,6.01449265098697,0,"Student-t",69,0.1
"RSA-CP (OT) (Ours)",0.9365,5.69599222038619,0,"Student-t",69,0.1
"SCP",0.942,6.01449265098697,0,"Student-t",69,0.2
"RSA-CP (OT) (Ours)",0.936,5.67017956184224,0.0199999999999818,"Student-t",69,0.2
"SCP",0.942,6.01449265098697,0,"Student-t",69,0.3
"RSA-CP (OT) (Ours)",0.937,5.78419000201917,0,"Student-t",69,0.3
"SCP",0.942,6.01449265098697,0,"Student-t",69,0.4
"RSA-CP (OT) (Ours)",0.9285,5.38620771596566,0,"Student-t",69,0.4
"SCP",0.942,6.01449265098697,0,"Student-t",69,0.5
"RSA-CP (OT) (Ours)",0.9355,5.6416074350121,0.0100000000000193,"Student-t",69,0.5
"SCP",0.956,8.581846001275,0,"LogNormal",70,0
"RSA-CP (OT) (Ours)",0.943,7.9366707148669,0,"LogNormal",70,0
"SCP",0.956,8.581846001275,0,"LogNormal",70,0.1
"RSA-CP (OT) (Ours)",0.935,7.65880719508262,0,"LogNormal",70,0.1
"SCP",0.956,8.581846001275,0,"LogNormal",70,0.2
"RSA-CP (OT) (Ours)",0.9355,7.69002961675481,0,"LogNormal",70,0.2
"SCP",0.956,8.581846001275,0,"LogNormal",70,0.3
"RSA-CP (OT) (Ours)",0.9365,7.74123210812077,0,"LogNormal",70,0.3
"SCP",0.956,8.581846001275,0,"LogNormal",70,0.4
"RSA-CP (OT) (Ours)",0.939,7.85324700825779,0,"LogNormal",70,0.4
"SCP",0.956,8.581846001275,0,"LogNormal",70,0.5
"RSA-CP (OT) (Ours)",0.934,7.6017020844014,0,"LogNormal",70,0.5
"SCP",0.997,20.6936701896207,0,"Student-t",70,0
"RSA-CP (OT) (Ours)",0.965,7.53741108555959,0,"Student-t",70,0
"SCP",0.997,20.6936701896207,0,"Student-t",70,0.1
"RSA-CP (OT) (Ours)",0.9815,9.63256318301361,0.0199999999999818,"Student-t",70,0.1
"SCP",0.997,20.6936701896207,0,"Student-t",70,0.2
"RSA-CP (OT) (Ours)",0.973,8.17305354949713,0,"Student-t",70,0.2
"SCP",0.997,20.6936701896207,0,"Student-t",70,0.3
"RSA-CP (OT) (Ours)",0.978,8.80154284289855,0,"Student-t",70,0.3
"SCP",0.997,20.6936701896207,0,"Student-t",70,0.4
"RSA-CP (OT) (Ours)",0.952,6.579418192917,0.0100000000000193,"Student-t",70,0.4
"SCP",0.997,20.6936701896207,0,"Student-t",70,0.5
"RSA-CP (OT) (Ours)",0.958,7.02653497518584,0,"Student-t",70,0.5
"SCP",0.9465,8.27488953921621,0,"LogNormal",71,0
"RSA-CP (OT) (Ours)",0.926,7.30302462289646,0.0199999999999818,"LogNormal",71,0
"SCP",0.9465,8.27488953921621,0,"LogNormal",71,0.1
"RSA-CP (OT) (Ours)",0.9235,7.20567196611038,0,"LogNormal",71,0.1
"SCP",0.9465,8.27488953921621,0,"LogNormal",71,0.2
"RSA-CP (OT) (Ours)",0.9225,7.18548697552458,0,"LogNormal",71,0.2
"SCP",0.9465,8.27488953921621,0,"LogNormal",71,0.3
"RSA-CP (OT) (Ours)",0.9115,6.8321395300459,0,"LogNormal",71,0.3
"SCP",0.9465,8.27488953921621,0,"LogNormal",71,0.4
"RSA-CP (OT) (Ours)",0.9215,7.12170033418013,0,"LogNormal",71,0.4
"SCP",0.9465,8.27488953921621,0,"LogNormal",71,0.5
"RSA-CP (OT) (Ours)",0.918,7.0284117085756,0,"LogNormal",71,0.5
"SCP",0.989,11.4877543778788,0,"Student-t",71,0
"RSA-CP (OT) (Ours)",0.928,5.36761506958806,0,"Student-t",71,0
"SCP",0.989,11.4877543778788,0,"Student-t",71,0.1
"RSA-CP (OT) (Ours)",0.952,6.57654405262424,0.00999999999999091,"Student-t",71,0.1
"SCP",0.989,11.4877543778788,0,"Student-t",71,0.2
"RSA-CP (OT) (Ours)",0.936,5.66512559635976,0,"Student-t",71,0.2
"SCP",0.989,11.4877543778788,0,"Student-t",71,0.3
"RSA-CP (OT) (Ours)",0.9235,5.24883518396235,0.0200000000000102,"Student-t",71,0.3
"SCP",0.989,11.4877543778788,0,"Student-t",71,0.4
"RSA-CP (OT) (Ours)",0.9155,5.02359688683622,0,"Student-t",71,0.4
"SCP",0.989,11.4877543778788,0,"Student-t",71,0.5
"RSA-CP (OT) (Ours)",0.9435,6.09271551136907,0,"Student-t",71,0.5
"SCP",0.966,9.22544917807768,0,"LogNormal",72,0
"RSA-CP (OT) (Ours)",0.937,7.75143779040863,0,"LogNormal",72,0
"SCP",0.966,9.22544917807768,0,"LogNormal",72,0.1
"RSA-CP (OT) (Ours)",0.943,7.9186753075797,0,"LogNormal",72,0.1
"SCP",0.966,9.22544917807768,0,"LogNormal",72,0.2
"RSA-CP (OT) (Ours)",0.9385,7.82278451627591,0.0200000000000102,"LogNormal",72,0.2
"SCP",0.966,9.22544917807768,0,"LogNormal",72,0.3
"RSA-CP (OT) (Ours)",0.9345,7.61795036811427,0,"LogNormal",72,0.3
"SCP",0.966,9.22544917807768,0,"LogNormal",72,0.4
"RSA-CP (OT) (Ours)",0.937,7.76836989436363,0,"LogNormal",72,0.4
"SCP",0.966,9.22544917807768,0,"LogNormal",72,0.5
"RSA-CP (OT) (Ours)",0.9345,7.61990170331421,0,"LogNormal",72,0.5
"SCP",0.981,9.46342508623075,0,"Student-t",72,0
"RSA-CP (OT) (Ours)",0.9525,6.65802737043021,0.00999999999999091,"Student-t",72,0
"SCP",0.981,9.46342508623075,0,"Student-t",72,0.1
"RSA-CP (OT) (Ours)",0.958,7.03761381707753,0,"Student-t",72,0.1
"SCP",0.981,9.46342508623075,0,"Student-t",72,0.2
"RSA-CP (OT) (Ours)",0.952,6.58078909718846,0,"Student-t",72,0.2
"SCP",0.981,9.46342508623075,0,"Student-t",72,0.3
"RSA-CP (OT) (Ours)",0.952,6.59195145563573,0.0200000000000102,"Student-t",72,0.3
"SCP",0.981,9.46342508623075,0,"Student-t",72,0.4
"RSA-CP (OT) (Ours)",0.9485,6.32986828038768,0,"Student-t",72,0.4
"SCP",0.981,9.46342508623075,0,"Student-t",72,0.5
"RSA-CP (OT) (Ours)",0.945,6.20032475505695,0,"Student-t",72,0.5
"SCP",0.974,10.058100686258,0,"LogNormal",73,0
"RSA-CP (OT) (Ours)",0.962,8.95738306360272,0,"LogNormal",73,0
"SCP",0.974,10.058100686258,0,"LogNormal",73,0.1
"RSA-CP (OT) (Ours)",0.9605,8.88888505310015,0,"LogNormal",73,0.1
"SCP",0.974,10.058100686258,0,"LogNormal",73,0.2
"RSA-CP (OT) (Ours)",0.9565,8.62769958937335,0.0200000000000102,"LogNormal",73,0.2
"SCP",0.974,10.058100686258,0,"LogNormal",73,0.3
"RSA-CP (OT) (Ours)",0.959,8.81227220963671,0,"LogNormal",73,0.3
"SCP",0.974,10.058100686258,0,"LogNormal",73,0.4
"RSA-CP (OT) (Ours)",0.959,8.84182333159031,0,"LogNormal",73,0.4
"SCP",0.974,10.058100686258,0,"LogNormal",73,0.5
"RSA-CP (OT) (Ours)",0.959,8.80974945164676,0.0199999999999818,"LogNormal",73,0.5
"SCP",0.9925,12.3305257313119,0,"Student-t",73,0
"RSA-CP (OT) (Ours)",0.9495,6.38346494900763,0,"Student-t",73,0
"SCP",0.9925,12.3305257313119,0,"Student-t",73,0.1
"RSA-CP (OT) (Ours)",0.9575,6.89004717047885,0,"Student-t",73,0.1
"SCP",0.9925,12.3305257313119,0,"Student-t",73,0.2
"RSA-CP (OT) (Ours)",0.948,6.31790110320767,0.0100000000000193,"Student-t",73,0.2
"SCP",0.9925,12.3305257313119,0,"Student-t",73,0.3
"RSA-CP (OT) (Ours)",0.943,6.04900487695797,0,"Student-t",73,0.3
"SCP",0.9925,12.3305257313119,0,"Student-t",73,0.4
"RSA-CP (OT) (Ours)",0.9525,6.67284281922608,0,"Student-t",73,0.4
"SCP",0.9925,12.3305257313119,0,"Student-t",73,0.5
"RSA-CP (OT) (Ours)",0.9615,7.33194345495849,0.0199999999999818,"Student-t",73,0.5
"SCP",0.9715,9.67405787235065,0,"LogNormal",74,0
"RSA-CP (OT) (Ours)",0.959,8.82412721683596,0,"LogNormal",74,0
"SCP",0.9715,9.67405787235065,0,"LogNormal",74,0.1
"RSA-CP (OT) (Ours)",0.959,8.84500941366013,0,"LogNormal",74,0.1
"SCP",0.9715,9.67405787235065,0,"LogNormal",74,0.2
"RSA-CP (OT) (Ours)",0.9565,8.6369760951845,0,"LogNormal",74,0.2
"SCP",0.9715,9.67405787235065,0,"LogNormal",74,0.3
"RSA-CP (OT) (Ours)",0.959,8.7912476150557,0,"LogNormal",74,0.3
"SCP",0.9715,9.67405787235065,0,"LogNormal",74,0.4
"RSA-CP (OT) (Ours)",0.9495,8.39616561107553,0,"LogNormal",74,0.4
"SCP",0.9715,9.67405787235065,0,"LogNormal",74,0.5
"RSA-CP (OT) (Ours)",0.943,7.98623646825552,0.0199999999999818,"LogNormal",74,0.5
"SCP",0.9745,8.49529936762462,0,"Student-t",74,0
"RSA-CP (OT) (Ours)",0.9115,4.9707828758991,0,"Student-t",74,0
"SCP",0.9745,8.49529936762462,0,"Student-t",74,0.1
"RSA-CP (OT) (Ours)",0.9315,5.48775458544878,0,"Student-t",74,0.1
"SCP",0.9745,8.49529936762462,0,"Student-t",74,0.2
"RSA-CP (OT) (Ours)",0.913,4.99214480622166,0,"Student-t",74,0.2
"SCP",0.9745,8.49529936762462,0,"Student-t",74,0.3
"RSA-CP (OT) (Ours)",0.904,4.83230254756041,0,"Student-t",74,0.3
"SCP",0.9745,8.49529936762462,0,"Student-t",74,0.4
"RSA-CP (OT) (Ours)",0.8865,4.44086043484696,0,"Student-t",74,0.4
"SCP",0.9745,8.49529936762462,0,"Student-t",74,0.5
"RSA-CP (OT) (Ours)",0.9095,4.92460237888744,0.0199999999999818,"Student-t",74,0.5
"SCP",0.9895,13.5383886338077,0,"LogNormal",75,0
"RSA-CP (OT) (Ours)",0.9825,11.7569021121711,0,"LogNormal",75,0
"SCP",0.9895,13.5383886338077,0,"LogNormal",75,0.1
"RSA-CP (OT) (Ours)",0.9825,11.8493956280301,0,"LogNormal",75,0.1
"SCP",0.9895,13.5383886338077,0,"LogNormal",75,0.2
"RSA-CP (OT) (Ours)",0.9825,11.8323858738522,0,"LogNormal",75,0.2
"SCP",0.9895,13.5383886338077,0,"LogNormal",75,0.3
"RSA-CP (OT) (Ours)",0.9825,11.6295215665734,0,"LogNormal",75,0.3
"SCP",0.9895,13.5383886338077,0,"LogNormal",75,0.4
"RSA-CP (OT) (Ours)",0.9815,11.4975160721168,0.00999999999999091,"LogNormal",75,0.4
"SCP",0.9895,13.5383886338077,0,"LogNormal",75,0.5
"RSA-CP (OT) (Ours)",0.9825,11.735022654989,0,"LogNormal",75,0.5
"SCP",0.9675,7.80862579646693,0,"Student-t",75,0
"RSA-CP (OT) (Ours)",0.943,6.04342134863997,0,"Student-t",75,0
"SCP",0.9675,7.80862579646693,0,"Student-t",75,0.1
"RSA-CP (OT) (Ours)",0.942,6.0143113505341,0.0200000000000102,"Student-t",75,0.1
"SCP",0.9675,7.80862579646693,0,"Student-t",75,0.2
"RSA-CP (OT) (Ours)",0.9315,5.48040555513333,0,"Student-t",75,0.2
"SCP",0.9675,7.80862579646693,0,"Student-t",75,0.3
"RSA-CP (OT) (Ours)",0.9435,6.12349700906307,0,"Student-t",75,0.3
"SCP",0.9675,7.80862579646693,0,"Student-t",75,0.4
"RSA-CP (OT) (Ours)",0.937,5.7947241803499,0.00999999999999091,"Student-t",75,0.4
"SCP",0.9675,7.80862579646693,0,"Student-t",75,0.5
"RSA-CP (OT) (Ours)",0.9415,6.00095647617224,0,"Student-t",75,0.5
"SCP",0.9445,8.08319882895076,0,"LogNormal",76,0
"RSA-CP (OT) (Ours)",0.943,7.9806060528921,0.0200000000000102,"LogNormal",76,0
"SCP",0.9445,8.08319882895076,0,"LogNormal",76,0.1
"RSA-CP (OT) (Ours)",0.937,7.76257312279837,0,"LogNormal",76,0.1
"SCP",0.9445,8.08319882895076,0,"LogNormal",76,0.2
"RSA-CP (OT) (Ours)",0.938,7.79632142940237,0.00999999999999091,"LogNormal",76,0.2
"SCP",0.9445,8.08319882895076,0,"LogNormal",76,0.3
"RSA-CP (OT) (Ours)",0.943,7.99341413227533,0,"LogNormal",76,0.3
"SCP",0.9445,8.08319882895076,0,"LogNormal",76,0.4
"RSA-CP (OT) (Ours)",0.94,7.87514914575087,0,"LogNormal",76,0.4
"SCP",0.9445,8.08319882895076,0,"LogNormal",76,0.5
"RSA-CP (OT) (Ours)",0.9215,7.15266615437545,0,"LogNormal",76,0.5
"SCP",0.992,11.992270518944,0,"Student-t",76,0
"RSA-CP (OT) (Ours)",0.9865,10.210423019276,0,"Student-t",76,0
"SCP",0.992,11.992270518944,0,"Student-t",76,0.1
"RSA-CP (OT) (Ours)",0.987,10.3633616642228,0,"Student-t",76,0.1
"SCP",0.992,11.992270518944,0,"Student-t",76,0.2
"RSA-CP (OT) (Ours)",0.979,8.90048069136766,0,"Student-t",76,0.2
"SCP",0.992,11.992270518944,0,"Student-t",76,0.3
"RSA-CP (OT) (Ours)",0.9875,10.4500416290347,0.00999999999999091,"Student-t",76,0.3
"SCP",0.992,11.992270518944,0,"Student-t",76,0.4
"RSA-CP (OT) (Ours)",0.9875,10.6447213070908,0,"Student-t",76,0.4
"SCP",0.992,11.992270518944,0,"Student-t",76,0.5
"RSA-CP (OT) (Ours)",0.986,10.0280522175682,0,"Student-t",76,0.5
"SCP",0.9625,8.97186840443535,0,"LogNormal",77,0
"RSA-CP (OT) (Ours)",0.945,8.1961013111878,0,"LogNormal",77,0
"SCP",0.9625,8.97186840443535,0,"LogNormal",77,0.1
"RSA-CP (OT) (Ours)",0.9455,8.25463301584984,0,"LogNormal",77,0.1
"SCP",0.9625,8.97186840443535,0,"LogNormal",77,0.2
"RSA-CP (OT) (Ours)",0.939,7.83392220290155,0.0199999999999818,"LogNormal",77,0.2
"SCP",0.9625,8.97186840443535,0,"LogNormal",77,0.3
"RSA-CP (OT) (Ours)",0.936,7.7228537917273,0,"LogNormal",77,0.3
"SCP",0.9625,8.97186840443535,0,"LogNormal",77,0.4
"RSA-CP (OT) (Ours)",0.943,7.95105475898628,0,"LogNormal",77,0.4
"SCP",0.9625,8.97186840443535,0,"LogNormal",77,0.5
"RSA-CP (OT) (Ours)",0.9305,7.39109434977701,0,"LogNormal",77,0.5
"SCP",0.9155,5.03835890403926,0,"Student-t",77,0
"RSA-CP (OT) (Ours)",0.845,3.75406500100982,0,"Student-t",77,0
"SCP",0.9155,5.03835890403926,0,"Student-t",77,0.1
"RSA-CP (OT) (Ours)",0.8515,3.87254990309952,0,"Student-t",77,0.1
"SCP",0.9155,5.03835890403926,0,"Student-t",77,0.2
"RSA-CP (OT) (Ours)",0.8555,3.93766252446488,0.0199999999999818,"Student-t",77,0.2
"SCP",0.9155,5.03835890403926,0,"Student-t",77,0.3
"RSA-CP (OT) (Ours)",0.827,3.49275296479468,0,"Student-t",77,0.3
"SCP",0.9155,5.03835890403926,0,"Student-t",77,0.4
"RSA-CP (OT) (Ours)",0.8435,3.69386027543401,0,"Student-t",77,0.4
"SCP",0.9155,5.03835890403926,0,"Student-t",77,0.5
"RSA-CP (OT) (Ours)",0.843,3.68751346343838,0,"Student-t",77,0.5
"SCP",0.954,8.48030518868138,0,"LogNormal",78,0
"RSA-CP (OT) (Ours)",0.908,6.73600276451716,0,"LogNormal",78,0
"SCP",0.954,8.48030518868138,0,"LogNormal",78,0.1
"RSA-CP (OT) (Ours)",0.915,6.952370535289,0.0199999999999818,"LogNormal",78,0.1
"SCP",0.954,8.48030518868138,0,"LogNormal",78,0.2
"RSA-CP (OT) (Ours)",0.891,6.33690292438177,0,"LogNormal",78,0.2
"SCP",0.954,8.48030518868138,0,"LogNormal",78,0.3
"RSA-CP (OT) (Ours)",0.8845,6.1987952709434,0,"LogNormal",78,0.3
"SCP",0.954,8.48030518868138,0,"LogNormal",78,0.4
"RSA-CP (OT) (Ours)",0.8205,5.14549238468209,0.0100000000000193,"LogNormal",78,0.4
"SCP",0.954,8.48030518868138,0,"LogNormal",78,0.5
"RSA-CP (OT) (Ours)",0.87,5.9768296783878,0,"LogNormal",78,0.5
"SCP",0.9955,15.9193983399284,0,"Student-t",78,0
"RSA-CP (OT) (Ours)",0.979,9.10557845207573,0,"Student-t",78,0
"SCP",0.9955,15.9193983399284,0,"Student-t",78,0.1
"RSA-CP (OT) (Ours)",0.9875,10.5243521938947,0,"Student-t",78,0.1
"SCP",0.9955,15.9193983399284,0,"Student-t",78,0.2
"RSA-CP (OT) (Ours)",0.986,10.0154147192044,0,"Student-t",78,0.2
"SCP",0.9955,15.9193983399284,0,"Student-t",78,0.3
"RSA-CP (OT) (Ours)",0.9825,9.63870557316271,0,"Student-t",78,0.3
"SCP",0.9955,15.9193983399284,0,"Student-t",78,0.4
"RSA-CP (OT) (Ours)",0.9845,9.84461251815915,0,"Student-t",78,0.4
"SCP",0.9955,15.9193983399284,0,"Student-t",78,0.5
"RSA-CP (OT) (Ours)",0.986,9.94538598823976,0,"Student-t",78,0.5
"SCP",0.9125,6.8756742089081,0,"LogNormal",79,0
"RSA-CP (OT) (Ours)",0.892,6.37127910423513,0.00999999999999091,"LogNormal",79,0
"SCP",0.9125,6.8756742089081,0,"LogNormal",79,0.1
"RSA-CP (OT) (Ours)",0.888,6.28672397458781,0,"LogNormal",79,0.1
"SCP",0.9125,6.8756742089081,0,"LogNormal",79,0.2
"RSA-CP (OT) (Ours)",0.854,5.56601457471055,0,"LogNormal",79,0.2
"SCP",0.9125,6.8756742089081,0,"LogNormal",79,0.3
"RSA-CP (OT) (Ours)",0.883,6.17679892185305,0.0200000000000102,"LogNormal",79,0.3
"SCP",0.9125,6.8756742089081,0,"LogNormal",79,0.4
"RSA-CP (OT) (Ours)",0.8665,5.94153190983895,0,"LogNormal",79,0.4
"SCP",0.9125,6.8756742089081,0,"LogNormal",79,0.5
"RSA-CP (OT) (Ours)",0.8885,6.31162544699133,0,"LogNormal",79,0.5
"SCP",0.945,6.20731039437244,0,"Student-t",79,0
"RSA-CP (OT) (Ours)",0.937,5.79821878949403,0.00999999999999091,"Student-t",79,0
"SCP",0.945,6.20731039437244,0,"Student-t",79,0.1
"RSA-CP (OT) (Ours)",0.9385,5.84292691423259,0,"Student-t",79,0.1
"SCP",0.945,6.20731039437244,0,"Student-t",79,0.2
"RSA-CP (OT) (Ours)",0.936,5.66244473120384,0,"Student-t",79,0.2
"SCP",0.945,6.20731039437244,0,"Student-t",79,0.3
"RSA-CP (OT) (Ours)",0.934,5.59562841259678,0,"Student-t",79,0.3
"SCP",0.945,6.20731039437244,0,"Student-t",79,0.4
"RSA-CP (OT) (Ours)",0.937,5.77727115776055,0,"Student-t",79,0.4
"SCP",0.945,6.20731039437244,0,"Student-t",79,0.5
"RSA-CP (OT) (Ours)",0.932,5.56013062158996,0,"Student-t",79,0.5
"SCP",0.9935,14.5194084040743,0,"LogNormal",80,0
"RSA-CP (OT) (Ours)",0.986,12.653295044971,0,"LogNormal",80,0
"SCP",0.9935,14.5194084040743,0,"LogNormal",80,0.1
"RSA-CP (OT) (Ours)",0.985,12.3337411815938,0,"LogNormal",80,0.1
"SCP",0.9935,14.5194084040743,0,"LogNormal",80,0.2
"RSA-CP (OT) (Ours)",0.9845,12.279431441057,0.0200000000000102,"LogNormal",80,0.2
"SCP",0.9935,14.5194084040743,0,"LogNormal",80,0.3
"RSA-CP (OT) (Ours)",0.983,12.0391440295251,0,"LogNormal",80,0.3
"SCP",0.9935,14.5194084040743,0,"LogNormal",80,0.4
"RSA-CP (OT) (Ours)",0.9825,11.6777044258484,0,"LogNormal",80,0.4
"SCP",0.9935,14.5194084040743,0,"LogNormal",80,0.5
"RSA-CP (OT) (Ours)",0.9845,12.1644718243205,0,"LogNormal",80,0.5
"SCP",0.997,19.5686672453881,0,"Student-t",80,0
"RSA-CP (OT) (Ours)",0.98,9.25956579383717,0.00999999999999091,"Student-t",80,0
"SCP",0.997,19.5686672453881,0,"Student-t",80,0.1
"RSA-CP (OT) (Ours)",0.9875,10.5926988310041,0,"Student-t",80,0.1
"SCP",0.997,19.5686672453881,0,"Student-t",80,0.2
"RSA-CP (OT) (Ours)",0.981,9.35805364399084,0.0200000000000102,"Student-t",80,0.2
"SCP",0.997,19.5686672453881,0,"Student-t",80,0.3
"RSA-CP (OT) (Ours)",0.97,8.07360011410515,0,"Student-t",80,0.3
"SCP",0.997,19.5686672453881,0,"Student-t",80,0.4
"RSA-CP (OT) (Ours)",0.986,10.0097622548548,0,"Student-t",80,0.4
"SCP",0.997,19.5686672453881,0,"Student-t",80,0.5
"RSA-CP (OT) (Ours)",0.979,9.01976982580478,0,"Student-t",80,0.5
"SCP",0.974,9.98252916511649,0,"LogNormal",81,0
"RSA-CP (OT) (Ours)",0.9465,8.27130714145534,0,"LogNormal",81,0
"SCP",0.974,9.98252916511649,0,"LogNormal",81,0.1
"RSA-CP (OT) (Ours)",0.9455,8.23495683081516,0,"LogNormal",81,0.1
"SCP",0.974,9.98252916511649,0,"LogNormal",81,0.2
"RSA-CP (OT) (Ours)",0.9475,8.29285205596626,0.0100000000000193,"LogNormal",81,0.2
"SCP",0.974,9.98252916511649,0,"LogNormal",81,0.3
"RSA-CP (OT) (Ours)",0.9455,8.25402964895414,0,"LogNormal",81,0.3
"SCP",0.974,9.98252916511649,0,"LogNormal",81,0.4
"RSA-CP (OT) (Ours)",0.945,8.14925522769905,0,"LogNormal",81,0.4
"SCP",0.974,9.98252916511649,0,"LogNormal",81,0.5
"RSA-CP (OT) (Ours)",0.9435,8.02160711102841,0.0199999999999818,"LogNormal",81,0.5
"SCP",0.9925,12.4832062616457,0,"Student-t",81,0
"RSA-CP (OT) (Ours)",0.981,9.57976954637851,0,"Student-t",81,0
"SCP",0.9925,12.4832062616457,0,"Student-t",81,0.1
"RSA-CP (OT) (Ours)",0.981,9.40346187845177,0,"Student-t",81,0.1
"SCP",0.9925,12.4832062616457,0,"Student-t",81,0.2
"RSA-CP (OT) (Ours)",0.9815,9.60666686596469,0.0100000000000193,"Student-t",81,0.2
"SCP",0.9925,12.4832062616457,0,"Student-t",81,0.3
"RSA-CP (OT) (Ours)",0.981,9.48463760266805,0,"Student-t",81,0.3
"SCP",0.9925,12.4832062616457,0,"Student-t",81,0.4
"RSA-CP (OT) (Ours)",0.981,9.59202872014274,0,"Student-t",81,0.4
"SCP",0.9925,12.4832062616457,0,"Student-t",81,0.5
"RSA-CP (OT) (Ours)",0.981,9.50721834839852,0,"Student-t",81,0.5
"SCP",0.9325,7.51569295009814,0,"LogNormal",82,0
"RSA-CP (OT) (Ours)",0.9065,6.68998351797335,0,"LogNormal",82,0
"SCP",0.9325,7.51569295009814,0,"LogNormal",82,0.1
"RSA-CP (OT) (Ours)",0.906,6.66416267188708,0.0100000000000193,"LogNormal",82,0.1
"SCP",0.9325,7.51569295009814,0,"LogNormal",82,0.2
"RSA-CP (OT) (Ours)",0.8745,6.04386373698914,0,"LogNormal",82,0.2
"SCP",0.9325,7.51569295009814,0,"LogNormal",82,0.3
"RSA-CP (OT) (Ours)",0.888,6.28218896796943,0,"LogNormal",82,0.3
"SCP",0.9325,7.51569295009814,0,"LogNormal",82,0.4
"RSA-CP (OT) (Ours)",0.9035,6.6201311302951,0.0199999999999818,"LogNormal",82,0.4
"SCP",0.9325,7.51569295009814,0,"LogNormal",82,0.5
"RSA-CP (OT) (Ours)",0.896,6.45066071067823,0,"LogNormal",82,0.5
"SCP",0.899,4.69649656926853,0,"Student-t",82,0
"RSA-CP (OT) (Ours)",0.781,3.10060997655561,0,"Student-t",82,0
"SCP",0.899,4.69649656926853,0,"Student-t",82,0.1
"RSA-CP (OT) (Ours)",0.8165,3.39106915017948,0.0200000000000102,"Student-t",82,0.1
"SCP",0.899,4.69649656926853,0,"Student-t",82,0.2
"RSA-CP (OT) (Ours)",0.7675,2.97143134732161,0,"Student-t",82,0.2
"SCP",0.899,4.69649656926853,0,"Student-t",82,0.3
"RSA-CP (OT) (Ours)",0.7655,2.96386361096608,0,"Student-t",82,0.3
"SCP",0.899,4.69649656926853,0,"Student-t",82,0.4
"RSA-CP (OT) (Ours)",0.751,2.83937512622195,0,"Student-t",82,0.4
"SCP",0.899,4.69649656926853,0,"Student-t",82,0.5
"RSA-CP (OT) (Ours)",0.6515,2.21189864130506,0,"Student-t",82,0.5
"SCP",0.995,15.5149934841651,0,"LogNormal",83,0
"RSA-CP (OT) (Ours)",0.983,11.9614291395507,0,"LogNormal",83,0
"SCP",0.995,15.5149934841651,0,"LogNormal",83,0.1
"RSA-CP (OT) (Ours)",0.9845,12.2389211528673,0,"LogNormal",83,0.1
"SCP",0.995,15.5149934841651,0,"LogNormal",83,0.2
"RSA-CP (OT) (Ours)",0.9795,11.3875507841047,0,"LogNormal",83,0.2
"SCP",0.995,15.5149934841651,0,"LogNormal",83,0.3
"RSA-CP (OT) (Ours)",0.9825,11.7916752233219,0,"LogNormal",83,0.3
"SCP",0.995,15.5149934841651,0,"LogNormal",83,0.4
"RSA-CP (OT) (Ours)",0.9825,11.8282450485124,0.00999999999999091,"LogNormal",83,0.4
"SCP",0.995,15.5149934841651,0,"LogNormal",83,0.5
"RSA-CP (OT) (Ours)",0.9795,11.1133303438071,0,"LogNormal",83,0.5
"SCP",0.969,8.00618055424683,0,"Student-t",83,0
"RSA-CP (OT) (Ours)",0.9055,4.88121713027691,0,"Student-t",83,0
"SCP",0.969,8.00618055424683,0,"Student-t",83,0.1
"RSA-CP (OT) (Ours)",0.9155,5.04057574540569,0.0200000000000102,"Student-t",83,0.1
"SCP",0.969,8.00618055424683,0,"Student-t",83,0.2
"RSA-CP (OT) (Ours)",0.898,4.6767209386356,0,"Student-t",83,0.2
"SCP",0.969,8.00618055424683,0,"Student-t",83,0.3
"RSA-CP (OT) (Ours)",0.8795,4.31686745449685,0,"Student-t",83,0.3
"SCP",0.969,8.00618055424683,0,"Student-t",83,0.4
"RSA-CP (OT) (Ours)",0.895,4.62339802225622,0.00999999999999091,"Student-t",83,0.4
"SCP",0.969,8.00618055424683,0,"Student-t",83,0.5
"RSA-CP (OT) (Ours)",0.895,4.62347344902095,0,"Student-t",83,0.5
"SCP",0.998,18.5799716896296,0,"LogNormal",84,0
"RSA-CP (OT) (Ours)",0.9235,7.22839077377961,0.0200000000000102,"LogNormal",84,0
"SCP",0.998,18.5799716896296,0,"LogNormal",84,0.1
"RSA-CP (OT) (Ours)",0.943,7.9428216100611,0,"LogNormal",84,0.1
"SCP",0.998,18.5799716896296,0,"LogNormal",84,0.2
"RSA-CP (OT) (Ours)",0.918,7.03085716863412,0,"LogNormal",84,0.2
"SCP",0.998,18.5799716896296,0,"LogNormal",84,0.3
"RSA-CP (OT) (Ours)",0.9075,6.7217692917997,0.00999999999999091,"LogNormal",84,0.3
"SCP",0.998,18.5799716896296,0,"LogNormal",84,0.4
"RSA-CP (OT) (Ours)",0.8985,6.48482689030352,0,"LogNormal",84,0.4
"SCP",0.998,18.5799716896296,0,"LogNormal",84,0.5
"RSA-CP (OT) (Ours)",0.875,6.05395445140961,0,"LogNormal",84,0.5
"SCP",0.929,5.40299369616766,0,"Student-t",84,0
"RSA-CP (OT) (Ours)",0.9015,4.77016919470093,0.0200000000000102,"Student-t",84,0
"SCP",0.929,5.40299369616766,0,"Student-t",84,0.1
"RSA-CP (OT) (Ours)",0.8905,4.51333383403835,0,"Student-t",84,0.1
"SCP",0.929,5.40299369616766,0,"Student-t",84,0.2
"RSA-CP (OT) (Ours)",0.9055,4.88107394015882,0,"Student-t",84,0.2
"SCP",0.929,5.40299369616766,0,"Student-t",84,0.3
"RSA-CP (OT) (Ours)",0.8885,4.45351940874616,0,"Student-t",84,0.3
"SCP",0.929,5.40299369616766,0,"Student-t",84,0.4
"RSA-CP (OT) (Ours)",0.893,4.54892371900246,0,"Student-t",84,0.4
"SCP",0.929,5.40299369616766,0,"Student-t",84,0.5
"RSA-CP (OT) (Ours)",0.9015,4.76582889470697,0,"Student-t",84,0.5
"SCP",0.943,7.98542086639164,0,"LogNormal",85,0
"RSA-CP (OT) (Ours)",0.9375,7.77795368151369,0.0100000000000193,"LogNormal",85,0
"SCP",0.943,7.98542086639164,0,"LogNormal",85,0.1
"RSA-CP (OT) (Ours)",0.9375,7.77541510413575,0,"LogNormal",85,0.1
"SCP",0.943,7.98542086639164,0,"LogNormal",85,0.2
"RSA-CP (OT) (Ours)",0.9375,7.78121471597638,0,"LogNormal",85,0.2
"SCP",0.943,7.98542086639164,0,"LogNormal",85,0.3
"RSA-CP (OT) (Ours)",0.938,7.80403368121934,0,"LogNormal",85,0.3
"SCP",0.943,7.98542086639164,0,"LogNormal",85,0.4
"RSA-CP (OT) (Ours)",0.929,7.37348992497169,0,"LogNormal",85,0.4
"SCP",0.943,7.98542086639164,0,"LogNormal",85,0.5
"RSA-CP (OT) (Ours)",0.934,7.57534825350819,0,"LogNormal",85,0.5
"SCP",0.996,17.2903063536888,0,"Student-t",85,0
"RSA-CP (OT) (Ours)",0.984,9.81861632080592,0.0100000000000193,"Student-t",85,0
"SCP",0.996,17.2903063536888,0,"Student-t",85,0.1
"RSA-CP (OT) (Ours)",0.989,11.4402277552115,0,"Student-t",85,0.1
"SCP",0.996,17.2903063536888,0,"Student-t",85,0.2
"RSA-CP (OT) (Ours)",0.984,9.781928625344,0,"Student-t",85,0.2
"SCP",0.996,17.2903063536888,0,"Student-t",85,0.3
"RSA-CP (OT) (Ours)",0.983,9.69916831442914,0.0199999999999818,"Student-t",85,0.3
"SCP",0.996,17.2903063536888,0,"Student-t",85,0.4
"RSA-CP (OT) (Ours)",0.9835,9.75459293429897,0,"Student-t",85,0.4
"SCP",0.996,17.2903063536888,0,"Student-t",85,0.5
"RSA-CP (OT) (Ours)",0.9785,8.83711522543351,0,"Student-t",85,0.5
"SCP",0.959,8.84438886440129,0,"LogNormal",86,0
"RSA-CP (OT) (Ours)",0.8655,5.90180121671166,0,"LogNormal",86,0
"SCP",0.959,8.84438886440129,0,"LogNormal",86,0.1
"RSA-CP (OT) (Ours)",0.8975,6.46661853242625,0,"LogNormal",86,0.1
"SCP",0.959,8.84438886440129,0,"LogNormal",86,0.2
"RSA-CP (OT) (Ours)",0.8775,6.092113639001,0.0199999999999818,"LogNormal",86,0.2
"SCP",0.959,8.84438886440129,0,"LogNormal",86,0.3
"RSA-CP (OT) (Ours)",0.8555,5.60125543938004,0,"LogNormal",86,0.3
"SCP",0.959,8.84438886440129,0,"LogNormal",86,0.4
"RSA-CP (OT) (Ours)",0.86,5.78568762717198,0,"LogNormal",86,0.4
"SCP",0.959,8.84438886440129,0,"LogNormal",86,0.5
"RSA-CP (OT) (Ours)",0.82,5.14075793063952,0.0200000000000102,"LogNormal",86,0.5
"SCP",0.9865,10.2845377487949,0,"Student-t",86,0
"RSA-CP (OT) (Ours)",0.9515,6.45669497122251,0,"Student-t",86,0
"SCP",0.9865,10.2845377487949,0,"Student-t",86,0.1
"RSA-CP (OT) (Ours)",0.952,6.60283424071688,0,"Student-t",86,0.1
"SCP",0.9865,10.2845377487949,0,"Student-t",86,0.2
"RSA-CP (OT) (Ours)",0.952,6.53951401277973,0.00999999999999091,"Student-t",86,0.2
"SCP",0.9865,10.2845377487949,0,"Student-t",86,0.3
"RSA-CP (OT) (Ours)",0.954,6.73022260909561,0,"Student-t",86,0.3
"SCP",0.9865,10.2845377487949,0,"Student-t",86,0.4
"RSA-CP (OT) (Ours)",0.952,6.54428819514237,0,"Student-t",86,0.4
"SCP",0.9865,10.2845377487949,0,"Student-t",86,0.5
"RSA-CP (OT) (Ours)",0.952,6.54928938723687,0.0200000000000102,"Student-t",86,0.5
"SCP",0.9595,8.87368975903813,0,"LogNormal",87,0
"RSA-CP (OT) (Ours)",0.9445,8.0422149443118,0,"LogNormal",87,0
"SCP",0.9595,8.87368975903813,0,"LogNormal",87,0.1
"RSA-CP (OT) (Ours)",0.939,7.84990439022808,0.00999999999999091,"LogNormal",87,0.1
"SCP",0.9595,8.87368975903813,0,"LogNormal",87,0.2
"RSA-CP (OT) (Ours)",0.934,7.57621355320596,0,"LogNormal",87,0.2
"SCP",0.9595,8.87368975903813,0,"LogNormal",87,0.3
"RSA-CP (OT) (Ours)",0.934,7.5760553728297,0,"LogNormal",87,0.3
"SCP",0.9595,8.87368975903813,0,"LogNormal",87,0.4
"RSA-CP (OT) (Ours)",0.937,7.74755130077759,0.0200000000000102,"LogNormal",87,0.4
"SCP",0.9595,8.87368975903813,0,"LogNormal",87,0.5
"RSA-CP (OT) (Ours)",0.9255,7.2898861658287,0,"LogNormal",87,0.5
"SCP",0.943,6.05070720532629,0,"Student-t",87,0
"RSA-CP (OT) (Ours)",0.9115,4.95608585397751,0,"Student-t",87,0
"SCP",0.943,6.05070720532629,0,"Student-t",87,0.1
"RSA-CP (OT) (Ours)",0.8995,4.7038359978563,0,"Student-t",87,0.1
"SCP",0.943,6.05070720532629,0,"Student-t",87,0.2
"RSA-CP (OT) (Ours)",0.8945,4.58298841941092,0,"Student-t",87,0.2
"SCP",0.943,6.05070720532629,0,"Student-t",87,0.3
"RSA-CP (OT) (Ours)",0.897,4.65280685375367,0,"Student-t",87,0.3
"SCP",0.943,6.05070720532629,0,"Student-t",87,0.4
"RSA-CP (OT) (Ours)",0.891,4.52310947456307,0,"Student-t",87,0.4
"SCP",0.943,6.05070720532629,0,"Student-t",87,0.5
"RSA-CP (OT) (Ours)",0.9065,4.88941748858046,0.0200000000000102,"Student-t",87,0.5
"SCP",0.9895,13.5158478762487,0,"LogNormal",88,0
"RSA-CP (OT) (Ours)",0.9865,12.7212416854013,0,"LogNormal",88,0
"SCP",0.9895,13.5158478762487,0,"LogNormal",88,0.1
"RSA-CP (OT) (Ours)",0.984,12.0878528209198,0.00999999999999091,"LogNormal",88,0.1
"SCP",0.9895,13.5158478762487,0,"LogNormal",88,0.2
"RSA-CP (OT) (Ours)",0.9855,12.4804591462521,0,"LogNormal",88,0.2
"SCP",0.9895,13.5158478762487,0,"LogNormal",88,0.3
"RSA-CP (OT) (Ours)",0.986,12.676994403432,0,"LogNormal",88,0.3
"SCP",0.9895,13.5158478762487,0,"LogNormal",88,0.4
"RSA-CP (OT) (Ours)",0.986,12.5760523361228,0,"LogNormal",88,0.4
"SCP",0.9895,13.5158478762487,0,"LogNormal",88,0.5
"RSA-CP (OT) (Ours)",0.986,12.6225964587483,0,"LogNormal",88,0.5
"SCP",0.999,34.4258964741035,0,"Student-t",88,0
"RSA-CP (OT) (Ours)",0.997,20.1756974718112,0,"Student-t",88,0
"SCP",0.999,34.4258964741035,0,"Student-t",88,0.1
"RSA-CP (OT) (Ours)",0.9975,22.9277810712542,0.0199999999999818,"Student-t",88,0.1
"SCP",0.999,34.4258964741035,0,"Student-t",88,0.2
"RSA-CP (OT) (Ours)",0.997,20.9709940457818,0,"Student-t",88,0.2
"SCP",0.999,34.4258964741035,0,"Student-t",88,0.3
"RSA-CP (OT) (Ours)",0.997,20.7670722390105,0,"Student-t",88,0.3
"SCP",0.999,34.4258964741035,0,"Student-t",88,0.4
"RSA-CP (OT) (Ours)",0.997,21.2689763565669,0.0100000000000193,"Student-t",88,0.4
"SCP",0.999,34.4258964741035,0,"Student-t",88,0.5
"RSA-CP (OT) (Ours)",0.997,21.1592004718769,0,"Student-t",88,0.5
"SCP",0.964,9.08719001812597,0,"LogNormal",89,0
"RSA-CP (OT) (Ours)",0.932,7.51552188513371,0.0199999999999818,"LogNormal",89,0
"SCP",0.964,9.08719001812597,0,"LogNormal",89,0.1
"RSA-CP (OT) (Ours)",0.9255,7.28463405115417,0,"LogNormal",89,0.1
"SCP",0.964,9.08719001812597,0,"LogNormal",89,0.2
"RSA-CP (OT) (Ours)",0.9305,7.44142817144181,0,"LogNormal",89,0.2
"SCP",0.964,9.08719001812597,0,"LogNormal",89,0.3
"RSA-CP (OT) (Ours)",0.9135,6.89287846469407,0,"LogNormal",89,0.3
"SCP",0.964,9.08719001812597,0,"LogNormal",89,0.4
"RSA-CP (OT) (Ours)",0.9225,7.18432885574287,0,"LogNormal",89,0.4
"SCP",0.964,9.08719001812597,0,"LogNormal",89,0.5
"RSA-CP (OT) (Ours)",0.9285,7.34372964030886,0,"LogNormal",89,0.5
"SCP",0.952,6.52079189728537,0,"Student-t",89,0
"RSA-CP (OT) (Ours)",0.9435,6.13304324656608,0,"Student-t",89,0
"SCP",0.952,6.52079189728537,0,"Student-t",89,0.1
"RSA-CP (OT) (Ours)",0.9435,6.07724383282165,0.0199999999999818,"Student-t",89,0.1
"SCP",0.952,6.52079189728537,0,"Student-t",89,0.2
"RSA-CP (OT) (Ours)",0.9435,6.10695284198922,0,"Student-t",89,0.2
"SCP",0.952,6.52079189728537,0,"Student-t",89,0.3
"RSA-CP (OT) (Ours)",0.943,6.04095473246013,0,"Student-t",89,0.3
"SCP",0.952,6.52079189728537,0,"Student-t",89,0.4
"RSA-CP (OT) (Ours)",0.9435,6.1340485089236,0,"Student-t",89,0.4
"SCP",0.952,6.52079189728537,0,"Student-t",89,0.5
"RSA-CP (OT) (Ours)",0.943,6.06483095411097,0,"Student-t",89,0.5
"SCP",0.8895,6.32535684087823,0,"LogNormal",90,0
"RSA-CP (OT) (Ours)",0.8575,5.70863104474461,0,"LogNormal",90,0
"SCP",0.8895,6.32535684087823,0,"LogNormal",90,0.1
"RSA-CP (OT) (Ours)",0.852,5.54500874715538,0,"LogNormal",90,0.1
"SCP",0.8895,6.32535684087823,0,"LogNormal",90,0.2
"RSA-CP (OT) (Ours)",0.842,5.42689668976174,0,"LogNormal",90,0.2
"SCP",0.8895,6.32535684087823,0,"LogNormal",90,0.3
"RSA-CP (OT) (Ours)",0.8315,5.27606826196291,0,"LogNormal",90,0.3
"SCP",0.8895,6.32535684087823,0,"LogNormal",90,0.4
"RSA-CP (OT) (Ours)",0.8565,5.67583985160045,0,"LogNormal",90,0.4
"SCP",0.8895,6.32535684087823,0,"LogNormal",90,0.5
"RSA-CP (OT) (Ours)",0.8155,5.08798227043846,0.00999999999999091,"LogNormal",90,0.5
"SCP",0.914,4.99649001891625,0,"Student-t",90,0
"RSA-CP (OT) (Ours)",0.8885,4.4616742920671,0,"Student-t",90,0
"SCP",0.914,4.99649001891625,0,"Student-t",90,0.1
"RSA-CP (OT) (Ours)",0.8935,4.57063541393298,0,"Student-t",90,0.1
"SCP",0.914,4.99649001891625,0,"Student-t",90,0.2
"RSA-CP (OT) (Ours)",0.881,4.32848408936775,0.0200000000000102,"Student-t",90,0.2
"SCP",0.914,4.99649001891625,0,"Student-t",90,0.3
"RSA-CP (OT) (Ours)",0.878,4.29031471615874,0,"Student-t",90,0.3
"SCP",0.914,4.99649001891625,0,"Student-t",90,0.4
"RSA-CP (OT) (Ours)",0.8695,4.15733368553765,0,"Student-t",90,0.4
"SCP",0.914,4.99649001891625,0,"Student-t",90,0.5
"RSA-CP (OT) (Ours)",0.875,4.23931921506261,0.00999999999999091,"Student-t",90,0.5
"SCP",0.9255,7.28756312637571,0,"LogNormal",91,0
"RSA-CP (OT) (Ours)",0.9075,6.72520699926511,0,"LogNormal",91,0
"SCP",0.9255,7.28756312637571,0,"LogNormal",91,0.1
"RSA-CP (OT) (Ours)",0.902,6.52662456127267,0.0200000000000102,"LogNormal",91,0.1
"SCP",0.9255,7.28756312637571,0,"LogNormal",91,0.2
"RSA-CP (OT) (Ours)",0.9045,6.63705825857573,0,"LogNormal",91,0.2
"SCP",0.9255,7.28756312637571,0,"LogNormal",91,0.3
"RSA-CP (OT) (Ours)",0.8945,6.42787396004721,0,"LogNormal",91,0.3
"SCP",0.9255,7.28756312637571,0,"LogNormal",91,0.4
"RSA-CP (OT) (Ours)",0.8875,6.2529911912358,0.00999999999999091,"LogNormal",91,0.4
"SCP",0.9255,7.28756312637571,0,"LogNormal",91,0.5
"RSA-CP (OT) (Ours)",0.892,6.38295662641028,0,"LogNormal",91,0.5
"SCP",0.831,3.5469586401867,0,"Student-t",91,0
"RSA-CP (OT) (Ours)",0.8145,3.38274540522585,0,"Student-t",91,0
"SCP",0.831,3.5469586401867,0,"Student-t",91,0.1
"RSA-CP (OT) (Ours)",0.8215,3.43364930829787,0.0200000000000102,"Student-t",91,0.1
"SCP",0.831,3.5469586401867,0,"Student-t",91,0.2
"RSA-CP (OT) (Ours)",0.7745,3.0390424197773,0,"Student-t",91,0.2
"SCP",0.831,3.5469586401867,0,"Student-t",91,0.3
"RSA-CP (OT) (Ours)",0.8135,3.3727696805612,0,"Student-t",91,0.3
"SCP",0.831,3.5469586401867,0,"Student-t",91,0.4
"RSA-CP (OT) (Ours)",0.792,3.21510148684816,0.00999999999999091,"Student-t",91,0.4
"SCP",0.831,3.5469586401867,0,"Student-t",91,0.5
"RSA-CP (OT) (Ours)",0.792,3.21020522608801,0,"Student-t",91,0.5
"SCP",0.986,12.5445633946076,0,"LogNormal",92,0
"RSA-CP (OT) (Ours)",0.9715,9.65125834824566,0.0200000000000102,"LogNormal",92,0
"SCP",0.986,12.5445633946076,0,"LogNormal",92,0.1
"RSA-CP (OT) (Ours)",0.9695,9.50113532165242,0,"LogNormal",92,0.1
"SCP",0.986,12.5445633946076,0,"LogNormal",92,0.2
"RSA-CP (OT) (Ours)",0.9655,9.14948240816165,0,"LogNormal",92,0.2
"SCP",0.986,12.5445633946076,0,"LogNormal",92,0.3
"RSA-CP (OT) (Ours)",0.967,9.35724272320007,0.0199999999999818,"LogNormal",92,0.3
"SCP",0.986,12.5445633946076,0,"LogNormal",92,0.4
"RSA-CP (OT) (Ours)",0.968,9.40712507629078,0,"LogNormal",92,0.4
"SCP",0.986,12.5445633946076,0,"LogNormal",92,0.5
"RSA-CP (OT) (Ours)",0.9655,9.15555522412196,0,"LogNormal",92,0.5
"SCP",0.997,20.7674172758012,0,"Student-t",92,0
"RSA-CP (OT) (Ours)",0.978,8.80800329060544,0,"Student-t",92,0
"SCP",0.997,20.7674172758012,0,"Student-t",92,0.1
"RSA-CP (OT) (Ours)",0.9875,10.4381852826677,0,"Student-t",92,0.1
"SCP",0.997,20.7674172758012,0,"Student-t",92,0.2
"RSA-CP (OT) (Ours)",0.978,8.8138570357531,0,"Student-t",92,0.2
"SCP",0.997,20.7674172758012,0,"Student-t",92,0.3
"RSA-CP (OT) (Ours)",0.9725,8.12284790952993,0.0199999999999818,"Student-t",92,0.3
"SCP",0.997,20.7674172758012,0,"Student-t",92,0.4
"RSA-CP (OT) (Ours)",0.981,9.50043341676101,0,"Student-t",92,0.4
"SCP",0.997,20.7674172758012,0,"Student-t",92,0.5
"RSA-CP (OT) (Ours)",0.984,9.77094779128691,0,"Student-t",92,0.5
"SCP",0.978,10.6183114513354,0,"LogNormal",93,0
"RSA-CP (OT) (Ours)",0.9665,9.27249252942366,0,"LogNormal",93,0
"SCP",0.978,10.6183114513354,0,"LogNormal",93,0.1
"RSA-CP (OT) (Ours)",0.968,9.37830767057121,0,"LogNormal",93,0.1
"SCP",0.978,10.6183114513354,0,"LogNormal",93,0.2
"RSA-CP (OT) (Ours)",0.9645,9.13485639310034,0.0199999999999818,"LogNormal",93,0.2
"SCP",0.978,10.6183114513354,0,"LogNormal",93,0.3
"RSA-CP (OT) (Ours)",0.9665,9.32035602531291,0,"LogNormal",93,0.3
"SCP",0.978,10.6183114513354,0,"LogNormal",93,0.4
"RSA-CP (OT) (Ours)",0.959,8.80566243282366,0,"LogNormal",93,0.4
"SCP",0.978,10.6183114513354,0,"LogNormal",93,0.5
"RSA-CP (OT) (Ours)",0.966,9.1980253468466,0.0100000000000193,"LogNormal",93,0.5
"SCP",0.9655,7.60297904747701,0,"Student-t",93,0
"RSA-CP (OT) (Ours)",0.923,5.24632102679206,0,"Student-t",93,0
"SCP",0.9655,7.60297904747701,0,"Student-t",93,0.1
"RSA-CP (OT) (Ours)",0.9365,5.68895777264407,0,"Student-t",93,0.1
"SCP",0.9655,7.60297904747701,0,"Student-t",93,0.2
"RSA-CP (OT) (Ours)",0.9115,4.96471255369969,0.0199999999999818,"Student-t",93,0.2
"SCP",0.9655,7.60297904747701,0,"Student-t",93,0.3
"RSA-CP (OT) (Ours)",0.9155,5.02856520391254,0,"Student-t",93,0.3
"SCP",0.9655,7.60297904747701,0,"Student-t",93,0.4
"RSA-CP (OT) (Ours)",0.9245,5.28531878066758,0,"Student-t",93,0.4
"SCP",0.9655,7.60297904747701,0,"Student-t",93,0.5
"RSA-CP (OT) (Ours)",0.9215,5.16966115737158,0,"Student-t",93,0.5
"SCP",0.9985,20.9523122462956,0,"LogNormal",94,0
"RSA-CP (OT) (Ours)",0.988,13.2216964736875,0.00999999999999091,"LogNormal",94,0
"SCP",0.9985,20.9523122462956,0,"LogNormal",94,0.1
"RSA-CP (OT) (Ours)",0.989,13.3921484712535,0,"LogNormal",94,0.1
"SCP",0.9985,20.9523122462956,0,"LogNormal",94,0.2
"RSA-CP (OT) (Ours)",0.9885,13.3144231851841,0,"LogNormal",94,0.2
"SCP",0.9985,20.9523122462956,0,"LogNormal",94,0.3
"RSA-CP (OT) (Ours)",0.9865,12.8480609862518,0.0200000000000102,"LogNormal",94,0.3
"SCP",0.9985,20.9523122462956,0,"LogNormal",94,0.4
"RSA-CP (OT) (Ours)",0.9845,12.173337144042,0,"LogNormal",94,0.4
"SCP",0.9985,20.9523122462956,0,"LogNormal",94,0.5
"RSA-CP (OT) (Ours)",0.9865,12.8599714206722,0,"LogNormal",94,0.5
"SCP",0.952,6.52079189728537,0,"Student-t",94,0
"RSA-CP (OT) (Ours)",0.9435,6.07684815220351,0,"Student-t",94,0
"SCP",0.952,6.52079189728537,0,"Student-t",94,0.1
"RSA-CP (OT) (Ours)",0.9415,5.99583735775189,0,"Student-t",94,0.1
"SCP",0.952,6.52079189728537,0,"Student-t",94,0.2
"RSA-CP (OT) (Ours)",0.9415,5.99120486513219,0,"Student-t",94,0.2
"SCP",0.952,6.52079189728537,0,"Student-t",94,0.3
"RSA-CP (OT) (Ours)",0.9405,5.93890632948106,0,"Student-t",94,0.3
"SCP",0.952,6.52079189728537,0,"Student-t",94,0.4
"RSA-CP (OT) (Ours)",0.9435,6.08870325290249,0.0200000000000102,"Student-t",94,0.4
"SCP",0.952,6.52079189728537,0,"Student-t",94,0.5
"RSA-CP (OT) (Ours)",0.943,6.02710707729455,0,"Student-t",94,0.5
"SCP",0.9795,10.9213093390093,0,"LogNormal",95,0
"RSA-CP (OT) (Ours)",0.9305,7.39526098598026,0.0199999999999818,"LogNormal",95,0
"SCP",0.9795,10.9213093390093,0,"LogNormal",95,0.1
"RSA-CP (OT) (Ours)",0.909,6.76218151381622,0,"LogNormal",95,0.1
"SCP",0.9795,10.9213093390093,0,"LogNormal",95,0.2
"RSA-CP (OT) (Ours)",0.915,6.97158758709782,0,"LogNormal",95,0.2
"SCP",0.9795,10.9213093390093,0,"LogNormal",95,0.3
"RSA-CP (OT) (Ours)",0.9085,6.74361265214339,0.0100000000000193,"LogNormal",95,0.3
"SCP",0.9795,10.9213093390093,0,"LogNormal",95,0.4
"RSA-CP (OT) (Ours)",0.9085,6.74796586329701,0,"LogNormal",95,0.4
"SCP",0.9795,10.9213093390093,0,"LogNormal",95,0.5
"RSA-CP (OT) (Ours)",0.9065,6.6910125664553,0,"LogNormal",95,0.5
"SCP",0.932,5.53790190938193,0,"Student-t",95,0
"RSA-CP (OT) (Ours)",0.9235,5.25606561054778,0.0199999999999818,"Student-t",95,0
"SCP",0.932,5.53790190938193,0,"Student-t",95,0.1
"RSA-CP (OT) (Ours)",0.9215,5.1741654548934,0,"Student-t",95,0.1
"SCP",0.932,5.53790190938193,0,"Student-t",95,0.2
"RSA-CP (OT) (Ours)",0.903,4.81707385843398,0,"Student-t",95,0.2
"SCP",0.932,5.53790190938193,0,"Student-t",95,0.3
"RSA-CP (OT) (Ours)",0.918,5.09202169861752,0,"Student-t",95,0.3
"SCP",0.932,5.53790190938193,0,"Student-t",95,0.4
"RSA-CP (OT) (Ours)",0.923,5.19010959672165,0,"Student-t",95,0.4
"SCP",0.932,5.53790190938193,0,"Student-t",95,0.5
"RSA-CP (OT) (Ours)",0.9115,4.95919739381221,0,"Student-t",95,0.5
"SCP",0.945,8.20064942152572,0,"LogNormal",96,0
"RSA-CP (OT) (Ours)",0.937,7.75006226903984,0,"LogNormal",96,0
"SCP",0.945,8.20064942152572,0,"LogNormal",96,0.1
"RSA-CP (OT) (Ours)",0.939,7.83670746024921,0,"LogNormal",96,0.1
"SCP",0.945,8.20064942152572,0,"LogNormal",96,0.2
"RSA-CP (OT) (Ours)",0.935,7.62482338998086,0,"LogNormal",96,0.2
"SCP",0.945,8.20064942152572,0,"LogNormal",96,0.3
"RSA-CP (OT) (Ours)",0.9305,7.42054571469881,0,"LogNormal",96,0.3
"SCP",0.945,8.20064942152572,0,"LogNormal",96,0.4
"RSA-CP (OT) (Ours)",0.938,7.78874765398379,0,"LogNormal",96,0.4
"SCP",0.945,8.20064942152572,0,"LogNormal",96,0.5
"RSA-CP (OT) (Ours)",0.938,7.80200610090565,0.0199999999999818,"LogNormal",96,0.5
"SCP",0.927,5.32724026965514,0,"Student-t",96,0
"RSA-CP (OT) (Ours)",0.9155,5.0324808775556,0,"Student-t",96,0
"SCP",0.927,5.32724026965514,0,"Student-t",96,0.1
"RSA-CP (OT) (Ours)",0.9065,4.89127501683453,0,"Student-t",96,0.1
"SCP",0.927,5.32724026965514,0,"Student-t",96,0.2
"RSA-CP (OT) (Ours)",0.9075,4.89588182797592,0,"Student-t",96,0.2
"SCP",0.927,5.32724026965514,0,"Student-t",96,0.3
"RSA-CP (OT) (Ours)",0.9125,4.98688001106322,0,"Student-t",96,0.3
"SCP",0.927,5.32724026965514,0,"Student-t",96,0.4
"RSA-CP (OT) (Ours)",0.9065,4.88813465170444,0,"Student-t",96,0.4
"SCP",0.927,5.32724026965514,0,"Student-t",96,0.5
"RSA-CP (OT) (Ours)",0.905,4.86504204285238,0,"Student-t",96,0.5
"SCP",0.9795,11.3476917627959,0,"LogNormal",97,0
"RSA-CP (OT) (Ours)",0.9555,8.509396087132,0,"LogNormal",97,0
"SCP",0.9795,11.3476917627959,0,"LogNormal",97,0.1
"RSA-CP (OT) (Ours)",0.966,9.2558610996899,0,"LogNormal",97,0.1
"SCP",0.9795,11.3476917627959,0,"LogNormal",97,0.2
"RSA-CP (OT) (Ours)",0.957,8.74264912508294,0,"LogNormal",97,0.2
"SCP",0.9795,11.3476917627959,0,"LogNormal",97,0.3
"RSA-CP (OT) (Ours)",0.9445,8.03920258732658,0,"LogNormal",97,0.3
"SCP",0.9795,11.3476917627959,0,"LogNormal",97,0.4
"RSA-CP (OT) (Ours)",0.943,7.95126174319625,0,"LogNormal",97,0.4
"SCP",0.9795,11.3476917627959,0,"LogNormal",97,0.5
"RSA-CP (OT) (Ours)",0.9625,8.96430262408496,0.00999999999999091,"LogNormal",97,0.5
"SCP",0.989,11.3893103063205,0,"Student-t",97,0
"RSA-CP (OT) (Ours)",0.9495,6.38493910279095,0,"Student-t",97,0
"SCP",0.989,11.3893103063205,0,"Student-t",97,0.1
"RSA-CP (OT) (Ours)",0.9575,6.9006408158745,0,"Student-t",97,0.1
"SCP",0.989,11.3893103063205,0,"Student-t",97,0.2
"RSA-CP (OT) (Ours)",0.9585,7.06712883772422,0.0200000000000102,"Student-t",97,0.2
"SCP",0.989,11.3893103063205,0,"Student-t",97,0.3
"RSA-CP (OT) (Ours)",0.953,6.68557404145744,0,"Student-t",97,0.3
"SCP",0.989,11.3893103063205,0,"Student-t",97,0.4
"RSA-CP (OT) (Ours)",0.9575,6.89775620755998,0,"Student-t",97,0.4
"SCP",0.989,11.3893103063205,0,"Student-t",97,0.5
"RSA-CP (OT) (Ours)",0.95,6.40906864463657,0.00999999999999091,"Student-t",97,0.5
"SCP",0.9845,12.15407932488,0,"LogNormal",98,0
"RSA-CP (OT) (Ours)",0.9235,7.21697510047077,0,"LogNormal",98,0
"SCP",0.9845,12.15407932488,0,"LogNormal",98,0.1
"RSA-CP (OT) (Ours)",0.9385,7.81513805826747,0.0200000000000102,"LogNormal",98,0.1
"SCP",0.9845,12.15407932488,0,"LogNormal",98,0.2
"RSA-CP (OT) (Ours)",0.8975,6.4622068413742,0,"LogNormal",98,0.2
"SCP",0.9845,12.15407932488,0,"LogNormal",98,0.3
"RSA-CP (OT) (Ours)",0.9145,6.93323117705238,0,"LogNormal",98,0.3
"SCP",0.9845,12.15407932488,0,"LogNormal",98,0.4
"RSA-CP (OT) (Ours)",0.888,6.29744558633395,0,"LogNormal",98,0.4
"SCP",0.9845,12.15407932488,0,"LogNormal",98,0.5
"RSA-CP (OT) (Ours)",0.9085,6.73946186284442,0.00999999999999091,"LogNormal",98,0.5
"SCP",0.962,7.38500069165621,0,"Student-t",98,0
"RSA-CP (OT) (Ours)",0.9435,6.10035562664095,0,"Student-t",98,0
"SCP",0.962,7.38500069165621,0,"Student-t",98,0.1
"RSA-CP (OT) (Ours)",0.945,6.21545414777479,0,"Student-t",98,0.1
"SCP",0.962,7.38500069165621,0,"Student-t",98,0.2
"RSA-CP (OT) (Ours)",0.9475,6.30218642126522,0,"Student-t",98,0.2
"SCP",0.962,7.38500069165621,0,"Student-t",98,0.3
"RSA-CP (OT) (Ours)",0.9415,5.98518246846366,0,"Student-t",98,0.3
"SCP",0.962,7.38500069165621,0,"Student-t",98,0.4
"RSA-CP (OT) (Ours)",0.9435,6.13980492069682,0,"Student-t",98,0.4
"SCP",0.962,7.38500069165621,0,"Student-t",98,0.5
"RSA-CP (OT) (Ours)",0.9435,6.08213116775056,0,"Student-t",98,0.5
"SCP",0.9575,8.76527359434878,0,"LogNormal",99,0
"RSA-CP (OT) (Ours)",0.914,6.91688064426285,0,"LogNormal",99,0
"SCP",0.9575,8.76527359434878,0,"LogNormal",99,0.1
"RSA-CP (OT) (Ours)",0.915,6.97452063662392,0.0100000000000193,"LogNormal",99,0.1
"SCP",0.9575,8.76527359434878,0,"LogNormal",99,0.2
"RSA-CP (OT) (Ours)",0.9155,6.98439914689195,0,"LogNormal",99,0.2
"SCP",0.9575,8.76527359434878,0,"LogNormal",99,0.3
"RSA-CP (OT) (Ours)",0.893,6.40551343813164,0,"LogNormal",99,0.3
"SCP",0.9575,8.76527359434878,0,"LogNormal",99,0.4
"RSA-CP (OT) (Ours)",0.9145,6.94121099626984,0.0199999999999818,"LogNormal",99,0.4
"SCP",0.9575,8.76527359434878,0,"LogNormal",99,0.5
"RSA-CP (OT) (Ours)",0.907,6.70106605402827,0,"LogNormal",99,0.5
"SCP",0.9515,6.44469440441629,0,"Student-t",99,0
"RSA-CP (OT) (Ours)",0.899,4.69760175498957,0,"Student-t",99,0
"SCP",0.9515,6.44469440441629,0,"Student-t",99,0.1
"RSA-CP (OT) (Ours)",0.8975,4.6665017964212,0.0100000000000193,"Student-t",99,0.1
"SCP",0.9515,6.44469440441629,0,"Student-t",99,0.2
"RSA-CP (OT) (Ours)",0.847,3.774020971509,0,"Student-t",99,0.2
"SCP",0.9515,6.44469440441629,0,"Student-t",99,0.3
"RSA-CP (OT) (Ours)",0.8995,4.70031714737864,0,"Student-t",99,0.3
"SCP",0.9515,6.44469440441629,0,"Student-t",99,0.4
"RSA-CP (OT) (Ours)",0.8815,4.34137567522624,0,"Student-t",99,0.4
"SCP",0.9515,6.44469440441629,0,"Student-t",99,0.5
"RSA-CP (OT) (Ours)",0.8555,3.94500032158385,0,"Student-t",99,0.5
"SCP",0.9625,8.99336062715702,0,"LogNormal",100,0
"RSA-CP (OT) (Ours)",0.9445,8.11394862446301,0.0100000000000193,"LogNormal",100,0
"SCP",0.9625,8.99336062715702,0,"LogNormal",100,0.1
"RSA-CP (OT) (Ours)",0.943,8.00600295635204,0,"LogNormal",100,0.1
"SCP",0.9625,8.99336062715702,0,"LogNormal",100,0.2
"RSA-CP (OT) (Ours)",0.9445,8.08721736766857,0,"LogNormal",100,0.2
"SCP",0.9625,8.99336062715702,0,"LogNormal",100,0.3
"RSA-CP (OT) (Ours)",0.943,7.92878211547622,0,"LogNormal",100,0.3
"SCP",0.9625,8.99336062715702,0,"LogNormal",100,0.4
"RSA-CP (OT) (Ours)",0.939,7.84810637900566,0,"LogNormal",100,0.4
"SCP",0.9625,8.99336062715702,0,"LogNormal",100,0.5
"RSA-CP (OT) (Ours)",0.939,7.83556422829501,0,"LogNormal",100,0.5
"SCP",0.979,9.05947786966726,0,"Student-t",100,0
"RSA-CP (OT) (Ours)",0.962,7.383312556716,0.0200000000000102,"Student-t",100,0
"SCP",0.979,9.05947786966726,0,"Student-t",100,0.1
"RSA-CP (OT) (Ours)",0.9605,7.30799894079754,0,"Student-t",100,0.1
"SCP",0.979,9.05947786966726,0,"Student-t",100,0.2
"RSA-CP (OT) (Ours)",0.962,7.37311692811297,0,"Student-t",100,0.2
"SCP",0.979,9.05947786966726,0,"Student-t",100,0.3
"RSA-CP (OT) (Ours)",0.959,7.22966689851725,0,"Student-t",100,0.3
"SCP",0.979,9.05947786966726,0,"Student-t",100,0.4
"RSA-CP (OT) (Ours)",0.9575,6.91978706208721,0.00999999999999091,"Student-t",100,0.4
"SCP",0.979,9.05947786966726,0,"Student-t",100,0.5
"RSA-CP (OT) (Ours)",0.9585,7.17514049958176,0,"Student-t",100,0.5
