figure,dataset,Method,alpha,target_coverage,n_cal,n_ref,n_test,run_id,run_seed,Coverage,Length,metric_name,method_core,qhat
Figure 8,ImageNet,SCP,0.05,0.95,15,100,15000,0,2492284,1.0,30.0,prediction_set_size,standard_real,1.0
Figure 8,ImageNet,Synthetic-only,0.05,0.95,15,100,15000,0,2492284,0.9214666666666667,3.4587333333333334,prediction_set_size,standard_reference,0.9983046370973695
Figure 8,ImageNet,SPI,0.05,0.95,15,100,15000,0,2492284,0.923,3.577,prediction_set_size,spi_fast_form,0.9985172743306517
Figure 8,ImageNet,RSA-CP (OT) (Ours),0.05,0.95,15,100,15000,0,2492284,1.0,30.0,prediction_set_size,rsa_cp_barycentric_ot_betabin,
Figure 8,ImageNet,SCP,0.05,0.95,15,100,15000,1,6438288,1.0,30.0,prediction_set_size,standard_real,1.0
Figure 8,ImageNet,Synthetic-only,0.05,0.95,15,100,15000,1,6438288,0.8988666666666667,2.599466666666667,prediction_set_size,standard_reference,0.9951207576394652
Figure 8,ImageNet,SPI,0.05,0.95,15,100,15000,1,6438288,0.986,13.709133333333334,prediction_set_size,spi_fast_form,0.9999970513802754
Figure 8,ImageNet,RSA-CP (OT) (Ours),0.05,0.95,15,100,15000,1,6438288,0.9253333333333333,4.1898,prediction_set_size,rsa_cp_barycentric_ot_betabin,
Figure 8,ImageNet,SCP,0.05,0.95,15,100,15000,2,275592,1.0,30.0,prediction_set_size,standard_real,1.0
Figure 8,ImageNet,Synthetic-only,0.05,0.95,15,100,15000,2,275592,0.9042666666666667,2.842,prediction_set_size,standard_reference,0.9964514961224519
Figure 8,ImageNet,SPI,0.05,0.95,15,100,15000,2,275592,0.9602666666666667,7.51,prediction_set_size,spi_fast_form,0.9999192877007196
Figure 8,ImageNet,RSA-CP (OT) (Ours),0.05,0.95,15,100,15000,2,275592,0.9994,29.946133333333332,prediction_set_size,rsa_cp_barycentric_ot_betabin,
Figure 8,ImageNet,SCP,0.05,0.95,15,100,15000,3,2731692,1.0,30.0,prediction_set_size,standard_real,1.0
Figure 8,ImageNet,Synthetic-only,0.05,0.95,15,100,15000,3,2731692,0.9057333333333333,2.7486,prediction_set_size,standard_reference,0.9959489354119051
Figure 8,ImageNet,SPI,0.05,0.95,15,100,15000,3,2731692,0.9824666666666667,12.914666666666667,prediction_set_size,spi_fast_form,0.9999953978828906
Figure 8,ImageNet,RSA-CP (OT) (Ours),0.05,0.95,15,100,15000,3,2731692,0.9999333333333333,29.989133333333335,prediction_set_size,rsa_cp_barycentric_ot_betabin,
Figure 8,ImageNet,SCP,0.05,0.95,15,100,15000,4,1441594,1.0,30.0,prediction_set_size,standard_real,1.0
Figure 8,ImageNet,Synthetic-only,0.05,0.95,15,100,15000,4,1441594,0.9094666666666666,2.852733333333333,prediction_set_size,standard_reference,0.996559270878917
Figure 8,ImageNet,SPI,0.05,0.95,15,100,15000,4,1441594,0.971,9.4554,prediction_set_size,spi_fast_form,0.9999727407147511
Figure 8,ImageNet,RSA-CP (OT) (Ours),0.05,0.95,15,100,15000,4,1441594,0.9797333333333333,26.879066666666667,prediction_set_size,rsa_cp_barycentric_ot_betabin,
Figure 8,ImageNet,SCP,0.05,0.95,15,100,15000,5,7551662,1.0,30.0,prediction_set_size,standard_real,1.0
Figure 8,ImageNet,Synthetic-only,0.05,0.95,15,100,15000,5,7551662,0.9174,3.4792,prediction_set_size,standard_reference,0.9983197411513709
Figure 8,ImageNet,SPI,0.05,0.95,15,100,15000,5,7551662,0.9729333333333333,10.284266666666667,prediction_set_size,spi_fast_form,0.9999824829915102
Figure 8,ImageNet,RSA-CP (OT) (Ours),0.05,0.95,15,100,15000,5,7551662,1.0,30.0,prediction_set_size,rsa_cp_barycentric_ot_betabin,
Figure 8,ImageNet,SCP,0.05,0.95,15,100,15000,6,4731878,1.0,30.0,prediction_set_size,standard_real,1.0
Figure 8,ImageNet,Synthetic-only,0.05,0.95,15,100,15000,6,4731878,0.8979333333333334,2.5572,prediction_set_size,standard_reference,0.9946423177586069
Figure 8,ImageNet,SPI,0.05,0.95,15,100,15000,6,4731878,0.9406666666666667,5.5022,prediction_set_size,spi_fast_form,0.999701744919819
Figure 8,ImageNet,RSA-CP (OT) (Ours),0.05,0.95,15,100,15000,6,4731878,0.9850666666666666,28.660866666666667,prediction_set_size,rsa_cp_barycentric_ot_betabin,
Figure 8,ImageNet,SCP,0.05,0.95,15,100,15000,7,9486483,1.0,30.0,prediction_set_size,standard_real,1.0
Figure 8,ImageNet,Synthetic-only,0.05,0.95,15,100,15000,7,9486483,0.8929333333333334,2.3074,prediction_set_size,standard_reference,0.9922277187881209
Figure 8,ImageNet,SPI,0.05,0.95,15,100,15000,7,9486483,0.9513333333333334,6.2956666666666665,prediction_set_size,spi_fast_form,0.9998288541844006
Figure 8,ImageNet,RSA-CP (OT) (Ours),0.05,0.95,15,100,15000,7,9486483,0.9998666666666667,29.9896,prediction_set_size,rsa_cp_barycentric_ot_betabin,
Figure 8,ImageNet,SCP,0.05,0.95,15,100,15000,8,857393,1.0,30.0,prediction_set_size,standard_real,1.0
Figure 8,ImageNet,Synthetic-only,0.05,0.95,15,100,15000,8,857393,0.8845333333333333,2.2319333333333335,prediction_set_size,standard_reference,0.9911381094992846
Figure 8,ImageNet,SPI,0.05,0.95,15,100,15000,8,857393,0.8909333333333334,2.3585333333333334,prediction_set_size,spi_fast_form,0.9927944929183892
Figure 8,ImageNet,RSA-CP (OT) (Ours),0.05,0.95,15,100,15000,8,857393,0.9998,29.996933333333335,prediction_set_size,rsa_cp_barycentric_ot_betabin,
Figure 8,ImageNet,SCP,0.05,0.95,15,100,15000,9,4233261,1.0,30.0,prediction_set_size,standard_real,1.0
Figure 8,ImageNet,Synthetic-only,0.05,0.95,15,100,15000,9,4233261,0.9279333333333334,4.618733333333333,prediction_set_size,standard_reference,0.9994095244333332
Figure 8,ImageNet,SPI,0.05,0.95,15,100,15000,9,4233261,0.9676666666666667,8.8036,prediction_set_size,spi_fast_form,0.9999600558557984
Figure 8,ImageNet,RSA-CP (OT) (Ours),0.05,0.95,15,100,15000,9,4233261,1.0,30.0,prediction_set_size,rsa_cp_barycentric_ot_betabin,
Figure 8,ImageNet,SCP,0.05,0.95,15,100,15000,10,9504621,1.0,30.0,prediction_set_size,standard_real,1.0
Figure 8,ImageNet,Synthetic-only,0.05,0.95,15,100,15000,10,9504621,0.894,2.4309333333333334,prediction_set_size,standard_reference,0.9934795790910368
Figure 8,ImageNet,SPI,0.05,0.95,15,100,15000,10,9504621,0.9732,9.804666666666666,prediction_set_size,spi_fast_form,0.9999768621010648
Figure 8,ImageNet,RSA-CP (OT) (Ours),0.05,0.95,15,100,15000,10,9504621,0.9454666666666667,5.877466666666667,prediction_set_size,rsa_cp_barycentric_ot_betabin,
Figure 8,ImageNet,SCP,0.05,0.95,15,100,15000,11,5118207,1.0,30.0,prediction_set_size,standard_real,1.0
Figure 8,ImageNet,Synthetic-only,0.05,0.95,15,100,15000,11,5118207,0.9142666666666667,3.0895333333333332,prediction_set_size,standard_reference,0.9974082245582641
Figure 8,ImageNet,SPI,0.05,0.95,15,100,15000,11,5118207,0.9976,27.5088,prediction_set_size,spi_fast_form,0.9999992845033506
Figure 8,ImageNet,RSA-CP (OT) (Ours),0.05,0.95,15,100,15000,11,5118207,1.0,30.0,prediction_set_size,rsa_cp_barycentric_ot_betabin,
Figure 8,ImageNet,SCP,0.05,0.95,15,100,15000,12,8690244,1.0,30.0,prediction_set_size,standard_real,1.0
Figure 8,ImageNet,Synthetic-only,0.05,0.95,15,100,15000,12,8690244,0.9498,6.239533333333333,prediction_set_size,standard_reference,0.9998169346606962
Figure 8,ImageNet,SPI,0.05,0.95,15,100,15000,12,8690244,0.9812666666666666,12.326133333333333,prediction_set_size,spi_fast_form,0.9999936148103509
Figure 8,ImageNet,RSA-CP (OT) (Ours),0.05,0.95,15,100,15000,12,8690244,1.0,29.999,prediction_set_size,rsa_cp_barycentric_ot_betabin,
Figure 8,ImageNet,SCP,0.05,0.95,15,100,15000,13,8229426,1.0,30.0,prediction_set_size,standard_real,1.0
Figure 8,ImageNet,Synthetic-only,0.05,0.95,15,100,15000,13,8229426,0.8905333333333333,2.2552,prediction_set_size,standard_reference,0.9915737165215953
Figure 8,ImageNet,SPI,0.05,0.95,15,100,15000,13,8229426,0.9727333333333333,9.436066666666667,prediction_set_size,spi_fast_form,0.9999717881551338
Figure 8,ImageNet,RSA-CP (OT) (Ours),0.05,0.95,15,100,15000,13,8229426,0.9603333333333334,25.34026666666667,prediction_set_size,rsa_cp_barycentric_ot_betabin,
Figure 8,ImageNet,SCP,0.05,0.95,15,100,15000,14,348525,1.0,30.0,prediction_set_size,standard_real,1.0
Figure 8,ImageNet,Synthetic-only,0.05,0.95,15,100,15000,14,348525,0.9572,7.1574,prediction_set_size,standard_reference,0.9998961901733231
Figure 8,ImageNet,SPI,0.05,0.95,15,100,15000,14,348525,0.9658,8.4348,prediction_set_size,spi_fast_form,0.9999504601632341
Figure 8,ImageNet,RSA-CP (OT) (Ours),0.05,0.95,15,100,15000,14,348525,1.0,30.0,prediction_set_size,rsa_cp_barycentric_ot_betabin,
Figure 8,ImageNet,SCP,0.05,0.95,15,100,15000,15,8277021,1.0,30.0,prediction_set_size,standard_real,1.0
Figure 8,ImageNet,Synthetic-only,0.05,0.95,15,100,15000,15,8277021,0.91,2.7566,prediction_set_size,standard_reference,0.9960249006300543
Figure 8,ImageNet,SPI,0.05,0.95,15,100,15000,15,8277021,0.9528,6.427,prediction_set_size,spi_fast_form,0.9998411948053925
Figure 8,ImageNet,RSA-CP (OT) (Ours),0.05,0.95,15,100,15000,15,8277021,0.9235333333333333,25.56126666666667,prediction_set_size,rsa_cp_barycentric_ot_betabin,
Figure 8,ImageNet,SCP,0.05,0.95,15,100,15000,16,3118312,1.0,30.0,prediction_set_size,standard_real,1.0
Figure 8,ImageNet,Synthetic-only,0.05,0.95,15,100,15000,16,3118312,0.8602666666666666,1.8187333333333333,prediction_set_size,standard_reference,0.9808303154036818
Figure 8,ImageNet,SPI,0.05,0.95,15,100,15000,16,3118312,0.9786,11.127533333333334,prediction_set_size,spi_fast_form,0.9999883097661856
Figure 8,ImageNet,RSA-CP (OT) (Ours),0.05,0.95,15,100,15000,16,3118312,0.9894666666666667,27.493466666666666,prediction_set_size,rsa_cp_barycentric_ot_betabin,
Figure 8,ImageNet,SCP,0.05,0.95,15,100,15000,17,4091990,1.0,30.0,prediction_set_size,standard_real,1.0
Figure 8,ImageNet,Synthetic-only,0.05,0.95,15,100,15000,17,4091990,0.9224,3.592,prediction_set_size,standard_reference,0.9985779192747576
Figure 8,ImageNet,SPI,0.05,0.95,15,100,15000,17,4091990,0.9582666666666667,6.769933333333333,prediction_set_size,spi_fast_form,0.9998785362208537
Figure 8,ImageNet,RSA-CP (OT) (Ours),0.05,0.95,15,100,15000,17,4091990,0.9748666666666667,27.8174,prediction_set_size,rsa_cp_barycentric_ot_betabin,
Figure 8,ImageNet,SCP,0.05,0.95,15,100,15000,18,2569919,1.0,30.0,prediction_set_size,standard_real,1.0
Figure 8,ImageNet,Synthetic-only,0.05,0.95,15,100,15000,18,2569919,0.9053333333333333,2.8734,prediction_set_size,standard_reference,0.9965709863141544
Figure 8,ImageNet,SPI,0.05,0.95,15,100,15000,18,2569919,0.9856666666666667,13.998,prediction_set_size,spi_fast_form,0.9999973280780777
Figure 8,ImageNet,RSA-CP (OT) (Ours),0.05,0.95,15,100,15000,18,2569919,0.9999333333333333,29.9676,prediction_set_size,rsa_cp_barycentric_ot_betabin,
Figure 8,ImageNet,SCP,0.05,0.95,15,100,15000,19,5495936,1.0,30.0,prediction_set_size,standard_real,1.0
Figure 8,ImageNet,Synthetic-only,0.05,0.95,15,100,15000,19,5495936,0.895,2.454,prediction_set_size,standard_reference,0.9939211167819663
Figure 8,ImageNet,SPI,0.05,0.95,15,100,15000,19,5495936,0.9952666666666666,26.0394,prediction_set_size,spi_fast_form,0.9999991035978442
Figure 8,ImageNet,RSA-CP (OT) (Ours),0.05,0.95,15,100,15000,19,5495936,0.9361333333333334,5.1852,prediction_set_size,rsa_cp_barycentric_ot_betabin,
Figure 8,ImageNet,SCP,0.05,0.95,15,250,15000,0,2492284,1.0,30.0,prediction_set_size,standard_real,1.0
Figure 8,ImageNet,Synthetic-only,0.05,0.95,15,250,15000,0,2492284,0.8847333333333334,2.1466,prediction_set_size,standard_reference,0.9900160067111249
Figure 8,ImageNet,SPI,0.05,0.95,15,250,15000,0,2492284,0.8922,2.2897333333333334,prediction_set_size,spi_fast_form,0.9922048378617038
Figure 8,ImageNet,RSA-CP (OT) (Ours),0.05,0.95,15,250,15000,0,2492284,0.8596666666666667,1.8042666666666667,prediction_set_size,rsa_cp_barycentric_ot_betabin,
Figure 8,ImageNet,SCP,0.05,0.95,15,250,15000,1,6438288,1.0,30.0,prediction_set_size,standard_real,1.0
Figure 8,ImageNet,Synthetic-only,0.05,0.95,15,250,15000,1,6438288,0.9111333333333334,3.0984,prediction_set_size,standard_reference,0.9974423973123439
Figure 8,ImageNet,SPI,0.05,0.95,15,250,15000,1,6438288,0.986,13.709133333333334,prediction_set_size,spi_fast_form,0.9999970513802754
Figure 8,ImageNet,RSA-CP (OT) (Ours),0.05,0.95,15,250,15000,1,6438288,0.9468666666666666,5.9964,prediction_set_size,rsa_cp_barycentric_ot_betabin,
Figure 8,ImageNet,SCP,0.05,0.95,15,250,15000,2,275592,1.0,30.0,prediction_set_size,standard_real,1.0
Figure 8,ImageNet,Synthetic-only,0.05,0.95,15,250,15000,2,275592,0.9042666666666667,2.842,prediction_set_size,standard_reference,0.9964514961224519
Figure 8,ImageNet,SPI,0.05,0.95,15,250,15000,2,275592,0.9602666666666667,7.51,prediction_set_size,spi_fast_form,0.9999192877007196
Figure 8,ImageNet,RSA-CP (OT) (Ours),0.05,0.95,15,250,15000,2,275592,0.9590666666666666,7.417533333333333,prediction_set_size,rsa_cp_barycentric_ot_betabin,
Figure 8,ImageNet,SCP,0.05,0.95,15,250,15000,3,2731692,1.0,30.0,prediction_set_size,standard_real,1.0
Figure 8,ImageNet,Synthetic-only,0.05,0.95,15,250,15000,3,2731692,0.8852666666666666,2.2169333333333334,prediction_set_size,standard_reference,0.9910637764512645
Figure 8,ImageNet,SPI,0.05,0.95,15,250,15000,3,2731692,0.9824666666666667,12.914666666666667,prediction_set_size,spi_fast_form,0.9999953978828906
Figure 8,ImageNet,RSA-CP (OT) (Ours),0.05,0.95,15,250,15000,3,2731692,0.9824,12.863933333333334,prediction_set_size,rsa_cp_barycentric_ot_betabin,
Figure 8,ImageNet,SCP,0.05,0.95,15,250,15000,4,1441594,1.0,30.0,prediction_set_size,standard_real,1.0
Figure 8,ImageNet,Synthetic-only,0.05,0.95,15,250,15000,4,1441594,0.9004,2.5145333333333335,prediction_set_size,standard_reference,0.9944464747797603
Figure 8,ImageNet,SPI,0.05,0.95,15,250,15000,4,1441594,0.971,9.4554,prediction_set_size,spi_fast_form,0.9999727407147511
Figure 8,ImageNet,RSA-CP (OT) (Ours),0.05,0.95,15,250,15000,4,1441594,0.9579333333333333,7.0620666666666665,prediction_set_size,rsa_cp_barycentric_ot_betabin,
Figure 8,ImageNet,SCP,0.05,0.95,15,250,15000,5,7551662,1.0,30.0,prediction_set_size,standard_real,1.0
Figure 8,ImageNet,Synthetic-only,0.05,0.95,15,250,15000,5,7551662,0.9125333333333333,3.0934,prediction_set_size,standard_reference,0.9973975144405431
Figure 8,ImageNet,SPI,0.05,0.95,15,250,15000,5,7551662,0.9729333333333333,10.284266666666667,prediction_set_size,spi_fast_form,0.9999824829915102
Figure 8,ImageNet,RSA-CP (OT) (Ours),0.05,0.95,15,250,15000,5,7551662,1.0,30.0,prediction_set_size,rsa_cp_barycentric_ot_betabin,
Figure 8,ImageNet,SCP,0.05,0.95,15,250,15000,6,4731878,1.0,30.0,prediction_set_size,standard_real,1.0
Figure 8,ImageNet,Synthetic-only,0.05,0.95,15,250,15000,6,4731878,0.8992666666666667,2.6082666666666667,prediction_set_size,standard_reference,0.995037624477832
Figure 8,ImageNet,SPI,0.05,0.95,15,250,15000,6,4731878,0.9406666666666667,5.5022,prediction_set_size,spi_fast_form,0.999701744919819
Figure 8,ImageNet,RSA-CP (OT) (Ours),0.05,0.95,15,250,15000,6,4731878,0.9273333333333333,4.3226,prediction_set_size,rsa_cp_barycentric_ot_betabin,
Figure 8,ImageNet,SCP,0.05,0.95,15,250,15000,7,9486483,1.0,30.0,prediction_set_size,standard_real,1.0
Figure 8,ImageNet,Synthetic-only,0.05,0.95,15,250,15000,7,9486483,0.919,3.473866666666667,prediction_set_size,standard_reference,0.9983159405051268
Figure 8,ImageNet,SPI,0.05,0.95,15,250,15000,7,9486483,0.9513333333333334,6.2956666666666665,prediction_set_size,spi_fast_form,0.9998288541844006
Figure 8,ImageNet,RSA-CP (OT) (Ours),0.05,0.95,15,250,15000,7,9486483,1.0,30.0,prediction_set_size,rsa_cp_barycentric_ot_betabin,
Figure 8,ImageNet,SCP,0.05,0.95,15,250,15000,8,857393,1.0,30.0,prediction_set_size,standard_real,1.0
Figure 8,ImageNet,Synthetic-only,0.05,0.95,15,250,15000,8,857393,0.8981333333333333,2.5194,prediction_set_size,standard_reference,0.9944055792034848
Figure 8,ImageNet,SPI,0.05,0.95,15,250,15000,8,857393,0.8981333333333333,2.522466666666667,prediction_set_size,spi_fast_form,0.9944306018816217
Figure 8,ImageNet,RSA-CP (OT) (Ours),0.05,0.95,15,250,15000,8,857393,0.873,2.0414666666666665,prediction_set_size,rsa_cp_barycentric_ot_betabin,
Figure 8,ImageNet,SCP,0.05,0.95,15,250,15000,9,4233261,1.0,30.0,prediction_set_size,standard_real,1.0
Figure 8,ImageNet,Synthetic-only,0.05,0.95,15,250,15000,9,4233261,0.9140666666666667,3.3208,prediction_set_size,standard_reference,0.9979445797650882
Figure 8,ImageNet,SPI,0.05,0.95,15,250,15000,9,4233261,0.9676666666666667,8.8036,prediction_set_size,spi_fast_form,0.9999600558557984
Figure 8,ImageNet,RSA-CP (OT) (Ours),0.05,0.95,15,250,15000,9,4233261,1.0,30.0,prediction_set_size,rsa_cp_barycentric_ot_betabin,
Figure 8,ImageNet,SCP,0.05,0.95,15,250,15000,10,9504621,1.0,30.0,prediction_set_size,standard_real,1.0
Figure 8,ImageNet,Synthetic-only,0.05,0.95,15,250,15000,10,9504621,0.8897333333333334,2.3315333333333332,prediction_set_size,standard_reference,0.9923974404375736
Figure 8,ImageNet,SPI,0.05,0.95,15,250,15000,10,9504621,0.9732,9.804666666666666,prediction_set_size,spi_fast_form,0.9999768621010648
Figure 8,ImageNet,RSA-CP (OT) (Ours),0.05,0.95,15,250,15000,10,9504621,0.9526,6.4932,prediction_set_size,rsa_cp_barycentric_ot_betabin,
Figure 8,ImageNet,SCP,0.05,0.95,15,250,15000,11,5118207,1.0,30.0,prediction_set_size,standard_real,1.0
Figure 8,ImageNet,Synthetic-only,0.05,0.95,15,250,15000,11,5118207,0.9054666666666666,2.695666666666667,prediction_set_size,standard_reference,0.9957012117776186
Figure 8,ImageNet,SPI,0.05,0.95,15,250,15000,11,5118207,0.9976,27.5088,prediction_set_size,spi_fast_form,0.9999992845033506
Figure 8,ImageNet,RSA-CP (OT) (Ours),0.05,0.95,15,250,15000,11,5118207,0.9807333333333333,11.821133333333334,prediction_set_size,rsa_cp_barycentric_ot_betabin,
Figure 8,ImageNet,SCP,0.05,0.95,15,250,15000,12,8690244,1.0,30.0,prediction_set_size,standard_real,1.0
Figure 8,ImageNet,Synthetic-only,0.05,0.95,15,250,15000,12,8690244,0.904,2.737,prediction_set_size,standard_reference,0.99589207372988
Figure 8,ImageNet,SPI,0.05,0.95,15,250,15000,12,8690244,0.9812666666666666,12.326133333333333,prediction_set_size,spi_fast_form,0.9999936148103509
Figure 8,ImageNet,RSA-CP (OT) (Ours),0.05,0.95,15,250,15000,12,8690244,0.9812666666666666,12.314666666666668,prediction_set_size,rsa_cp_barycentric_ot_betabin,
Figure 8,ImageNet,SCP,0.05,0.95,15,250,15000,13,8229426,1.0,30.0,prediction_set_size,standard_real,1.0
Figure 8,ImageNet,Synthetic-only,0.05,0.95,15,250,15000,13,8229426,0.8756666666666667,2.01,prediction_set_size,standard_reference,0.9870056350465591
Figure 8,ImageNet,SPI,0.05,0.95,15,250,15000,13,8229426,0.9727333333333333,9.436066666666667,prediction_set_size,spi_fast_form,0.9999717881551338
Figure 8,ImageNet,RSA-CP (OT) (Ours),0.05,0.95,15,250,15000,13,8229426,0.9336666666666666,4.836866666666666,prediction_set_size,rsa_cp_barycentric_ot_betabin,
Figure 8,ImageNet,SCP,0.05,0.95,15,250,15000,14,348525,1.0,30.0,prediction_set_size,standard_real,1.0
Figure 8,ImageNet,Synthetic-only,0.05,0.95,15,250,15000,14,348525,0.9156,3.412,prediction_set_size,standard_reference,0.9981183670456525
Figure 8,ImageNet,SPI,0.05,0.95,15,250,15000,14,348525,0.9658,8.4348,prediction_set_size,spi_fast_form,0.9999504601632341
Figure 8,ImageNet,RSA-CP (OT) (Ours),0.05,0.95,15,250,15000,14,348525,0.9658,8.4042,prediction_set_size,rsa_cp_barycentric_ot_betabin,
Figure 8,ImageNet,SCP,0.05,0.95,15,250,15000,15,8277021,1.0,30.0,prediction_set_size,standard_real,1.0
Figure 8,ImageNet,Synthetic-only,0.05,0.95,15,250,15000,15,8277021,0.9265333333333333,3.9117333333333333,prediction_set_size,standard_reference,0.9989108570716483
Figure 8,ImageNet,SPI,0.05,0.95,15,250,15000,15,8277021,0.9528,6.427,prediction_set_size,spi_fast_form,0.9998411948053925
Figure 8,ImageNet,RSA-CP (OT) (Ours),0.05,0.95,15,250,15000,15,8277021,0.945,5.7258,prediction_set_size,rsa_cp_barycentric_ot_betabin,
Figure 8,ImageNet,SCP,0.05,0.95,15,250,15000,16,3118312,1.0,30.0,prediction_set_size,standard_real,1.0
Figure 8,ImageNet,Synthetic-only,0.05,0.95,15,250,15000,16,3118312,0.8814,2.1084,prediction_set_size,standard_reference,0.9890571010112454
Figure 8,ImageNet,SPI,0.05,0.95,15,250,15000,16,3118312,0.9786,11.127533333333334,prediction_set_size,spi_fast_form,0.9999883097661856
Figure 8,ImageNet,RSA-CP (OT) (Ours),0.05,0.95,15,250,15000,16,3118312,0.9732666666666666,9.861466666666667,prediction_set_size,rsa_cp_barycentric_ot_betabin,
Figure 8,ImageNet,SCP,0.05,0.95,15,250,15000,17,4091990,1.0,30.0,prediction_set_size,standard_real,1.0
Figure 8,ImageNet,Synthetic-only,0.05,0.95,15,250,15000,17,4091990,0.9148666666666667,2.994266666666667,prediction_set_size,standard_reference,0.9972211292497609
Figure 8,ImageNet,SPI,0.05,0.95,15,250,15000,17,4091990,0.9582666666666667,6.769933333333333,prediction_set_size,spi_fast_form,0.9998785362208537
Figure 8,ImageNet,RSA-CP (OT) (Ours),0.05,0.95,15,250,15000,17,4091990,0.9272,4.039733333333333,prediction_set_size,rsa_cp_barycentric_ot_betabin,
Figure 8,ImageNet,SCP,0.05,0.95,15,250,15000,18,2569919,1.0,30.0,prediction_set_size,standard_real,1.0
Figure 8,ImageNet,Synthetic-only,0.05,0.95,15,250,15000,18,2569919,0.9096,3.0638,prediction_set_size,standard_reference,0.997267709605775
Figure 8,ImageNet,SPI,0.05,0.95,15,250,15000,18,2569919,0.9856666666666667,13.998,prediction_set_size,spi_fast_form,0.9999973280780777
Figure 8,ImageNet,RSA-CP (OT) (Ours),0.05,0.95,15,250,15000,18,2569919,0.9852,13.757133333333334,prediction_set_size,rsa_cp_barycentric_ot_betabin,
Figure 8,ImageNet,SCP,0.05,0.95,15,250,15000,19,5495936,1.0,30.0,prediction_set_size,standard_real,1.0
Figure 8,ImageNet,Synthetic-only,0.05,0.95,15,250,15000,19,5495936,0.8764666666666666,2.0568666666666666,prediction_set_size,standard_reference,0.9882953149981272
Figure 8,ImageNet,SPI,0.05,0.95,15,250,15000,19,5495936,0.9952666666666666,26.0394,prediction_set_size,spi_fast_form,0.9999991035978442
Figure 8,ImageNet,RSA-CP (OT) (Ours),0.05,0.95,15,250,15000,19,5495936,0.9266,4.369066666666667,prediction_set_size,rsa_cp_barycentric_ot_betabin,
Figure 8,ImageNet,SCP,0.05,0.95,15,500,15000,0,2492284,1.0,30.0,prediction_set_size,standard_real,1.0
Figure 8,ImageNet,Synthetic-only,0.05,0.95,15,500,15000,0,2492284,0.8832,2.1201333333333334,prediction_set_size,standard_reference,0.9895428034772384
Figure 8,ImageNet,SPI,0.05,0.95,15,500,15000,0,2492284,0.8842666666666666,2.1399333333333335,prediction_set_size,spi_fast_form,0.9899077538933593
Figure 8,ImageNet,RSA-CP (OT) (Ours),0.05,0.95,15,500,15000,0,2492284,0.862,1.8354666666666666,prediction_set_size,rsa_cp_barycentric_ot_betabin,
Figure 8,ImageNet,SCP,0.05,0.95,15,500,15000,1,6438288,1.0,30.0,prediction_set_size,standard_real,1.0
Figure 8,ImageNet,Synthetic-only,0.05,0.95,15,500,15000,1,6438288,0.9111333333333334,3.0984,prediction_set_size,standard_reference,0.9974423973123439
Figure 8,ImageNet,SPI,0.05,0.95,15,500,15000,1,6438288,0.986,13.709133333333334,prediction_set_size,spi_fast_form,0.9999970513802754
Figure 8,ImageNet,RSA-CP (OT) (Ours),0.05,0.95,15,500,15000,1,6438288,0.9374,5.2516,prediction_set_size,rsa_cp_barycentric_ot_betabin,
Figure 8,ImageNet,SCP,0.05,0.95,15,500,15000,2,275592,1.0,30.0,prediction_set_size,standard_real,1.0
Figure 8,ImageNet,Synthetic-only,0.05,0.95,15,500,15000,2,275592,0.9042666666666667,2.842,prediction_set_size,standard_reference,0.9964514961224519
Figure 8,ImageNet,SPI,0.05,0.95,15,500,15000,2,275592,0.9602666666666667,7.51,prediction_set_size,spi_fast_form,0.9999192877007196
Figure 8,ImageNet,RSA-CP (OT) (Ours),0.05,0.95,15,500,15000,2,275592,0.9590666666666666,7.4244666666666665,prediction_set_size,rsa_cp_barycentric_ot_betabin,
Figure 8,ImageNet,SCP,0.05,0.95,15,500,15000,3,2731692,1.0,30.0,prediction_set_size,standard_real,1.0
Figure 8,ImageNet,Synthetic-only,0.05,0.95,15,500,15000,3,2731692,0.874,2.013733333333333,prediction_set_size,standard_reference,0.9870207667939416
Figure 8,ImageNet,SPI,0.05,0.95,15,500,15000,3,2731692,0.9824666666666667,12.914666666666667,prediction_set_size,spi_fast_form,0.9999953978828906
Figure 8,ImageNet,RSA-CP (OT) (Ours),0.05,0.95,15,500,15000,3,2731692,0.9820666666666666,12.798933333333334,prediction_set_size,rsa_cp_barycentric_ot_betabin,
Figure 8,ImageNet,SCP,0.05,0.95,15,500,15000,4,1441594,1.0,30.0,prediction_set_size,standard_real,1.0
Figure 8,ImageNet,Synthetic-only,0.05,0.95,15,500,15000,4,1441594,0.8864666666666666,2.207666666666667,prediction_set_size,standard_reference,0.9908770716563151
Figure 8,ImageNet,SPI,0.05,0.95,15,500,15000,4,1441594,0.971,9.4554,prediction_set_size,spi_fast_form,0.9999727407147511
Figure 8,ImageNet,RSA-CP (OT) (Ours),0.05,0.95,15,500,15000,4,1441594,0.9426666666666667,5.683,prediction_set_size,rsa_cp_barycentric_ot_betabin,
Figure 8,ImageNet,SCP,0.05,0.95,15,500,15000,5,7551662,1.0,30.0,prediction_set_size,standard_real,1.0
Figure 8,ImageNet,Synthetic-only,0.05,0.95,15,500,15000,5,7551662,0.903,2.647266666666667,prediction_set_size,standard_reference,0.9954414580252692
Figure 8,ImageNet,SPI,0.05,0.95,15,500,15000,5,7551662,0.9729333333333333,10.284266666666667,prediction_set_size,spi_fast_form,0.9999824829915102
Figure 8,ImageNet,RSA-CP (OT) (Ours),0.05,0.95,15,500,15000,5,7551662,0.9286,22.319066666666668,prediction_set_size,rsa_cp_barycentric_ot_betabin,
Figure 8,ImageNet,SCP,0.05,0.95,15,500,15000,6,4731878,1.0,30.0,prediction_set_size,standard_real,1.0
Figure 8,ImageNet,Synthetic-only,0.05,0.95,15,500,15000,6,4731878,0.8896,2.3486666666666665,prediction_set_size,standard_reference,0.9926252875280154
Figure 8,ImageNet,SPI,0.05,0.95,15,500,15000,6,4731878,0.9406666666666667,5.5022,prediction_set_size,spi_fast_form,0.999701744919819
Figure 8,ImageNet,RSA-CP (OT) (Ours),0.05,0.95,15,500,15000,6,4731878,0.9186666666666666,3.4955333333333334,prediction_set_size,rsa_cp_barycentric_ot_betabin,
Figure 8,ImageNet,SCP,0.05,0.95,15,500,15000,7,9486483,1.0,30.0,prediction_set_size,standard_real,1.0
Figure 8,ImageNet,Synthetic-only,0.05,0.95,15,500,15000,7,9486483,0.919,3.473866666666667,prediction_set_size,standard_reference,0.9983159405051268
Figure 8,ImageNet,SPI,0.05,0.95,15,500,15000,7,9486483,0.9513333333333334,6.2956666666666665,prediction_set_size,spi_fast_form,0.9998288541844006
Figure 8,ImageNet,RSA-CP (OT) (Ours),0.05,0.95,15,500,15000,7,9486483,1.0,29.999,prediction_set_size,rsa_cp_barycentric_ot_betabin,
Figure 8,ImageNet,SCP,0.05,0.95,15,500,15000,8,857393,1.0,30.0,prediction_set_size,standard_real,1.0
Figure 8,ImageNet,Synthetic-only,0.05,0.95,15,500,15000,8,857393,0.8922,2.3856,prediction_set_size,standard_reference,0.9930852742114417
Figure 8,ImageNet,SPI,0.05,0.95,15,500,15000,8,857393,0.8932,2.4066666666666667,prediction_set_size,spi_fast_form,0.9933215381018977
Figure 8,ImageNet,RSA-CP (OT) (Ours),0.05,0.95,15,500,15000,8,857393,0.8727333333333334,2.0370666666666666,prediction_set_size,rsa_cp_barycentric_ot_betabin,
Figure 8,ImageNet,SCP,0.05,0.95,15,500,15000,9,4233261,1.0,30.0,prediction_set_size,standard_real,1.0
Figure 8,ImageNet,Synthetic-only,0.05,0.95,15,500,15000,9,4233261,0.9013333333333333,2.700066666666667,prediction_set_size,standard_reference,0.9955847782362829
Figure 8,ImageNet,SPI,0.05,0.95,15,500,15000,9,4233261,0.9676666666666667,8.8036,prediction_set_size,spi_fast_form,0.9999600558557984
Figure 8,ImageNet,RSA-CP (OT) (Ours),0.05,0.95,15,500,15000,9,4233261,0.8887333333333334,2.3350666666666666,prediction_set_size,rsa_cp_barycentric_ot_betabin,
Figure 8,ImageNet,SCP,0.05,0.95,15,500,15000,10,9504621,1.0,30.0,prediction_set_size,standard_real,1.0
Figure 8,ImageNet,Synthetic-only,0.05,0.95,15,500,15000,10,9504621,0.8916666666666667,2.3718666666666666,prediction_set_size,standard_reference,0.9928545497737497
Figure 8,ImageNet,SPI,0.05,0.95,15,500,15000,10,9504621,0.9732,9.804666666666666,prediction_set_size,spi_fast_form,0.9999768621010648
Figure 8,ImageNet,RSA-CP (OT) (Ours),0.05,0.95,15,500,15000,10,9504621,0.9496,6.194866666666667,prediction_set_size,rsa_cp_barycentric_ot_betabin,
Figure 8,ImageNet,SCP,0.05,0.95,15,500,15000,11,5118207,1.0,30.0,prediction_set_size,standard_real,1.0
Figure 8,ImageNet,Synthetic-only,0.05,0.95,15,500,15000,11,5118207,0.8960666666666667,2.3874666666666666,prediction_set_size,standard_reference,0.9932551659135344
Figure 8,ImageNet,SPI,0.05,0.95,15,500,15000,11,5118207,0.9976,27.5088,prediction_set_size,spi_fast_form,0.9999992845033506
Figure 8,ImageNet,RSA-CP (OT) (Ours),0.05,0.95,15,500,15000,11,5118207,0.9782,11.172,prediction_set_size,rsa_cp_barycentric_ot_betabin,
Figure 8,ImageNet,SCP,0.05,0.95,15,500,15000,12,8690244,1.0,30.0,prediction_set_size,standard_real,1.0
Figure 8,ImageNet,Synthetic-only,0.05,0.95,15,500,15000,12,8690244,0.9048,2.767,prediction_set_size,standard_reference,0.9960371065601774
Figure 8,ImageNet,SPI,0.05,0.95,15,500,15000,12,8690244,0.9812666666666666,12.326133333333333,prediction_set_size,spi_fast_form,0.9999936148103509
Figure 8,ImageNet,RSA-CP (OT) (Ours),0.05,0.95,15,500,15000,12,8690244,0.9812666666666666,12.297866666666666,prediction_set_size,rsa_cp_barycentric_ot_betabin,
Figure 8,ImageNet,SCP,0.05,0.95,15,500,15000,13,8229426,1.0,30.0,prediction_set_size,standard_real,1.0
Figure 8,ImageNet,Synthetic-only,0.05,0.95,15,500,15000,13,8229426,0.91,2.8181333333333334,prediction_set_size,standard_reference,0.9962575605721455
Figure 8,ImageNet,SPI,0.05,0.95,15,500,15000,13,8229426,0.9727333333333333,9.436066666666667,prediction_set_size,spi_fast_form,0.9999717881551338
Figure 8,ImageNet,RSA-CP (OT) (Ours),0.05,0.95,15,500,15000,13,8229426,0.9462666666666667,5.895066666666667,prediction_set_size,rsa_cp_barycentric_ot_betabin,
Figure 8,ImageNet,SCP,0.05,0.95,15,500,15000,14,348525,1.0,30.0,prediction_set_size,standard_real,1.0
Figure 8,ImageNet,Synthetic-only,0.05,0.95,15,500,15000,14,348525,0.9138,3.2696666666666667,prediction_set_size,standard_reference,0.9977968298447448
Figure 8,ImageNet,SPI,0.05,0.95,15,500,15000,14,348525,0.9658,8.4348,prediction_set_size,spi_fast_form,0.9999504601632341
Figure 8,ImageNet,RSA-CP (OT) (Ours),0.05,0.95,15,500,15000,14,348525,0.9656,8.387466666666667,prediction_set_size,rsa_cp_barycentric_ot_betabin,
Figure 8,ImageNet,SCP,0.05,0.95,15,500,15000,15,8277021,1.0,30.0,prediction_set_size,standard_real,1.0
Figure 8,ImageNet,Synthetic-only,0.05,0.95,15,500,15000,15,8277021,0.9141333333333334,2.933333333333333,prediction_set_size,standard_reference,0.9968587877735969
Figure 8,ImageNet,SPI,0.05,0.95,15,500,15000,15,8277021,0.9528,6.427,prediction_set_size,spi_fast_form,0.9998411948053925
Figure 8,ImageNet,RSA-CP (OT) (Ours),0.05,0.95,15,500,15000,15,8277021,0.8952666666666667,2.325266666666667,prediction_set_size,rsa_cp_barycentric_ot_betabin,
Figure 8,ImageNet,SCP,0.05,0.95,15,500,15000,16,3118312,1.0,30.0,prediction_set_size,standard_real,1.0
Figure 8,ImageNet,Synthetic-only,0.05,0.95,15,500,15000,16,3118312,0.8814,2.1084,prediction_set_size,standard_reference,0.9890571010112454
Figure 8,ImageNet,SPI,0.05,0.95,15,500,15000,16,3118312,0.9786,11.127533333333334,prediction_set_size,spi_fast_form,0.9999883097661856
Figure 8,ImageNet,RSA-CP (OT) (Ours),0.05,0.95,15,500,15000,16,3118312,0.9717333333333333,9.4482,prediction_set_size,rsa_cp_barycentric_ot_betabin,
Figure 8,ImageNet,SCP,0.05,0.95,15,500,15000,17,4091990,1.0,30.0,prediction_set_size,standard_real,1.0
Figure 8,ImageNet,Synthetic-only,0.05,0.95,15,500,15000,17,4091990,0.9108666666666667,2.7836666666666665,prediction_set_size,standard_reference,0.9963598087624339
Figure 8,ImageNet,SPI,0.05,0.95,15,500,15000,17,4091990,0.9582666666666667,6.769933333333333,prediction_set_size,spi_fast_form,0.9998785362208537
Figure 8,ImageNet,RSA-CP (OT) (Ours),0.05,0.95,15,500,15000,17,4091990,0.9315333333333333,4.414333333333333,prediction_set_size,rsa_cp_barycentric_ot_betabin,
Figure 8,ImageNet,SCP,0.05,0.95,15,500,15000,18,2569919,1.0,30.0,prediction_set_size,standard_real,1.0
Figure 8,ImageNet,Synthetic-only,0.05,0.95,15,500,15000,18,2569919,0.9090666666666667,3.0287333333333333,prediction_set_size,standard_reference,0.9971554069802715
Figure 8,ImageNet,SPI,0.05,0.95,15,500,15000,18,2569919,0.9856666666666667,13.998,prediction_set_size,spi_fast_form,0.9999973280780777
Figure 8,ImageNet,RSA-CP (OT) (Ours),0.05,0.95,15,500,15000,18,2569919,0.9847333333333333,13.512,prediction_set_size,rsa_cp_barycentric_ot_betabin,
Figure 8,ImageNet,SCP,0.05,0.95,15,500,15000,19,5495936,1.0,30.0,prediction_set_size,standard_real,1.0
Figure 8,ImageNet,Synthetic-only,0.05,0.95,15,500,15000,19,5495936,0.8764,2.050133333333333,prediction_set_size,standard_reference,0.9881551442569815
Figure 8,ImageNet,SPI,0.05,0.95,15,500,15000,19,5495936,0.9952666666666666,26.0394,prediction_set_size,spi_fast_form,0.9999991035978442
Figure 8,ImageNet,RSA-CP (OT) (Ours),0.05,0.95,15,500,15000,19,5495936,0.9218,3.8922,prediction_set_size,rsa_cp_barycentric_ot_betabin,
Figure 8,ImageNet,SCP,0.05,0.95,15,1000,15000,0,2492284,1.0,30.0,prediction_set_size,standard_real,1.0
Figure 8,ImageNet,Synthetic-only,0.05,0.95,15,1000,15000,0,2492284,0.8931333333333333,2.312666666666667,prediction_set_size,standard_reference,0.9924873791077301
Figure 8,ImageNet,SPI,0.05,0.95,15,1000,15000,0,2492284,0.8948,2.341066666666667,prediction_set_size,spi_fast_form,0.99281550059823
Figure 8,ImageNet,RSA-CP (OT) (Ours),0.05,0.95,15,1000,15000,0,2492284,0.8618666666666667,1.8328,prediction_set_size,rsa_cp_barycentric_ot_betabin,
Figure 8,ImageNet,SCP,0.05,0.95,15,1000,15000,1,6438288,1.0,30.0,prediction_set_size,standard_real,1.0
Figure 8,ImageNet,Synthetic-only,0.05,0.95,15,1000,15000,1,6438288,0.9019333333333334,2.707533333333333,prediction_set_size,standard_reference,0.995801843568487
Figure 8,ImageNet,SPI,0.05,0.95,15,1000,15000,1,6438288,0.986,13.709133333333334,prediction_set_size,spi_fast_form,0.9999970513802754
Figure 8,ImageNet,RSA-CP (OT) (Ours),0.05,0.95,15,1000,15000,1,6438288,0.9241333333333334,4.053,prediction_set_size,rsa_cp_barycentric_ot_betabin,
Figure 8,ImageNet,SCP,0.05,0.95,15,1000,15000,2,275592,1.0,30.0,prediction_set_size,standard_real,1.0
Figure 8,ImageNet,Synthetic-only,0.05,0.95,15,1000,15000,2,275592,0.8982,2.5997333333333335,prediction_set_size,standard_reference,0.9950572056554131
Figure 8,ImageNet,SPI,0.05,0.95,15,1000,15000,2,275592,0.9602666666666667,7.51,prediction_set_size,spi_fast_form,0.9999192877007196
Figure 8,ImageNet,RSA-CP (OT) (Ours),0.05,0.95,15,1000,15000,2,275592,0.9586666666666667,7.3742,prediction_set_size,rsa_cp_barycentric_ot_betabin,
Figure 8,ImageNet,SCP,0.05,0.95,15,1000,15000,3,2731692,1.0,30.0,prediction_set_size,standard_real,1.0
Figure 8,ImageNet,Synthetic-only,0.05,0.95,15,1000,15000,3,2731692,0.8823333333333333,2.157,prediction_set_size,standard_reference,0.9900222946134286
Figure 8,ImageNet,SPI,0.05,0.95,15,1000,15000,3,2731692,0.9824666666666667,12.914666666666667,prediction_set_size,spi_fast_form,0.9999953978828906
Figure 8,ImageNet,RSA-CP (OT) (Ours),0.05,0.95,15,1000,15000,3,2731692,0.9823333333333333,12.8358,prediction_set_size,rsa_cp_barycentric_ot_betabin,
Figure 8,ImageNet,SCP,0.05,0.95,15,1000,15000,4,1441594,1.0,30.0,prediction_set_size,standard_real,1.0
Figure 8,ImageNet,Synthetic-only,0.05,0.95,15,1000,15000,4,1441594,0.905,2.6729333333333334,prediction_set_size,standard_reference,0.9955939261945743
Figure 8,ImageNet,SPI,0.05,0.95,15,1000,15000,4,1441594,0.971,9.4554,prediction_set_size,spi_fast_form,0.9999727407147511
Figure 8,ImageNet,RSA-CP (OT) (Ours),0.05,0.95,15,1000,15000,4,1441594,0.9531333333333334,6.5868,prediction_set_size,rsa_cp_barycentric_ot_betabin,
Figure 8,ImageNet,SCP,0.05,0.95,15,1000,15000,5,7551662,1.0,30.0,prediction_set_size,standard_real,1.0
Figure 8,ImageNet,Synthetic-only,0.05,0.95,15,1000,15000,5,7551662,0.9066666666666666,2.777066666666667,prediction_set_size,standard_reference,0.9961445687129538
Figure 8,ImageNet,SPI,0.05,0.95,15,1000,15000,5,7551662,0.9729333333333333,10.284266666666667,prediction_set_size,spi_fast_form,0.9999824829915102
Figure 8,ImageNet,RSA-CP (OT) (Ours),0.05,0.95,15,1000,15000,5,7551662,0.8910666666666667,2.3118666666666665,prediction_set_size,rsa_cp_barycentric_ot_betabin,
Figure 8,ImageNet,SCP,0.05,0.95,15,1000,15000,6,4731878,1.0,30.0,prediction_set_size,standard_real,1.0
Figure 8,ImageNet,Synthetic-only,0.05,0.95,15,1000,15000,6,4731878,0.9064,2.8192666666666666,prediction_set_size,standard_reference,0.9962886457849359
Figure 8,ImageNet,SPI,0.05,0.95,15,1000,15000,6,4731878,0.9406666666666667,5.5022,prediction_set_size,spi_fast_form,0.999701744919819
Figure 8,ImageNet,RSA-CP (OT) (Ours),0.05,0.95,15,1000,15000,6,4731878,0.9251333333333334,4.087466666666667,prediction_set_size,rsa_cp_barycentric_ot_betabin,
Figure 8,ImageNet,SCP,0.05,0.95,15,1000,15000,7,9486483,1.0,30.0,prediction_set_size,standard_real,1.0
Figure 8,ImageNet,Synthetic-only,0.05,0.95,15,1000,15000,7,9486483,0.9118666666666667,2.9795333333333334,prediction_set_size,standard_reference,0.9970391196348027
Figure 8,ImageNet,SPI,0.05,0.95,15,1000,15000,7,9486483,0.9513333333333334,6.2956666666666665,prediction_set_size,spi_fast_form,0.9998288541844006
Figure 8,ImageNet,RSA-CP (OT) (Ours),0.05,0.95,15,1000,15000,7,9486483,0.9512,6.284666666666666,prediction_set_size,rsa_cp_barycentric_ot_betabin,
Figure 8,ImageNet,SCP,0.05,0.95,15,1000,15000,8,857393,1.0,30.0,prediction_set_size,standard_real,1.0
Figure 8,ImageNet,Synthetic-only,0.05,0.95,15,1000,15000,8,857393,0.8981333333333333,2.522466666666667,prediction_set_size,standard_reference,0.9944306018816217
Figure 8,ImageNet,SPI,0.05,0.95,15,1000,15000,8,857393,0.8985333333333333,2.5412,prediction_set_size,spi_fast_form,0.9945755197851596
Figure 8,ImageNet,RSA-CP (OT) (Ours),0.05,0.95,15,1000,15000,8,857393,0.8724666666666666,2.0322666666666667,prediction_set_size,rsa_cp_barycentric_ot_betabin,
Figure 8,ImageNet,SCP,0.05,0.95,15,1000,15000,9,4233261,1.0,30.0,prediction_set_size,standard_real,1.0
Figure 8,ImageNet,Synthetic-only,0.05,0.95,15,1000,15000,9,4233261,0.9058,2.856733333333333,prediction_set_size,standard_reference,0.9964347670742821
Figure 8,ImageNet,SPI,0.05,0.95,15,1000,15000,9,4233261,0.9676666666666667,8.8036,prediction_set_size,spi_fast_form,0.9999600558557984
Figure 8,ImageNet,RSA-CP (OT) (Ours),0.05,0.95,15,1000,15000,9,4233261,0.8958,2.526133333333333,prediction_set_size,rsa_cp_barycentric_ot_betabin,
Figure 8,ImageNet,SCP,0.05,0.95,15,1000,15000,10,9504621,1.0,30.0,prediction_set_size,standard_real,1.0
Figure 8,ImageNet,Synthetic-only,0.05,0.95,15,1000,15000,10,9504621,0.8959333333333334,2.4708666666666668,prediction_set_size,standard_reference,0.9938913581795339
Figure 8,ImageNet,SPI,0.05,0.95,15,1000,15000,10,9504621,0.9732,9.804666666666666,prediction_set_size,spi_fast_form,0.9999768621010648
Figure 8,ImageNet,RSA-CP (OT) (Ours),0.05,0.95,15,1000,15000,10,9504621,0.9484666666666667,6.121133333333334,prediction_set_size,rsa_cp_barycentric_ot_betabin,
Figure 8,ImageNet,SCP,0.05,0.95,15,1000,15000,11,5118207,1.0,30.0,prediction_set_size,standard_real,1.0
Figure 8,ImageNet,Synthetic-only,0.05,0.95,15,1000,15000,11,5118207,0.8896666666666667,2.2536,prediction_set_size,standard_reference,0.9916468444780572
Figure 8,ImageNet,SPI,0.05,0.95,15,1000,15000,11,5118207,0.9976,27.5088,prediction_set_size,spi_fast_form,0.9999992845033506
Figure 8,ImageNet,RSA-CP (OT) (Ours),0.05,0.95,15,1000,15000,11,5118207,0.9762,10.529733333333333,prediction_set_size,rsa_cp_barycentric_ot_betabin,
Figure 8,ImageNet,SCP,0.05,0.95,15,1000,15000,12,8690244,1.0,30.0,prediction_set_size,standard_real,1.0
Figure 8,ImageNet,Synthetic-only,0.05,0.95,15,1000,15000,12,8690244,0.9022,2.6717333333333335,prediction_set_size,standard_reference,0.9955138321975258
Figure 8,ImageNet,SPI,0.05,0.95,15,1000,15000,12,8690244,0.9812666666666666,12.326133333333333,prediction_set_size,spi_fast_form,0.9999936148103509
Figure 8,ImageNet,RSA-CP (OT) (Ours),0.05,0.95,15,1000,15000,12,8690244,0.9812666666666666,12.2876,prediction_set_size,rsa_cp_barycentric_ot_betabin,
Figure 8,ImageNet,SCP,0.05,0.95,15,1000,15000,13,8229426,1.0,30.0,prediction_set_size,standard_real,1.0
Figure 8,ImageNet,Synthetic-only,0.05,0.95,15,1000,15000,13,8229426,0.9128666666666667,2.9346,prediction_set_size,standard_reference,0.9967810718013758
Figure 8,ImageNet,SPI,0.05,0.95,15,1000,15000,13,8229426,0.9727333333333333,9.436066666666667,prediction_set_size,spi_fast_form,0.9999717881551338
Figure 8,ImageNet,RSA-CP (OT) (Ours),0.05,0.95,15,1000,15000,13,8229426,0.9388,5.262133333333334,prediction_set_size,rsa_cp_barycentric_ot_betabin,
Figure 8,ImageNet,SCP,0.05,0.95,15,1000,15000,14,348525,1.0,30.0,prediction_set_size,standard_real,1.0
Figure 8,ImageNet,Synthetic-only,0.05,0.95,15,1000,15000,14,348525,0.9087333333333333,2.9928,prediction_set_size,standard_reference,0.9969370431787703
Figure 8,ImageNet,SPI,0.05,0.95,15,1000,15000,14,348525,0.9658,8.4348,prediction_set_size,spi_fast_form,0.9999504601632341
Figure 8,ImageNet,RSA-CP (OT) (Ours),0.05,0.95,15,1000,15000,14,348525,0.9654666666666667,8.355466666666667,prediction_set_size,rsa_cp_barycentric_ot_betabin,
Figure 8,ImageNet,SCP,0.05,0.95,15,1000,15000,15,8277021,1.0,30.0,prediction_set_size,standard_real,1.0
Figure 8,ImageNet,Synthetic-only,0.05,0.95,15,1000,15000,15,8277021,0.9078,2.6661333333333332,prediction_set_size,standard_reference,0.9955165195538215
Figure 8,ImageNet,SPI,0.05,0.95,15,1000,15000,15,8277021,0.9528,6.427,prediction_set_size,spi_fast_form,0.9998411948053925
Figure 8,ImageNet,RSA-CP (OT) (Ours),0.05,0.95,15,1000,15000,15,8277021,0.8909333333333334,2.2226666666666666,prediction_set_size,rsa_cp_barycentric_ot_betabin,
Figure 8,ImageNet,SCP,0.05,0.95,15,1000,15000,16,3118312,1.0,30.0,prediction_set_size,standard_real,1.0
Figure 8,ImageNet,Synthetic-only,0.05,0.95,15,1000,15000,16,3118312,0.8901333333333333,2.2904666666666667,prediction_set_size,standard_reference,0.9919711953789698
Figure 8,ImageNet,SPI,0.05,0.95,15,1000,15000,16,3118312,0.9786,11.127533333333334,prediction_set_size,spi_fast_form,0.9999883097661856
Figure 8,ImageNet,RSA-CP (OT) (Ours),0.05,0.95,15,1000,15000,16,3118312,0.9724,9.673066666666667,prediction_set_size,rsa_cp_barycentric_ot_betabin,
Figure 8,ImageNet,SCP,0.05,0.95,15,1000,15000,17,4091990,1.0,30.0,prediction_set_size,standard_real,1.0
Figure 8,ImageNet,Synthetic-only,0.05,0.95,15,1000,15000,17,4091990,0.9114,2.8152,prediction_set_size,standard_reference,0.9965066985660128
Figure 8,ImageNet,SPI,0.05,0.95,15,1000,15000,17,4091990,0.9582666666666667,6.769933333333333,prediction_set_size,spi_fast_form,0.9998785362208537
Figure 8,ImageNet,RSA-CP (OT) (Ours),0.05,0.95,15,1000,15000,17,4091990,0.9266,3.9696,prediction_set_size,rsa_cp_barycentric_ot_betabin,
Figure 8,ImageNet,SCP,0.05,0.95,15,1000,15000,18,2569919,1.0,30.0,prediction_set_size,standard_real,1.0
Figure 8,ImageNet,Synthetic-only,0.05,0.95,15,1000,15000,18,2569919,0.8990666666666667,2.6727333333333334,prediction_set_size,standard_reference,0.9955417806816632
Figure 8,ImageNet,SPI,0.05,0.95,15,1000,15000,18,2569919,0.9856666666666667,13.998,prediction_set_size,spi_fast_form,0.9999973280780777
Figure 8,ImageNet,RSA-CP (OT) (Ours),0.05,0.95,15,1000,15000,18,2569919,0.9835333333333334,13.3018,prediction_set_size,rsa_cp_barycentric_ot_betabin,
Figure 8,ImageNet,SCP,0.05,0.95,15,1000,15000,19,5495936,1.0,30.0,prediction_set_size,standard_real,1.0
Figure 8,ImageNet,Synthetic-only,0.05,0.95,15,1000,15000,19,5495936,0.9026666666666666,2.686733333333333,prediction_set_size,standard_reference,0.9956371169273885
Figure 8,ImageNet,SPI,0.05,0.95,15,1000,15000,19,5495936,0.9952666666666666,26.0394,prediction_set_size,spi_fast_form,0.9999991035978442
Figure 8,ImageNet,RSA-CP (OT) (Ours),0.05,0.95,15,1000,15000,19,5495936,0.9256666666666666,4.251133333333334,prediction_set_size,rsa_cp_barycentric_ot_betabin,
Figure 8,ImageNet,SCP,0.05,0.95,15,1500,15000,0,2492284,1.0,30.0,prediction_set_size,standard_real,1.0
Figure 8,ImageNet,Synthetic-only,0.05,0.95,15,1500,15000,0,2492284,0.9036666666666666,2.5976,prediction_set_size,standard_reference,0.9951596298041406
Figure 8,ImageNet,SPI,0.05,0.95,15,1500,15000,0,2492284,0.9047333333333333,2.6375333333333333,prediction_set_size,spi_fast_form,0.9954178638738932
Figure 8,ImageNet,RSA-CP (OT) (Ours),0.05,0.95,15,1500,15000,0,2492284,0.8633333333333333,1.8449333333333333,prediction_set_size,rsa_cp_barycentric_ot_betabin,
Figure 8,ImageNet,SCP,0.05,0.95,15,1500,15000,1,6438288,1.0,30.0,prediction_set_size,standard_real,1.0
Figure 8,ImageNet,Synthetic-only,0.05,0.95,15,1500,15000,1,6438288,0.8965333333333333,2.5298666666666665,prediction_set_size,standard_reference,0.994614148409182
Figure 8,ImageNet,SPI,0.05,0.95,15,1500,15000,1,6438288,0.986,13.709133333333334,prediction_set_size,spi_fast_form,0.9999970513802754
Figure 8,ImageNet,RSA-CP (OT) (Ours),0.05,0.95,15,1500,15000,1,6438288,0.9218,3.831733333333333,prediction_set_size,rsa_cp_barycentric_ot_betabin,
Figure 8,ImageNet,SCP,0.05,0.95,15,1500,15000,2,275592,1.0,30.0,prediction_set_size,standard_real,1.0
Figure 8,ImageNet,Synthetic-only,0.05,0.95,15,1500,15000,2,275592,0.9066,2.9347333333333334,prediction_set_size,standard_reference,0.9968517279143184
Figure 8,ImageNet,SPI,0.05,0.95,15,1500,15000,2,275592,0.9602666666666667,7.51,prediction_set_size,spi_fast_form,0.9999192877007196
Figure 8,ImageNet,RSA-CP (OT) (Ours),0.05,0.95,15,1500,15000,2,275592,0.9591333333333333,7.4286666666666665,prediction_set_size,rsa_cp_barycentric_ot_betabin,
Figure 8,ImageNet,SCP,0.05,0.95,15,1500,15000,3,2731692,1.0,30.0,prediction_set_size,standard_real,1.0
Figure 8,ImageNet,Synthetic-only,0.05,0.95,15,1500,15000,3,2731692,0.8879333333333334,2.2644,prediction_set_size,standard_reference,0.991747970424335
Figure 8,ImageNet,SPI,0.05,0.95,15,1500,15000,3,2731692,0.9824666666666667,12.914666666666667,prediction_set_size,spi_fast_form,0.9999953978828906
Figure 8,ImageNet,RSA-CP (OT) (Ours),0.05,0.95,15,1500,15000,3,2731692,0.9823333333333333,12.818066666666667,prediction_set_size,rsa_cp_barycentric_ot_betabin,
Figure 8,ImageNet,SCP,0.05,0.95,15,1500,15000,4,1441594,1.0,30.0,prediction_set_size,standard_real,1.0
Figure 8,ImageNet,Synthetic-only,0.05,0.95,15,1500,15000,4,1441594,0.9023333333333333,2.566133333333333,prediction_set_size,standard_reference,0.9948656732918704
Figure 8,ImageNet,SPI,0.05,0.95,15,1500,15000,4,1441594,0.971,9.4554,prediction_set_size,spi_fast_form,0.9999727407147511
Figure 8,ImageNet,RSA-CP (OT) (Ours),0.05,0.95,15,1500,15000,4,1441594,0.9476,6.0728,prediction_set_size,rsa_cp_barycentric_ot_betabin,
Figure 8,ImageNet,SCP,0.05,0.95,15,1500,15000,5,7551662,1.0,30.0,prediction_set_size,standard_real,1.0
Figure 8,ImageNet,Synthetic-only,0.05,0.95,15,1500,15000,5,7551662,0.9069333333333334,2.7869333333333333,prediction_set_size,standard_reference,0.996194528861489
Figure 8,ImageNet,SPI,0.05,0.95,15,1500,15000,5,7551662,0.9729333333333333,10.284266666666667,prediction_set_size,spi_fast_form,0.9999824829915102
Figure 8,ImageNet,RSA-CP (OT) (Ours),0.05,0.95,15,1500,15000,5,7551662,0.8917333333333334,2.3248,prediction_set_size,rsa_cp_barycentric_ot_betabin,
Figure 8,ImageNet,SCP,0.05,0.95,15,1500,15000,6,4731878,1.0,30.0,prediction_set_size,standard_real,1.0
Figure 8,ImageNet,Synthetic-only,0.05,0.95,15,1500,15000,6,4731878,0.9069333333333334,2.836533333333333,prediction_set_size,standard_reference,0.9963716046905237
Figure 8,ImageNet,SPI,0.05,0.95,15,1500,15000,6,4731878,0.9406666666666667,5.5022,prediction_set_size,spi_fast_form,0.999701744919819
Figure 8,ImageNet,RSA-CP (OT) (Ours),0.05,0.95,15,1500,15000,6,4731878,0.925,4.073,prediction_set_size,rsa_cp_barycentric_ot_betabin,
Figure 8,ImageNet,SCP,0.05,0.95,15,1500,15000,7,9486483,1.0,30.0,prediction_set_size,standard_real,1.0
Figure 8,ImageNet,Synthetic-only,0.05,0.95,15,1500,15000,7,9486483,0.9116,2.9480666666666666,prediction_set_size,standard_reference,0.9969152805574782
Figure 8,ImageNet,SPI,0.05,0.95,15,1500,15000,7,9486483,0.9513333333333334,6.2956666666666665,prediction_set_size,spi_fast_form,0.9998288541844006
Figure 8,ImageNet,RSA-CP (OT) (Ours),0.05,0.95,15,1500,15000,7,9486483,0.9512,6.284666666666666,prediction_set_size,rsa_cp_barycentric_ot_betabin,
Figure 8,ImageNet,SCP,0.05,0.95,15,1500,15000,8,857393,1.0,30.0,prediction_set_size,standard_real,1.0
Figure 8,ImageNet,Synthetic-only,0.05,0.95,15,1500,15000,8,857393,0.8992666666666667,2.558333333333333,prediction_set_size,standard_reference,0.9947091876153225
Figure 8,ImageNet,SPI,0.05,0.95,15,1500,15000,8,857393,0.8994666666666666,2.5656666666666665,prediction_set_size,spi_fast_form,0.9947613770148742
Figure 8,ImageNet,RSA-CP (OT) (Ours),0.05,0.95,15,1500,15000,8,857393,0.8724666666666666,2.032,prediction_set_size,rsa_cp_barycentric_ot_betabin,
Figure 8,ImageNet,SCP,0.05,0.95,15,1500,15000,9,4233261,1.0,30.0,prediction_set_size,standard_real,1.0
Figure 8,ImageNet,Synthetic-only,0.05,0.95,15,1500,15000,9,4233261,0.9049333333333334,2.8311333333333333,prediction_set_size,standard_reference,0.9963179813790277
Figure 8,ImageNet,SPI,0.05,0.95,15,1500,15000,9,4233261,0.9676666666666667,8.8036,prediction_set_size,spi_fast_form,0.9999600558557984
Figure 8,ImageNet,RSA-CP (OT) (Ours),0.05,0.95,15,1500,15000,9,4233261,0.8906666666666667,2.3819333333333335,prediction_set_size,rsa_cp_barycentric_ot_betabin,
Figure 8,ImageNet,SCP,0.05,0.95,15,1500,15000,10,9504621,1.0,30.0,prediction_set_size,standard_real,1.0
Figure 8,ImageNet,Synthetic-only,0.05,0.95,15,1500,15000,10,9504621,0.8994,2.5846666666666667,prediction_set_size,standard_reference,0.9948360513662278
Figure 8,ImageNet,SPI,0.05,0.95,15,1500,15000,10,9504621,0.9732,9.804666666666666,prediction_set_size,spi_fast_form,0.9999768621010648
Figure 8,ImageNet,RSA-CP (OT) (Ours),0.05,0.95,15,1500,15000,10,9504621,0.9484,6.1114,prediction_set_size,rsa_cp_barycentric_ot_betabin,
Figure 8,ImageNet,SCP,0.05,0.95,15,1500,15000,11,5118207,1.0,30.0,prediction_set_size,standard_real,1.0
Figure 8,ImageNet,Synthetic-only,0.05,0.95,15,1500,15000,11,5118207,0.8896666666666667,2.2536,prediction_set_size,standard_reference,0.9916468444780572
Figure 8,ImageNet,SPI,0.05,0.95,15,1500,15000,11,5118207,0.9976,27.5088,prediction_set_size,spi_fast_form,0.9999992845033506
Figure 8,ImageNet,RSA-CP (OT) (Ours),0.05,0.95,15,1500,15000,11,5118207,0.974,9.957533333333334,prediction_set_size,rsa_cp_barycentric_ot_betabin,
Figure 8,ImageNet,SCP,0.05,0.95,15,1500,15000,12,8690244,1.0,30.0,prediction_set_size,standard_real,1.0
Figure 8,ImageNet,Synthetic-only,0.05,0.95,15,1500,15000,12,8690244,0.9025333333333333,2.6858666666666666,prediction_set_size,standard_reference,0.9956030045432809
Figure 8,ImageNet,SPI,0.05,0.95,15,1500,15000,12,8690244,0.9812666666666666,12.326133333333333,prediction_set_size,spi_fast_form,0.9999936148103509
Figure 8,ImageNet,RSA-CP (OT) (Ours),0.05,0.95,15,1500,15000,12,8690244,0.9812666666666666,12.291333333333334,prediction_set_size,rsa_cp_barycentric_ot_betabin,
Figure 8,ImageNet,SCP,0.05,0.95,15,1500,15000,13,8229426,1.0,30.0,prediction_set_size,standard_real,1.0
Figure 8,ImageNet,Synthetic-only,0.05,0.95,15,1500,15000,13,8229426,0.9162,3.1039333333333334,prediction_set_size,standard_reference,0.9973714269947259
Figure 8,ImageNet,SPI,0.05,0.95,15,1500,15000,13,8229426,0.9727333333333333,9.436066666666667,prediction_set_size,spi_fast_form,0.9999717881551338
Figure 8,ImageNet,RSA-CP (OT) (Ours),0.05,0.95,15,1500,15000,13,8229426,0.9422,5.5206,prediction_set_size,rsa_cp_barycentric_ot_betabin,
Figure 8,ImageNet,SCP,0.05,0.95,15,1500,15000,14,348525,1.0,30.0,prediction_set_size,standard_real,1.0
Figure 8,ImageNet,Synthetic-only,0.05,0.95,15,1500,15000,14,348525,0.9087333333333333,2.9928,prediction_set_size,standard_reference,0.9969370431787703
Figure 8,ImageNet,SPI,0.05,0.95,15,1500,15000,14,348525,0.9658,8.4348,prediction_set_size,spi_fast_form,0.9999504601632341
Figure 8,ImageNet,RSA-CP (OT) (Ours),0.05,0.95,15,1500,15000,14,348525,0.9654,8.3284,prediction_set_size,rsa_cp_barycentric_ot_betabin,
Figure 8,ImageNet,SCP,0.05,0.95,15,1500,15000,15,8277021,1.0,30.0,prediction_set_size,standard_real,1.0
Figure 8,ImageNet,Synthetic-only,0.05,0.95,15,1500,15000,15,8277021,0.9034,2.5487333333333333,prediction_set_size,standard_reference,0.9947133049208647
Figure 8,ImageNet,SPI,0.05,0.95,15,1500,15000,15,8277021,0.9528,6.427,prediction_set_size,spi_fast_form,0.9998411948053925
Figure 8,ImageNet,RSA-CP (OT) (Ours),0.05,0.95,15,1500,15000,15,8277021,0.8842666666666666,2.1055333333333333,prediction_set_size,rsa_cp_barycentric_ot_betabin,
Figure 8,ImageNet,SCP,0.05,0.95,15,1500,15000,16,3118312,1.0,30.0,prediction_set_size,standard_real,1.0
Figure 8,ImageNet,Synthetic-only,0.05,0.95,15,1500,15000,16,3118312,0.8827333333333334,2.131666666666667,prediction_set_size,standard_reference,0.989508296132567
Figure 8,ImageNet,SPI,0.05,0.95,15,1500,15000,16,3118312,0.9786,11.127533333333334,prediction_set_size,spi_fast_form,0.9999883097661856
Figure 8,ImageNet,RSA-CP (OT) (Ours),0.05,0.95,15,1500,15000,16,3118312,0.9708,9.152533333333333,prediction_set_size,rsa_cp_barycentric_ot_betabin,
Figure 8,ImageNet,SCP,0.05,0.95,15,1500,15000,17,4091990,1.0,30.0,prediction_set_size,standard_real,1.0
Figure 8,ImageNet,Synthetic-only,0.05,0.95,15,1500,15000,17,4091990,0.9114666666666666,2.819733333333333,prediction_set_size,standard_reference,0.996526671344259
Figure 8,ImageNet,SPI,0.05,0.95,15,1500,15000,17,4091990,0.9582666666666667,6.769933333333333,prediction_set_size,spi_fast_form,0.9998785362208537
Figure 8,ImageNet,RSA-CP (OT) (Ours),0.05,0.95,15,1500,15000,17,4091990,0.9240666666666667,3.7053333333333334,prediction_set_size,rsa_cp_barycentric_ot_betabin,
Figure 8,ImageNet,SCP,0.05,0.95,15,1500,15000,18,2569919,1.0,30.0,prediction_set_size,standard_real,1.0
Figure 8,ImageNet,Synthetic-only,0.05,0.95,15,1500,15000,18,2569919,0.8910666666666667,2.4182,prediction_set_size,standard_reference,0.9934762198964748
Figure 8,ImageNet,SPI,0.05,0.95,15,1500,15000,18,2569919,0.9856666666666667,13.998,prediction_set_size,spi_fast_form,0.9999973280780777
Figure 8,ImageNet,RSA-CP (OT) (Ours),0.05,0.95,15,1500,15000,18,2569919,0.9820666666666666,13.06,prediction_set_size,rsa_cp_barycentric_ot_betabin,
Figure 8,ImageNet,SCP,0.05,0.95,15,1500,15000,19,5495936,1.0,30.0,prediction_set_size,standard_real,1.0
Figure 8,ImageNet,Synthetic-only,0.05,0.95,15,1500,15000,19,5495936,0.8928666666666667,2.4042,prediction_set_size,standard_reference,0.9934114161012766
Figure 8,ImageNet,SPI,0.05,0.95,15,1500,15000,19,5495936,0.9952666666666666,26.0394,prediction_set_size,spi_fast_form,0.9999991035978442
Figure 8,ImageNet,RSA-CP (OT) (Ours),0.05,0.95,15,1500,15000,19,5495936,0.9270666666666667,4.3964,prediction_set_size,rsa_cp_barycentric_ot_betabin,
Figure 8,ImageNet,SCP,0.05,0.95,15,2000,15000,0,2492284,1.0,30.0,prediction_set_size,standard_real,1.0
Figure 8,ImageNet,Synthetic-only,0.05,0.95,15,2000,15000,0,2492284,0.9024,2.543066666666667,prediction_set_size,standard_reference,0.9947583174197349
Figure 8,ImageNet,SPI,0.05,0.95,15,2000,15000,0,2492284,0.9024666666666666,2.5534666666666666,prediction_set_size,spi_fast_form,0.9948418025522983
Figure 8,ImageNet,RSA-CP (OT) (Ours),0.05,0.95,15,2000,15000,0,2492284,0.8639333333333333,1.8484666666666667,prediction_set_size,rsa_cp_barycentric_ot_betabin,
Figure 8,ImageNet,SCP,0.05,0.95,15,2000,15000,1,6438288,1.0,30.0,prediction_set_size,standard_real,1.0
Figure 8,ImageNet,Synthetic-only,0.05,0.95,15,2000,15000,1,6438288,0.8988666666666667,2.599466666666667,prediction_set_size,standard_reference,0.9951207576394652
Figure 8,ImageNet,SPI,0.05,0.95,15,2000,15000,1,6438288,0.986,13.709133333333334,prediction_set_size,spi_fast_form,0.9999970513802754
Figure 8,ImageNet,RSA-CP (OT) (Ours),0.05,0.95,15,2000,15000,1,6438288,0.9232,3.9360666666666666,prediction_set_size,rsa_cp_barycentric_ot_betabin,
Figure 8,ImageNet,SCP,0.05,0.95,15,2000,15000,2,275592,1.0,30.0,prediction_set_size,standard_real,1.0
Figure 8,ImageNet,Synthetic-only,0.05,0.95,15,2000,15000,2,275592,0.9059333333333334,2.9082666666666666,prediction_set_size,standard_reference,0.9967464973774066
Figure 8,ImageNet,SPI,0.05,0.95,15,2000,15000,2,275592,0.9602666666666667,7.51,prediction_set_size,spi_fast_form,0.9999192877007196
Figure 8,ImageNet,RSA-CP (OT) (Ours),0.05,0.95,15,2000,15000,2,275592,0.9587333333333333,7.3922,prediction_set_size,rsa_cp_barycentric_ot_betabin,
Figure 8,ImageNet,SCP,0.05,0.95,15,2000,15000,3,2731692,1.0,30.0,prediction_set_size,standard_real,1.0
Figure 8,ImageNet,Synthetic-only,0.05,0.95,15,2000,15000,3,2731692,0.8879333333333334,2.2644,prediction_set_size,standard_reference,0.991747970424335
Figure 8,ImageNet,SPI,0.05,0.95,15,2000,15000,3,2731692,0.9824666666666667,12.914666666666667,prediction_set_size,spi_fast_form,0.9999953978828906
Figure 8,ImageNet,RSA-CP (OT) (Ours),0.05,0.95,15,2000,15000,3,2731692,0.9822666666666666,12.816066666666666,prediction_set_size,rsa_cp_barycentric_ot_betabin,
Figure 8,ImageNet,SCP,0.05,0.95,15,2000,15000,4,1441594,1.0,30.0,prediction_set_size,standard_real,1.0
Figure 8,ImageNet,Synthetic-only,0.05,0.95,15,2000,15000,4,1441594,0.9009333333333334,2.5276666666666667,prediction_set_size,standard_reference,0.9945576121118943
Figure 8,ImageNet,SPI,0.05,0.95,15,2000,15000,4,1441594,0.971,9.4554,prediction_set_size,spi_fast_form,0.9999727407147511
Figure 8,ImageNet,RSA-CP (OT) (Ours),0.05,0.95,15,2000,15000,4,1441594,0.9412666666666667,5.600666666666666,prediction_set_size,rsa_cp_barycentric_ot_betabin,
Figure 8,ImageNet,SCP,0.05,0.95,15,2000,15000,5,7551662,1.0,30.0,prediction_set_size,standard_real,1.0
Figure 8,ImageNet,Synthetic-only,0.05,0.95,15,2000,15000,5,7551662,0.9069333333333334,2.7869333333333333,prediction_set_size,standard_reference,0.996194528861489
Figure 8,ImageNet,SPI,0.05,0.95,15,2000,15000,5,7551662,0.9729333333333333,10.284266666666667,prediction_set_size,spi_fast_form,0.9999824829915102
Figure 8,ImageNet,RSA-CP (OT) (Ours),0.05,0.95,15,2000,15000,5,7551662,0.8921333333333333,2.3349333333333333,prediction_set_size,rsa_cp_barycentric_ot_betabin,
Figure 8,ImageNet,SCP,0.05,0.95,15,2000,15000,6,4731878,1.0,30.0,prediction_set_size,standard_real,1.0
Figure 8,ImageNet,Synthetic-only,0.05,0.95,15,2000,15000,6,4731878,0.9072,2.851933333333333,prediction_set_size,standard_reference,0.9964435452940967
Figure 8,ImageNet,SPI,0.05,0.95,15,2000,15000,6,4731878,0.9406666666666667,5.5022,prediction_set_size,spi_fast_form,0.999701744919819
Figure 8,ImageNet,RSA-CP (OT) (Ours),0.05,0.95,15,2000,15000,6,4731878,0.9257333333333333,4.179,prediction_set_size,rsa_cp_barycentric_ot_betabin,
Figure 8,ImageNet,SCP,0.05,0.95,15,2000,15000,7,9486483,1.0,30.0,prediction_set_size,standard_real,1.0
Figure 8,ImageNet,Synthetic-only,0.05,0.95,15,2000,15000,7,9486483,0.9113333333333333,2.929866666666667,prediction_set_size,standard_reference,0.9968391105968735
Figure 8,ImageNet,SPI,0.05,0.95,15,2000,15000,7,9486483,0.9513333333333334,6.2956666666666665,prediction_set_size,spi_fast_form,0.9998288541844006
Figure 8,ImageNet,RSA-CP (OT) (Ours),0.05,0.95,15,2000,15000,7,9486483,0.9512,6.2816,prediction_set_size,rsa_cp_barycentric_ot_betabin,
Figure 8,ImageNet,SCP,0.05,0.95,15,2000,15000,8,857393,1.0,30.0,prediction_set_size,standard_real,1.0
Figure 8,ImageNet,Synthetic-only,0.05,0.95,15,2000,15000,8,857393,0.8994666666666666,2.5656666666666665,prediction_set_size,standard_reference,0.9947613770148742
Figure 8,ImageNet,SPI,0.05,0.95,15,2000,15000,8,857393,0.8998,2.5784666666666665,prediction_set_size,spi_fast_form,0.9948604264215256
Figure 8,ImageNet,RSA-CP (OT) (Ours),0.05,0.95,15,2000,15000,8,857393,0.8724,2.030866666666667,prediction_set_size,rsa_cp_barycentric_ot_betabin,
Figure 8,ImageNet,SCP,0.05,0.95,15,2000,15000,9,4233261,1.0,30.0,prediction_set_size,standard_real,1.0
Figure 8,ImageNet,Synthetic-only,0.05,0.95,15,2000,15000,9,4233261,0.9002,2.6599333333333335,prediction_set_size,standard_reference,0.9953489741384496
Figure 8,ImageNet,SPI,0.05,0.95,15,2000,15000,9,4233261,0.9676666666666667,8.8036,prediction_set_size,spi_fast_form,0.9999600558557984
Figure 8,ImageNet,RSA-CP (OT) (Ours),0.05,0.95,15,2000,15000,9,4233261,0.8840666666666667,2.2203333333333335,prediction_set_size,rsa_cp_barycentric_ot_betabin,
Figure 8,ImageNet,SCP,0.05,0.95,15,2000,15000,10,9504621,1.0,30.0,prediction_set_size,standard_real,1.0
Figure 8,ImageNet,Synthetic-only,0.05,0.95,15,2000,15000,10,9504621,0.8985333333333333,2.5519333333333334,prediction_set_size,standard_reference,0.9945970301685773
Figure 8,ImageNet,SPI,0.05,0.95,15,2000,15000,10,9504621,0.9732,9.804666666666666,prediction_set_size,spi_fast_form,0.9999768621010648
Figure 8,ImageNet,RSA-CP (OT) (Ours),0.05,0.95,15,2000,15000,10,9504621,0.9474,6.042533333333333,prediction_set_size,rsa_cp_barycentric_ot_betabin,
Figure 8,ImageNet,SCP,0.05,0.95,15,2000,15000,11,5118207,1.0,30.0,prediction_set_size,standard_real,1.0
Figure 8,ImageNet,Synthetic-only,0.05,0.95,15,2000,15000,11,5118207,0.8944666666666666,2.3455333333333335,prediction_set_size,standard_reference,0.9927943350582992
Figure 8,ImageNet,SPI,0.05,0.95,15,2000,15000,11,5118207,0.9976,27.5088,prediction_set_size,spi_fast_form,0.9999992845033506
Figure 8,ImageNet,RSA-CP (OT) (Ours),0.05,0.95,15,2000,15000,11,5118207,0.9763333333333334,10.569933333333333,prediction_set_size,rsa_cp_barycentric_ot_betabin,
Figure 8,ImageNet,SCP,0.05,0.95,15,2000,15000,12,8690244,1.0,30.0,prediction_set_size,standard_real,1.0
Figure 8,ImageNet,Synthetic-only,0.05,0.95,15,2000,15000,12,8690244,0.9039333333333334,2.7341333333333333,prediction_set_size,standard_reference,0.9958781375580937
Figure 8,ImageNet,SPI,0.05,0.95,15,2000,15000,12,8690244,0.9812666666666666,12.326133333333333,prediction_set_size,spi_fast_form,0.9999936148103509
Figure 8,ImageNet,RSA-CP (OT) (Ours),0.05,0.95,15,2000,15000,12,8690244,0.9812666666666666,12.287866666666666,prediction_set_size,rsa_cp_barycentric_ot_betabin,
Figure 8,ImageNet,SCP,0.05,0.95,15,2000,15000,13,8229426,1.0,30.0,prediction_set_size,standard_real,1.0
Figure 8,ImageNet,Synthetic-only,0.05,0.95,15,2000,15000,13,8229426,0.9102,2.832133333333333,prediction_set_size,standard_reference,0.9963257360441626
Figure 8,ImageNet,SPI,0.05,0.95,15,2000,15000,13,8229426,0.9727333333333333,9.436066666666667,prediction_set_size,spi_fast_form,0.9999717881551338
Figure 8,ImageNet,RSA-CP (OT) (Ours),0.05,0.95,15,2000,15000,13,8229426,0.9329333333333333,4.752,prediction_set_size,rsa_cp_barycentric_ot_betabin,
Figure 8,ImageNet,SCP,0.05,0.95,15,2000,15000,14,348525,1.0,30.0,prediction_set_size,standard_real,1.0
Figure 8,ImageNet,Synthetic-only,0.05,0.95,15,2000,15000,14,348525,0.9056666666666666,2.8338666666666668,prediction_set_size,standard_reference,0.9962489015264528
Figure 8,ImageNet,SPI,0.05,0.95,15,2000,15000,14,348525,0.9658,8.4348,prediction_set_size,spi_fast_form,0.9999504601632341
Figure 8,ImageNet,RSA-CP (OT) (Ours),0.05,0.95,15,2000,15000,14,348525,0.9652,8.3174,prediction_set_size,rsa_cp_barycentric_ot_betabin,
Figure 8,ImageNet,SCP,0.05,0.95,15,2000,15000,15,8277021,1.0,30.0,prediction_set_size,standard_real,1.0
Figure 8,ImageNet,Synthetic-only,0.05,0.95,15,2000,15000,15,8277021,0.9034666666666666,2.5540666666666665,prediction_set_size,standard_reference,0.9947516895869503
Figure 8,ImageNet,SPI,0.05,0.95,15,2000,15000,15,8277021,0.9528,6.427,prediction_set_size,spi_fast_form,0.9998411948053925
Figure 8,ImageNet,RSA-CP (OT) (Ours),0.05,0.95,15,2000,15000,15,8277021,0.8854666666666666,2.1237333333333335,prediction_set_size,rsa_cp_barycentric_ot_betabin,
Figure 8,ImageNet,SCP,0.05,0.95,15,2000,15000,16,3118312,1.0,30.0,prediction_set_size,standard_real,1.0
Figure 8,ImageNet,Synthetic-only,0.05,0.95,15,2000,15000,16,3118312,0.8826,2.1253333333333333,prediction_set_size,standard_reference,0.9893813237298131
Figure 8,ImageNet,SPI,0.05,0.95,15,2000,15000,16,3118312,0.9786,11.127533333333334,prediction_set_size,spi_fast_form,0.9999883097661856
Figure 8,ImageNet,RSA-CP (OT) (Ours),0.05,0.95,15,2000,15000,16,3118312,0.9707333333333333,9.127,prediction_set_size,rsa_cp_barycentric_ot_betabin,
Figure 8,ImageNet,SCP,0.05,0.95,15,2000,15000,17,4091990,1.0,30.0,prediction_set_size,standard_real,1.0
Figure 8,ImageNet,Synthetic-only,0.05,0.95,15,2000,15000,17,4091990,0.9110666666666667,2.7952666666666666,prediction_set_size,standard_reference,0.9964193466183129
Figure 8,ImageNet,SPI,0.05,0.95,15,2000,15000,17,4091990,0.9582666666666667,6.769933333333333,prediction_set_size,spi_fast_form,0.9998785362208537
Figure 8,ImageNet,RSA-CP (OT) (Ours),0.05,0.95,15,2000,15000,17,4091990,0.9203333333333333,3.4104666666666668,prediction_set_size,rsa_cp_barycentric_ot_betabin,
Figure 8,ImageNet,SCP,0.05,0.95,15,2000,15000,18,2569919,1.0,30.0,prediction_set_size,standard_real,1.0
Figure 8,ImageNet,Synthetic-only,0.05,0.95,15,2000,15000,18,2569919,0.898,2.644,prediction_set_size,standard_reference,0.9953454433230663
Figure 8,ImageNet,SPI,0.05,0.95,15,2000,15000,18,2569919,0.9856666666666667,13.998,prediction_set_size,spi_fast_form,0.9999973280780777
Figure 8,ImageNet,RSA-CP (OT) (Ours),0.05,0.95,15,2000,15000,18,2569919,0.9836,13.318733333333334,prediction_set_size,rsa_cp_barycentric_ot_betabin,
Figure 8,ImageNet,SCP,0.05,0.95,15,2000,15000,19,5495936,1.0,30.0,prediction_set_size,standard_real,1.0
Figure 8,ImageNet,Synthetic-only,0.05,0.95,15,2000,15000,19,5495936,0.8938,2.429133333333333,prediction_set_size,standard_reference,0.9936808060781306
Figure 8,ImageNet,SPI,0.05,0.95,15,2000,15000,19,5495936,0.9952666666666666,26.0394,prediction_set_size,spi_fast_form,0.9999991035978442
Figure 8,ImageNet,RSA-CP (OT) (Ours),0.05,0.95,15,2000,15000,19,5495936,0.9242,4.136866666666666,prediction_set_size,rsa_cp_barycentric_ot_betabin,
Figure 8,ImageNet,SCP,0.1,0.9,15,100,15000,0,2492284,0.8668,1.8848666666666667,prediction_set_size,standard_real,0.9839493528159264
Figure 8,ImageNet,Synthetic-only,0.1,0.9,15,100,15000,0,2492284,0.8594666666666667,1.8006,prediction_set_size,standard_reference,0.9809315664639892
Figure 8,ImageNet,SPI,0.1,0.9,15,100,15000,0,2492284,0.8599333333333333,1.8116666666666668,prediction_set_size,spi_fast_form,0.981410413038233
Figure 8,ImageNet,RSA-CP (OT) (Ours),0.1,0.9,15,100,15000,0,2492284,0.8438666666666667,1.6489333333333334,prediction_set_size,rsa_cp_barycentric_ot_betabin,
Figure 8,ImageNet,SCP,0.1,0.9,15,100,15000,1,6438288,0.986,13.709133333333334,prediction_set_size,standard_real,0.9999970513802754
Figure 8,ImageNet,Synthetic-only,0.1,0.9,15,100,15000,1,6438288,0.8287333333333333,1.5715333333333332,prediction_set_size,standard_reference,0.967827691298019
Figure 8,ImageNet,SPI,0.1,0.9,15,100,15000,1,6438288,0.8677333333333334,1.9602,prediction_set_size,spi_fast_form,0.9860757126914176
Figure 8,ImageNet,RSA-CP (OT) (Ours),0.1,0.9,15,100,15000,1,6438288,0.8744666666666666,2.0544,prediction_set_size,rsa_cp_barycentric_ot_betabin,
Figure 8,ImageNet,SCP,0.1,0.9,15,100,15000,2,275592,0.9602666666666667,7.51,prediction_set_size,standard_real,0.9999192877007196
Figure 8,ImageNet,Synthetic-only,0.1,0.9,15,100,15000,2,275592,0.8527333333333333,1.8120666666666667,prediction_set_size,standard_reference,0.9806659923314106
Figure 8,ImageNet,SPI,0.1,0.9,15,100,15000,2,275592,0.9143333333333333,3.4122666666666666,prediction_set_size,spi_fast_form,0.9981883864524267
Figure 8,ImageNet,RSA-CP (OT) (Ours),0.1,0.9,15,100,15000,2,275592,0.9527333333333333,6.6802,prediction_set_size,rsa_cp_barycentric_ot_betabin,
Figure 8,ImageNet,SCP,0.1,0.9,15,100,15000,3,2731692,0.9824666666666667,12.914666666666667,prediction_set_size,standard_real,0.9999953978828906
Figure 8,ImageNet,Synthetic-only,0.1,0.9,15,100,15000,3,2731692,0.8099333333333333,1.4506,prediction_set_size,standard_reference,0.9563941551400643
Figure 8,ImageNet,SPI,0.1,0.9,15,100,15000,3,2731692,0.8912666666666667,2.3221333333333334,prediction_set_size,spi_fast_form,0.992505981958631
Figure 8,ImageNet,RSA-CP (OT) (Ours),0.1,0.9,15,100,15000,3,2731692,0.9808,12.319866666666666,prediction_set_size,rsa_cp_barycentric_ot_betabin,
Figure 8,ImageNet,SCP,0.1,0.9,15,100,15000,4,1441594,0.971,9.4554,prediction_set_size,standard_real,0.9999727407147511
Figure 8,ImageNet,Synthetic-only,0.1,0.9,15,100,15000,4,1441594,0.8726,1.9998666666666667,prediction_set_size,standard_reference,0.9868079187480439
Figure 8,ImageNet,SPI,0.1,0.9,15,100,15000,4,1441594,0.8876666666666667,2.2288,prediction_set_size,spi_fast_form,0.9911996967569723
Figure 8,ImageNet,RSA-CP (OT) (Ours),0.1,0.9,15,100,15000,4,1441594,0.9234,3.880333333333333,prediction_set_size,rsa_cp_barycentric_ot_betabin,
Figure 8,ImageNet,SCP,0.1,0.9,15,100,15000,5,7551662,0.9729333333333333,10.284266666666667,prediction_set_size,standard_real,0.9999824829915102
Figure 8,ImageNet,Synthetic-only,0.1,0.9,15,100,15000,5,7551662,0.8669333333333333,1.9022,prediction_set_size,standard_reference,0.9843368789685318
Figure 8,ImageNet,SPI,0.1,0.9,15,100,15000,5,7551662,0.875,2.0119333333333334,prediction_set_size,spi_fast_form,0.9872388902323203
Figure 8,ImageNet,RSA-CP (OT) (Ours),0.1,0.9,15,100,15000,5,7551662,0.7804,1.2971333333333332,prediction_set_size,rsa_cp_barycentric_ot_betabin,
Figure 8,ImageNet,SCP,0.1,0.9,15,100,15000,6,4731878,0.9406666666666667,5.5022,prediction_set_size,standard_real,0.999701744919819
Figure 8,ImageNet,Synthetic-only,0.1,0.9,15,100,15000,6,4731878,0.8323333333333334,1.6077333333333332,prediction_set_size,standard_reference,0.970154683837987
Figure 8,ImageNet,SPI,0.1,0.9,15,100,15000,6,4731878,0.8707333333333334,2.0096,prediction_set_size,spi_fast_form,0.9868515334193333
Figure 8,ImageNet,RSA-CP (OT) (Ours),0.1,0.9,15,100,15000,6,4731878,0.8808,2.1675333333333335,prediction_set_size,rsa_cp_barycentric_ot_betabin,
Figure 8,ImageNet,SCP,0.1,0.9,15,100,15000,7,9486483,0.9513333333333334,6.2956666666666665,prediction_set_size,standard_real,0.9998288541844006
Figure 8,ImageNet,Synthetic-only,0.1,0.9,15,100,15000,7,9486483,0.8285333333333333,1.5419333333333334,prediction_set_size,standard_reference,0.9652081521993854
Figure 8,ImageNet,SPI,0.1,0.9,15,100,15000,7,9486483,0.869,1.9133333333333333,prediction_set_size,spi_fast_form,0.984276434884459
Figure 8,ImageNet,RSA-CP (OT) (Ours),0.1,0.9,15,100,15000,7,9486483,0.9494666666666667,6.111266666666666,prediction_set_size,rsa_cp_barycentric_ot_betabin,
Figure 8,ImageNet,SCP,0.1,0.9,15,100,15000,8,857393,0.8734,2.0472,prediction_set_size,standard_real,0.9876936511299216
Figure 8,ImageNet,Synthetic-only,0.1,0.9,15,100,15000,8,857393,0.7851333333333333,1.3522666666666667,prediction_set_size,standard_reference,0.944015889477711
Figure 8,ImageNet,SPI,0.1,0.9,15,100,15000,8,857393,0.8275333333333333,1.5944,prediction_set_size,spi_fast_form,0.9690955812187377
Figure 8,ImageNet,RSA-CP (OT) (Ours),0.1,0.9,15,100,15000,8,857393,0.865,1.9344666666666666,prediction_set_size,rsa_cp_barycentric_ot_betabin,
Figure 8,ImageNet,SCP,0.1,0.9,15,100,15000,9,4233261,0.9676666666666667,8.8036,prediction_set_size,standard_real,0.9999600558557984
Figure 8,ImageNet,Synthetic-only,0.1,0.9,15,100,15000,9,4233261,0.8494666666666667,1.7602,prediction_set_size,standard_reference,0.9780953591376571
Figure 8,ImageNet,SPI,0.1,0.9,15,100,15000,9,4233261,0.8585333333333334,1.8544,prediction_set_size,spi_fast_form,0.9819221961293224
Figure 8,ImageNet,RSA-CP (OT) (Ours),0.1,0.9,15,100,15000,9,4233261,0.7636666666666667,1.2474,prediction_set_size,rsa_cp_barycentric_ot_betabin,
Figure 8,ImageNet,SCP,0.1,0.9,15,100,15000,10,9504621,0.9732,9.804666666666666,prediction_set_size,standard_real,0.9999768621010648
Figure 8,ImageNet,Synthetic-only,0.1,0.9,15,100,15000,10,9504621,0.8799333333333333,2.1458,prediction_set_size,standard_reference,0.9896264189483925
Figure 8,ImageNet,SPI,0.1,0.9,15,100,15000,10,9504621,0.8849333333333333,2.2300666666666666,prediction_set_size,spi_fast_form,0.991039491876753
Figure 8,ImageNet,RSA-CP (OT) (Ours),0.1,0.9,15,100,15000,10,9504621,0.9286666666666666,4.513066666666667,prediction_set_size,rsa_cp_barycentric_ot_betabin,
Figure 8,ImageNet,SCP,0.1,0.9,15,100,15000,11,5118207,0.9976,27.5088,prediction_set_size,standard_real,0.9999992845033506
Figure 8,ImageNet,Synthetic-only,0.1,0.9,15,100,15000,11,5118207,0.7700666666666667,1.2518,prediction_set_size,standard_reference,0.9289949062762379
Figure 8,ImageNet,SPI,0.1,0.9,15,100,15000,11,5118207,0.9048666666666667,2.6703333333333332,prediction_set_size,spi_fast_form,0.9955529128751031
Figure 8,ImageNet,RSA-CP (OT) (Ours),0.1,0.9,15,100,15000,11,5118207,0.9552666666666667,6.6428666666666665,prediction_set_size,rsa_cp_barycentric_ot_betabin,
Figure 8,ImageNet,SCP,0.1,0.9,15,100,15000,12,8690244,0.9812666666666666,12.326133333333333,prediction_set_size,standard_real,0.9999936148103509
Figure 8,ImageNet,Synthetic-only,0.1,0.9,15,100,15000,12,8690244,0.8910666666666667,2.3464666666666667,prediction_set_size,standard_reference,0.9927362747372733
Figure 8,ImageNet,SPI,0.1,0.9,15,100,15000,12,8690244,0.904,2.737,prediction_set_size,spi_fast_form,0.99589207372988
Figure 8,ImageNet,RSA-CP (OT) (Ours),0.1,0.9,15,100,15000,12,8690244,0.9808,12.123266666666666,prediction_set_size,rsa_cp_barycentric_ot_betabin,
Figure 8,ImageNet,SCP,0.1,0.9,15,100,15000,13,8229426,0.9727333333333333,9.436066666666667,prediction_set_size,standard_real,0.9999717881551338
Figure 8,ImageNet,Synthetic-only,0.1,0.9,15,100,15000,13,8229426,0.8128666666666666,1.4575333333333333,prediction_set_size,standard_reference,0.957818624852034
Figure 8,ImageNet,SPI,0.1,0.9,15,100,15000,13,8229426,0.8282666666666667,1.5592,prediction_set_size,spi_fast_form,0.9668843192570914
Figure 8,ImageNet,RSA-CP (OT) (Ours),0.1,0.9,15,100,15000,13,8229426,0.8990666666666667,2.4643333333333333,prediction_set_size,rsa_cp_barycentric_ot_betabin,
Figure 8,ImageNet,SCP,0.1,0.9,15,100,15000,14,348525,0.9658,8.4348,prediction_set_size,standard_real,0.9999504601632341
Figure 8,ImageNet,Synthetic-only,0.1,0.9,15,100,15000,14,348525,0.8866666666666667,2.2302666666666666,prediction_set_size,standard_reference,0.9909269113565514
Figure 8,ImageNet,SPI,0.1,0.9,15,100,15000,14,348525,0.9552,6.9388,prediction_set_size,spi_fast_form,0.9998816658285483
Figure 8,ImageNet,RSA-CP (OT) (Ours),0.1,0.9,15,100,15000,14,348525,0.9586666666666667,7.344,prediction_set_size,rsa_cp_barycentric_ot_betabin,
Figure 8,ImageNet,SCP,0.1,0.9,15,100,15000,15,8277021,0.9528,6.427,prediction_set_size,standard_real,0.9998411948053925
Figure 8,ImageNet,Synthetic-only,0.1,0.9,15,100,15000,15,8277021,0.8910666666666667,2.2288666666666668,prediction_set_size,standard_reference,0.9913505100915015
Figure 8,ImageNet,SPI,0.1,0.9,15,100,15000,15,8277021,0.8917333333333334,2.2456666666666667,prediction_set_size,spi_fast_form,0.9915969593965537
Figure 8,ImageNet,RSA-CP (OT) (Ours),0.1,0.9,15,100,15000,15,8277021,0.793,1.3530666666666666,prediction_set_size,rsa_cp_barycentric_ot_betabin,
Figure 8,ImageNet,SCP,0.1,0.9,15,100,15000,16,3118312,0.9786,11.127533333333334,prediction_set_size,standard_real,0.9999883097661856
Figure 8,ImageNet,Synthetic-only,0.1,0.9,15,100,15000,16,3118312,0.8071333333333334,1.4280666666666666,prediction_set_size,standard_reference,0.9536041065988802
Figure 8,ImageNet,SPI,0.1,0.9,15,100,15000,16,3118312,0.9031333333333333,2.664066666666667,prediction_set_size,spi_fast_form,0.995427957770995
Figure 8,ImageNet,RSA-CP (OT) (Ours),0.1,0.9,15,100,15000,16,3118312,0.9544666666666667,6.658066666666667,prediction_set_size,rsa_cp_barycentric_ot_betabin,
Figure 8,ImageNet,SCP,0.1,0.9,15,100,15000,17,4091990,0.9582666666666667,6.769933333333333,prediction_set_size,standard_real,0.9998785362208537
Figure 8,ImageNet,Synthetic-only,0.1,0.9,15,100,15000,17,4091990,0.8694,1.9005333333333334,prediction_set_size,standard_reference,0.9845416352773549
Figure 8,ImageNet,SPI,0.1,0.9,15,100,15000,17,4091990,0.8871333333333333,2.1522666666666668,prediction_set_size,spi_fast_form,0.9903246278452079
Figure 8,ImageNet,RSA-CP (OT) (Ours),0.1,0.9,15,100,15000,17,4091990,0.8476666666666667,1.67,prediction_set_size,rsa_cp_barycentric_ot_betabin,
Figure 8,ImageNet,SCP,0.1,0.9,15,100,15000,18,2569919,0.9856666666666667,13.998,prediction_set_size,standard_real,0.9999973280780777
Figure 8,ImageNet,Synthetic-only,0.1,0.9,15,100,15000,18,2569919,0.8458,1.7324,prediction_set_size,standard_reference,0.9776162464000203
Figure 8,ImageNet,SPI,0.1,0.9,15,100,15000,18,2569919,0.9021333333333333,2.7682,prediction_set_size,spi_fast_form,0.9960610972140554
Figure 8,ImageNet,RSA-CP (OT) (Ours),0.1,0.9,15,100,15000,18,2569919,0.9750666666666666,10.605266666666667,prediction_set_size,rsa_cp_barycentric_ot_betabin,
Figure 8,ImageNet,SCP,0.1,0.9,15,100,15000,19,5495936,0.9952666666666666,26.0394,prediction_set_size,standard_real,0.9999991035978442
Figure 8,ImageNet,Synthetic-only,0.1,0.9,15,100,15000,19,5495936,0.8404,1.6742,prediction_set_size,standard_reference,0.9746756041544964
Figure 8,ImageNet,SPI,0.1,0.9,15,100,15000,19,5495936,0.8801333333333333,2.1200666666666668,prediction_set_size,spi_fast_form,0.9895300345586968
Figure 8,ImageNet,RSA-CP (OT) (Ours),0.1,0.9,15,100,15000,19,5495936,0.8952666666666667,2.4635333333333334,prediction_set_size,rsa_cp_barycentric_ot_betabin,
Figure 8,ImageNet,SCP,0.1,0.9,15,250,15000,0,2492284,0.8668,1.8848666666666667,prediction_set_size,standard_real,0.9839493528159264
Figure 8,ImageNet,Synthetic-only,0.1,0.9,15,250,15000,0,2492284,0.8446,1.6547333333333334,prediction_set_size,standard_reference,0.973898349551892
Figure 8,ImageNet,SPI,0.1,0.9,15,250,15000,0,2492284,0.8448666666666667,1.6574,prediction_set_size,spi_fast_form,0.9740623385744539
Figure 8,ImageNet,RSA-CP (OT) (Ours),0.1,0.9,15,250,15000,0,2492284,0.8398,1.6122666666666667,prediction_set_size,rsa_cp_barycentric_ot_betabin,
Figure 8,ImageNet,SCP,0.1,0.9,15,250,15000,1,6438288,0.986,13.709133333333334,prediction_set_size,standard_real,0.9999970513802754
Figure 8,ImageNet,Synthetic-only,0.1,0.9,15,250,15000,1,6438288,0.8266,1.5559333333333334,prediction_set_size,standard_reference,0.966617272557318
Figure 8,ImageNet,SPI,0.1,0.9,15,250,15000,1,6438288,0.8287333333333333,1.5715333333333332,prediction_set_size,spi_fast_form,0.967827691298019
Figure 8,ImageNet,RSA-CP (OT) (Ours),0.1,0.9,15,250,15000,1,6438288,0.8744666666666666,2.0544,prediction_set_size,rsa_cp_barycentric_ot_betabin,
Figure 8,ImageNet,SCP,0.1,0.9,15,250,15000,2,275592,0.9602666666666667,7.51,prediction_set_size,standard_real,0.9999192877007196
Figure 8,ImageNet,Synthetic-only,0.1,0.9,15,250,15000,2,275592,0.8446,1.7295333333333334,prediction_set_size,standard_reference,0.9769728833284326
Figure 8,ImageNet,SPI,0.1,0.9,15,250,15000,2,275592,0.9143333333333333,3.4122666666666666,prediction_set_size,spi_fast_form,0.9981883864524267
Figure 8,ImageNet,RSA-CP (OT) (Ours),0.1,0.9,15,250,15000,2,275592,0.9504,6.4756,prediction_set_size,rsa_cp_barycentric_ot_betabin,
Figure 8,ImageNet,SCP,0.1,0.9,15,250,15000,3,2731692,0.9824666666666667,12.914666666666667,prediction_set_size,standard_real,0.9999953978828906
Figure 8,ImageNet,Synthetic-only,0.1,0.9,15,250,15000,3,2731692,0.8194666666666667,1.5067333333333333,prediction_set_size,standard_reference,0.9621584035600845
Figure 8,ImageNet,SPI,0.1,0.9,15,250,15000,3,2731692,0.8912666666666667,2.3221333333333334,prediction_set_size,spi_fast_form,0.992505981958631
Figure 8,ImageNet,RSA-CP (OT) (Ours),0.1,0.9,15,250,15000,3,2731692,0.9808,12.319866666666666,prediction_set_size,rsa_cp_barycentric_ot_betabin,
Figure 8,ImageNet,SCP,0.1,0.9,15,250,15000,4,1441594,0.971,9.4554,prediction_set_size,standard_real,0.9999727407147511
Figure 8,ImageNet,Synthetic-only,0.1,0.9,15,250,15000,4,1441594,0.8158666666666666,1.4782,prediction_set_size,standard_reference,0.959385439373139
Figure 8,ImageNet,SPI,0.1,0.9,15,250,15000,4,1441594,0.8726,1.9984,prediction_set_size,spi_fast_form,0.9867726979010255
Figure 8,ImageNet,RSA-CP (OT) (Ours),0.1,0.9,15,250,15000,4,1441594,0.9177333333333333,3.315,prediction_set_size,rsa_cp_barycentric_ot_betabin,
Figure 8,ImageNet,SCP,0.1,0.9,15,250,15000,5,7551662,0.9729333333333333,10.284266666666667,prediction_set_size,standard_real,0.9999824829915102
Figure 8,ImageNet,Synthetic-only,0.1,0.9,15,250,15000,5,7551662,0.8561333333333333,1.7784,prediction_set_size,standard_reference,0.9798858848079475
Figure 8,ImageNet,SPI,0.1,0.9,15,250,15000,5,7551662,0.8581333333333333,1.8014,prediction_set_size,spi_fast_form,0.9808780143181995
Figure 8,ImageNet,RSA-CP (OT) (Ours),0.1,0.9,15,250,15000,5,7551662,0.7712,1.2619333333333334,prediction_set_size,rsa_cp_barycentric_ot_betabin,
Figure 8,ImageNet,SCP,0.1,0.9,15,250,15000,6,4731878,0.9406666666666667,5.5022,prediction_set_size,standard_real,0.999701744919819
Figure 8,ImageNet,Synthetic-only,0.1,0.9,15,250,15000,6,4731878,0.8456666666666667,1.7278,prediction_set_size,standard_reference,0.9772812409258234
Figure 8,ImageNet,SPI,0.1,0.9,15,250,15000,6,4731878,0.8707333333333334,2.0096,prediction_set_size,spi_fast_form,0.9868515334193333
Figure 8,ImageNet,RSA-CP (OT) (Ours),0.1,0.9,15,250,15000,6,4731878,0.8828666666666667,2.2095333333333333,prediction_set_size,rsa_cp_barycentric_ot_betabin,
Figure 8,ImageNet,SCP,0.1,0.9,15,250,15000,7,9486483,0.9513333333333334,6.2956666666666665,prediction_set_size,standard_real,0.9998288541844006
Figure 8,ImageNet,Synthetic-only,0.1,0.9,15,250,15000,7,9486483,0.8510666666666666,1.7263333333333333,prediction_set_size,standard_reference,0.9770701221850069
Figure 8,ImageNet,SPI,0.1,0.9,15,250,15000,7,9486483,0.869,1.9133333333333333,prediction_set_size,spi_fast_form,0.984276434884459
Figure 8,ImageNet,RSA-CP (OT) (Ours),0.1,0.9,15,250,15000,7,9486483,0.9494666666666667,6.116266666666666,prediction_set_size,rsa_cp_barycentric_ot_betabin,
Figure 8,ImageNet,SCP,0.1,0.9,15,250,15000,8,857393,0.8734,2.0472,prediction_set_size,standard_real,0.9876936511299216
Figure 8,ImageNet,Synthetic-only,0.1,0.9,15,250,15000,8,857393,0.8105333333333333,1.4884666666666666,prediction_set_size,standard_reference,0.9603718595209592
Figure 8,ImageNet,SPI,0.1,0.9,15,250,15000,8,857393,0.8213333333333334,1.5544,prediction_set_size,spi_fast_form,0.9661217594871859
Figure 8,ImageNet,RSA-CP (OT) (Ours),0.1,0.9,15,250,15000,8,857393,0.8653333333333333,1.9375333333333333,prediction_set_size,rsa_cp_barycentric_ot_betabin,
Figure 8,ImageNet,SCP,0.1,0.9,15,250,15000,9,4233261,0.9676666666666667,8.8036,prediction_set_size,standard_real,0.9999600558557984
Figure 8,ImageNet,Synthetic-only,0.1,0.9,15,250,15000,9,4233261,0.8494666666666667,1.7602,prediction_set_size,standard_reference,0.9780953591376571
Figure 8,ImageNet,SPI,0.1,0.9,15,250,15000,9,4233261,0.8499333333333333,1.7642666666666666,prediction_set_size,spi_fast_form,0.9782511545232101
Figure 8,ImageNet,RSA-CP (OT) (Ours),0.1,0.9,15,250,15000,9,4233261,0.7645333333333333,1.2506,prediction_set_size,rsa_cp_barycentric_ot_betabin,
Figure 8,ImageNet,SCP,0.1,0.9,15,250,15000,10,9504621,0.9732,9.804666666666666,prediction_set_size,standard_real,0.9999768621010648
Figure 8,ImageNet,Synthetic-only,0.1,0.9,15,250,15000,10,9504621,0.8410666666666666,1.6607333333333334,prediction_set_size,standard_reference,0.9732711795096083
Figure 8,ImageNet,SPI,0.1,0.9,15,250,15000,10,9504621,0.8474666666666667,1.7204666666666666,prediction_set_size,spi_fast_form,0.9765138208036526
Figure 8,ImageNet,RSA-CP (OT) (Ours),0.1,0.9,15,250,15000,10,9504621,0.9206666666666666,3.7136666666666667,prediction_set_size,rsa_cp_barycentric_ot_betabin,
Figure 8,ImageNet,SCP,0.1,0.9,15,250,15000,11,5118207,0.9976,27.5088,prediction_set_size,standard_real,0.9999992845033506
Figure 8,ImageNet,Synthetic-only,0.1,0.9,15,250,15000,11,5118207,0.8356666666666667,1.602,prediction_set_size,standard_reference,0.9700936215098245
Figure 8,ImageNet,SPI,0.1,0.9,15,250,15000,11,5118207,0.9048666666666667,2.6703333333333332,prediction_set_size,spi_fast_form,0.9955529128751031
Figure 8,ImageNet,RSA-CP (OT) (Ours),0.1,0.9,15,250,15000,11,5118207,0.9574,6.8168,prediction_set_size,rsa_cp_barycentric_ot_betabin,
Figure 8,ImageNet,SCP,0.1,0.9,15,250,15000,12,8690244,0.9812666666666666,12.326133333333333,prediction_set_size,standard_real,0.9999936148103509
Figure 8,ImageNet,Synthetic-only,0.1,0.9,15,250,15000,12,8690244,0.8297333333333333,1.5641333333333334,prediction_set_size,standard_reference,0.9679816500408359
Figure 8,ImageNet,SPI,0.1,0.9,15,250,15000,12,8690244,0.8701333333333333,1.9570666666666667,prediction_set_size,spi_fast_form,0.9858357202440562
Figure 8,ImageNet,RSA-CP (OT) (Ours),0.1,0.9,15,250,15000,12,8690244,0.9798,11.945933333333333,prediction_set_size,rsa_cp_barycentric_ot_betabin,
Figure 8,ImageNet,SCP,0.1,0.9,15,250,15000,13,8229426,0.9727333333333333,9.436066666666667,prediction_set_size,standard_real,0.9999717881551338
Figure 8,ImageNet,Synthetic-only,0.1,0.9,15,250,15000,13,8229426,0.8041333333333334,1.4086666666666667,prediction_set_size,standard_reference,0.9524811500482154
Figure 8,ImageNet,SPI,0.1,0.9,15,250,15000,13,8229426,0.8254,1.5431333333333332,prediction_set_size,spi_fast_form,0.9656021716091798
Figure 8,ImageNet,RSA-CP (OT) (Ours),0.1,0.9,15,250,15000,13,8229426,0.903,2.5978,prediction_set_size,rsa_cp_barycentric_ot_betabin,
Figure 8,ImageNet,SCP,0.1,0.9,15,250,15000,14,348525,0.9658,8.4348,prediction_set_size,standard_real,0.9999504601632341
Figure 8,ImageNet,Synthetic-only,0.1,0.9,15,250,15000,14,348525,0.8316666666666667,1.5912,prediction_set_size,standard_reference,0.9681276188882398
Figure 8,ImageNet,SPI,0.1,0.9,15,250,15000,14,348525,0.9552,6.9388,prediction_set_size,spi_fast_form,0.9998816658285483
Figure 8,ImageNet,RSA-CP (OT) (Ours),0.1,0.9,15,250,15000,14,348525,0.9586666666666667,7.3308,prediction_set_size,rsa_cp_barycentric_ot_betabin,
Figure 8,ImageNet,SCP,0.1,0.9,15,250,15000,15,8277021,0.9528,6.427,prediction_set_size,standard_real,0.9998411948053925
Figure 8,ImageNet,Synthetic-only,0.1,0.9,15,250,15000,15,8277021,0.8910666666666667,2.2288666666666668,prediction_set_size,standard_reference,0.9913505100915015
Figure 8,ImageNet,SPI,0.1,0.9,15,250,15000,15,8277021,0.8917333333333334,2.2456666666666667,prediction_set_size,spi_fast_form,0.9915969593965537
Figure 8,ImageNet,RSA-CP (OT) (Ours),0.1,0.9,15,250,15000,15,8277021,0.7867333333333333,1.3234,prediction_set_size,rsa_cp_barycentric_ot_betabin,
Figure 8,ImageNet,SCP,0.1,0.9,15,250,15000,16,3118312,0.9786,11.127533333333334,prediction_set_size,standard_real,0.9999883097661856
Figure 8,ImageNet,Synthetic-only,0.1,0.9,15,250,15000,16,3118312,0.8206,1.5075333333333334,prediction_set_size,standard_reference,0.9617110553142175
Figure 8,ImageNet,SPI,0.1,0.9,15,250,15000,16,3118312,0.9031333333333333,2.664066666666667,prediction_set_size,spi_fast_form,0.995427957770995
Figure 8,ImageNet,RSA-CP (OT) (Ours),0.1,0.9,15,250,15000,16,3118312,0.9540666666666666,6.6144,prediction_set_size,rsa_cp_barycentric_ot_betabin,
Figure 8,ImageNet,SCP,0.1,0.9,15,250,15000,17,4091990,0.9582666666666667,6.769933333333333,prediction_set_size,standard_real,0.9998785362208537
Figure 8,ImageNet,Synthetic-only,0.1,0.9,15,250,15000,17,4091990,0.8394,1.6096666666666666,prediction_set_size,standard_reference,0.9712157194883483
Figure 8,ImageNet,SPI,0.1,0.9,15,250,15000,17,4091990,0.8421333333333333,1.6277333333333333,prediction_set_size,spi_fast_form,0.9724568225560137
Figure 8,ImageNet,RSA-CP (OT) (Ours),0.1,0.9,15,250,15000,17,4091990,0.8524666666666667,1.7198,prediction_set_size,rsa_cp_barycentric_ot_betabin,
Figure 8,ImageNet,SCP,0.1,0.9,15,250,15000,18,2569919,0.9856666666666667,13.998,prediction_set_size,standard_real,0.9999973280780777
Figure 8,ImageNet,Synthetic-only,0.1,0.9,15,250,15000,18,2569919,0.8484666666666667,1.7574,prediction_set_size,standard_reference,0.9787415057828787
Figure 8,ImageNet,SPI,0.1,0.9,15,250,15000,18,2569919,0.9021333333333333,2.7682,prediction_set_size,spi_fast_form,0.9960610972140554
Figure 8,ImageNet,RSA-CP (OT) (Ours),0.1,0.9,15,250,15000,18,2569919,0.9751333333333333,10.636466666666667,prediction_set_size,rsa_cp_barycentric_ot_betabin,
Figure 8,ImageNet,SCP,0.1,0.9,15,250,15000,19,5495936,0.9952666666666666,26.0394,prediction_set_size,standard_real,0.9999991035978442
Figure 8,ImageNet,Synthetic-only,0.1,0.9,15,250,15000,19,5495936,0.8106666666666666,1.4696666666666667,prediction_set_size,standard_reference,0.9594866041344394
Figure 8,ImageNet,SPI,0.1,0.9,15,250,15000,19,5495936,0.8801333333333333,2.1200666666666668,prediction_set_size,spi_fast_form,0.9895300345586968
Figure 8,ImageNet,RSA-CP (OT) (Ours),0.1,0.9,15,250,15000,19,5495936,0.8931333333333333,2.4061333333333335,prediction_set_size,rsa_cp_barycentric_ot_betabin,
Figure 8,ImageNet,SCP,0.1,0.9,15,500,15000,0,2492284,0.8668,1.8848666666666667,prediction_set_size,standard_real,0.9839493528159264
Figure 8,ImageNet,Synthetic-only,0.1,0.9,15,500,15000,0,2492284,0.8294666666666667,1.535,prediction_set_size,standard_reference,0.9654291403876416
Figure 8,ImageNet,SPI,0.1,0.9,15,500,15000,0,2492284,0.8321333333333333,1.5532,prediction_set_size,spi_fast_form,0.9667857286988665
Figure 8,ImageNet,RSA-CP (OT) (Ours),0.1,0.9,15,500,15000,0,2492284,0.8398,1.6125333333333334,prediction_set_size,rsa_cp_barycentric_ot_betabin,
Figure 8,ImageNet,SCP,0.1,0.9,15,500,15000,1,6438288,0.986,13.709133333333334,prediction_set_size,standard_real,0.9999970513802754
Figure 8,ImageNet,Synthetic-only,0.1,0.9,15,500,15000,1,6438288,0.8443333333333334,1.6904,prediction_set_size,standard_reference,0.9756321044235017
Figure 8,ImageNet,SPI,0.1,0.9,15,500,15000,1,6438288,0.8445333333333334,1.6922666666666666,prediction_set_size,spi_fast_form,0.9757348934173917
Figure 8,ImageNet,RSA-CP (OT) (Ours),0.1,0.9,15,500,15000,1,6438288,0.8774,2.0962666666666667,prediction_set_size,rsa_cp_barycentric_ot_betabin,
Figure 8,ImageNet,SCP,0.1,0.9,15,500,15000,2,275592,0.9602666666666667,7.51,prediction_set_size,standard_real,0.9999192877007196
Figure 8,ImageNet,Synthetic-only,0.1,0.9,15,500,15000,2,275592,0.8314,1.6230666666666667,prediction_set_size,standard_reference,0.9709523152072287
Figure 8,ImageNet,SPI,0.1,0.9,15,500,15000,2,275592,0.9143333333333333,3.4122666666666666,prediction_set_size,spi_fast_form,0.9981883864524267
Figure 8,ImageNet,RSA-CP (OT) (Ours),0.1,0.9,15,500,15000,2,275592,0.9498,6.372733333333334,prediction_set_size,rsa_cp_barycentric_ot_betabin,
Figure 8,ImageNet,SCP,0.1,0.9,15,500,15000,3,2731692,0.9824666666666667,12.914666666666667,prediction_set_size,standard_real,0.9999953978828906
Figure 8,ImageNet,Synthetic-only,0.1,0.9,15,500,15000,3,2731692,0.8252,1.5399333333333334,prediction_set_size,standard_reference,0.9651608058258394
Figure 8,ImageNet,SPI,0.1,0.9,15,500,15000,3,2731692,0.8912666666666667,2.3221333333333334,prediction_set_size,spi_fast_form,0.992505981958631
Figure 8,ImageNet,RSA-CP (OT) (Ours),0.1,0.9,15,500,15000,3,2731692,0.9808,12.3378,prediction_set_size,rsa_cp_barycentric_ot_betabin,
Figure 8,ImageNet,SCP,0.1,0.9,15,500,15000,4,1441594,0.971,9.4554,prediction_set_size,standard_real,0.9999727407147511
Figure 8,ImageNet,Synthetic-only,0.1,0.9,15,500,15000,4,1441594,0.8270666666666666,1.5574666666666668,prediction_set_size,standard_reference,0.9663312472085798
Figure 8,ImageNet,SPI,0.1,0.9,15,500,15000,4,1441594,0.8726,1.9984,prediction_set_size,spi_fast_form,0.9867726979010255
Figure 8,ImageNet,RSA-CP (OT) (Ours),0.1,0.9,15,500,15000,4,1441594,0.9185333333333333,3.4014,prediction_set_size,rsa_cp_barycentric_ot_betabin,
Figure 8,ImageNet,SCP,0.1,0.9,15,500,15000,5,7551662,0.9729333333333333,10.284266666666667,prediction_set_size,standard_real,0.9999824829915102
Figure 8,ImageNet,Synthetic-only,0.1,0.9,15,500,15000,5,7551662,0.8472,1.6992,prediction_set_size,standard_reference,0.9761133717499151
Figure 8,ImageNet,SPI,0.1,0.9,15,500,15000,5,7551662,0.8484,1.7102666666666666,prediction_set_size,spi_fast_form,0.9767392018593045
Figure 8,ImageNet,RSA-CP (OT) (Ours),0.1,0.9,15,500,15000,5,7551662,0.774,1.2719333333333334,prediction_set_size,rsa_cp_barycentric_ot_betabin,
Figure 8,ImageNet,SCP,0.1,0.9,15,500,15000,6,4731878,0.9406666666666667,5.5022,prediction_set_size,standard_real,0.999701744919819
Figure 8,ImageNet,Synthetic-only,0.1,0.9,15,500,15000,6,4731878,0.8422,1.6906,prediction_set_size,standard_reference,0.9753890346104849
Figure 8,ImageNet,SPI,0.1,0.9,15,500,15000,6,4731878,0.8707333333333334,2.0096,prediction_set_size,spi_fast_form,0.9868515334193333
Figure 8,ImageNet,RSA-CP (OT) (Ours),0.1,0.9,15,500,15000,6,4731878,0.8828666666666667,2.2105333333333332,prediction_set_size,rsa_cp_barycentric_ot_betabin,
Figure 8,ImageNet,SCP,0.1,0.9,15,500,15000,7,9486483,0.9513333333333334,6.2956666666666665,prediction_set_size,standard_real,0.9998288541844006
Figure 8,ImageNet,Synthetic-only,0.1,0.9,15,500,15000,7,9486483,0.8605333333333334,1.813,prediction_set_size,standard_reference,0.9809171705563219
Figure 8,ImageNet,SPI,0.1,0.9,15,500,15000,7,9486483,0.869,1.9133333333333333,prediction_set_size,spi_fast_form,0.984276434884459
Figure 8,ImageNet,RSA-CP (OT) (Ours),0.1,0.9,15,500,15000,7,9486483,0.9494666666666667,6.121933333333334,prediction_set_size,rsa_cp_barycentric_ot_betabin,
Figure 8,ImageNet,SCP,0.1,0.9,15,500,15000,8,857393,0.8734,2.0472,prediction_set_size,standard_real,0.9876936511299216
Figure 8,ImageNet,Synthetic-only,0.1,0.9,15,500,15000,8,857393,0.8145333333333333,1.5109333333333332,prediction_set_size,standard_reference,0.9624726591052398
Figure 8,ImageNet,SPI,0.1,0.9,15,500,15000,8,857393,0.8145333333333333,1.5114,prediction_set_size,spi_fast_form,0.9625125288072719
Figure 8,ImageNet,RSA-CP (OT) (Ours),0.1,0.9,15,500,15000,8,857393,0.8650666666666667,1.9354,prediction_set_size,rsa_cp_barycentric_ot_betabin,
Figure 8,ImageNet,SCP,0.1,0.9,15,500,15000,9,4233261,0.9676666666666667,8.8036,prediction_set_size,standard_real,0.9999600558557984
Figure 8,ImageNet,Synthetic-only,0.1,0.9,15,500,15000,9,4233261,0.8499333333333333,1.7642666666666666,prediction_set_size,standard_reference,0.9782511545232101
Figure 8,ImageNet,SPI,0.1,0.9,15,500,15000,9,4233261,0.8503333333333334,1.769,prediction_set_size,spi_fast_form,0.978443340091627
Figure 8,ImageNet,RSA-CP (OT) (Ours),0.1,0.9,15,500,15000,9,4233261,0.7672,1.2623333333333333,prediction_set_size,rsa_cp_barycentric_ot_betabin,
Figure 8,ImageNet,SCP,0.1,0.9,15,500,15000,10,9504621,0.9732,9.804666666666666,prediction_set_size,standard_real,0.9999768621010648
Figure 8,ImageNet,Synthetic-only,0.1,0.9,15,500,15000,10,9504621,0.8374,1.6348666666666667,prediction_set_size,standard_reference,0.9716144504246231
Figure 8,ImageNet,SPI,0.1,0.9,15,500,15000,10,9504621,0.8446,1.6962,prediction_set_size,spi_fast_form,0.9753211542643309
Figure 8,ImageNet,RSA-CP (OT) (Ours),0.1,0.9,15,500,15000,10,9504621,0.9201333333333334,3.6726666666666667,prediction_set_size,rsa_cp_barycentric_ot_betabin,
Figure 8,ImageNet,SCP,0.1,0.9,15,500,15000,11,5118207,0.9976,27.5088,prediction_set_size,standard_real,0.9999992845033506
Figure 8,ImageNet,Synthetic-only,0.1,0.9,15,500,15000,11,5118207,0.8155333333333333,1.4716,prediction_set_size,standard_reference,0.9591505648503419
Figure 8,ImageNet,SPI,0.1,0.9,15,500,15000,11,5118207,0.9048666666666667,2.6703333333333332,prediction_set_size,spi_fast_form,0.9955529128751031
Figure 8,ImageNet,RSA-CP (OT) (Ours),0.1,0.9,15,500,15000,11,5118207,0.9558,6.664733333333333,prediction_set_size,rsa_cp_barycentric_ot_betabin,
Figure 8,ImageNet,SCP,0.1,0.9,15,500,15000,12,8690244,0.9812666666666666,12.326133333333333,prediction_set_size,standard_real,0.9999936148103509
Figure 8,ImageNet,Synthetic-only,0.1,0.9,15,500,15000,12,8690244,0.8406666666666667,1.6440666666666666,prediction_set_size,standard_reference,0.9732257117856324
Figure 8,ImageNet,SPI,0.1,0.9,15,500,15000,12,8690244,0.8701333333333333,1.9570666666666667,prediction_set_size,spi_fast_form,0.9858357202440562
Figure 8,ImageNet,RSA-CP (OT) (Ours),0.1,0.9,15,500,15000,12,8690244,0.9796666666666667,11.926733333333333,prediction_set_size,rsa_cp_barycentric_ot_betabin,
Figure 8,ImageNet,SCP,0.1,0.9,15,500,15000,13,8229426,0.9727333333333333,9.436066666666667,prediction_set_size,standard_real,0.9999717881551338
Figure 8,ImageNet,Synthetic-only,0.1,0.9,15,500,15000,13,8229426,0.8354666666666667,1.6086666666666667,prediction_set_size,standard_reference,0.9703158486233233
Figure 8,ImageNet,SPI,0.1,0.9,15,500,15000,13,8229426,0.8364666666666667,1.618,prediction_set_size,spi_fast_form,0.9708728519816692
Figure 8,ImageNet,RSA-CP (OT) (Ours),0.1,0.9,15,500,15000,13,8229426,0.9000666666666667,2.489333333333333,prediction_set_size,rsa_cp_barycentric_ot_betabin,
Figure 8,ImageNet,SCP,0.1,0.9,15,500,15000,14,348525,0.9658,8.4348,prediction_set_size,standard_real,0.9999504601632341
Figure 8,ImageNet,Synthetic-only,0.1,0.9,15,500,15000,14,348525,0.8538,1.7691333333333332,prediction_set_size,standard_reference,0.9784651512159758
Figure 8,ImageNet,SPI,0.1,0.9,15,500,15000,14,348525,0.9552,6.9388,prediction_set_size,spi_fast_form,0.9998816658285483
Figure 8,ImageNet,RSA-CP (OT) (Ours),0.1,0.9,15,500,15000,14,348525,0.9592,7.4539333333333335,prediction_set_size,rsa_cp_barycentric_ot_betabin,
Figure 8,ImageNet,SCP,0.1,0.9,15,500,15000,15,8277021,0.9528,6.427,prediction_set_size,standard_real,0.9998411948053925
Figure 8,ImageNet,Synthetic-only,0.1,0.9,15,500,15000,15,8277021,0.8791333333333333,2.0318666666666667,prediction_set_size,standard_reference,0.987760331181297
Figure 8,ImageNet,SPI,0.1,0.9,15,500,15000,15,8277021,0.8802,2.042866666666667,prediction_set_size,spi_fast_form,0.9879822662641994
Figure 8,ImageNet,RSA-CP (OT) (Ours),0.1,0.9,15,500,15000,15,8277021,0.7928,1.3522,prediction_set_size,rsa_cp_barycentric_ot_betabin,
Figure 8,ImageNet,SCP,0.1,0.9,15,500,15000,16,3118312,0.9786,11.127533333333334,prediction_set_size,standard_real,0.9999883097661856
Figure 8,ImageNet,Synthetic-only,0.1,0.9,15,500,15000,16,3118312,0.8166,1.4831333333333334,prediction_set_size,standard_reference,0.9594760985067674
Figure 8,ImageNet,SPI,0.1,0.9,15,500,15000,16,3118312,0.9031333333333333,2.664066666666667,prediction_set_size,spi_fast_form,0.995427957770995
Figure 8,ImageNet,RSA-CP (OT) (Ours),0.1,0.9,15,500,15000,16,3118312,0.954,6.596333333333333,prediction_set_size,rsa_cp_barycentric_ot_betabin,
Figure 8,ImageNet,SCP,0.1,0.9,15,500,15000,17,4091990,0.9582666666666667,6.769933333333333,prediction_set_size,standard_real,0.9998785362208537
Figure 8,ImageNet,Synthetic-only,0.1,0.9,15,500,15000,17,4091990,0.8392666666666667,1.6084,prediction_set_size,standard_reference,0.9711271128429336
Figure 8,ImageNet,SPI,0.1,0.9,15,500,15000,17,4091990,0.8394,1.6096666666666666,prediction_set_size,spi_fast_form,0.9712157194883483
Figure 8,ImageNet,RSA-CP (OT) (Ours),0.1,0.9,15,500,15000,17,4091990,0.8559333333333333,1.7550666666666668,prediction_set_size,rsa_cp_barycentric_ot_betabin,
Figure 8,ImageNet,SCP,0.1,0.9,15,500,15000,18,2569919,0.9856666666666667,13.998,prediction_set_size,standard_real,0.9999973280780777
Figure 8,ImageNet,Synthetic-only,0.1,0.9,15,500,15000,18,2569919,0.8502666666666666,1.7771333333333332,prediction_set_size,standard_reference,0.9796265827941277
Figure 8,ImageNet,SPI,0.1,0.9,15,500,15000,18,2569919,0.9021333333333333,2.7682,prediction_set_size,spi_fast_form,0.9960610972140554
Figure 8,ImageNet,RSA-CP (OT) (Ours),0.1,0.9,15,500,15000,18,2569919,0.9742,10.421333333333333,prediction_set_size,rsa_cp_barycentric_ot_betabin,
Figure 8,ImageNet,SCP,0.1,0.9,15,500,15000,19,5495936,0.9952666666666666,26.0394,prediction_set_size,standard_real,0.9999991035978442
Figure 8,ImageNet,Synthetic-only,0.1,0.9,15,500,15000,19,5495936,0.8126,1.4788,prediction_set_size,standard_reference,0.960503862588687
Figure 8,ImageNet,SPI,0.1,0.9,15,500,15000,19,5495936,0.8801333333333333,2.1200666666666668,prediction_set_size,spi_fast_form,0.9895300345586968
Figure 8,ImageNet,RSA-CP (OT) (Ours),0.1,0.9,15,500,15000,19,5495936,0.8916666666666667,2.3709333333333333,prediction_set_size,rsa_cp_barycentric_ot_betabin,
Figure 8,ImageNet,SCP,0.1,0.9,15,1000,15000,0,2492284,0.8668,1.8848666666666667,prediction_set_size,standard_real,0.9839493528159264
Figure 8,ImageNet,Synthetic-only,0.1,0.9,15,1000,15000,0,2492284,0.8398,1.6126,prediction_set_size,standard_reference,0.97114514363627
Figure 8,ImageNet,SPI,0.1,0.9,15,1000,15000,0,2492284,0.8400666666666666,1.6136666666666666,prediction_set_size,spi_fast_form,0.9712634079742035
Figure 8,ImageNet,RSA-CP (OT) (Ours),0.1,0.9,15,1000,15000,0,2492284,0.8412666666666667,1.6242,prediction_set_size,rsa_cp_barycentric_ot_betabin,
Figure 8,ImageNet,SCP,0.1,0.9,15,1000,15000,1,6438288,0.986,13.709133333333334,prediction_set_size,standard_real,0.9999970513802754
Figure 8,ImageNet,Synthetic-only,0.1,0.9,15,1000,15000,1,6438288,0.8334,1.6102,prediction_set_size,standard_reference,0.9706945327832379
Figure 8,ImageNet,SPI,0.1,0.9,15,1000,15000,1,6438288,0.8338,1.6128666666666667,prediction_set_size,spi_fast_form,0.9708362860407368
Figure 8,ImageNet,RSA-CP (OT) (Ours),0.1,0.9,15,1000,15000,1,6438288,0.8760666666666667,2.0761333333333334,prediction_set_size,rsa_cp_barycentric_ot_betabin,
Figure 8,ImageNet,SCP,0.1,0.9,15,1000,15000,2,275592,0.9602666666666667,7.51,prediction_set_size,standard_real,0.9999192877007196
Figure 8,ImageNet,Synthetic-only,0.1,0.9,15,1000,15000,2,275592,0.8295333333333333,1.6064666666666667,prediction_set_size,standard_reference,0.9698724799072207
Figure 8,ImageNet,SPI,0.1,0.9,15,1000,15000,2,275592,0.9143333333333333,3.4122666666666666,prediction_set_size,spi_fast_form,0.9981883864524267
Figure 8,ImageNet,RSA-CP (OT) (Ours),0.1,0.9,15,1000,15000,2,275592,0.9502,6.4206666666666665,prediction_set_size,rsa_cp_barycentric_ot_betabin,
Figure 8,ImageNet,SCP,0.1,0.9,15,1000,15000,3,2731692,0.9824666666666667,12.914666666666667,prediction_set_size,standard_real,0.9999953978828906
Figure 8,ImageNet,Synthetic-only,0.1,0.9,15,1000,15000,3,2731692,0.8194,1.5062666666666666,prediction_set_size,standard_reference,0.9620848627632432
Figure 8,ImageNet,SPI,0.1,0.9,15,1000,15000,3,2731692,0.8912666666666667,2.3221333333333334,prediction_set_size,spi_fast_form,0.992505981958631
Figure 8,ImageNet,RSA-CP (OT) (Ours),0.1,0.9,15,1000,15000,3,2731692,0.9475333333333333,6.176666666666667,prediction_set_size,rsa_cp_barycentric_ot_betabin,
Figure 8,ImageNet,SCP,0.1,0.9,15,1000,15000,4,1441594,0.971,9.4554,prediction_set_size,standard_real,0.9999727407147511
Figure 8,ImageNet,Synthetic-only,0.1,0.9,15,1000,15000,4,1441594,0.8391333333333333,1.6387333333333334,prediction_set_size,standard_reference,0.9722114063279922
Figure 8,ImageNet,SPI,0.1,0.9,15,1000,15000,4,1441594,0.8726,1.9984,prediction_set_size,spi_fast_form,0.9867726979010255
Figure 8,ImageNet,RSA-CP (OT) (Ours),0.1,0.9,15,1000,15000,4,1441594,0.918,3.3428,prediction_set_size,rsa_cp_barycentric_ot_betabin,
Figure 8,ImageNet,SCP,0.1,0.9,15,1000,15000,5,7551662,0.9729333333333333,10.284266666666667,prediction_set_size,standard_real,0.9999824829915102
Figure 8,ImageNet,Synthetic-only,0.1,0.9,15,1000,15000,5,7551662,0.8473333333333334,1.7022,prediction_set_size,standard_reference,0.9762860488394388
Figure 8,ImageNet,SPI,0.1,0.9,15,1000,15000,5,7551662,0.8477333333333333,1.7054,prediction_set_size,spi_fast_form,0.9764771446422026
Figure 8,ImageNet,RSA-CP (OT) (Ours),0.1,0.9,15,1000,15000,5,7551662,0.7699333333333334,1.2559333333333333,prediction_set_size,rsa_cp_barycentric_ot_betabin,
Figure 8,ImageNet,SCP,0.1,0.9,15,1000,15000,6,4731878,0.9406666666666667,5.5022,prediction_set_size,standard_real,0.999701744919819
Figure 8,ImageNet,Synthetic-only,0.1,0.9,15,1000,15000,6,4731878,0.8566666666666667,1.8339333333333334,prediction_set_size,standard_reference,0.9816399734361968
Figure 8,ImageNet,SPI,0.1,0.9,15,1000,15000,6,4731878,0.8707333333333334,2.0096,prediction_set_size,spi_fast_form,0.9868515334193333
Figure 8,ImageNet,RSA-CP (OT) (Ours),0.1,0.9,15,1000,15000,6,4731878,0.8888,2.3296,prediction_set_size,rsa_cp_barycentric_ot_betabin,
Figure 8,ImageNet,SCP,0.1,0.9,15,1000,15000,7,9486483,0.9513333333333334,6.2956666666666665,prediction_set_size,standard_real,0.9998288541844006
Figure 8,ImageNet,Synthetic-only,0.1,0.9,15,1000,15000,7,9486483,0.8527333333333333,1.7412,prediction_set_size,standard_reference,0.9777412856035936
Figure 8,ImageNet,SPI,0.1,0.9,15,1000,15000,7,9486483,0.869,1.9133333333333333,prediction_set_size,spi_fast_form,0.984276434884459
Figure 8,ImageNet,RSA-CP (OT) (Ours),0.1,0.9,15,1000,15000,7,9486483,0.9494666666666667,6.1114,prediction_set_size,rsa_cp_barycentric_ot_betabin,
Figure 8,ImageNet,SCP,0.1,0.9,15,1000,15000,8,857393,0.8734,2.0472,prediction_set_size,standard_real,0.9876936511299216
Figure 8,ImageNet,Synthetic-only,0.1,0.9,15,1000,15000,8,857393,0.8363333333333334,1.6602666666666666,prediction_set_size,standard_reference,0.9734714832364928
Figure 8,ImageNet,SPI,0.1,0.9,15,1000,15000,8,857393,0.8364666666666667,1.6619333333333333,prediction_set_size,spi_fast_form,0.9735700849955434
Figure 8,ImageNet,RSA-CP (OT) (Ours),0.1,0.9,15,1000,15000,8,857393,0.8646,1.9310666666666667,prediction_set_size,rsa_cp_barycentric_ot_betabin,
Figure 8,ImageNet,SCP,0.1,0.9,15,1000,15000,9,4233261,0.9676666666666667,8.8036,prediction_set_size,standard_real,0.9999600558557984
Figure 8,ImageNet,Synthetic-only,0.1,0.9,15,1000,15000,9,4233261,0.8482666666666666,1.7508666666666666,prediction_set_size,standard_reference,0.9776815367955303
Figure 8,ImageNet,SPI,0.1,0.9,15,1000,15000,9,4233261,0.8494,1.7597333333333334,prediction_set_size,spi_fast_form,0.97807193492936
Figure 8,ImageNet,RSA-CP (OT) (Ours),0.1,0.9,15,1000,15000,9,4233261,0.7670666666666667,1.2612,prediction_set_size,rsa_cp_barycentric_ot_betabin,
Figure 8,ImageNet,SCP,0.1,0.9,15,1000,15000,10,9504621,0.9732,9.804666666666666,prediction_set_size,standard_real,0.9999768621010648
Figure 8,ImageNet,Synthetic-only,0.1,0.9,15,1000,15000,10,9504621,0.8378666666666666,1.6392,prediction_set_size,standard_reference,0.9719054569149241
Figure 8,ImageNet,SPI,0.1,0.9,15,1000,15000,10,9504621,0.8446,1.6962,prediction_set_size,spi_fast_form,0.9753211542643309
Figure 8,ImageNet,RSA-CP (OT) (Ours),0.1,0.9,15,1000,15000,10,9504621,0.9202,3.6806,prediction_set_size,rsa_cp_barycentric_ot_betabin,
Figure 8,ImageNet,SCP,0.1,0.9,15,1000,15000,11,5118207,0.9976,27.5088,prediction_set_size,standard_real,0.9999992845033506
Figure 8,ImageNet,Synthetic-only,0.1,0.9,15,1000,15000,11,5118207,0.8114666666666667,1.4454,prediction_set_size,standard_reference,0.9566365135078297
Figure 8,ImageNet,SPI,0.1,0.9,15,1000,15000,11,5118207,0.9048666666666667,2.6703333333333332,prediction_set_size,spi_fast_form,0.9955529128751031
Figure 8,ImageNet,RSA-CP (OT) (Ours),0.1,0.9,15,1000,15000,11,5118207,0.955,6.6382666666666665,prediction_set_size,rsa_cp_barycentric_ot_betabin,
Figure 8,ImageNet,SCP,0.1,0.9,15,1000,15000,12,8690244,0.9812666666666666,12.326133333333333,prediction_set_size,standard_real,0.9999936148103509
Figure 8,ImageNet,Synthetic-only,0.1,0.9,15,1000,15000,12,8690244,0.8382666666666667,1.6278,prediction_set_size,standard_reference,0.9722749893894835
Figure 8,ImageNet,SPI,0.1,0.9,15,1000,15000,12,8690244,0.8701333333333333,1.9570666666666667,prediction_set_size,spi_fast_form,0.9858357202440562
Figure 8,ImageNet,RSA-CP (OT) (Ours),0.1,0.9,15,1000,15000,12,8690244,0.9649333333333333,8.0622,prediction_set_size,rsa_cp_barycentric_ot_betabin,
Figure 8,ImageNet,SCP,0.1,0.9,15,1000,15000,13,8229426,0.9727333333333333,9.436066666666667,prediction_set_size,standard_real,0.9999717881551338
Figure 8,ImageNet,Synthetic-only,0.1,0.9,15,1000,15000,13,8229426,0.8382,1.6314666666666666,prediction_set_size,standard_reference,0.9717504341745898
Figure 8,ImageNet,SPI,0.1,0.9,15,1000,15000,13,8229426,0.8402666666666667,1.6473333333333333,prediction_set_size,spi_fast_form,0.9728497048331994
Figure 8,ImageNet,RSA-CP (OT) (Ours),0.1,0.9,15,1000,15000,13,8229426,0.8982,2.4389333333333334,prediction_set_size,rsa_cp_barycentric_ot_betabin,
Figure 8,ImageNet,SCP,0.1,0.9,15,1000,15000,14,348525,0.9658,8.4348,prediction_set_size,standard_real,0.9999504601632341
Figure 8,ImageNet,Synthetic-only,0.1,0.9,15,1000,15000,14,348525,0.8420666666666666,1.6652,prediction_set_size,standard_reference,0.9731621682612056
Figure 8,ImageNet,SPI,0.1,0.9,15,1000,15000,14,348525,0.9552,6.9388,prediction_set_size,spi_fast_form,0.9998816658285483
Figure 8,ImageNet,RSA-CP (OT) (Ours),0.1,0.9,15,1000,15000,14,348525,0.9586666666666667,7.337133333333333,prediction_set_size,rsa_cp_barycentric_ot_betabin,
Figure 8,ImageNet,SCP,0.1,0.9,15,1000,15000,15,8277021,0.9528,6.427,prediction_set_size,standard_real,0.9998411948053925
Figure 8,ImageNet,Synthetic-only,0.1,0.9,15,1000,15000,15,8277021,0.8575333333333334,1.7798,prediction_set_size,standard_reference,0.9799953031978773
Figure 8,ImageNet,SPI,0.1,0.9,15,1000,15000,15,8277021,0.8576666666666667,1.7809333333333333,prediction_set_size,spi_fast_form,0.980046932565794
Figure 8,ImageNet,RSA-CP (OT) (Ours),0.1,0.9,15,1000,15000,15,8277021,0.7739333333333334,1.2665333333333333,prediction_set_size,rsa_cp_barycentric_ot_betabin,
Figure 8,ImageNet,SCP,0.1,0.9,15,1000,15000,16,3118312,0.9786,11.127533333333334,prediction_set_size,standard_real,0.9999883097661856
Figure 8,ImageNet,Synthetic-only,0.1,0.9,15,1000,15000,16,3118312,0.8231333333333334,1.5230666666666666,prediction_set_size,standard_reference,0.9630547876240532
Figure 8,ImageNet,SPI,0.1,0.9,15,1000,15000,16,3118312,0.9031333333333333,2.664066666666667,prediction_set_size,spi_fast_form,0.995427957770995
Figure 8,ImageNet,RSA-CP (OT) (Ours),0.1,0.9,15,1000,15000,16,3118312,0.9533333333333334,6.559866666666666,prediction_set_size,rsa_cp_barycentric_ot_betabin,
Figure 8,ImageNet,SCP,0.1,0.9,15,1000,15000,17,4091990,0.9582666666666667,6.769933333333333,prediction_set_size,standard_real,0.9998785362208537
Figure 8,ImageNet,Synthetic-only,0.1,0.9,15,1000,15000,17,4091990,0.8219333333333333,1.4968666666666666,prediction_set_size,standard_reference,0.9624912508453626
Figure 8,ImageNet,SPI,0.1,0.9,15,1000,15000,17,4091990,0.8301333333333333,1.5434,prediction_set_size,spi_fast_form,0.9664494740592359
Figure 8,ImageNet,RSA-CP (OT) (Ours),0.1,0.9,15,1000,15000,17,4091990,0.8434,1.6392,prediction_set_size,rsa_cp_barycentric_ot_betabin,
Figure 8,ImageNet,SCP,0.1,0.9,15,1000,15000,18,2569919,0.9856666666666667,13.998,prediction_set_size,standard_real,0.9999973280780777
Figure 8,ImageNet,Synthetic-only,0.1,0.9,15,1000,15000,18,2569919,0.8412,1.6896666666666667,prediction_set_size,standard_reference,0.9753858321321208
Figure 8,ImageNet,SPI,0.1,0.9,15,1000,15000,18,2569919,0.9021333333333333,2.7682,prediction_set_size,spi_fast_form,0.9960610972140554
Figure 8,ImageNet,RSA-CP (OT) (Ours),0.1,0.9,15,1000,15000,18,2569919,0.9743333333333334,10.475066666666667,prediction_set_size,rsa_cp_barycentric_ot_betabin,
Figure 8,ImageNet,SCP,0.1,0.9,15,1000,15000,19,5495936,0.9952666666666666,26.0394,prediction_set_size,standard_real,0.9999991035978442
Figure 8,ImageNet,Synthetic-only,0.1,0.9,15,1000,15000,19,5495936,0.8366666666666667,1.6370666666666667,prediction_set_size,standard_reference,0.9724725361134173
Figure 8,ImageNet,SPI,0.1,0.9,15,1000,15000,19,5495936,0.8801333333333333,2.1200666666666668,prediction_set_size,spi_fast_form,0.9895300345586968
Figure 8,ImageNet,RSA-CP (OT) (Ours),0.1,0.9,15,1000,15000,19,5495936,0.8931333333333333,2.4110666666666667,prediction_set_size,rsa_cp_barycentric_ot_betabin,
Figure 8,ImageNet,SCP,0.1,0.9,15,1500,15000,0,2492284,0.8668,1.8848666666666667,prediction_set_size,standard_real,0.9839493528159264
Figure 8,ImageNet,Synthetic-only,0.1,0.9,15,1500,15000,0,2492284,0.8445333333333334,1.6540666666666666,prediction_set_size,standard_reference,0.9738735024692299
Figure 8,ImageNet,SPI,0.1,0.9,15,1500,15000,0,2492284,0.8446,1.6547333333333334,prediction_set_size,spi_fast_form,0.973898349551892
Figure 8,ImageNet,RSA-CP (OT) (Ours),0.1,0.9,15,1500,15000,0,2492284,0.8403333333333334,1.6151333333333333,prediction_set_size,rsa_cp_barycentric_ot_betabin,
Figure 8,ImageNet,SCP,0.1,0.9,15,1500,15000,1,6438288,0.986,13.709133333333334,prediction_set_size,standard_real,0.9999970513802754
Figure 8,ImageNet,Synthetic-only,0.1,0.9,15,1500,15000,1,6438288,0.8334,1.6102,prediction_set_size,standard_reference,0.9706945327832379
Figure 8,ImageNet,SPI,0.1,0.9,15,1500,15000,1,6438288,0.8338,1.6128666666666667,prediction_set_size,spi_fast_form,0.9708362860407368
Figure 8,ImageNet,RSA-CP (OT) (Ours),0.1,0.9,15,1500,15000,1,6438288,0.8762666666666666,2.0802,prediction_set_size,rsa_cp_barycentric_ot_betabin,
Figure 8,ImageNet,SCP,0.1,0.9,15,1500,15000,2,275592,0.9602666666666667,7.51,prediction_set_size,standard_real,0.9999192877007196
Figure 8,ImageNet,Synthetic-only,0.1,0.9,15,1500,15000,2,275592,0.8314,1.6230666666666667,prediction_set_size,standard_reference,0.9709523152072287
Figure 8,ImageNet,SPI,0.1,0.9,15,1500,15000,2,275592,0.9143333333333333,3.4122666666666666,prediction_set_size,spi_fast_form,0.9981883864524267
Figure 8,ImageNet,RSA-CP (OT) (Ours),0.1,0.9,15,1500,15000,2,275592,0.9488,6.287733333333334,prediction_set_size,rsa_cp_barycentric_ot_betabin,
Figure 8,ImageNet,SCP,0.1,0.9,15,1500,15000,3,2731692,0.9824666666666667,12.914666666666667,prediction_set_size,standard_real,0.9999953978828906
Figure 8,ImageNet,Synthetic-only,0.1,0.9,15,1500,15000,3,2731692,0.8334,1.5993333333333333,prediction_set_size,standard_reference,0.9696947870049628
Figure 8,ImageNet,SPI,0.1,0.9,15,1500,15000,3,2731692,0.8912666666666667,2.3221333333333334,prediction_set_size,spi_fast_form,0.992505981958631
Figure 8,ImageNet,RSA-CP (OT) (Ours),0.1,0.9,15,1500,15000,3,2731692,0.9808,12.323466666666667,prediction_set_size,rsa_cp_barycentric_ot_betabin,
Figure 8,ImageNet,SCP,0.1,0.9,15,1500,15000,4,1441594,0.971,9.4554,prediction_set_size,standard_real,0.9999727407147511
Figure 8,ImageNet,Synthetic-only,0.1,0.9,15,1500,15000,4,1441594,0.8408,1.6540666666666666,prediction_set_size,standard_reference,0.9731237811498978
Figure 8,ImageNet,SPI,0.1,0.9,15,1500,15000,4,1441594,0.8726,1.9984,prediction_set_size,spi_fast_form,0.9867726979010255
Figure 8,ImageNet,RSA-CP (OT) (Ours),0.1,0.9,15,1500,15000,4,1441594,0.918,3.340866666666667,prediction_set_size,rsa_cp_barycentric_ot_betabin,
Figure 8,ImageNet,SCP,0.1,0.9,15,1500,15000,5,7551662,0.9729333333333333,10.284266666666667,prediction_set_size,standard_real,0.9999824829915102
Figure 8,ImageNet,Synthetic-only,0.1,0.9,15,1500,15000,5,7551662,0.8472,1.6992,prediction_set_size,standard_reference,0.9761133717499151
Figure 8,ImageNet,SPI,0.1,0.9,15,1500,15000,5,7551662,0.8473333333333334,1.7016666666666667,prediction_set_size,spi_fast_form,0.9762563583926632
Figure 8,ImageNet,RSA-CP (OT) (Ours),0.1,0.9,15,1500,15000,5,7551662,0.7711333333333333,1.2616,prediction_set_size,rsa_cp_barycentric_ot_betabin,
Figure 8,ImageNet,SCP,0.1,0.9,15,1500,15000,6,4731878,0.9406666666666667,5.5022,prediction_set_size,standard_real,0.999701744919819
Figure 8,ImageNet,Synthetic-only,0.1,0.9,15,1500,15000,6,4731878,0.8456666666666667,1.7278,prediction_set_size,standard_reference,0.9772812409258234
Figure 8,ImageNet,SPI,0.1,0.9,15,1500,15000,6,4731878,0.8707333333333334,2.0096,prediction_set_size,spi_fast_form,0.9868515334193333
Figure 8,ImageNet,RSA-CP (OT) (Ours),0.1,0.9,15,1500,15000,6,4731878,0.8832666666666666,2.219133333333333,prediction_set_size,rsa_cp_barycentric_ot_betabin,
Figure 8,ImageNet,SCP,0.1,0.9,15,1500,15000,7,9486483,0.9513333333333334,6.2956666666666665,prediction_set_size,standard_real,0.9998288541844006
Figure 8,ImageNet,Synthetic-only,0.1,0.9,15,1500,15000,7,9486483,0.8510666666666666,1.7263333333333333,prediction_set_size,standard_reference,0.9770701221850069
Figure 8,ImageNet,SPI,0.1,0.9,15,1500,15000,7,9486483,0.869,1.9133333333333333,prediction_set_size,spi_fast_form,0.984276434884459
Figure 8,ImageNet,RSA-CP (OT) (Ours),0.1,0.9,15,1500,15000,7,9486483,0.9494666666666667,6.113133333333334,prediction_set_size,rsa_cp_barycentric_ot_betabin,
Figure 8,ImageNet,SCP,0.1,0.9,15,1500,15000,8,857393,0.8734,2.0472,prediction_set_size,standard_real,0.9876936511299216
Figure 8,ImageNet,Synthetic-only,0.1,0.9,15,1500,15000,8,857393,0.8324,1.6332666666666666,prediction_set_size,standard_reference,0.9717006838423049
Figure 8,ImageNet,SPI,0.1,0.9,15,1500,15000,8,857393,0.8326,1.6342666666666668,prediction_set_size,spi_fast_form,0.9717893117352133
Figure 8,ImageNet,RSA-CP (OT) (Ours),0.1,0.9,15,1500,15000,8,857393,0.8645333333333334,1.9278666666666666,prediction_set_size,rsa_cp_barycentric_ot_betabin,
Figure 8,ImageNet,SCP,0.1,0.9,15,1500,15000,9,4233261,0.9676666666666667,8.8036,prediction_set_size,standard_real,0.9999600558557984
Figure 8,ImageNet,Synthetic-only,0.1,0.9,15,1500,15000,9,4233261,0.8494666666666667,1.7602,prediction_set_size,standard_reference,0.9780953591376571
Figure 8,ImageNet,SPI,0.1,0.9,15,1500,15000,9,4233261,0.8494666666666667,1.7607333333333333,prediction_set_size,spi_fast_form,0.9781250526412429
Figure 8,ImageNet,RSA-CP (OT) (Ours),0.1,0.9,15,1500,15000,9,4233261,0.7632,1.2453333333333334,prediction_set_size,rsa_cp_barycentric_ot_betabin,
Figure 8,ImageNet,SCP,0.1,0.9,15,1500,15000,10,9504621,0.9732,9.804666666666666,prediction_set_size,standard_real,0.9999768621010648
Figure 8,ImageNet,Synthetic-only,0.1,0.9,15,1500,15000,10,9504621,0.8446,1.6964666666666666,prediction_set_size,standard_reference,0.9753433611803346
Figure 8,ImageNet,SPI,0.1,0.9,15,1500,15000,10,9504621,0.8446666666666667,1.6974666666666667,prediction_set_size,spi_fast_form,0.9753809142614622
Figure 8,ImageNet,RSA-CP (OT) (Ours),0.1,0.9,15,1500,15000,10,9504621,0.9204,3.6954,prediction_set_size,rsa_cp_barycentric_ot_betabin,
Figure 8,ImageNet,SCP,0.1,0.9,15,1500,15000,11,5118207,0.9976,27.5088,prediction_set_size,standard_real,0.9999992845033506
Figure 8,ImageNet,Synthetic-only,0.1,0.9,15,1500,15000,11,5118207,0.8266666666666667,1.5381333333333334,prediction_set_size,standard_reference,0.9652977301241638
Figure 8,ImageNet,SPI,0.1,0.9,15,1500,15000,11,5118207,0.9048666666666667,2.6703333333333332,prediction_set_size,spi_fast_form,0.9955529128751031
Figure 8,ImageNet,RSA-CP (OT) (Ours),0.1,0.9,15,1500,15000,11,5118207,0.9565333333333333,6.754266666666667,prediction_set_size,rsa_cp_barycentric_ot_betabin,
Figure 8,ImageNet,SCP,0.1,0.9,15,1500,15000,12,8690244,0.9812666666666666,12.326133333333333,prediction_set_size,standard_real,0.9999936148103509
Figure 8,ImageNet,Synthetic-only,0.1,0.9,15,1500,15000,12,8690244,0.8430666666666666,1.6698666666666666,prediction_set_size,standard_reference,0.974526102641639
Figure 8,ImageNet,SPI,0.1,0.9,15,1500,15000,12,8690244,0.8701333333333333,1.9570666666666667,prediction_set_size,spi_fast_form,0.9858357202440562
Figure 8,ImageNet,RSA-CP (OT) (Ours),0.1,0.9,15,1500,15000,12,8690244,0.9796666666666667,11.926733333333333,prediction_set_size,rsa_cp_barycentric_ot_betabin,
Figure 8,ImageNet,SCP,0.1,0.9,15,1500,15000,13,8229426,0.9727333333333333,9.436066666666667,prediction_set_size,standard_real,0.9999717881551338
Figure 8,ImageNet,Synthetic-only,0.1,0.9,15,1500,15000,13,8229426,0.8446,1.6792,prediction_set_size,standard_reference,0.9746143421649784
Figure 8,ImageNet,SPI,0.1,0.9,15,1500,15000,13,8229426,0.8463333333333334,1.6937333333333333,prediction_set_size,spi_fast_form,0.9754093874602685
Figure 8,ImageNet,RSA-CP (OT) (Ours),0.1,0.9,15,1500,15000,13,8229426,0.8982666666666667,2.4418,prediction_set_size,rsa_cp_barycentric_ot_betabin,
Figure 8,ImageNet,SCP,0.1,0.9,15,1500,15000,14,348525,0.9658,8.4348,prediction_set_size,standard_real,0.9999504601632341
Figure 8,ImageNet,Synthetic-only,0.1,0.9,15,1500,15000,14,348525,0.8532,1.7613333333333334,prediction_set_size,standard_reference,0.978149044673414
Figure 8,ImageNet,SPI,0.1,0.9,15,1500,15000,14,348525,0.9552,6.9388,prediction_set_size,spi_fast_form,0.9998816658285483
Figure 8,ImageNet,RSA-CP (OT) (Ours),0.1,0.9,15,1500,15000,14,348525,0.9589333333333333,7.383066666666667,prediction_set_size,rsa_cp_barycentric_ot_betabin,
Figure 8,ImageNet,SCP,0.1,0.9,15,1500,15000,15,8277021,0.9528,6.427,prediction_set_size,standard_real,0.9998411948053925
Figure 8,ImageNet,Synthetic-only,0.1,0.9,15,1500,15000,15,8277021,0.8499333333333333,1.7087333333333334,prediction_set_size,standard_reference,0.9767647265530023
Figure 8,ImageNet,SPI,0.1,0.9,15,1500,15000,15,8277021,0.851,1.7213333333333334,prediction_set_size,spi_fast_form,0.9773456249662158
Figure 8,ImageNet,RSA-CP (OT) (Ours),0.1,0.9,15,1500,15000,15,8277021,0.7666666666666667,1.237,prediction_set_size,rsa_cp_barycentric_ot_betabin,
Figure 8,ImageNet,SCP,0.1,0.9,15,1500,15000,16,3118312,0.9786,11.127533333333334,prediction_set_size,standard_real,0.9999883097661856
Figure 8,ImageNet,Synthetic-only,0.1,0.9,15,1500,15000,16,3118312,0.8204666666666667,1.5064,prediction_set_size,standard_reference,0.9615969407855014
Figure 8,ImageNet,SPI,0.1,0.9,15,1500,15000,16,3118312,0.9031333333333333,2.664066666666667,prediction_set_size,spi_fast_form,0.995427957770995
Figure 8,ImageNet,RSA-CP (OT) (Ours),0.1,0.9,15,1500,15000,16,3118312,0.9464,5.936066666666667,prediction_set_size,rsa_cp_barycentric_ot_betabin,
Figure 8,ImageNet,SCP,0.1,0.9,15,1500,15000,17,4091990,0.9582666666666667,6.769933333333333,prediction_set_size,standard_real,0.9998785362208537
Figure 8,ImageNet,Synthetic-only,0.1,0.9,15,1500,15000,17,4091990,0.8313333333333334,1.5497333333333334,prediction_set_size,standard_reference,0.9669958040297236
Figure 8,ImageNet,SPI,0.1,0.9,15,1500,15000,17,4091990,0.8314666666666667,1.5512,prediction_set_size,spi_fast_form,0.967114925390511
Figure 8,ImageNet,RSA-CP (OT) (Ours),0.1,0.9,15,1500,15000,17,4091990,0.8444666666666667,1.65,prediction_set_size,rsa_cp_barycentric_ot_betabin,
Figure 8,ImageNet,SCP,0.1,0.9,15,1500,15000,18,2569919,0.9856666666666667,13.998,prediction_set_size,standard_real,0.9999973280780777
Figure 8,ImageNet,Synthetic-only,0.1,0.9,15,1500,15000,18,2569919,0.8265333333333333,1.5752666666666666,prediction_set_size,standard_reference,0.9683679294578096
Figure 8,ImageNet,SPI,0.1,0.9,15,1500,15000,18,2569919,0.9021333333333333,2.7682,prediction_set_size,spi_fast_form,0.9960610972140554
Figure 8,ImageNet,RSA-CP (OT) (Ours),0.1,0.9,15,1500,15000,18,2569919,0.9737333333333333,10.322733333333334,prediction_set_size,rsa_cp_barycentric_ot_betabin,
Figure 8,ImageNet,SCP,0.1,0.9,15,1500,15000,19,5495936,0.9952666666666666,26.0394,prediction_set_size,standard_real,0.9999991035978442
Figure 8,ImageNet,Synthetic-only,0.1,0.9,15,1500,15000,19,5495936,0.8300666666666666,1.5883333333333334,prediction_set_size,standard_reference,0.9694486447869237
Figure 8,ImageNet,SPI,0.1,0.9,15,1500,15000,19,5495936,0.8801333333333333,2.1200666666666668,prediction_set_size,spi_fast_form,0.9895300345586968
Figure 8,ImageNet,RSA-CP (OT) (Ours),0.1,0.9,15,1500,15000,19,5495936,0.8933333333333333,2.4189333333333334,prediction_set_size,rsa_cp_barycentric_ot_betabin,
Figure 8,ImageNet,SCP,0.1,0.9,15,2000,15000,0,2492284,0.8668,1.8848666666666667,prediction_set_size,standard_real,0.9839493528159264
Figure 8,ImageNet,Synthetic-only,0.1,0.9,15,2000,15000,0,2492284,0.8421333333333333,1.6344666666666667,prediction_set_size,standard_reference,0.9725626033287705
Figure 8,ImageNet,SPI,0.1,0.9,15,2000,15000,0,2492284,0.8422666666666667,1.6371333333333333,prediction_set_size,spi_fast_form,0.972685705765697
Figure 8,ImageNet,RSA-CP (OT) (Ours),0.1,0.9,15,2000,15000,0,2492284,0.8404666666666667,1.6186,prediction_set_size,rsa_cp_barycentric_ot_betabin,
Figure 8,ImageNet,SCP,0.1,0.9,15,2000,15000,1,6438288,0.986,13.709133333333334,prediction_set_size,standard_real,0.9999970513802754
Figure 8,ImageNet,Synthetic-only,0.1,0.9,15,2000,15000,1,6438288,0.8387333333333333,1.6417333333333333,prediction_set_size,standard_reference,0.9727876002472844
Figure 8,ImageNet,SPI,0.1,0.9,15,2000,15000,1,6438288,0.8392,1.6484,prediction_set_size,spi_fast_form,0.9732145360724378
Figure 8,ImageNet,RSA-CP (OT) (Ours),0.1,0.9,15,2000,15000,1,6438288,0.8767333333333334,2.0878,prediction_set_size,rsa_cp_barycentric_ot_betabin,
Figure 8,ImageNet,SCP,0.1,0.9,15,2000,15000,2,275592,0.9602666666666667,7.51,prediction_set_size,standard_real,0.9999192877007196
Figure 8,ImageNet,Synthetic-only,0.1,0.9,15,2000,15000,2,275592,0.8453333333333334,1.736,prediction_set_size,standard_reference,0.9772888129093765
Figure 8,ImageNet,SPI,0.1,0.9,15,2000,15000,2,275592,0.9143333333333333,3.4122666666666666,prediction_set_size,spi_fast_form,0.9981883864524267
Figure 8,ImageNet,RSA-CP (OT) (Ours),0.1,0.9,15,2000,15000,2,275592,0.9512,6.554666666666667,prediction_set_size,rsa_cp_barycentric_ot_betabin,
Figure 8,ImageNet,SCP,0.1,0.9,15,2000,15000,3,2731692,0.9824666666666667,12.914666666666667,prediction_set_size,standard_real,0.9999953978828906
Figure 8,ImageNet,Synthetic-only,0.1,0.9,15,2000,15000,3,2731692,0.8331333333333333,1.5968,prediction_set_size,standard_reference,0.9695347182852345
Figure 8,ImageNet,SPI,0.1,0.9,15,2000,15000,3,2731692,0.8912666666666667,2.3221333333333334,prediction_set_size,spi_fast_form,0.992505981958631
Figure 8,ImageNet,RSA-CP (OT) (Ours),0.1,0.9,15,2000,15000,3,2731692,0.9808,12.319933333333333,prediction_set_size,rsa_cp_barycentric_ot_betabin,
Figure 8,ImageNet,SCP,0.1,0.9,15,2000,15000,4,1441594,0.971,9.4554,prediction_set_size,standard_real,0.9999727407147511
Figure 8,ImageNet,Synthetic-only,0.1,0.9,15,2000,15000,4,1441594,0.8371333333333333,1.625,prediction_set_size,standard_reference,0.9712805890832716
Figure 8,ImageNet,SPI,0.1,0.9,15,2000,15000,4,1441594,0.8726,1.9984,prediction_set_size,spi_fast_form,0.9867726979010255
Figure 8,ImageNet,RSA-CP (OT) (Ours),0.1,0.9,15,2000,15000,4,1441594,0.918,3.341066666666667,prediction_set_size,rsa_cp_barycentric_ot_betabin,
Figure 8,ImageNet,SCP,0.1,0.9,15,2000,15000,5,7551662,0.9729333333333333,10.284266666666667,prediction_set_size,standard_real,0.9999824829915102
Figure 8,ImageNet,Synthetic-only,0.1,0.9,15,2000,15000,5,7551662,0.8472,1.6992,prediction_set_size,standard_reference,0.9761133717499151
Figure 8,ImageNet,SPI,0.1,0.9,15,2000,15000,5,7551662,0.8473333333333334,1.7016666666666667,prediction_set_size,spi_fast_form,0.9762563583926632
Figure 8,ImageNet,RSA-CP (OT) (Ours),0.1,0.9,15,2000,15000,5,7551662,0.7726666666666666,1.2668666666666666,prediction_set_size,rsa_cp_barycentric_ot_betabin,
Figure 8,ImageNet,SCP,0.1,0.9,15,2000,15000,6,4731878,0.9406666666666667,5.5022,prediction_set_size,standard_real,0.999701744919819
Figure 8,ImageNet,Synthetic-only,0.1,0.9,15,2000,15000,6,4731878,0.8404666666666667,1.6749333333333334,prediction_set_size,standard_reference,0.9744535350772792
Figure 8,ImageNet,SPI,0.1,0.9,15,2000,15000,6,4731878,0.8707333333333334,2.0096,prediction_set_size,spi_fast_form,0.9868515334193333
Figure 8,ImageNet,RSA-CP (OT) (Ours),0.1,0.9,15,2000,15000,6,4731878,0.8828666666666667,2.207533333333333,prediction_set_size,rsa_cp_barycentric_ot_betabin,
Figure 8,ImageNet,SCP,0.1,0.9,15,2000,15000,7,9486483,0.9513333333333334,6.2956666666666665,prediction_set_size,standard_real,0.9998288541844006
Figure 8,ImageNet,Synthetic-only,0.1,0.9,15,2000,15000,7,9486483,0.8547333333333333,1.7582,prediction_set_size,standard_reference,0.9784874374226965
Figure 8,ImageNet,SPI,0.1,0.9,15,2000,15000,7,9486483,0.869,1.9133333333333333,prediction_set_size,spi_fast_form,0.984276434884459
Figure 8,ImageNet,RSA-CP (OT) (Ours),0.1,0.9,15,2000,15000,7,9486483,0.9494666666666667,6.120466666666666,prediction_set_size,rsa_cp_barycentric_ot_betabin,
Figure 8,ImageNet,SCP,0.1,0.9,15,2000,15000,8,857393,0.8734,2.0472,prediction_set_size,standard_real,0.9876936511299216
Figure 8,ImageNet,Synthetic-only,0.1,0.9,15,2000,15000,8,857393,0.8384666666666667,1.6782666666666666,prediction_set_size,standard_reference,0.9744494866081324
Figure 8,ImageNet,SPI,0.1,0.9,15,2000,15000,8,857393,0.8392,1.6834,prediction_set_size,spi_fast_form,0.9747210790450992
Figure 8,ImageNet,RSA-CP (OT) (Ours),0.1,0.9,15,2000,15000,8,857393,0.8646,1.9299333333333333,prediction_set_size,rsa_cp_barycentric_ot_betabin,
Figure 8,ImageNet,SCP,0.1,0.9,15,2000,15000,9,4233261,0.9676666666666667,8.8036,prediction_set_size,standard_real,0.9999600558557984
Figure 8,ImageNet,Synthetic-only,0.1,0.9,15,2000,15000,9,4233261,0.8397333333333333,1.6666666666666667,prediction_set_size,standard_reference,0.9735014615503111
Figure 8,ImageNet,SPI,0.1,0.9,15,2000,15000,9,4233261,0.8417333333333333,1.6796666666666666,prediction_set_size,spi_fast_form,0.9742857933714297
Figure 8,ImageNet,RSA-CP (OT) (Ours),0.1,0.9,15,2000,15000,9,4233261,0.7606,1.2354,prediction_set_size,rsa_cp_barycentric_ot_betabin,
Figure 8,ImageNet,SCP,0.1,0.9,15,2000,15000,10,9504621,0.9732,9.804666666666666,prediction_set_size,standard_real,0.9999768621010648
Figure 8,ImageNet,Synthetic-only,0.1,0.9,15,2000,15000,10,9504621,0.8446,1.6964666666666666,prediction_set_size,standard_reference,0.9753433611803346
Figure 8,ImageNet,SPI,0.1,0.9,15,2000,15000,10,9504621,0.8446666666666667,1.6974666666666667,prediction_set_size,spi_fast_form,0.9753809142614622
Figure 8,ImageNet,RSA-CP (OT) (Ours),0.1,0.9,15,2000,15000,10,9504621,0.9204666666666667,3.7034,prediction_set_size,rsa_cp_barycentric_ot_betabin,
Figure 8,ImageNet,SCP,0.1,0.9,15,2000,15000,11,5118207,0.9976,27.5088,prediction_set_size,standard_real,0.9999992845033506
Figure 8,ImageNet,Synthetic-only,0.1,0.9,15,2000,15000,11,5118207,0.8282,1.5475333333333334,prediction_set_size,standard_reference,0.9660318826396107
Figure 8,ImageNet,SPI,0.1,0.9,15,2000,15000,11,5118207,0.9048666666666667,2.6703333333333332,prediction_set_size,spi_fast_form,0.9955529128751031
Figure 8,ImageNet,RSA-CP (OT) (Ours),0.1,0.9,15,2000,15000,11,5118207,0.9562666666666667,6.723133333333333,prediction_set_size,rsa_cp_barycentric_ot_betabin,
Figure 8,ImageNet,SCP,0.1,0.9,15,2000,15000,12,8690244,0.9812666666666666,12.326133333333333,prediction_set_size,standard_real,0.9999936148103509
Figure 8,ImageNet,Synthetic-only,0.1,0.9,15,2000,15000,12,8690244,0.8430666666666666,1.6698666666666666,prediction_set_size,standard_reference,0.974526102641639
Figure 8,ImageNet,SPI,0.1,0.9,15,2000,15000,12,8690244,0.8701333333333333,1.9570666666666667,prediction_set_size,spi_fast_form,0.9858357202440562
Figure 8,ImageNet,RSA-CP (OT) (Ours),0.1,0.9,15,2000,15000,12,8690244,0.9796666666666667,11.926733333333333,prediction_set_size,rsa_cp_barycentric_ot_betabin,
Figure 8,ImageNet,SCP,0.1,0.9,15,2000,15000,13,8229426,0.9727333333333333,9.436066666666667,prediction_set_size,standard_real,0.9999717881551338
Figure 8,ImageNet,Synthetic-only,0.1,0.9,15,2000,15000,13,8229426,0.8352,1.6074666666666666,prediction_set_size,standard_reference,0.9702353054378099
Figure 8,ImageNet,SPI,0.1,0.9,15,2000,15000,13,8229426,0.8354666666666667,1.6086666666666667,prediction_set_size,spi_fast_form,0.9703158486233233
Figure 8,ImageNet,RSA-CP (OT) (Ours),0.1,0.9,15,2000,15000,13,8229426,0.8983333333333333,2.4461333333333335,prediction_set_size,rsa_cp_barycentric_ot_betabin,
Figure 8,ImageNet,SCP,0.1,0.9,15,2000,15000,14,348525,0.9658,8.4348,prediction_set_size,standard_real,0.9999504601632341
Figure 8,ImageNet,Synthetic-only,0.1,0.9,15,2000,15000,14,348525,0.8508666666666667,1.7355333333333334,prediction_set_size,standard_reference,0.9769921591236669
Figure 8,ImageNet,SPI,0.1,0.9,15,2000,15000,14,348525,0.9552,6.9388,prediction_set_size,spi_fast_form,0.9998816658285483
Figure 8,ImageNet,RSA-CP (OT) (Ours),0.1,0.9,15,2000,15000,14,348525,0.9589333333333333,7.393266666666666,prediction_set_size,rsa_cp_barycentric_ot_betabin,
Figure 8,ImageNet,SCP,0.1,0.9,15,2000,15000,15,8277021,0.9528,6.427,prediction_set_size,standard_real,0.9998411948053925
Figure 8,ImageNet,Synthetic-only,0.1,0.9,15,2000,15000,15,8277021,0.8476,1.6892666666666667,prediction_set_size,standard_reference,0.9757775703204677
Figure 8,ImageNet,SPI,0.1,0.9,15,2000,15000,15,8277021,0.8483333333333334,1.6930666666666667,prediction_set_size,spi_fast_form,0.9759938891317405
Figure 8,ImageNet,RSA-CP (OT) (Ours),0.1,0.9,15,2000,15000,15,8277021,0.7668666666666667,1.2386666666666666,prediction_set_size,rsa_cp_barycentric_ot_betabin,
Figure 8,ImageNet,SCP,0.1,0.9,15,2000,15000,16,3118312,0.9786,11.127533333333334,prediction_set_size,standard_real,0.9999883097661856
Figure 8,ImageNet,Synthetic-only,0.1,0.9,15,2000,15000,16,3118312,0.8206666666666667,1.5076666666666667,prediction_set_size,standard_reference,0.9617251394434865
Figure 8,ImageNet,SPI,0.1,0.9,15,2000,15000,16,3118312,0.9031333333333333,2.664066666666667,prediction_set_size,spi_fast_form,0.995427957770995
Figure 8,ImageNet,RSA-CP (OT) (Ours),0.1,0.9,15,2000,15000,16,3118312,0.948,6.0928,prediction_set_size,rsa_cp_barycentric_ot_betabin,
Figure 8,ImageNet,SCP,0.1,0.9,15,2000,15000,17,4091990,0.9582666666666667,6.769933333333333,prediction_set_size,standard_real,0.9998785362208537
Figure 8,ImageNet,Synthetic-only,0.1,0.9,15,2000,15000,17,4091990,0.8314666666666667,1.5512,prediction_set_size,standard_reference,0.967114925390511
Figure 8,ImageNet,SPI,0.1,0.9,15,2000,15000,17,4091990,0.8319333333333333,1.5553333333333332,prediction_set_size,spi_fast_form,0.9674575388008855
Figure 8,ImageNet,RSA-CP (OT) (Ours),0.1,0.9,15,2000,15000,17,4091990,0.8430666666666666,1.6380666666666666,prediction_set_size,rsa_cp_barycentric_ot_betabin,
Figure 8,ImageNet,SCP,0.1,0.9,15,2000,15000,18,2569919,0.9856666666666667,13.998,prediction_set_size,standard_real,0.9999973280780777
Figure 8,ImageNet,Synthetic-only,0.1,0.9,15,2000,15000,18,2569919,0.8404666666666667,1.6835333333333333,prediction_set_size,standard_reference,0.9750872313489062
Figure 8,ImageNet,SPI,0.1,0.9,15,2000,15000,18,2569919,0.9021333333333333,2.7682,prediction_set_size,spi_fast_form,0.9960610972140554
Figure 8,ImageNet,RSA-CP (OT) (Ours),0.1,0.9,15,2000,15000,18,2569919,0.9744,10.5034,prediction_set_size,rsa_cp_barycentric_ot_betabin,
Figure 8,ImageNet,SCP,0.1,0.9,15,2000,15000,19,5495936,0.9952666666666666,26.0394,prediction_set_size,standard_real,0.9999991035978442
Figure 8,ImageNet,Synthetic-only,0.1,0.9,15,2000,15000,19,5495936,0.8342666666666667,1.6178,prediction_set_size,standard_reference,0.9712766533003505
Figure 8,ImageNet,SPI,0.1,0.9,15,2000,15000,19,5495936,0.8801333333333333,2.1200666666666668,prediction_set_size,spi_fast_form,0.9895300345586968
Figure 8,ImageNet,RSA-CP (OT) (Ours),0.1,0.9,15,2000,15000,19,5495936,0.8924666666666666,2.3926,prediction_set_size,rsa_cp_barycentric_ot_betabin,
